repo_id,repo_name,month,month_id,is_treatment,first_treat_month,post,time_to_event,cd_count,ud_count,hl_count,gc_count,total_smells,num_packages,loc,kloc,asd,cd_density,ud_density,hl_density,gc_density,ce_mean,ca_mean,instability_mean,distance_mean,modularity_q,monthly_commits,monthly_contributors,stars,repo_age_months,tool_type,adoption_signal,total_ai_events
1,devonfw/IDEasy,2025-01,24301,1,2025-07,0,-6,255.0,4.0,9.0,0.0,268.0,78.0,15274.0,15.274,17.546157,16.695037,0.261883,0.589237,0.0,6.7179,6.7179,0.6184,0.3074,,64,13,34,30,copilot,file_add,1
1,devonfw/IDEasy,2025-02,24302,1,2025-07,0,-5,289.0,3.0,7.0,0.0,299.0,78.0,16390.0,16.39,18.242831,17.632703,0.183038,0.42709,0.0,6.9359,6.9359,0.6221,0.3032,,53,10,34,30,copilot,file_add,1
1,devonfw/IDEasy,2025-03,24303,1,2025-07,0,-4,565.0,4.0,9.0,0.0,578.0,80.0,17622.0,17.622,32.799909,32.062195,0.226989,0.510725,0.0,7.0125,7.0125,0.6256,0.2997,,57,13,34,30,copilot,file_add,1
1,devonfw/IDEasy,2025-04,24304,1,2025-07,0,-3,419.0,2.0,8.0,0.0,429.0,109.0,18046.0,18.046,23.772581,23.218442,0.110828,0.443312,0.0,5.2844,5.2844,0.6681,0.2744,,44,11,34,30,copilot,file_add,1
1,devonfw/IDEasy,2025-05,24305,1,2025-07,0,-2,453.0,2.0,9.0,0.0,464.0,111.0,18531.0,18.531,25.039124,24.445524,0.107927,0.485673,0.0,5.3423,5.3423,0.6679,0.2752,,34,11,34,30,copilot,file_add,1
1,devonfw/IDEasy,2025-06,24306,1,2025-07,0,-1,451.0,1.0,8.0,0.0,460.0,111.0,18990.0,18.99,24.223275,23.749342,0.052659,0.421274,0.0,5.3874,5.3874,0.6668,0.2761,,38,7,34,30,copilot,file_add,1
1,devonfw/IDEasy,2025-07,24307,1,2025-07,1,0,416.0,2.0,5.0,0.0,423.0,111.0,19435.0,19.435,21.764857,21.404682,0.102907,0.257268,0.0,5.4595,5.4595,0.6662,0.276,,15,6,34,30,copilot,file_add,1
1,devonfw/IDEasy,2025-08,24308,1,2025-07,1,1,421.0,1.0,5.0,0.0,427.0,111.0,19574.0,19.574,21.814652,21.508123,0.051088,0.255441,0.0,5.4775,5.4775,0.6662,0.2758,,23,7,34,30,copilot,file_add,1
1,devonfw/IDEasy,2025-09,24309,1,2025-07,1,2,440.0,4.0,12.0,0.0,456.0,118.0,20862.0,20.862,21.857923,21.090979,0.191736,0.575209,0.0,5.4322,5.4322,0.6847,0.2514,,32,4,34,30,copilot,file_add,1
1,devonfw/IDEasy,2025-10,24310,1,2025-07,1,3,471.0,4.0,10.0,0.0,485.0,121.0,21463.0,21.463,22.597027,21.944742,0.186367,0.465918,0.0,5.4793,5.4793,0.6796,0.2575,,27,5,34,30,copilot,file_add,1
1,devonfw/IDEasy,2025-11,24311,1,2025-07,1,4,483.0,3.0,11.0,0.0,497.0,124.0,21804.0,21.804,22.793983,22.151899,0.137589,0.504495,0.0,5.4919,5.4919,0.6815,0.256,,41,6,34,30,copilot,file_add,1
1,devonfw/IDEasy,2025-12,24312,1,2025-07,1,5,495.0,3.0,6.0,0.0,504.0,125.0,22848.0,22.848,22.058824,21.664916,0.131303,0.262605,0.0,5.464,5.464,0.6812,0.2562,,29,7,34,30,copilot,file_add,1
1,devonfw/IDEasy,2026-01,24313,1,2025-07,1,6,535.0,4.0,7.0,0.0,546.0,126.0,23656.0,23.656,23.080825,22.615827,0.16909,0.295908,0.0,5.6111,5.6111,0.679,0.2576,,43,8,34,30,copilot,file_add,1
2,TerraFirmaGreg-Team/Core-Modern,2025-01,24301,0,2025-07,0,-6,9.0,0.0,1.0,0.0,10.0,37.0,2795.0,2.795,3.577818,3.220036,0.0,0.357782,0.0,1.0541,1.0541,0.5025,0.4029,,3,2,20,32,control,,0
2,TerraFirmaGreg-Team/Core-Modern,2025-02,24302,0,2025-07,0,-5,9.0,0.0,1.0,0.0,10.0,37.0,2795.0,2.795,3.577818,3.220036,0.0,0.357782,0.0,1.0541,1.0541,0.5025,0.4029,,4,3,20,32,control,,0
2,TerraFirmaGreg-Team/Core-Modern,2025-03,24303,0,2025-07,0,-4,9.0,0.0,1.0,0.0,10.0,37.0,2734.0,2.734,3.657644,3.29188,0.0,0.365764,0.0,1.0541,1.0541,0.5025,0.4029,,0,0,20,32,control,,0
2,TerraFirmaGreg-Team/Core-Modern,2025-04,24304,0,2025-07,0,-3,9.0,0.0,1.0,0.0,10.0,37.0,2734.0,2.734,3.657644,3.29188,0.0,0.365764,0.0,1.0541,1.0541,0.5025,0.4029,,58,7,20,32,control,,0
2,TerraFirmaGreg-Team/Core-Modern,2025-05,24305,0,2025-07,0,-2,11.0,0.0,2.0,0.0,13.0,41.0,2658.0,2.658,4.890895,4.13845,0.0,0.752445,0.0,1.2195,1.2195,0.4907,0.5215,,61,9,20,32,control,,0
2,TerraFirmaGreg-Team/Core-Modern,2025-06,24306,0,2025-07,0,-1,9.0,0.0,2.0,0.0,11.0,42.0,2808.0,2.808,3.917379,3.205128,0.0,0.712251,0.0,1.2381,1.2381,0.487,0.5103,,120,9,20,32,control,,0
2,TerraFirmaGreg-Team/Core-Modern,2025-07,24307,0,2025-07,1,0,16.0,1.0,3.0,0.0,20.0,57.0,5590.0,5.59,3.577818,2.862254,0.178891,0.536673,0.0,1.4737,1.4737,0.4919,0.4843,,124,8,20,32,control,,0
2,TerraFirmaGreg-Team/Core-Modern,2025-08,24308,0,2025-07,1,1,20.0,0.0,6.0,0.0,26.0,59.0,6624.0,6.624,3.925121,3.019324,0.0,0.905797,0.0,1.5763,1.5763,0.4862,0.489,,135,9,20,32,control,,0
2,TerraFirmaGreg-Team/Core-Modern,2025-09,24309,0,2025-07,1,2,73.0,1.0,5.0,0.0,79.0,77.0,10453.0,10.453,7.557639,6.983641,0.095666,0.478332,0.0,2.1429,2.1429,0.5157,0.4753,,128,11,20,32,control,,0
2,TerraFirmaGreg-Team/Core-Modern,2025-10,24310,0,2025-07,1,3,33.0,1.0,5.0,0.0,39.0,79.0,12741.0,12.741,3.060984,2.590064,0.078487,0.392434,0.0,2.038,2.038,0.5304,0.486,,80,7,20,32,control,,0
2,TerraFirmaGreg-Team/Core-Modern,2025-11,24311,0,2025-07,1,4,41.0,1.0,3.0,0.0,45.0,82.0,14477.0,14.477,3.108379,2.832078,0.069075,0.207225,0.0,2.1585,2.1585,0.5448,0.4744,,28,8,20,32,control,,0
2,TerraFirmaGreg-Team/Core-Modern,2025-12,24312,0,2025-07,1,5,41.0,3.0,3.0,0.0,47.0,88.0,15500.0,15.5,3.032258,2.645161,0.193548,0.193548,0.0,2.3523,2.3523,0.5523,0.4644,,79,8,20,32,control,,0
2,TerraFirmaGreg-Team/Core-Modern,2026-01,24313,0,2025-07,1,6,44.0,1.0,3.0,0.0,48.0,88.0,16845.0,16.845,2.84951,2.612051,0.059365,0.178094,0.0,2.1705,2.1705,0.5591,0.4698,,97,8,20,32,control,,0
3,TrueLayer/truelayer-java,2024-12,24300,1,2025-06,0,-6,75.0,1.0,6.0,0.0,82.0,64.0,11460.0,11.46,7.155323,6.544503,0.08726,0.52356,0.0,4.3594,4.3594,0.4865,0.3777,,2,2,10,52,claude_code,commit_pattern,6
3,TrueLayer/truelayer-java,2025-01,24301,1,2025-06,0,-5,75.0,1.0,6.0,0.0,82.0,65.0,11812.0,11.812,6.942093,6.349475,0.08466,0.507958,0.0,4.4,4.4,0.4885,0.3831,,2,1,10,52,claude_code,commit_pattern,6
3,TrueLayer/truelayer-java,2025-02,24302,1,2025-06,0,-4,75.0,1.0,4.0,0.0,80.0,65.0,12141.0,12.141,6.589243,6.177415,0.082366,0.329462,0.0,4.4923,4.4923,0.497,0.3859,,0,0,10,52,claude_code,commit_pattern,6
3,TrueLayer/truelayer-java,2025-03,24303,1,2025-06,0,-3,75.0,1.0,4.0,0.0,80.0,65.0,12141.0,12.141,6.589243,6.177415,0.082366,0.329462,0.0,4.4923,4.4923,0.497,0.3859,,2,1,10,52,claude_code,commit_pattern,6
3,TrueLayer/truelayer-java,2025-04,24304,1,2025-06,0,-2,75.0,1.0,4.0,0.0,80.0,65.0,12217.0,12.217,6.548252,6.138987,0.081853,0.327413,0.0,4.4923,4.4923,0.497,0.3874,,1,1,10,52,claude_code,commit_pattern,6
3,TrueLayer/truelayer-java,2025-05,24305,1,2025-06,0,-1,75.0,1.0,4.0,0.0,80.0,65.0,12230.0,12.23,6.541292,6.132461,0.081766,0.327065,0.0,4.4923,4.4923,0.497,0.3874,,0,0,10,52,claude_code,commit_pattern,6
3,TrueLayer/truelayer-java,2025-06,24306,1,2025-06,1,0,75.0,1.0,4.0,0.0,80.0,65.0,12230.0,12.23,6.541292,6.132461,0.081766,0.327065,0.0,4.4923,4.4923,0.497,0.3874,,3,2,10,52,claude_code,commit_pattern,6
3,TrueLayer/truelayer-java,2025-07,24307,1,2025-06,1,1,78.0,2.0,4.0,0.0,84.0,66.0,12537.0,12.537,6.700168,6.221584,0.159528,0.319056,0.0,4.5152,4.5152,0.4943,0.3883,,0,0,10,52,claude_code,commit_pattern,6
3,TrueLayer/truelayer-java,2025-08,24308,1,2025-06,1,2,78.0,2.0,4.0,0.0,84.0,66.0,12537.0,12.537,6.700168,6.221584,0.159528,0.319056,0.0,4.5152,4.5152,0.4943,0.3883,,3,2,10,52,claude_code,commit_pattern,6
3,TrueLayer/truelayer-java,2025-09,24309,1,2025-06,1,3,82.0,2.0,4.0,0.0,88.0,66.0,12549.0,12.549,7.012511,6.534385,0.159375,0.31875,0.0,4.5455,4.5455,0.4939,0.3888,,0,0,10,52,claude_code,commit_pattern,6
3,TrueLayer/truelayer-java,2025-10,24310,1,2025-06,1,4,82.0,2.0,4.0,0.0,88.0,66.0,12549.0,12.549,7.012511,6.534385,0.159375,0.31875,0.0,4.5455,4.5455,0.4939,0.3888,,2,2,10,52,claude_code,commit_pattern,6
3,TrueLayer/truelayer-java,2025-11,24311,1,2025-06,1,5,87.0,2.0,4.0,0.0,93.0,67.0,13126.0,13.126,7.085174,6.628066,0.152369,0.304739,0.0,4.597,4.597,0.4942,0.3882,,0,0,10,52,claude_code,commit_pattern,6
3,TrueLayer/truelayer-java,2025-12,24312,1,2025-06,1,6,87.0,2.0,4.0,0.0,93.0,67.0,13126.0,13.126,7.085174,6.628066,0.152369,0.304739,0.0,4.597,4.597,0.4942,0.3882,,0,0,10,52,claude_code,commit_pattern,6
4,anboralabs/ks-explorer,2024-12,24300,0,2025-06,0,-6,10.0,0.0,2.0,0.0,12.0,46.0,12991.0,12.991,0.923716,0.769764,0.0,0.153953,0.0,2.7609,2.7609,0.5861,0.3841,,0,0,20,51,control,,0
4,anboralabs/ks-explorer,2025-01,24301,0,2025-06,0,-5,10.0,0.0,2.0,0.0,12.0,46.0,12991.0,12.991,0.923716,0.769764,0.0,0.153953,0.0,2.7609,2.7609,0.5861,0.3841,,2,1,20,51,control,,0
4,anboralabs/ks-explorer,2025-02,24302,0,2025-06,0,-4,10.0,0.0,2.0,0.0,12.0,46.0,12991.0,12.991,0.923716,0.769764,0.0,0.153953,0.0,2.7609,2.7609,0.5861,0.3841,,0,0,20,51,control,,0
4,anboralabs/ks-explorer,2025-03,24303,0,2025-06,0,-3,10.0,0.0,2.0,0.0,12.0,46.0,12991.0,12.991,0.923716,0.769764,0.0,0.153953,0.0,2.7609,2.7609,0.5861,0.3841,,2,1,20,51,control,,0
4,anboralabs/ks-explorer,2025-04,24304,0,2025-06,0,-2,10.0,0.0,2.0,0.0,12.0,46.0,12991.0,12.991,0.923716,0.769764,0.0,0.153953,0.0,2.7609,2.7609,0.5861,0.3841,,0,0,20,51,control,,0
4,anboralabs/ks-explorer,2025-05,24305,0,2025-06,0,-1,10.0,0.0,2.0,0.0,12.0,46.0,12991.0,12.991,0.923716,0.769764,0.0,0.153953,0.0,2.7609,2.7609,0.5861,0.3841,,2,1,20,51,control,,0
4,anboralabs/ks-explorer,2025-06,24306,0,2025-06,1,0,10.0,0.0,2.0,0.0,12.0,46.0,12991.0,12.991,0.923716,0.769764,0.0,0.153953,0.0,2.7609,2.7609,0.5861,0.3841,,0,0,20,51,control,,0
4,anboralabs/ks-explorer,2025-07,24307,0,2025-06,1,1,10.0,0.0,2.0,0.0,12.0,46.0,12991.0,12.991,0.923716,0.769764,0.0,0.153953,0.0,2.7609,2.7609,0.5861,0.3841,,0,0,20,51,control,,0
4,anboralabs/ks-explorer,2025-08,24308,0,2025-06,1,2,10.0,0.0,2.0,0.0,12.0,46.0,12991.0,12.991,0.923716,0.769764,0.0,0.153953,0.0,2.7609,2.7609,0.5861,0.3841,,6,2,20,51,control,,0
4,anboralabs/ks-explorer,2025-09,24309,0,2025-06,1,3,10.0,0.0,2.0,0.0,12.0,46.0,12991.0,12.991,0.923716,0.769764,0.0,0.153953,0.0,2.7609,2.7609,0.5861,0.3841,,6,2,20,51,control,,0
4,anboralabs/ks-explorer,2025-10,24310,0,2025-06,1,4,10.0,0.0,2.0,0.0,12.0,46.0,12991.0,12.991,0.923716,0.769764,0.0,0.153953,0.0,2.7609,2.7609,0.5861,0.3841,,17,2,20,51,control,,0
4,anboralabs/ks-explorer,2025-11,24311,0,2025-06,1,5,10.0,0.0,2.0,0.0,12.0,46.0,12991.0,12.991,0.923716,0.769764,0.0,0.153953,0.0,2.7609,2.7609,0.5861,0.3841,,10,3,20,51,control,,0
4,anboralabs/ks-explorer,2025-12,24312,0,2025-06,1,6,10.0,0.0,2.0,0.0,12.0,46.0,12991.0,12.991,0.923716,0.769764,0.0,0.153953,0.0,2.7609,2.7609,0.5861,0.3841,,0,0,20,51,control,,0
5,kousen/java_latest,2024-09,24297,1,2025-03,0,-6,0.0,0.0,1.0,0.0,1.0,28.0,1914.0,1.914,0.522466,0.0,0.0,0.522466,0.0,0.0357,0.0357,0.1429,0.8503,,0,0,126,73,claude_code,commit_pattern,50
5,kousen/java_latest,2024-10,24298,1,2025-03,0,-5,0.0,0.0,1.0,0.0,1.0,28.0,1914.0,1.914,0.522466,0.0,0.0,0.522466,0.0,0.0357,0.0357,0.1429,0.8503,,0,0,126,73,claude_code,commit_pattern,50
5,kousen/java_latest,2024-11,24299,1,2025-03,0,-4,0.0,0.0,1.0,0.0,1.0,28.0,1914.0,1.914,0.522466,0.0,0.0,0.522466,0.0,0.0357,0.0357,0.1429,0.8503,,5,1,126,73,claude_code,commit_pattern,50
5,kousen/java_latest,2024-12,24300,1,2025-03,0,-3,0.0,0.0,1.0,0.0,1.0,28.0,1916.0,1.916,0.521921,0.0,0.0,0.521921,0.0,0.0357,0.0357,0.1429,0.8503,,1,1,126,73,claude_code,commit_pattern,50
5,kousen/java_latest,2025-01,24301,1,2025-03,0,-2,0.0,0.0,1.0,0.0,1.0,28.0,1918.0,1.918,0.521376,0.0,0.0,0.521376,0.0,0.0357,0.0357,0.1429,0.8503,,2,1,126,73,claude_code,commit_pattern,50
5,kousen/java_latest,2025-02,24302,1,2025-03,0,-1,0.0,0.0,1.0,0.0,1.0,30.0,1925.0,1.925,0.519481,0.0,0.0,0.519481,0.0,0.0667,0.0667,0.1667,0.8269,,5,1,126,73,claude_code,commit_pattern,50
5,kousen/java_latest,2025-03,24303,1,2025-03,1,0,0.0,0.0,1.0,0.0,1.0,30.0,1985.0,1.985,0.503778,0.0,0.0,0.503778,0.0,0.0667,0.0667,0.1667,0.8269,,4,1,126,73,claude_code,commit_pattern,50
5,kousen/java_latest,2025-04,24304,1,2025-03,1,1,0.0,0.0,1.0,0.0,1.0,30.0,2203.0,2.203,0.453926,0.0,0.0,0.453926,0.0,0.0667,0.0667,0.1667,0.8269,,0,0,126,73,claude_code,commit_pattern,50
5,kousen/java_latest,2025-05,24305,1,2025-03,1,2,0.0,0.0,1.0,0.0,1.0,30.0,2203.0,2.203,0.453926,0.0,0.0,0.453926,0.0,0.0667,0.0667,0.1667,0.8269,,0,0,126,73,claude_code,commit_pattern,50
5,kousen/java_latest,2025-06,24306,1,2025-03,1,3,0.0,0.0,1.0,0.0,1.0,30.0,2203.0,2.203,0.453926,0.0,0.0,0.453926,0.0,0.0667,0.0667,0.1667,0.8269,,0,0,126,73,claude_code,commit_pattern,50
5,kousen/java_latest,2025-07,24307,1,2025-03,1,4,0.0,0.0,1.0,0.0,1.0,30.0,2203.0,2.203,0.453926,0.0,0.0,0.453926,0.0,0.0667,0.0667,0.1667,0.8269,,33,1,126,73,claude_code,commit_pattern,50
5,kousen/java_latest,2025-08,24308,1,2025-03,1,5,0.0,0.0,1.0,0.0,1.0,32.0,3547.0,3.547,0.281928,0.0,0.0,0.281928,0.0,0.0625,0.0625,0.1875,0.8065,,4,1,126,73,claude_code,commit_pattern,50
5,kousen/java_latest,2025-09,24309,1,2025-03,1,6,0.0,0.0,1.0,0.0,1.0,32.0,3548.0,3.548,0.281849,0.0,0.0,0.281849,0.0,0.0625,0.0625,0.1875,0.8065,,0,0,126,73,claude_code,commit_pattern,50
6,cmu-sei/kaiju,2024-09,24297,0,2025-03,0,-6,119.0,1.0,7.0,0.0,127.0,49.0,14954.0,14.954,8.492711,7.957737,0.066872,0.468102,0.0,3.7143,3.7143,0.5238,0.3892,,2,2,136,61,control,,0
6,cmu-sei/kaiju,2024-10,24298,0,2025-03,0,-5,119.0,1.0,7.0,0.0,127.0,49.0,14954.0,14.954,8.492711,7.957737,0.066872,0.468102,0.0,3.7143,3.7143,0.5238,0.3892,,0,0,136,61,control,,0
6,cmu-sei/kaiju,2024-11,24299,0,2025-03,0,-4,119.0,1.0,7.0,0.0,127.0,49.0,14954.0,14.954,8.492711,7.957737,0.066872,0.468102,0.0,3.7143,3.7143,0.5238,0.3892,,34,4,136,61,control,,0
6,cmu-sei/kaiju,2024-12,24300,0,2025-03,0,-3,119.0,1.0,7.0,0.0,127.0,49.0,14953.0,14.953,8.493279,7.958269,0.066876,0.468133,0.0,3.7143,3.7143,0.5238,0.3892,,8,2,136,61,control,,0
6,cmu-sei/kaiju,2025-01,24301,0,2025-03,0,-2,119.0,1.0,7.0,0.0,127.0,49.0,14953.0,14.953,8.493279,7.958269,0.066876,0.468133,0.0,3.7143,3.7143,0.5238,0.3892,,0,0,136,61,control,,0
6,cmu-sei/kaiju,2025-02,24302,0,2025-03,0,-1,119.0,1.0,7.0,0.0,127.0,49.0,14953.0,14.953,8.493279,7.958269,0.066876,0.468133,0.0,3.7143,3.7143,0.5238,0.3892,,3,2,136,61,control,,0
6,cmu-sei/kaiju,2025-03,24303,0,2025-03,1,0,119.0,1.0,7.0,0.0,127.0,49.0,14953.0,14.953,8.493279,7.958269,0.066876,0.468133,0.0,3.7143,3.7143,0.5238,0.3892,,1,1,136,61,control,,0
6,cmu-sei/kaiju,2025-04,24304,0,2025-03,1,1,119.0,1.0,7.0,0.0,127.0,49.0,14953.0,14.953,8.493279,7.958269,0.066876,0.468133,0.0,3.7143,3.7143,0.5238,0.3892,,3,2,136,61,control,,0
6,cmu-sei/kaiju,2025-05,24305,0,2025-03,1,2,119.0,1.0,7.0,0.0,127.0,49.0,14953.0,14.953,8.493279,7.958269,0.066876,0.468133,0.0,3.7143,3.7143,0.5238,0.3892,,0,0,136,61,control,,0
6,cmu-sei/kaiju,2025-06,24306,0,2025-03,1,3,119.0,1.0,7.0,0.0,127.0,49.0,14953.0,14.953,8.493279,7.958269,0.066876,0.468133,0.0,3.7143,3.7143,0.5238,0.3892,,3,2,136,61,control,,0
6,cmu-sei/kaiju,2025-07,24307,0,2025-03,1,4,119.0,1.0,7.0,0.0,127.0,49.0,14953.0,14.953,8.493279,7.958269,0.066876,0.468133,0.0,3.7143,3.7143,0.5238,0.3892,,2,2,136,61,control,,0
6,cmu-sei/kaiju,2025-08,24308,0,2025-03,1,5,119.0,1.0,7.0,0.0,127.0,49.0,14953.0,14.953,8.493279,7.958269,0.066876,0.468133,0.0,3.7143,3.7143,0.5238,0.3892,,1,1,136,61,control,,0
6,cmu-sei/kaiju,2025-09,24309,0,2025-03,1,6,119.0,1.0,7.0,0.0,127.0,49.0,14953.0,14.953,8.493279,7.958269,0.066876,0.468133,0.0,3.7143,3.7143,0.5238,0.3892,,0,0,136,61,control,,0
7,phax/ph-commons,2025-02,24302,1,2025-08,0,-6,718.0,2.0,9.0,0.0,729.0,235.0,144218.0,144.218,5.054848,4.978574,0.013868,0.062406,0.0,9.0681,9.0681,0.7123,0.2292,,10,1,40,139,claude_code,file_add,3
7,phax/ph-commons,2025-03,24303,1,2025-08,0,-5,719.0,2.0,3.0,0.0,724.0,237.0,145062.0,145.062,4.990969,4.956501,0.013787,0.020681,0.0,9.1181,9.1181,0.7124,0.2274,,4,1,40,139,claude_code,file_add,3
7,phax/ph-commons,2025-04,24304,1,2025-08,0,-4,719.0,2.0,3.0,0.0,724.0,237.0,145087.0,145.087,4.990109,4.955647,0.013785,0.020677,0.0,9.1181,9.1181,0.7124,0.2272,,9,1,40,139,claude_code,file_add,3
7,phax/ph-commons,2025-05,24305,1,2025-08,0,-3,719.0,2.0,3.0,0.0,724.0,237.0,145302.0,145.302,4.982726,4.948315,0.013764,0.020647,0.0,9.135,9.135,0.712,0.2266,,27,1,40,139,claude_code,file_add,3
7,phax/ph-commons,2025-06,24306,1,2025-08,0,-2,720.0,2.0,3.0,0.0,725.0,237.0,145376.0,145.376,4.987068,4.952674,0.013757,0.020636,0.0,9.1477,9.1477,0.712,0.2267,,8,2,40,139,claude_code,file_add,3
7,phax/ph-commons,2025-07,24307,1,2025-08,0,-1,720.0,2.0,3.0,0.0,725.0,237.0,145427.0,145.427,4.985319,4.950938,0.013753,0.020629,0.0,9.1477,9.1477,0.7119,0.2268,,0,0,40,139,claude_code,file_add,3
7,phax/ph-commons,2025-08,24308,1,2025-08,1,0,720.0,2.0,3.0,0.0,725.0,237.0,145427.0,145.427,4.985319,4.950938,0.013753,0.020629,0.0,9.1477,9.1477,0.7119,0.2268,,68,2,40,139,claude_code,file_add,3
7,phax/ph-commons,2025-09,24309,1,2025-08,1,1,238.0,2.0,6.0,0.0,246.0,328.0,153665.0,153.665,1.600885,1.548824,0.013015,0.039046,0.0,9.5091,9.5091,0.7023,0.234,,21,1,40,139,claude_code,file_add,3
7,phax/ph-commons,2025-10,24310,1,2025-08,1,2,238.0,2.0,20.0,0.0,260.0,328.0,153715.0,153.715,1.691442,1.54832,0.013011,0.130111,0.0,9.5122,9.5122,0.7023,0.234,,12,1,40,139,claude_code,file_add,3
7,phax/ph-commons,2025-11,24311,1,2025-08,1,3,238.0,2.0,20.0,0.0,260.0,328.0,153792.0,153.792,1.690595,1.547545,0.013005,0.130046,0.0,9.5122,9.5122,0.7023,0.234,,20,1,40,139,claude_code,file_add,3
7,phax/ph-commons,2025-12,24312,1,2025-08,1,4,241.0,3.0,20.0,0.0,264.0,328.0,153694.0,153.694,1.717699,1.568051,0.019519,0.130129,0.0,9.5335,9.5335,0.703,0.2325,,21,1,40,139,claude_code,file_add,3
7,phax/ph-commons,2026-01,24313,1,2025-08,1,5,242.0,3.0,21.0,0.0,266.0,328.0,153843.0,153.843,1.729035,1.573032,0.0195,0.136503,0.0,9.5305,9.5305,0.703,0.2325,,14,1,40,139,claude_code,file_add,3
7,phax/ph-commons,2026-02,24314,1,2025-08,1,6,242.0,3.0,19.0,0.0,264.0,329.0,153959.0,153.959,1.714742,1.571847,0.019486,0.123409,0.0,9.5106,9.5106,0.704,0.2317,,10,1,40,139,claude_code,file_add,3
8,BenCodez/AdvancedCore,2025-02,24302,0,2025-08,0,-6,163.0,2.0,7.0,0.0,172.0,70.0,12994.0,12.994,13.236879,12.544251,0.153917,0.53871,0.0,3.4143,3.4143,0.4717,0.4704,,17,1,60,115,control,,0
8,BenCodez/AdvancedCore,2025-03,24303,0,2025-08,0,-5,247.0,1.0,7.0,0.0,255.0,71.0,13425.0,13.425,18.994413,18.39851,0.074488,0.521415,0.0,3.4648,3.4648,0.4675,0.4661,,20,2,60,115,control,,0
8,BenCodez/AdvancedCore,2025-04,24304,0,2025-08,0,-4,247.0,1.0,7.0,0.0,255.0,71.0,13443.0,13.443,18.96898,18.373875,0.074388,0.520717,0.0,3.4648,3.4648,0.4675,0.4661,,12,2,60,115,control,,0
8,BenCodez/AdvancedCore,2025-05,24305,0,2025-08,0,-3,247.0,1.0,7.0,0.0,255.0,71.0,13534.0,13.534,18.841436,18.250332,0.073888,0.517216,0.0,3.507,3.507,0.4658,0.4678,,15,1,60,115,control,,0
8,BenCodez/AdvancedCore,2025-06,24306,0,2025-08,0,-2,239.0,1.0,3.0,0.0,243.0,59.0,12211.0,12.211,19.90009,19.572517,0.081893,0.24568,0.0,3.4915,3.4915,0.4891,0.4447,,15,2,60,115,control,,0
8,BenCodez/AdvancedCore,2025-07,24307,0,2025-08,0,-1,239.0,1.0,3.0,0.0,243.0,59.0,12252.0,12.252,19.833497,19.507019,0.081619,0.244858,0.0,3.4915,3.4915,0.4889,0.4449,,11,2,60,115,control,,0
8,BenCodez/AdvancedCore,2025-08,24308,0,2025-08,1,0,239.0,1.0,3.0,0.0,243.0,59.0,12271.0,12.271,19.802787,19.476815,0.081493,0.244479,0.0,3.4915,3.4915,0.4889,0.4449,,12,2,60,115,control,,0
8,BenCodez/AdvancedCore,2025-09,24309,0,2025-08,1,1,239.0,1.0,3.0,0.0,243.0,59.0,12271.0,12.271,19.802787,19.476815,0.081493,0.244479,0.0,3.4915,3.4915,0.4889,0.4449,,6,2,60,115,control,,0
8,BenCodez/AdvancedCore,2025-10,24310,0,2025-08,1,2,239.0,1.0,3.0,0.0,243.0,59.0,12316.0,12.316,19.730432,19.405651,0.081195,0.243586,0.0,3.4915,3.4915,0.4889,0.4449,,21,2,60,115,control,,0
8,BenCodez/AdvancedCore,2025-11,24311,0,2025-08,1,3,239.0,1.0,5.0,0.0,245.0,59.0,12489.0,12.489,19.617263,19.13684,0.08007,0.400352,0.0,3.5254,3.5254,0.5024,0.4315,,9,2,60,115,control,,0
8,BenCodez/AdvancedCore,2025-12,24312,0,2025-08,1,4,239.0,1.0,5.0,0.0,245.0,59.0,12561.0,12.561,19.504816,19.027148,0.079611,0.398057,0.0,3.5254,3.5254,0.5024,0.4315,,14,2,60,115,control,,0
8,BenCodez/AdvancedCore,2026-01,24313,0,2025-08,1,5,239.0,1.0,5.0,0.0,245.0,58.0,12575.0,12.575,19.483101,19.005964,0.079523,0.397614,0.0,3.5345,3.5345,0.5052,0.4275,,29,2,60,115,control,,0
8,BenCodez/AdvancedCore,2026-02,24314,0,2025-08,1,6,241.0,1.0,3.0,0.0,245.0,59.0,12918.0,12.918,18.965784,18.656139,0.077411,0.232234,0.0,3.5085,3.5085,0.5021,0.4326,,36,3,60,115,control,,0
9,4Soft-de/harness-model,2025-02,24302,1,2025-08,0,-6,,,,,,,,,,,,,,,,,,,27,3,9,45,copilot,file_add,2
9,4Soft-de/harness-model,2025-03,24303,1,2025-08,0,-5,,,,,,,,,,,,,,,,,,,37,4,9,45,copilot,file_add,2
9,4Soft-de/harness-model,2025-04,24304,1,2025-08,0,-4,,,,,,,,,,,,,,,,,,,14,2,9,45,copilot,file_add,2
9,4Soft-de/harness-model,2025-05,24305,1,2025-08,0,-3,,,,,,,,,,,,,,,,,,,27,5,9,45,copilot,file_add,2
9,4Soft-de/harness-model,2025-06,24306,1,2025-08,0,-2,,,,,,,,,,,,,,,,,,,6,3,9,45,copilot,file_add,2
9,4Soft-de/harness-model,2025-07,24307,1,2025-08,0,-1,,,,,,,,,,,,,,,,,,,30,4,9,45,copilot,file_add,2
9,4Soft-de/harness-model,2025-08,24308,1,2025-08,1,0,,,,,,,,,,,,,,,,,,,20,3,9,45,copilot,file_add,2
9,4Soft-de/harness-model,2025-09,24309,1,2025-08,1,1,,,,,,,,,,,,,,,,,,,79,6,9,45,copilot,file_add,2
9,4Soft-de/harness-model,2025-10,24310,1,2025-08,1,2,,,,,,,,,,,,,,,,,,,29,4,9,45,copilot,file_add,2
9,4Soft-de/harness-model,2025-11,24311,1,2025-08,1,3,,,,,,,,,,,,,,,,,,,42,6,9,45,copilot,file_add,2
9,4Soft-de/harness-model,2025-12,24312,1,2025-08,1,4,,,,,,,,,,,,,,,,,,,15,3,9,45,copilot,file_add,2
9,4Soft-de/harness-model,2026-01,24313,1,2025-08,1,5,,,,,,,,,,,,,,,,,,,27,2,9,45,copilot,file_add,2
9,4Soft-de/harness-model,2026-02,24314,1,2025-08,1,6,,,,,,,,,,,,,,,,,,,12,3,9,45,copilot,file_add,2
10,ttoklip/BackEnd,2025-02,24302,0,2025-08,0,-6,99.0,4.0,2.0,0.0,105.0,229.0,16542.0,16.542,6.347479,5.984766,0.241809,0.120904,0.0,4.7293,4.7293,0.6799,0.3064,,1,1,19,26,control,,0
10,ttoklip/BackEnd,2025-03,24303,0,2025-08,0,-5,99.0,4.0,2.0,0.0,105.0,229.0,16542.0,16.542,6.347479,5.984766,0.241809,0.120904,0.0,4.7293,4.7293,0.6799,0.3064,,0,0,19,26,control,,0
10,ttoklip/BackEnd,2025-04,24304,0,2025-08,0,-4,99.0,4.0,2.0,0.0,105.0,229.0,16542.0,16.542,6.347479,5.984766,0.241809,0.120904,0.0,4.7293,4.7293,0.6799,0.3064,,0,0,19,26,control,,0
10,ttoklip/BackEnd,2025-05,24305,0,2025-08,0,-3,99.0,4.0,2.0,0.0,105.0,229.0,16542.0,16.542,6.347479,5.984766,0.241809,0.120904,0.0,4.7293,4.7293,0.6799,0.3064,,0,0,19,26,control,,0
10,ttoklip/BackEnd,2025-06,24306,0,2025-08,0,-2,99.0,4.0,2.0,0.0,105.0,229.0,16542.0,16.542,6.347479,5.984766,0.241809,0.120904,0.0,4.7293,4.7293,0.6799,0.3064,,0,0,19,26,control,,0
10,ttoklip/BackEnd,2025-07,24307,0,2025-08,0,-1,99.0,4.0,2.0,0.0,105.0,229.0,16542.0,16.542,6.347479,5.984766,0.241809,0.120904,0.0,4.7293,4.7293,0.6799,0.3064,,0,0,19,26,control,,0
10,ttoklip/BackEnd,2025-08,24308,0,2025-08,1,0,99.0,4.0,2.0,0.0,105.0,229.0,16542.0,16.542,6.347479,5.984766,0.241809,0.120904,0.0,4.7293,4.7293,0.6799,0.3064,,0,0,19,26,control,,0
10,ttoklip/BackEnd,2025-09,24309,0,2025-08,1,1,99.0,4.0,2.0,0.0,105.0,229.0,16542.0,16.542,6.347479,5.984766,0.241809,0.120904,0.0,4.7293,4.7293,0.6799,0.3064,,0,0,19,26,control,,0
10,ttoklip/BackEnd,2025-10,24310,0,2025-08,1,2,99.0,4.0,2.0,0.0,105.0,229.0,16542.0,16.542,6.347479,5.984766,0.241809,0.120904,0.0,4.7293,4.7293,0.6799,0.3064,,0,0,19,26,control,,0
10,ttoklip/BackEnd,2025-11,24311,0,2025-08,1,3,99.0,4.0,2.0,0.0,105.0,229.0,16542.0,16.542,6.347479,5.984766,0.241809,0.120904,0.0,4.7293,4.7293,0.6799,0.3064,,0,0,19,26,control,,0
10,ttoklip/BackEnd,2025-12,24312,0,2025-08,1,4,99.0,4.0,2.0,0.0,105.0,229.0,16542.0,16.542,6.347479,5.984766,0.241809,0.120904,0.0,4.7293,4.7293,0.6799,0.3064,,0,0,19,26,control,,0
10,ttoklip/BackEnd,2026-01,24313,0,2025-08,1,5,99.0,4.0,2.0,0.0,105.0,229.0,16542.0,16.542,6.347479,5.984766,0.241809,0.120904,0.0,4.7293,4.7293,0.6799,0.3064,,0,0,19,26,control,,0
10,ttoklip/BackEnd,2026-02,24314,0,2025-08,1,6,99.0,4.0,2.0,0.0,105.0,229.0,16542.0,16.542,6.347479,5.984766,0.241809,0.120904,0.0,4.7293,4.7293,0.6799,0.3064,,0,0,19,26,control,,0
11,alibaba/spring-ai-alibaba,2024-12,24300,1,2025-06,0,-6,13.0,2.0,4.0,0.0,19.0,92.0,7825.0,7.825,2.428115,1.661342,0.255591,0.511182,0.0,1.4565,1.4565,0.5222,0.4446,,320,39,8644,18,claude_code,commit_pattern,29
11,alibaba/spring-ai-alibaba,2025-01,24301,1,2025-06,0,-5,9.0,1.0,4.0,0.0,14.0,78.0,9133.0,9.133,1.532903,0.985437,0.109493,0.437972,0.0,1.2949,1.2949,0.4729,0.4858,,190,27,8644,18,claude_code,commit_pattern,29
11,alibaba/spring-ai-alibaba,2025-02,24302,1,2025-06,0,-4,9.0,1.0,4.0,0.0,14.0,101.0,12652.0,12.652,1.106544,0.71135,0.079039,0.316156,0.0,1.1386,1.1386,0.464,0.5041,,104,13,8644,18,claude_code,commit_pattern,29
11,alibaba/spring-ai-alibaba,2025-03,24303,1,2025-06,0,-3,5.0,0.0,4.0,0.0,9.0,106.0,16976.0,16.976,0.53016,0.294533,0.0,0.235627,0.0,0.7075,0.7075,0.4469,0.5208,,276,26,8644,18,claude_code,commit_pattern,29
11,alibaba/spring-ai-alibaba,2025-04,24304,1,2025-06,0,-2,27.0,2.0,11.0,0.0,40.0,185.0,28543.0,28.543,1.401394,0.945941,0.07007,0.385383,0.0,1.5892,1.5892,0.462,0.4814,,512,44,8644,18,claude_code,commit_pattern,29
11,alibaba/spring-ai-alibaba,2025-05,24305,1,2025-06,0,-1,48.0,3.0,5.0,0.0,56.0,244.0,35314.0,35.314,1.585773,1.359234,0.084952,0.141587,0.0,1.8525,1.8525,0.5044,0.4482,,380,46,8644,18,claude_code,commit_pattern,29
11,alibaba/spring-ai-alibaba,2025-06,24306,1,2025-06,1,0,60.0,3.0,7.0,0.0,70.0,318.0,48156.0,48.156,1.453609,1.245951,0.062298,0.145361,0.0,2.1509,2.1509,0.5535,0.4055,,211,52,8644,18,claude_code,commit_pattern,29
11,alibaba/spring-ai-alibaba,2025-07,24307,1,2025-06,1,1,,,,,,,,,,,,,,,,,,,252,53,8644,18,claude_code,commit_pattern,29
11,alibaba/spring-ai-alibaba,2025-08,24308,1,2025-06,1,2,,,,,,,,,,,,,,,,,,,160,40,8644,18,claude_code,commit_pattern,29
11,alibaba/spring-ai-alibaba,2025-09,24309,1,2025-06,1,3,213.0,12.0,11.0,0.0,236.0,551.0,110510.0,110.51,2.135553,1.927427,0.108587,0.099539,0.0,3.2414,3.2414,0.5413,0.3942,,100,41,8644,18,claude_code,commit_pattern,29
11,alibaba/spring-ai-alibaba,2025-10,24310,1,2025-06,1,4,,,,,,,,,,,,,,,,,,,49,18,8644,18,claude_code,commit_pattern,29
11,alibaba/spring-ai-alibaba,2025-11,24311,1,2025-06,1,5,124.0,0.0,4.0,0.0,128.0,117.0,21784.0,21.784,5.875872,5.692251,0.0,0.183621,0.0,2.8291,2.8291,0.613,0.3069,,76,16,8644,18,claude_code,commit_pattern,29
11,alibaba/spring-ai-alibaba,2025-12,24312,1,2025-06,1,6,156.0,2.0,6.0,0.0,164.0,147.0,37033.0,37.033,4.428483,4.212459,0.054006,0.162018,0.0,3.6871,3.6871,0.6139,0.3117,,58,19,8644,18,claude_code,commit_pattern,29
12,ReVanced/revanced-patches,2024-12,24300,0,2025-06,0,-6,114.0,4.0,4.0,0.0,122.0,129.0,11276.0,11.276,10.81944,10.109968,0.354736,0.354736,0.0,1.8682,1.8682,0.7613,0.2217,,193,9,5453,27,control,,0
12,ReVanced/revanced-patches,2025-01,24301,0,2025-06,0,-5,59.0,4.0,3.0,0.0,66.0,133.0,11870.0,11.87,5.560236,4.970514,0.336984,0.252738,0.0,1.797,1.797,0.7519,0.2317,,68,7,5453,27,control,,0
12,ReVanced/revanced-patches,2025-02,24302,0,2025-06,0,-4,61.0,4.0,3.0,0.0,68.0,133.0,12055.0,12.055,5.640813,5.060141,0.331813,0.248859,0.0,1.8045,1.8045,0.7518,0.2317,,93,9,5453,27,control,,0
12,ReVanced/revanced-patches,2025-03,24303,0,2025-06,0,-3,61.0,4.0,3.0,0.0,68.0,135.0,12177.0,12.177,5.584298,5.009444,0.328488,0.246366,0.0,1.8,1.8,0.7481,0.2357,,91,8,5453,27,control,,0
12,ReVanced/revanced-patches,2025-04,24304,0,2025-06,0,-2,63.0,4.0,3.0,0.0,70.0,148.0,12350.0,12.35,5.668016,5.101215,0.323887,0.242915,0.0,1.6284,1.6284,0.7482,0.234,,121,20,5453,27,control,,0
12,ReVanced/revanced-patches,2025-05,24305,0,2025-06,0,-1,65.0,5.0,7.0,0.0,77.0,161.0,12491.0,12.491,6.164438,5.203747,0.400288,0.560403,0.0,1.5466,1.5466,0.7461,0.2366,,108,15,5453,27,control,,0
12,ReVanced/revanced-patches,2025-06,24306,0,2025-06,1,0,77.0,5.0,3.0,0.0,85.0,178.0,14399.0,14.399,5.903188,5.347594,0.347246,0.208348,0.0,1.573,1.573,0.7316,0.2297,,132,16,5453,27,control,,0
12,ReVanced/revanced-patches,2025-07,24307,0,2025-06,1,1,79.0,5.0,3.0,0.0,87.0,181.0,15545.0,15.545,5.596655,5.08202,0.321647,0.192988,0.0,1.5635,1.5635,0.738,0.2236,,131,18,5453,27,control,,0
12,ReVanced/revanced-patches,2025-08,24308,0,2025-06,1,2,80.0,6.0,3.0,0.0,89.0,194.0,16462.0,16.462,5.40639,4.859677,0.364476,0.182238,0.0,1.5103,1.5103,0.74,0.2139,,73,8,5453,27,control,,0
12,ReVanced/revanced-patches,2025-09,24309,0,2025-06,1,3,78.0,7.0,3.0,0.0,88.0,197.0,16698.0,16.698,5.270092,4.671218,0.419212,0.179662,0.0,1.5584,1.5584,0.7385,0.211,,207,14,5453,27,control,,0
12,ReVanced/revanced-patches,2025-10,24310,0,2025-06,1,4,83.0,5.0,4.0,0.0,92.0,213.0,17114.0,17.114,5.375716,4.849831,0.292158,0.233727,0.0,1.662,1.662,0.7444,0.2061,,113,15,5453,27,control,,0
12,ReVanced/revanced-patches,2025-11,24311,0,2025-06,1,5,86.0,4.0,4.0,0.0,94.0,228.0,17252.0,17.252,5.448644,4.984929,0.231857,0.231857,0.0,1.6535,1.6535,0.7566,0.1972,,58,9,5453,27,control,,0
12,ReVanced/revanced-patches,2025-12,24312,0,2025-06,1,6,87.0,4.0,3.0,0.0,94.0,228.0,17602.0,17.602,5.340302,4.94262,0.227247,0.170435,0.0,1.6798,1.6798,0.757,0.197,,45,16,5453,27,control,,0
13,deltazefiro/Amarok-Hider,2024-08,24296,1,2025-02,0,-6,21.0,1.0,3.0,0.0,25.0,11.0,2904.0,2.904,8.608815,7.231405,0.344353,1.033058,0.0,2.5455,2.5455,0.5695,0.3781,,2,1,2879,50,cursor,file_add,4
13,deltazefiro/Amarok-Hider,2024-09,24297,1,2025-02,0,-5,21.0,1.0,3.0,0.0,25.0,11.0,2921.0,2.921,8.558713,7.189319,0.342349,1.027046,0.0,2.5455,2.5455,0.5695,0.3781,,0,0,2879,50,cursor,file_add,4
13,deltazefiro/Amarok-Hider,2024-10,24298,1,2025-02,0,-4,21.0,1.0,3.0,0.0,25.0,11.0,2921.0,2.921,8.558713,7.189319,0.342349,1.027046,0.0,2.5455,2.5455,0.5695,0.3781,,6,3,2879,50,cursor,file_add,4
13,deltazefiro/Amarok-Hider,2024-11,24299,1,2025-02,0,-3,21.0,1.0,3.0,0.0,25.0,11.0,2921.0,2.921,8.558713,7.189319,0.342349,1.027046,0.0,2.5455,2.5455,0.5695,0.3781,,1,1,2879,50,cursor,file_add,4
13,deltazefiro/Amarok-Hider,2024-12,24300,1,2025-02,0,-2,21.0,1.0,3.0,0.0,25.0,11.0,2921.0,2.921,8.558713,7.189319,0.342349,1.027046,0.0,2.5455,2.5455,0.5695,0.3781,,0,0,2879,50,cursor,file_add,4
13,deltazefiro/Amarok-Hider,2025-01,24301,1,2025-02,0,-1,21.0,1.0,3.0,0.0,25.0,11.0,2921.0,2.921,8.558713,7.189319,0.342349,1.027046,0.0,2.5455,2.5455,0.5695,0.3781,,9,2,2879,50,cursor,file_add,4
13,deltazefiro/Amarok-Hider,2025-02,24302,1,2025-02,1,0,20.0,1.0,3.0,0.0,24.0,11.0,2972.0,2.972,8.07537,6.729475,0.336474,1.009421,0.0,2.5455,2.5455,0.5673,0.3803,,7,1,2879,50,cursor,file_add,4
13,deltazefiro/Amarok-Hider,2025-03,24303,1,2025-02,1,1,17.0,1.0,2.0,0.0,20.0,12.0,3004.0,3.004,6.65779,5.659121,0.332889,0.665779,0.0,2.4167,2.4167,0.605,0.3469,,1,1,2879,50,cursor,file_add,4
13,deltazefiro/Amarok-Hider,2025-04,24304,1,2025-02,1,2,17.0,1.0,2.0,0.0,20.0,12.0,3004.0,3.004,6.65779,5.659121,0.332889,0.665779,0.0,2.4167,2.4167,0.605,0.3469,,0,0,2879,50,cursor,file_add,4
13,deltazefiro/Amarok-Hider,2025-05,24305,1,2025-02,1,3,17.0,1.0,2.0,0.0,20.0,12.0,3004.0,3.004,6.65779,5.659121,0.332889,0.665779,0.0,2.4167,2.4167,0.605,0.3469,,4,2,2879,50,cursor,file_add,4
13,deltazefiro/Amarok-Hider,2025-06,24306,1,2025-02,1,4,18.0,1.0,2.0,0.0,21.0,12.0,3051.0,3.051,6.882989,5.899705,0.327761,0.655523,0.0,2.4167,2.4167,0.605,0.3469,,6,1,2879,50,cursor,file_add,4
13,deltazefiro/Amarok-Hider,2025-07,24307,1,2025-02,1,5,18.0,1.0,2.0,0.0,21.0,12.0,3051.0,3.051,6.882989,5.899705,0.327761,0.655523,0.0,2.4167,2.4167,0.605,0.3469,,1,1,2879,50,cursor,file_add,4
13,deltazefiro/Amarok-Hider,2025-08,24308,1,2025-02,1,6,18.0,1.0,2.0,0.0,21.0,12.0,3086.0,3.086,6.804925,5.832793,0.324044,0.648088,0.0,2.4167,2.4167,0.6061,0.3459,,0,0,2879,50,cursor,file_add,4
14,redis/redis-om-spring,2024-08,24296,0,2025-02,0,-6,97.0,4.0,7.0,0.0,108.0,90.0,30594.0,30.594,3.530104,3.170556,0.130745,0.228803,0.0,4.3444,4.3444,0.6567,0.2953,,8,2,647,53,control,,0
14,redis/redis-om-spring,2024-09,24297,0,2025-02,0,-5,97.0,4.0,7.0,0.0,108.0,90.0,30580.0,30.58,3.53172,3.172008,0.130804,0.228908,0.0,4.3444,4.3444,0.6566,0.2954,,4,2,647,53,control,,0
14,redis/redis-om-spring,2024-10,24298,0,2025-02,0,-4,97.0,4.0,7.0,0.0,108.0,90.0,30585.0,30.585,3.531143,3.171489,0.130783,0.22887,0.0,4.3444,4.3444,0.6566,0.2954,,8,2,647,53,control,,0
14,redis/redis-om-spring,2024-11,24299,0,2025-02,0,-3,97.0,4.0,7.0,0.0,108.0,90.0,30701.0,30.701,3.517801,3.159506,0.130289,0.228006,0.0,4.3444,4.3444,0.6564,0.2956,,0,0,647,53,control,,0
14,redis/redis-om-spring,2024-12,24300,0,2025-02,0,-2,97.0,4.0,7.0,0.0,108.0,90.0,30701.0,30.701,3.517801,3.159506,0.130289,0.228006,0.0,4.3444,4.3444,0.6564,0.2956,,5,1,647,53,control,,0
14,redis/redis-om-spring,2025-01,24301,0,2025-02,0,-1,97.0,4.0,7.0,0.0,108.0,90.0,30721.0,30.721,3.515511,3.157449,0.130204,0.227857,0.0,4.3444,4.3444,0.6563,0.2961,,3,1,647,53,control,,0
14,redis/redis-om-spring,2025-02,24302,0,2025-02,1,0,101.0,4.0,7.0,0.0,112.0,91.0,31816.0,31.816,3.520241,3.174503,0.125723,0.220015,0.0,4.3736,4.3736,0.6494,0.3035,,14,2,647,53,control,,0
14,redis/redis-om-spring,2025-03,24303,0,2025-02,1,1,102.0,4.0,7.0,0.0,113.0,91.0,32412.0,32.412,3.486363,3.146983,0.123411,0.215969,0.0,4.3846,4.3846,0.6494,0.3046,,6,1,647,53,control,,0
14,redis/redis-om-spring,2025-04,24304,0,2025-02,1,2,102.0,4.0,7.0,0.0,113.0,91.0,32682.0,32.682,3.457561,3.120984,0.122392,0.214185,0.0,4.3956,4.3956,0.6496,0.3045,,18,4,647,53,control,,0
14,redis/redis-om-spring,2025-05,24305,0,2025-02,1,3,106.0,4.0,5.0,0.0,115.0,96.0,33875.0,33.875,3.394834,3.129151,0.118081,0.147601,0.0,4.3542,4.3542,0.6576,0.3034,,30,6,647,53,control,,0
14,redis/redis-om-spring,2025-06,24306,0,2025-02,1,4,123.0,5.0,8.0,0.0,136.0,119.0,37979.0,37.979,3.580926,3.238632,0.131652,0.210643,0.0,3.9832,3.9832,0.6601,0.3162,,0,0,647,53,control,,0
14,redis/redis-om-spring,2025-07,24307,0,2025-02,1,5,123.0,5.0,8.0,0.0,136.0,119.0,37979.0,37.979,3.580926,3.238632,0.131652,0.210643,0.0,3.9832,3.9832,0.6601,0.3162,,17,2,647,53,control,,0
14,redis/redis-om-spring,2025-08,24308,0,2025-02,1,6,129.0,4.0,7.0,0.0,140.0,127.0,41326.0,41.326,3.387698,3.121522,0.096791,0.169385,0.0,4.0709,4.0709,0.6654,0.3195,,31,4,647,53,control,,0
15,openrewrite/rewrite,2024-12,24300,1,2025-06,0,-6,499.0,6.0,8.0,2.0,515.0,155.0,187507.0,187.507,2.746564,2.661234,0.031999,0.042665,0.010666,4.9806,4.9806,0.6531,0.2873,,82,24,3333,70,claude_code,file_add,48
15,openrewrite/rewrite,2025-01,24301,1,2025-06,0,-5,502.0,6.0,6.0,2.0,516.0,157.0,191000.0,191.0,2.701571,2.628272,0.031414,0.031414,0.010471,4.9809,4.9809,0.653,0.2882,,134,26,3333,70,claude_code,file_add,48
15,openrewrite/rewrite,2025-02,24302,1,2025-06,0,-4,532.0,6.0,4.0,1.0,543.0,163.0,199274.0,199.274,2.724891,2.669691,0.030109,0.020073,0.005018,5.0245,5.0245,0.6428,0.2981,,141,24,3333,70,claude_code,file_add,48
15,openrewrite/rewrite,2025-03,24303,1,2025-06,0,-3,,,,,,,,,,,,,,,,,,,138,21,3333,70,claude_code,file_add,48
15,openrewrite/rewrite,2025-04,24304,1,2025-06,0,-2,585.0,7.0,3.0,1.0,596.0,150.0,229690.0,229.69,2.594802,2.546911,0.030476,0.013061,0.004354,6.2333,6.2333,0.6363,0.2982,,125,24,3333,70,claude_code,file_add,48
15,openrewrite/rewrite,2025-05,24305,1,2025-06,0,-1,,,,,,,,,,,,,,,,,,,177,29,3333,70,claude_code,file_add,48
15,openrewrite/rewrite,2025-06,24306,1,2025-06,1,0,,,,,,,,,,,,,,,,,,,157,23,3333,70,claude_code,file_add,48
15,openrewrite/rewrite,2025-07,24307,1,2025-06,1,1,640.0,8.0,17.0,1.0,666.0,162.0,250608.0,250.608,2.657537,2.553789,0.031922,0.067835,0.00399,6.3148,6.3148,0.6577,0.2806,,132,25,3333,70,claude_code,file_add,48
15,openrewrite/rewrite,2025-08,24308,1,2025-06,1,2,640.0,8.0,11.0,1.0,660.0,162.0,253009.0,253.009,2.608603,2.529554,0.031619,0.043477,0.003952,6.3272,6.3272,0.657,0.2813,,114,25,3333,70,claude_code,file_add,48
15,openrewrite/rewrite,2025-09,24309,1,2025-06,1,3,,,,,,,,,,,,,,,,,,,116,21,3333,70,claude_code,file_add,48
15,openrewrite/rewrite,2025-10,24310,1,2025-06,1,4,659.0,7.0,6.0,1.0,673.0,165.0,272805.0,272.805,2.466964,2.415645,0.025659,0.021994,0.003666,6.5091,6.5091,0.6472,0.2834,,148,17,3333,70,claude_code,file_add,48
15,openrewrite/rewrite,2025-11,24311,1,2025-06,1,5,,,,,,,,,,,,,,,,,,,125,20,3333,70,claude_code,file_add,48
15,openrewrite/rewrite,2025-12,24312,1,2025-06,1,6,,,,,,,,,,,,,,,,,,,158,23,3333,70,claude_code,file_add,48
16,apache/iotdb,2024-12,24300,0,2025-06,0,-6,8442.0,52.0,19.0,8.0,8521.0,1197.0,637263.0,637.263,13.371245,13.247278,0.081599,0.029815,0.012554,10.807,10.807,0.5971,0.3275,,190,37,6292,88,control,,0
16,apache/iotdb,2025-01,24301,0,2025-06,0,-5,,,,,,,,,,,,,,,,,,,105,32,6292,88,control,,0
16,apache/iotdb,2025-02,24302,0,2025-06,0,-4,,,,,,,,,,,,,,,,,,,135,30,6292,88,control,,0
16,apache/iotdb,2025-03,24303,0,2025-06,0,-3,,,,,,,,,,,,,,,,,,,148,33,6292,88,control,,0
16,apache/iotdb,2025-04,24304,0,2025-06,0,-2,,,,,,,,,,,,,,,,,,,142,29,6292,88,control,,0
16,apache/iotdb,2025-05,24305,0,2025-06,0,-1,,,,,,,,,,,,,,,,,,,128,31,6292,88,control,,0
16,apache/iotdb,2025-06,24306,0,2025-06,1,0,,,,,,,,,,,,,,,,,,,120,26,6292,88,control,,0
16,apache/iotdb,2025-07,24307,0,2025-06,1,1,,,,,,,,,,,,,,,,,,,130,23,6292,88,control,,0
16,apache/iotdb,2025-08,24308,0,2025-06,1,2,,,,,,,,,,,,,,,,,,,146,26,6292,88,control,,0
16,apache/iotdb,2025-09,24309,0,2025-06,1,3,,,,,,,,,,,,,,,,,,,133,25,6292,88,control,,0
16,apache/iotdb,2025-10,24310,0,2025-06,1,4,,,,,,,,,,,,,,,,,,,97,20,6292,88,control,,0
16,apache/iotdb,2025-11,24311,0,2025-06,1,5,,,,,,,,,,,,,,,,,,,71,18,6292,88,control,,0
16,apache/iotdb,2025-12,24312,0,2025-06,1,6,,,,,,,,,,,,,,,,,,,77,18,6292,88,control,,0
17,Haehnchen/idea-php-symfony2-plugin,2025-05,24305,1,2025-11,0,-6,443.0,10.0,7.0,0.0,460.0,306.0,52904.0,52.904,8.694995,8.373658,0.189022,0.132315,0.0,4.3464,4.3464,0.7369,0.2219,,4,2,928,155,claude_code,file_add,2
17,Haehnchen/idea-php-symfony2-plugin,2025-06,24306,1,2025-11,0,-5,443.0,10.0,7.0,0.0,460.0,306.0,53085.0,53.085,8.665348,8.345107,0.188377,0.131864,0.0,4.3464,4.3464,0.7369,0.2219,,14,2,928,155,claude_code,file_add,2
17,Haehnchen/idea-php-symfony2-plugin,2025-07,24307,1,2025-11,0,-4,443.0,10.0,7.0,0.0,460.0,306.0,53180.0,53.18,8.649868,8.330199,0.188041,0.131628,0.0,4.3464,4.3464,0.7369,0.2219,,1,1,928,155,claude_code,file_add,2
17,Haehnchen/idea-php-symfony2-plugin,2025-08,24308,1,2025-11,0,-3,443.0,10.0,7.0,0.0,460.0,306.0,53180.0,53.18,8.649868,8.330199,0.188041,0.131628,0.0,4.3464,4.3464,0.7369,0.2219,,1,1,928,155,claude_code,file_add,2
17,Haehnchen/idea-php-symfony2-plugin,2025-09,24309,1,2025-11,0,-2,443.0,10.0,7.0,0.0,460.0,306.0,53180.0,53.18,8.649868,8.330199,0.188041,0.131628,0.0,4.3464,4.3464,0.7369,0.2219,,1,1,928,155,claude_code,file_add,2
17,Haehnchen/idea-php-symfony2-plugin,2025-10,24310,1,2025-11,0,-1,443.0,10.0,7.0,0.0,460.0,306.0,53180.0,53.18,8.649868,8.330199,0.188041,0.131628,0.0,4.3464,4.3464,0.7369,0.2219,,0,0,928,155,claude_code,file_add,2
17,Haehnchen/idea-php-symfony2-plugin,2025-11,24311,1,2025-11,1,0,443.0,10.0,7.0,0.0,460.0,306.0,53180.0,53.18,8.649868,8.330199,0.188041,0.131628,0.0,4.3464,4.3464,0.7369,0.2219,,14,1,928,155,claude_code,file_add,2
17,Haehnchen/idea-php-symfony2-plugin,2025-12,24312,1,2025-11,1,1,445.0,10.0,10.0,0.0,465.0,306.0,53852.0,53.852,8.634777,8.263389,0.185694,0.185694,0.0,4.3529,4.3529,0.7367,0.2221,,57,1,928,155,claude_code,file_add,2
17,Haehnchen/idea-php-symfony2-plugin,2026-01,24313,1,2025-11,1,2,446.0,10.0,7.0,0.0,463.0,303.0,56907.0,56.907,8.136082,7.837349,0.175725,0.123008,0.0,4.3927,4.3927,0.7364,0.222,,32,1,928,155,claude_code,file_add,2
17,Haehnchen/idea-php-symfony2-plugin,2026-02,24314,1,2025-11,1,3,453.0,10.0,7.0,0.0,470.0,308.0,59077.0,59.077,7.955719,7.667959,0.169271,0.118489,0.0,4.3929,4.3929,0.7364,0.2228,,39,1,928,155,claude_code,file_add,2
17,Haehnchen/idea-php-symfony2-plugin,2026-03,24315,1,2025-11,1,4,504.0,10.0,8.0,0.0,522.0,310.0,61857.0,61.857,8.438819,8.147825,0.161663,0.129331,0.0,4.4161,4.4161,0.7371,0.2225,,24,1,928,155,claude_code,file_add,2
17,Haehnchen/idea-php-symfony2-plugin,2026-04,24316,1,2025-11,1,5,506.0,10.0,3.0,0.0,519.0,327.0,64261.0,64.261,8.076438,7.874138,0.155615,0.046685,0.0,4.3517,4.3517,0.7437,0.218,,0,0,928,155,claude_code,file_add,2
17,Haehnchen/idea-php-symfony2-plugin,2026-05,24317,1,2025-11,1,6,506.0,10.0,3.0,0.0,519.0,327.0,64261.0,64.261,8.076438,7.874138,0.155615,0.046685,0.0,4.3517,4.3517,0.7437,0.218,,0,0,928,155,claude_code,file_add,2
18,SonarSource/sonar-php,2025-05,24305,0,2025-11,0,-6,228.0,2.0,5.0,1.0,236.0,72.0,45137.0,45.137,5.228526,5.051288,0.04431,0.110774,0.022155,6.9028,6.9028,0.5773,0.2742,,10,6,424,165,control,,0
18,SonarSource/sonar-php,2025-06,24306,0,2025-11,0,-5,228.0,2.0,5.0,1.0,236.0,72.0,45137.0,45.137,5.228526,5.051288,0.04431,0.110774,0.022155,6.9028,6.9028,0.5773,0.2742,,6,4,424,165,control,,0
18,SonarSource/sonar-php,2025-07,24307,0,2025-11,0,-4,228.0,2.0,5.0,1.0,236.0,72.0,45140.0,45.14,5.228179,5.050953,0.044307,0.110767,0.022153,6.9028,6.9028,0.5773,0.2742,,9,2,424,165,control,,0
18,SonarSource/sonar-php,2025-08,24308,0,2025-11,0,-3,228.0,2.0,5.0,1.0,236.0,72.0,45140.0,45.14,5.228179,5.050953,0.044307,0.110767,0.022153,6.9028,6.9028,0.5773,0.2742,,19,6,424,165,control,,0
18,SonarSource/sonar-php,2025-09,24309,0,2025-11,0,-2,228.0,2.0,5.0,1.0,236.0,72.0,45161.0,45.161,5.225748,5.048604,0.044286,0.110715,0.022143,6.9028,6.9028,0.5773,0.2742,,28,5,424,165,control,,0
18,SonarSource/sonar-php,2025-10,24310,0,2025-11,0,-1,229.0,2.0,4.0,1.0,236.0,72.0,45152.0,45.152,5.22679,5.071758,0.044295,0.08859,0.022147,6.9167,6.9167,0.5772,0.2743,,30,10,424,165,control,,0
18,SonarSource/sonar-php,2025-11,24311,0,2025-11,1,0,229.0,2.0,4.0,1.0,236.0,72.0,45262.0,45.262,5.214087,5.059432,0.044187,0.088374,0.022094,6.9167,6.9167,0.577,0.2745,,22,7,424,165,control,,0
18,SonarSource/sonar-php,2025-12,24312,0,2025-11,1,1,229.0,2.0,5.0,1.0,237.0,73.0,44870.0,44.87,5.281926,5.103633,0.044573,0.111433,0.022287,6.863,6.863,0.5853,0.2685,,11,4,424,165,control,,0
18,SonarSource/sonar-php,2026-01,24313,0,2025-11,1,2,229.0,2.0,5.0,1.0,237.0,73.0,44974.0,44.974,5.269711,5.091831,0.04447,0.111175,0.022235,6.863,6.863,0.5858,0.2679,,7,4,424,165,control,,0
18,SonarSource/sonar-php,2026-02,24314,0,2025-11,1,3,229.0,2.0,5.0,1.0,237.0,73.0,44978.0,44.978,5.269243,5.091378,0.044466,0.111165,0.022233,6.863,6.863,0.5858,0.2679,,17,4,424,165,control,,0
18,SonarSource/sonar-php,2026-03,24315,0,2025-11,1,4,229.0,2.0,5.0,1.0,237.0,73.0,45058.0,45.058,5.259887,5.082338,0.044387,0.110968,0.022194,6.863,6.863,0.5857,0.2681,,8,4,424,165,control,,0
18,SonarSource/sonar-php,2026-04,24316,0,2025-11,1,5,229.0,2.0,5.0,1.0,237.0,73.0,45058.0,45.058,5.259887,5.082338,0.044387,0.110968,0.022194,6.863,6.863,0.5857,0.2681,,0,0,424,165,control,,0
18,SonarSource/sonar-php,2026-05,24317,0,2025-11,1,6,229.0,2.0,5.0,1.0,237.0,73.0,45058.0,45.058,5.259887,5.082338,0.044387,0.110968,0.022194,6.863,6.863,0.5857,0.2681,,0,0,424,165,control,,0
19,eclipse-lyo/lyo,2025-05,24305,1,2025-11,0,-6,16.0,0.0,2.0,0.0,18.0,82.0,38062.0,38.062,0.472913,0.420367,0.0,0.052546,0.0,3.061,3.061,0.7205,0.2483,,10,2,20,93,copilot,commit_pattern,6
19,eclipse-lyo/lyo,2025-06,24306,1,2025-11,0,-5,16.0,0.0,2.0,0.0,18.0,82.0,38062.0,38.062,0.472913,0.420367,0.0,0.052546,0.0,3.061,3.061,0.7205,0.2483,,16,3,20,93,copilot,commit_pattern,6
19,eclipse-lyo/lyo,2025-07,24307,1,2025-11,0,-4,16.0,0.0,2.0,0.0,18.0,82.0,38067.0,38.067,0.472851,0.420312,0.0,0.052539,0.0,3.061,3.061,0.7205,0.2483,,24,3,20,93,copilot,commit_pattern,6
19,eclipse-lyo/lyo,2025-08,24308,1,2025-11,0,-3,16.0,0.0,2.0,0.0,18.0,82.0,38190.0,38.19,0.471328,0.418958,0.0,0.05237,0.0,3.061,3.061,0.7205,0.2482,,7,2,20,93,copilot,commit_pattern,6
19,eclipse-lyo/lyo,2025-09,24309,1,2025-11,0,-2,16.0,0.0,2.0,0.0,18.0,82.0,38190.0,38.19,0.471328,0.418958,0.0,0.05237,0.0,3.061,3.061,0.7205,0.2482,,0,0,20,93,copilot,commit_pattern,6
19,eclipse-lyo/lyo,2025-10,24310,1,2025-11,0,-1,16.0,0.0,2.0,0.0,18.0,82.0,38190.0,38.19,0.471328,0.418958,0.0,0.05237,0.0,3.061,3.061,0.7205,0.2482,,25,3,20,93,copilot,commit_pattern,6
19,eclipse-lyo/lyo,2025-11,24311,1,2025-11,1,0,16.0,0.0,2.0,0.0,18.0,82.0,38240.0,38.24,0.470711,0.41841,0.0,0.052301,0.0,3.061,3.061,0.7205,0.2482,,39,4,20,93,copilot,commit_pattern,6
19,eclipse-lyo/lyo,2025-12,24312,1,2025-11,1,1,16.0,0.0,2.0,0.0,18.0,82.0,38186.0,38.186,0.471377,0.419002,0.0,0.052375,0.0,3.061,3.061,0.7208,0.2479,,19,5,20,93,copilot,commit_pattern,6
19,eclipse-lyo/lyo,2026-01,24313,1,2025-11,1,2,16.0,0.0,4.0,0.0,20.0,82.0,38741.0,38.741,0.516249,0.412999,0.0,0.10325,0.0,3.061,3.061,0.7225,0.2457,,13,4,20,93,copilot,commit_pattern,6
19,eclipse-lyo/lyo,2026-02,24314,1,2025-11,1,3,16.0,0.0,3.0,0.0,19.0,82.0,38772.0,38.772,0.490044,0.412669,0.0,0.077375,0.0,3.061,3.061,0.7219,0.2463,,14,4,20,93,copilot,commit_pattern,6
19,eclipse-lyo/lyo,2026-03,24315,1,2025-11,1,4,17.0,0.0,3.0,0.0,20.0,82.0,39337.0,39.337,0.508427,0.432163,0.0,0.076264,0.0,3.1098,3.1098,0.7201,0.2439,,1,1,20,93,copilot,commit_pattern,6
19,eclipse-lyo/lyo,2026-04,24316,1,2025-11,1,5,17.0,0.0,3.0,0.0,20.0,82.0,39337.0,39.337,0.508427,0.432163,0.0,0.076264,0.0,3.1098,3.1098,0.7201,0.2439,,0,0,20,93,copilot,commit_pattern,6
19,eclipse-lyo/lyo,2026-05,24317,1,2025-11,1,6,17.0,0.0,3.0,0.0,20.0,82.0,39337.0,39.337,0.508427,0.432163,0.0,0.076264,0.0,3.1098,3.1098,0.7201,0.2439,,0,0,20,93,copilot,commit_pattern,6
20,wultra/powerauth-server,2025-05,24305,0,2025-11,0,-6,18.0,1.0,4.0,0.0,23.0,87.0,20686.0,20.686,1.111863,0.870154,0.048342,0.193367,0.0,3.9425,3.9425,0.5506,0.4519,,35,5,20,104,control,,0
20,wultra/powerauth-server,2025-06,24306,0,2025-11,0,-5,18.0,1.0,4.0,0.0,23.0,87.0,20688.0,20.688,1.111756,0.87007,0.048337,0.193349,0.0,3.9425,3.9425,0.5506,0.4519,,28,4,20,104,control,,0
20,wultra/powerauth-server,2025-07,24307,0,2025-11,0,-4,18.0,1.0,4.0,0.0,23.0,87.0,20979.0,20.979,1.096334,0.858001,0.047667,0.190667,0.0,3.954,3.954,0.5511,0.4521,,34,5,20,104,control,,0
20,wultra/powerauth-server,2025-08,24308,0,2025-11,0,-3,23.0,4.0,3.0,0.0,30.0,121.0,26381.0,26.381,1.137182,0.87184,0.151624,0.113718,0.0,4.8843,4.8843,0.5233,0.4822,,31,6,20,104,control,,0
20,wultra/powerauth-server,2025-09,24309,0,2025-11,0,-2,25.0,4.0,5.0,0.0,34.0,124.0,26716.0,26.716,1.272646,0.935769,0.149723,0.187154,0.0,4.8387,4.8387,0.5239,0.4759,,26,2,20,104,control,,0
20,wultra/powerauth-server,2025-10,24310,0,2025-11,0,-1,25.0,3.0,5.0,0.0,33.0,126.0,28460.0,28.46,1.159522,0.878426,0.105411,0.175685,0.0,4.8492,4.8492,0.5265,0.4734,,32,6,20,104,control,,0
20,wultra/powerauth-server,2025-11,24311,0,2025-11,1,0,28.0,3.0,7.0,0.0,38.0,126.0,29227.0,29.227,1.300168,0.958018,0.102645,0.239505,0.0,4.9127,4.9127,0.531,0.469,,35,7,20,104,control,,0
20,wultra/powerauth-server,2025-12,24312,0,2025-11,1,1,27.0,3.0,11.0,0.0,41.0,127.0,29834.0,29.834,1.374271,0.905008,0.100556,0.368707,0.0,4.9528,4.9528,0.5337,0.4654,,28,6,20,104,control,,0
20,wultra/powerauth-server,2026-01,24313,0,2025-11,1,2,27.0,3.0,11.0,0.0,41.0,127.0,30172.0,30.172,1.358876,0.894869,0.09943,0.364576,0.0,5.0079,5.0079,0.5331,0.466,,17,4,20,104,control,,0
20,wultra/powerauth-server,2026-02,24314,0,2025-11,1,3,27.0,3.0,10.0,0.0,40.0,127.0,30385.0,30.385,1.316439,0.888596,0.098733,0.32911,0.0,5.0236,5.0236,0.5333,0.4666,,8,5,20,104,control,,0
20,wultra/powerauth-server,2026-03,24315,0,2025-11,1,4,27.0,3.0,10.0,0.0,40.0,127.0,30502.0,30.502,1.311389,0.885188,0.098354,0.327847,0.0,5.0236,5.0236,0.5333,0.4666,,8,3,20,104,control,,0
20,wultra/powerauth-server,2026-04,24316,0,2025-11,1,5,28.0,3.0,10.0,0.0,41.0,127.0,30605.0,30.605,1.33965,0.914883,0.098023,0.326744,0.0,5.0551,5.0551,0.5327,0.4672,,0,0,20,104,control,,0
20,wultra/powerauth-server,2026-05,24317,0,2025-11,1,6,28.0,3.0,10.0,0.0,41.0,127.0,30605.0,30.605,1.33965,0.914883,0.098023,0.326744,0.0,5.0551,5.0551,0.5327,0.4672,,0,0,20,104,control,,0
21,tcheeric/nostr-java,2025-01,24301,1,2025-07,0,-6,34.0,2.0,7.0,0.0,43.0,47.0,9168.0,9.168,4.690227,3.708551,0.21815,0.763525,0.0,4.3617,4.3617,0.5453,0.335,,38,3,87,39,claude_code,file_add,74
21,tcheeric/nostr-java,2025-02,24302,1,2025-07,0,-5,34.0,2.0,6.0,0.0,42.0,47.0,9345.0,9.345,4.494382,3.638309,0.214018,0.642055,0.0,4.4255,4.4255,0.5288,0.3297,,59,4,87,39,claude_code,file_add,74
21,tcheeric/nostr-java,2025-03,24303,1,2025-07,0,-4,,,,,,,,,,,,,,,,,,,82,2,87,39,claude_code,file_add,74
21,tcheeric/nostr-java,2025-04,24304,1,2025-07,0,-3,39.0,1.0,8.0,0.0,48.0,33.0,9643.0,9.643,4.977704,4.044385,0.103702,0.829617,0.0,4.3333,4.3333,0.4843,0.3953,,26,2,87,39,claude_code,file_add,74
21,tcheeric/nostr-java,2025-05,24305,1,2025-07,0,-2,39.0,1.0,8.0,0.0,48.0,33.0,9643.0,9.643,4.977704,4.044385,0.103702,0.829617,0.0,4.3333,4.3333,0.4843,0.3953,,71,3,87,39,claude_code,file_add,74
21,tcheeric/nostr-java,2025-06,24306,1,2025-07,0,-1,47.0,2.0,6.0,0.0,55.0,33.0,10793.0,10.793,5.095895,4.354674,0.185305,0.555916,0.0,4.7879,4.7879,0.5086,0.3796,,38,1,87,39,claude_code,file_add,74
21,tcheeric/nostr-java,2025-07,24307,1,2025-07,1,0,49.0,2.0,5.0,0.0,56.0,33.0,11215.0,11.215,4.993313,4.369148,0.178333,0.445831,0.0,4.8182,4.8182,0.5081,0.381,,85,4,87,39,claude_code,file_add,74
21,tcheeric/nostr-java,2025-08,24308,1,2025-07,1,1,50.0,2.0,4.0,0.0,56.0,35.0,12061.0,12.061,4.643064,4.145593,0.165824,0.331647,0.0,4.7429,4.7429,0.5005,0.4073,,417,6,87,39,claude_code,file_add,74
21,tcheeric/nostr-java,2025-09,24309,1,2025-07,1,2,49.0,1.0,9.0,0.0,59.0,35.0,12352.0,12.352,4.776554,3.966969,0.080959,0.728627,0.0,4.9714,4.9714,0.4935,0.418,,2,1,87,39,claude_code,file_add,74
21,tcheeric/nostr-java,2025-10,24310,1,2025-07,1,3,49.0,1.0,9.0,0.0,59.0,35.0,12352.0,12.352,4.776554,3.966969,0.080959,0.728627,0.0,4.9714,4.9714,0.4935,0.418,,179,4,87,39,claude_code,file_add,74
21,tcheeric/nostr-java,2025-11,24311,1,2025-07,1,4,65.0,1.0,4.0,0.0,70.0,46.0,17084.0,17.084,4.097401,3.80473,0.058534,0.234137,0.0,5.9348,5.9348,0.4584,0.4489,,3,1,87,39,claude_code,file_add,74
21,tcheeric/nostr-java,2025-12,24312,1,2025-07,1,5,65.0,1.0,4.0,0.0,70.0,46.0,17084.0,17.084,4.097401,3.80473,0.058534,0.234137,0.0,5.9348,5.9348,0.4584,0.4489,,13,3,87,39,claude_code,file_add,74
21,tcheeric/nostr-java,2026-01,24313,1,2025-07,1,6,65.0,1.0,4.0,0.0,70.0,46.0,17144.0,17.144,4.083061,3.791414,0.058329,0.233318,0.0,5.913,5.913,0.4596,0.4477,,35,4,87,39,claude_code,file_add,74
22,ACGaming/UniversalTweaks,2025-01,24301,0,2025-07,0,-6,65.0,3.0,4.0,0.0,72.0,615.0,18363.0,18.363,3.920928,3.539727,0.163372,0.217829,0.0,0.8943,0.8943,0.8623,0.2669,,23,6,169,41,control,,0
22,ACGaming/UniversalTweaks,2025-02,24302,0,2025-07,0,-5,67.0,3.0,4.0,0.0,74.0,624.0,18721.0,18.721,3.95278,3.578869,0.160248,0.213664,0.0,0.899,0.899,0.8617,0.2688,,20,3,169,41,control,,0
22,ACGaming/UniversalTweaks,2025-03,24303,0,2025-07,0,-4,69.0,3.0,5.0,0.0,77.0,623.0,18970.0,18.97,4.059041,3.637322,0.158144,0.263574,0.0,0.9053,0.9053,0.8596,0.2688,,32,4,169,41,control,,0
22,ACGaming/UniversalTweaks,2025-04,24304,0,2025-07,0,-3,69.0,3.0,5.0,0.0,77.0,638.0,19554.0,19.554,3.937813,3.52869,0.153421,0.255702,0.0,0.9013,0.9013,0.8533,0.2738,,51,6,169,41,control,,0
22,ACGaming/UniversalTweaks,2025-05,24305,0,2025-07,0,-2,75.0,3.0,3.0,0.0,81.0,652.0,19700.0,19.7,4.111675,3.807107,0.152284,0.152284,0.0,0.8957,0.8957,0.849,0.2755,,5,2,169,41,control,,0
22,ACGaming/UniversalTweaks,2025-06,24306,0,2025-07,0,-1,75.0,3.0,3.0,0.0,81.0,652.0,19702.0,19.702,4.111258,3.80672,0.152269,0.152269,0.0,0.8957,0.8957,0.849,0.2755,,9,3,169,41,control,,0
22,ACGaming/UniversalTweaks,2025-07,24307,0,2025-07,1,0,75.0,3.0,3.0,0.0,81.0,658.0,19782.0,19.782,4.094631,3.791325,0.151653,0.151653,0.0,0.8891,0.8891,0.8474,0.2775,,14,5,169,41,control,,0
22,ACGaming/UniversalTweaks,2025-08,24308,0,2025-07,1,1,75.0,3.0,2.0,0.0,80.0,659.0,19543.0,19.543,4.093537,3.837691,0.153508,0.102338,0.0,0.8847,0.8847,0.8479,0.2787,,14,3,169,41,control,,0
22,ACGaming/UniversalTweaks,2025-09,24309,0,2025-07,1,2,79.0,3.0,2.0,0.0,84.0,664.0,19942.0,19.942,4.212215,3.961488,0.150436,0.100291,0.0,0.9352,0.9352,0.8284,0.2988,,4,3,169,41,control,,0
22,ACGaming/UniversalTweaks,2025-10,24310,0,2025-07,1,3,79.0,3.0,2.0,0.0,84.0,666.0,19984.0,19.984,4.203363,3.953163,0.15012,0.10008,0.0,0.9354,0.9354,0.8285,0.2992,,82,8,169,41,control,,0
22,ACGaming/UniversalTweaks,2025-11,24311,0,2025-07,1,4,79.0,3.0,2.0,0.0,84.0,706.0,20949.0,20.949,4.009738,3.771063,0.143205,0.09547,0.0,0.9108,0.9108,0.8171,0.297,,19,3,169,41,control,,0
22,ACGaming/UniversalTweaks,2025-12,24312,0,2025-07,1,5,79.0,3.0,2.0,0.0,84.0,709.0,21232.0,21.232,3.956292,3.720799,0.141296,0.094197,0.0,0.9097,0.9097,0.8165,0.3004,,68,4,169,41,control,,0
22,ACGaming/UniversalTweaks,2026-01,24313,0,2025-07,1,6,79.0,3.0,2.0,0.0,84.0,766.0,22417.0,22.417,3.747156,3.524111,0.133827,0.089218,0.0,0.876,0.876,0.7953,0.285,,21,4,169,41,control,,0
23,ctrl-space-labs/gendox-core,2025-02,24302,1,2025-08,0,-6,43.0,1.0,6.0,0.0,50.0,78.0,16102.0,16.102,3.105204,2.670476,0.062104,0.372625,0.0,3.4872,3.4872,0.5883,0.3845,,4,1,10,32,claude_code,file_add,1
23,ctrl-space-labs/gendox-core,2025-03,24303,1,2025-08,0,-5,43.0,1.0,6.0,0.0,50.0,78.0,16102.0,16.102,3.105204,2.670476,0.062104,0.372625,0.0,3.4872,3.4872,0.5883,0.3845,,78,3,10,32,claude_code,file_add,1
23,ctrl-space-labs/gendox-core,2025-04,24304,1,2025-08,0,-4,44.0,1.0,7.0,0.0,52.0,78.0,16653.0,16.653,3.12256,2.642167,0.060049,0.420345,0.0,3.5,3.5,0.5888,0.3838,,26,3,10,32,claude_code,file_add,1
23,ctrl-space-labs/gendox-core,2025-05,24305,1,2025-08,0,-3,44.0,1.0,7.0,0.0,52.0,78.0,16735.0,16.735,3.10726,2.62922,0.059755,0.418285,0.0,3.4872,3.4872,0.5886,0.384,,35,3,10,32,claude_code,file_add,1
23,ctrl-space-labs/gendox-core,2025-06,24306,1,2025-08,0,-2,46.0,1.0,3.0,0.0,50.0,99.0,17807.0,17.807,2.807885,2.583254,0.056158,0.168473,0.0,3.2222,3.2222,0.61,0.3692,,25,3,10,32,claude_code,file_add,1
23,ctrl-space-labs/gendox-core,2025-07,24307,1,2025-08,0,-1,48.0,1.0,3.0,0.0,52.0,99.0,18116.0,18.116,2.870391,2.649592,0.0552,0.165599,0.0,3.2929,3.2929,0.6106,0.3694,,87,2,10,32,claude_code,file_add,1
23,ctrl-space-labs/gendox-core,2025-08,24308,1,2025-08,1,0,48.0,1.0,3.0,0.0,52.0,99.0,18116.0,18.116,2.870391,2.649592,0.0552,0.165599,0.0,3.2929,3.2929,0.6106,0.3694,,24,3,10,32,claude_code,file_add,1
23,ctrl-space-labs/gendox-core,2025-09,24309,1,2025-08,1,1,48.0,1.0,2.0,0.0,51.0,112.0,21464.0,21.464,2.376072,2.236303,0.04659,0.093179,0.0,3.4464,3.4464,0.6136,0.3718,,7,2,10,32,claude_code,file_add,1
23,ctrl-space-labs/gendox-core,2025-10,24310,1,2025-08,1,2,48.0,1.0,2.0,0.0,51.0,112.0,21466.0,21.466,2.37585,2.236094,0.046585,0.093171,0.0,3.4464,3.4464,0.6136,0.3718,,29,2,10,32,claude_code,file_add,1
23,ctrl-space-labs/gendox-core,2025-11,24311,1,2025-08,1,3,48.0,1.0,2.0,0.0,51.0,112.0,21466.0,21.466,2.37585,2.236094,0.046585,0.093171,0.0,3.4464,3.4464,0.6136,0.3718,,48,2,10,32,claude_code,file_add,1
23,ctrl-space-labs/gendox-core,2025-12,24312,1,2025-08,1,4,48.0,1.0,2.0,0.0,51.0,112.0,21466.0,21.466,2.37585,2.236094,0.046585,0.093171,0.0,3.4464,3.4464,0.6136,0.3718,,91,3,10,32,claude_code,file_add,1
23,ctrl-space-labs/gendox-core,2026-01,24313,1,2025-08,1,5,53.0,1.0,4.0,0.0,58.0,116.0,23276.0,23.276,2.491837,2.277024,0.042963,0.171851,0.0,3.4655,3.4655,0.6193,0.3622,,49,3,10,32,claude_code,file_add,1
23,ctrl-space-labs/gendox-core,2026-02,24314,1,2025-08,1,6,53.0,1.0,4.0,0.0,58.0,119.0,23896.0,23.896,2.427184,2.217944,0.041848,0.167392,0.0,3.479,3.479,0.6079,0.3739,,0,0,10,32,claude_code,file_add,1
24,yellowstonegames/SquidSquad,2025-02,24302,0,2025-08,0,-6,30.0,0.0,5.0,3.0,38.0,55.0,98913.0,98.913,0.384176,0.303297,0.0,0.050549,0.03033,1.7455,1.7455,0.7089,0.2289,,38,1,49,64,control,,0
24,yellowstonegames/SquidSquad,2025-03,24303,0,2025-08,0,-5,30.0,0.0,8.0,3.0,41.0,61.0,101302.0,101.302,0.40473,0.296144,0.0,0.078972,0.029614,1.7049,1.7049,0.7035,0.2282,,22,1,49,64,control,,0
24,yellowstonegames/SquidSquad,2025-04,24304,0,2025-08,0,-4,30.0,0.0,8.0,3.0,41.0,61.0,101019.0,101.019,0.405864,0.296974,0.0,0.079193,0.029697,1.6885,1.6885,0.7035,0.2282,,34,1,49,64,control,,0
24,yellowstonegames/SquidSquad,2025-05,24305,0,2025-08,0,-3,30.0,0.0,5.0,3.0,38.0,61.0,102658.0,102.658,0.370161,0.292232,0.0,0.048705,0.029223,1.6885,1.6885,0.7003,0.2315,,32,1,49,64,control,,0
24,yellowstonegames/SquidSquad,2025-06,24306,0,2025-08,0,-2,30.0,0.0,4.0,3.0,37.0,61.0,104077.0,104.077,0.355506,0.288248,0.0,0.038433,0.028825,1.7049,1.7049,0.6979,0.2339,,18,1,49,64,control,,0
24,yellowstonegames/SquidSquad,2025-07,24307,0,2025-08,0,-1,30.0,0.0,22.0,3.0,55.0,61.0,104412.0,104.412,0.526759,0.287323,0.0,0.210704,0.028732,1.8033,1.8033,0.697,0.2348,,19,1,49,64,control,,0
24,yellowstonegames/SquidSquad,2025-08,24308,0,2025-08,1,0,30.0,0.0,22.0,3.0,55.0,62.0,105233.0,105.233,0.52265,0.285082,0.0,0.20906,0.028508,1.8226,1.8226,0.6957,0.2373,,19,1,49,64,control,,0
24,yellowstonegames/SquidSquad,2025-09,24309,0,2025-08,1,1,30.0,0.0,22.0,3.0,55.0,62.0,105420.0,105.42,0.521723,0.284576,0.0,0.208689,0.028458,1.8226,1.8226,0.6957,0.2372,,15,1,49,64,control,,0
24,yellowstonegames/SquidSquad,2025-10,24310,0,2025-08,1,2,30.0,0.0,3.0,3.0,36.0,62.0,106147.0,106.147,0.339152,0.282627,0.0,0.028263,0.028263,1.8226,1.8226,0.6952,0.2379,,34,1,49,64,control,,0
24,yellowstonegames/SquidSquad,2025-11,24311,0,2025-08,1,3,30.0,0.0,3.0,3.0,36.0,65.0,106117.0,106.117,0.339248,0.282707,0.0,0.028271,0.028271,1.7385,1.7385,0.7092,0.2269,,82,1,49,64,control,,0
24,yellowstonegames/SquidSquad,2025-12,24312,0,2025-08,1,4,30.0,0.0,3.0,3.0,36.0,67.0,107508.0,107.508,0.334859,0.279049,0.0,0.027905,0.027905,1.6866,1.6866,0.7179,0.2202,,22,1,49,64,control,,0
24,yellowstonegames/SquidSquad,2026-01,24313,0,2025-08,1,5,30.0,0.0,3.0,3.0,36.0,67.0,107633.0,107.633,0.33447,0.278725,0.0,0.027872,0.027872,1.6716,1.6716,0.7179,0.2202,,27,1,49,64,control,,0
24,yellowstonegames/SquidSquad,2026-02,24314,0,2025-08,1,6,30.0,0.0,3.0,3.0,36.0,67.0,107711.0,107.711,0.334228,0.278523,0.0,0.027852,0.027852,1.6716,1.6716,0.7179,0.2202,,43,1,49,64,control,,0
25,lilishop/lilishop,2024-12,24300,1,2025-06,0,-6,132.0,9.0,14.0,0.0,155.0,393.0,53013.0,53.013,2.923811,2.489955,0.16977,0.264086,0.0,6.8855,6.8855,0.5555,0.4046,,10,4,4121,58,cursor,file_add,1
25,lilishop/lilishop,2025-01,24301,1,2025-06,0,-5,132.0,9.0,14.0,0.0,155.0,393.0,53029.0,53.029,2.922929,2.489204,0.169718,0.264006,0.0,6.8855,6.8855,0.5555,0.4046,,4,2,4121,58,cursor,file_add,1
25,lilishop/lilishop,2025-02,24302,1,2025-06,0,-4,132.0,9.0,4.0,0.0,145.0,393.0,52809.0,52.809,2.745744,2.499574,0.170425,0.075745,0.0,6.8804,6.8804,0.5556,0.4045,,4,3,4121,58,cursor,file_add,1
25,lilishop/lilishop,2025-03,24303,1,2025-06,0,-3,132.0,9.0,4.0,0.0,145.0,393.0,52837.0,52.837,2.744289,2.498249,0.170335,0.075705,0.0,6.8804,6.8804,0.5556,0.4045,,2,1,4121,58,cursor,file_add,1
25,lilishop/lilishop,2025-04,24304,1,2025-06,0,-2,132.0,9.0,4.0,0.0,145.0,393.0,52864.0,52.864,2.742887,2.496973,0.170248,0.075666,0.0,6.8804,6.8804,0.5556,0.4045,,2,1,4121,58,cursor,file_add,1
25,lilishop/lilishop,2025-05,24305,1,2025-06,0,-1,132.0,9.0,4.0,0.0,145.0,393.0,52865.0,52.865,2.742836,2.496926,0.170245,0.075664,0.0,6.8779,6.8779,0.5556,0.4045,,4,1,4121,58,cursor,file_add,1
25,lilishop/lilishop,2025-06,24306,1,2025-06,1,0,132.0,9.0,4.0,0.0,145.0,393.0,52865.0,52.865,2.742836,2.496926,0.170245,0.075664,0.0,6.8779,6.8779,0.5556,0.4045,,6,3,4121,58,cursor,file_add,1
25,lilishop/lilishop,2025-07,24307,1,2025-06,1,1,132.0,9.0,4.0,0.0,145.0,393.0,52865.0,52.865,2.742836,2.496926,0.170245,0.075664,0.0,6.8779,6.8779,0.5556,0.4045,,0,0,4121,58,cursor,file_add,1
25,lilishop/lilishop,2025-08,24308,1,2025-06,1,2,132.0,9.0,4.0,0.0,145.0,393.0,52865.0,52.865,2.742836,2.496926,0.170245,0.075664,0.0,6.8779,6.8779,0.5556,0.4045,,7,1,4121,58,cursor,file_add,1
25,lilishop/lilishop,2025-09,24309,1,2025-06,1,3,132.0,9.0,4.0,0.0,145.0,393.0,52865.0,52.865,2.742836,2.496926,0.170245,0.075664,0.0,6.8779,6.8779,0.5556,0.4045,,6,3,4121,58,cursor,file_add,1
25,lilishop/lilishop,2025-10,24310,1,2025-06,1,4,132.0,9.0,4.0,0.0,145.0,393.0,52865.0,52.865,2.742836,2.496926,0.170245,0.075664,0.0,6.8779,6.8779,0.5556,0.4045,,12,3,4121,58,cursor,file_add,1
25,lilishop/lilishop,2025-11,24311,1,2025-06,1,5,134.0,9.0,4.0,0.0,147.0,393.0,53575.0,53.575,2.743817,2.501167,0.167989,0.074662,0.0,6.9186,6.9186,0.5556,0.4046,,0,0,4121,58,cursor,file_add,1
25,lilishop/lilishop,2025-12,24312,1,2025-06,1,6,134.0,9.0,4.0,0.0,147.0,393.0,53575.0,53.575,2.743817,2.501167,0.167989,0.074662,0.0,6.9186,6.9186,0.5556,0.4046,,0,0,4121,58,cursor,file_add,1
26,cinit/QAuxiliary,2024-12,24300,0,2025-06,0,-6,204.0,5.0,2.0,0.0,211.0,120.0,25795.0,25.795,8.17988,7.908509,0.193836,0.077534,0.0,4.3167,4.3167,0.6733,0.2808,,31,5,5460,50,control,,0
26,cinit/QAuxiliary,2025-01,24301,0,2025-06,0,-5,205.0,5.0,2.0,0.0,212.0,120.0,25815.0,25.815,8.21228,7.94112,0.193686,0.077474,0.0,4.325,4.325,0.6736,0.2805,,28,8,5460,50,control,,0
26,cinit/QAuxiliary,2025-02,24302,0,2025-06,0,-4,205.0,5.0,2.0,0.0,212.0,120.0,25887.0,25.887,8.189439,7.919033,0.193147,0.077259,0.0,4.325,4.325,0.6735,0.2805,,24,6,5460,50,control,,0
26,cinit/QAuxiliary,2025-03,24303,0,2025-06,0,-3,206.0,5.0,2.0,0.0,213.0,122.0,25969.0,25.969,8.202087,7.932535,0.192537,0.077015,0.0,4.2869,4.2869,0.6715,0.2833,,30,6,5460,50,control,,0
26,cinit/QAuxiliary,2025-04,24304,0,2025-06,0,-2,211.0,5.0,6.0,0.0,222.0,126.0,26257.0,26.257,8.454888,8.035952,0.190425,0.22851,0.0,4.3254,4.3254,0.6851,0.2711,,20,6,5460,50,control,,0
26,cinit/QAuxiliary,2025-05,24305,0,2025-06,0,-1,211.0,5.0,6.0,0.0,222.0,126.0,26274.0,26.274,8.449418,8.030753,0.190302,0.228363,0.0,4.3254,4.3254,0.6852,0.271,,26,9,5460,50,control,,0
26,cinit/QAuxiliary,2025-06,24306,0,2025-06,1,0,213.0,5.0,6.0,0.0,224.0,128.0,26329.0,26.329,8.507729,8.089939,0.189905,0.227886,0.0,4.3125,4.3125,0.6885,0.2684,,12,3,5460,50,control,,0
26,cinit/QAuxiliary,2025-07,24307,0,2025-06,1,1,213.0,5.0,6.0,0.0,224.0,128.0,26357.0,26.357,8.498691,8.081345,0.189703,0.227644,0.0,4.3125,4.3125,0.6885,0.2684,,1,1,5460,50,control,,0
26,cinit/QAuxiliary,2025-08,24308,0,2025-06,1,2,213.0,5.0,6.0,0.0,224.0,128.0,26357.0,26.357,8.498691,8.081345,0.189703,0.227644,0.0,4.3125,4.3125,0.6885,0.2684,,18,5,5460,50,control,,0
26,cinit/QAuxiliary,2025-09,24309,0,2025-06,1,3,213.0,5.0,6.0,0.0,224.0,128.0,26347.0,26.347,8.501917,8.084412,0.189775,0.22773,0.0,4.3203,4.3203,0.6884,0.2685,,36,4,5460,50,control,,0
26,cinit/QAuxiliary,2025-10,24310,0,2025-06,1,4,214.0,5.0,6.0,0.0,225.0,128.0,26328.0,26.328,8.546035,8.128229,0.189912,0.227894,0.0,4.3281,4.3281,0.6886,0.2684,,49,6,5460,50,control,,0
26,cinit/QAuxiliary,2025-11,24311,0,2025-06,1,5,214.0,5.0,6.0,0.0,225.0,128.0,26335.0,26.335,8.543763,8.126068,0.189861,0.227834,0.0,4.3281,4.3281,0.6886,0.2683,,39,8,5460,50,control,,0
26,cinit/QAuxiliary,2025-12,24312,0,2025-06,1,6,214.0,5.0,6.0,0.0,225.0,128.0,26362.0,26.362,8.535013,8.117745,0.189667,0.2276,0.0,4.3281,4.3281,0.6886,0.2683,,31,7,5460,50,control,,0
27,xerial/snappy-java,2025-01,24301,1,2025-07,0,-6,2.0,0.0,1.0,0.0,3.0,5.0,3955.0,3.955,0.758534,0.505689,0.0,0.252845,0.0,0.4,0.4,0.6,0.2731,,2,1,1081,162,claude_code,file_add,15
27,xerial/snappy-java,2025-02,24302,1,2025-07,0,-5,2.0,0.0,1.0,0.0,3.0,5.0,3955.0,3.955,0.758534,0.505689,0.0,0.252845,0.0,0.4,0.4,0.6,0.2731,,8,6,1081,162,claude_code,file_add,15
27,xerial/snappy-java,2025-03,24303,1,2025-07,0,-4,2.0,0.0,1.0,0.0,3.0,5.0,3957.0,3.957,0.75815,0.505433,0.0,0.252717,0.0,0.4,0.4,0.6,0.2731,,0,0,1081,162,claude_code,file_add,15
27,xerial/snappy-java,2025-04,24304,1,2025-07,0,-3,2.0,0.0,1.0,0.0,3.0,5.0,3957.0,3.957,0.75815,0.505433,0.0,0.252717,0.0,0.4,0.4,0.6,0.2731,,0,0,1081,162,claude_code,file_add,15
27,xerial/snappy-java,2025-05,24305,1,2025-07,0,-2,2.0,0.0,1.0,0.0,3.0,5.0,3957.0,3.957,0.75815,0.505433,0.0,0.252717,0.0,0.4,0.4,0.6,0.2731,,1,1,1081,162,claude_code,file_add,15
27,xerial/snappy-java,2025-06,24306,1,2025-07,0,-1,2.0,0.0,1.0,0.0,3.0,5.0,3957.0,3.957,0.75815,0.505433,0.0,0.252717,0.0,0.4,0.4,0.6,0.2731,,0,0,1081,162,claude_code,file_add,15
27,xerial/snappy-java,2025-07,24307,1,2025-07,1,0,2.0,0.0,1.0,0.0,3.0,5.0,3957.0,3.957,0.75815,0.505433,0.0,0.252717,0.0,0.4,0.4,0.6,0.2731,,24,7,1081,162,claude_code,file_add,15
27,xerial/snappy-java,2025-08,24308,1,2025-07,1,1,2.0,0.0,1.0,0.0,3.0,5.0,3961.0,3.961,0.757384,0.504923,0.0,0.252461,0.0,0.4,0.4,0.6,0.2731,,3,2,1081,162,claude_code,file_add,15
27,xerial/snappy-java,2025-09,24309,1,2025-07,1,2,2.0,0.0,1.0,0.0,3.0,5.0,3961.0,3.961,0.757384,0.504923,0.0,0.252461,0.0,0.4,0.4,0.6,0.2731,,3,2,1081,162,claude_code,file_add,15
27,xerial/snappy-java,2025-10,24310,1,2025-07,1,3,2.0,0.0,1.0,0.0,3.0,5.0,3961.0,3.961,0.757384,0.504923,0.0,0.252461,0.0,0.4,0.4,0.6,0.2731,,0,0,1081,162,claude_code,file_add,15
27,xerial/snappy-java,2025-11,24311,1,2025-07,1,4,2.0,0.0,1.0,0.0,3.0,5.0,3961.0,3.961,0.757384,0.504923,0.0,0.252461,0.0,0.4,0.4,0.6,0.2731,,8,3,1081,162,claude_code,file_add,15
27,xerial/snappy-java,2025-12,24312,1,2025-07,1,5,2.0,0.0,1.0,0.0,3.0,5.0,3961.0,3.961,0.757384,0.504923,0.0,0.252461,0.0,0.4,0.4,0.6,0.2731,,0,0,1081,162,claude_code,file_add,15
27,xerial/snappy-java,2026-01,24313,1,2025-07,1,6,2.0,0.0,1.0,0.0,3.0,5.0,3961.0,3.961,0.757384,0.504923,0.0,0.252461,0.0,0.4,0.4,0.6,0.2731,,5,2,1081,162,claude_code,file_add,15
28,lukas-krecan/JsonUnit,2025-01,24301,0,2025-07,0,-6,8.0,0.0,7.0,0.0,15.0,34.0,7355.0,7.355,2.039429,1.087695,0.0,0.951734,0.0,2.0,2.0,0.6491,0.2421,,13,1,984,170,control,,0
28,lukas-krecan/JsonUnit,2025-02,24302,0,2025-07,0,-5,8.0,0.0,7.0,0.0,15.0,34.0,7355.0,7.355,2.039429,1.087695,0.0,0.951734,0.0,2.0,2.0,0.6491,0.2421,,6,1,984,170,control,,0
28,lukas-krecan/JsonUnit,2025-03,24303,0,2025-07,0,-4,8.0,0.0,7.0,0.0,15.0,34.0,7355.0,7.355,2.039429,1.087695,0.0,0.951734,0.0,2.0,2.0,0.6491,0.2421,,12,2,984,170,control,,0
28,lukas-krecan/JsonUnit,2025-04,24304,0,2025-07,0,-3,8.0,0.0,7.0,0.0,15.0,34.0,7357.0,7.357,2.038875,1.0874,0.0,0.951475,0.0,2.0,2.0,0.6491,0.2421,,6,1,984,170,control,,0
28,lukas-krecan/JsonUnit,2025-05,24305,0,2025-07,0,-2,8.0,0.0,7.0,0.0,15.0,34.0,7357.0,7.357,2.038875,1.0874,0.0,0.951475,0.0,2.0,2.0,0.6491,0.2421,,17,2,984,170,control,,0
28,lukas-krecan/JsonUnit,2025-06,24306,0,2025-07,0,-1,8.0,0.0,7.0,0.0,15.0,34.0,7357.0,7.357,2.038875,1.0874,0.0,0.951475,0.0,2.0,2.0,0.6491,0.2421,,8,2,984,170,control,,0
28,lukas-krecan/JsonUnit,2025-07,24307,0,2025-07,1,0,8.0,0.0,7.0,0.0,15.0,34.0,7357.0,7.357,2.038875,1.0874,0.0,0.951475,0.0,2.0,2.0,0.6491,0.2421,,9,1,984,170,control,,0
28,lukas-krecan/JsonUnit,2025-08,24308,0,2025-07,1,1,8.0,0.0,7.0,0.0,15.0,34.0,7357.0,7.357,2.038875,1.0874,0.0,0.951475,0.0,2.0,2.0,0.6491,0.2421,,11,2,984,170,control,,0
28,lukas-krecan/JsonUnit,2025-09,24309,0,2025-07,1,2,8.0,0.0,7.0,0.0,15.0,34.0,7357.0,7.357,2.038875,1.0874,0.0,0.951475,0.0,2.0,2.0,0.6491,0.2421,,20,2,984,170,control,,0
28,lukas-krecan/JsonUnit,2025-10,24310,0,2025-07,1,3,8.0,0.0,7.0,0.0,15.0,34.0,7357.0,7.357,2.038875,1.0874,0.0,0.951475,0.0,2.0,2.0,0.6491,0.2421,,30,3,984,170,control,,0
28,lukas-krecan/JsonUnit,2025-11,24311,0,2025-07,1,4,8.0,0.0,3.0,0.0,11.0,35.0,7016.0,7.016,1.567845,1.140251,0.0,0.427594,0.0,1.7143,1.7143,0.6722,0.2264,,21,2,984,170,control,,0
28,lukas-krecan/JsonUnit,2025-12,24312,0,2025-07,1,5,8.0,0.0,3.0,0.0,11.0,35.0,7013.0,7.013,1.568516,1.140739,0.0,0.427777,0.0,1.7143,1.7143,0.6722,0.2264,,17,1,984,170,control,,0
28,lukas-krecan/JsonUnit,2026-01,24313,0,2025-07,1,6,8.0,0.0,3.0,0.0,11.0,35.0,7013.0,7.013,1.568516,1.140739,0.0,0.427777,0.0,1.7143,1.7143,0.6722,0.2264,,16,1,984,170,control,,0
29,JWebMP/Core,2025-06,24306,1,2025-12,0,-6,,,,,,,,,,,,,,,,,,,1,1,5,112,copilot,file_add,1
29,JWebMP/Core,2025-07,24307,1,2025-12,0,-5,,,,,,,,,,,,,,,,,,,0,0,5,112,copilot,file_add,1
29,JWebMP/Core,2025-08,24308,1,2025-12,0,-4,,,,,,,,,,,,,,,,,,,2,1,5,112,copilot,file_add,1
29,JWebMP/Core,2025-09,24309,1,2025-12,0,-3,,,,,,,,,,,,,,,,,,,1,1,5,112,copilot,file_add,1
29,JWebMP/Core,2025-10,24310,1,2025-12,0,-2,,,,,,,,,,,,,,,,,,,1,1,5,112,copilot,file_add,1
29,JWebMP/Core,2025-11,24311,1,2025-12,0,-1,,,,,,,,,,,,,,,,,,,2,1,5,112,copilot,file_add,1
29,JWebMP/Core,2025-12,24312,1,2025-12,1,0,,,,,,,,,,,,,,,,,,,6,1,5,112,copilot,file_add,1
29,JWebMP/Core,2026-01,24313,1,2025-12,1,1,,,,,,,,,,,,,,,,,,,1,1,5,112,copilot,file_add,1
29,JWebMP/Core,2026-02,24314,1,2025-12,1,2,,,,,,,,,,,,,,,,,,,0,0,5,112,copilot,file_add,1
29,JWebMP/Core,2026-03,24315,1,2025-12,1,3,,,,,,,,,,,,,,,,,,,4,1,5,112,copilot,file_add,1
29,JWebMP/Core,2026-04,24316,1,2025-12,1,4,,,,,,,,,,,,,,,,,,,0,0,5,112,copilot,file_add,1
29,JWebMP/Core,2026-05,24317,1,2025-12,1,5,,,,,,,,,,,,,,,,,,,0,0,5,112,copilot,file_add,1
29,JWebMP/Core,2026-06,24318,1,2025-12,1,6,,,,,,,,,,,,,,,,,,,0,0,5,112,copilot,file_add,1
30,guardtime/ksi-java-sdk,2025-06,24306,0,2025-12,0,-6,30.0,1.0,2.0,0.0,33.0,31.0,14721.0,14.721,2.241696,2.037905,0.06793,0.13586,0.0,6.7097,6.7097,0.5075,0.3389,,0,0,19,126,control,,0
30,guardtime/ksi-java-sdk,2025-07,24307,0,2025-12,0,-5,30.0,1.0,2.0,0.0,33.0,31.0,14721.0,14.721,2.241696,2.037905,0.06793,0.13586,0.0,6.7097,6.7097,0.5075,0.3389,,0,0,19,126,control,,0
30,guardtime/ksi-java-sdk,2025-08,24308,0,2025-12,0,-4,30.0,1.0,2.0,0.0,33.0,31.0,14721.0,14.721,2.241696,2.037905,0.06793,0.13586,0.0,6.7097,6.7097,0.5075,0.3389,,0,0,19,126,control,,0
30,guardtime/ksi-java-sdk,2025-09,24309,0,2025-12,0,-3,30.0,1.0,2.0,0.0,33.0,31.0,14721.0,14.721,2.241696,2.037905,0.06793,0.13586,0.0,6.7097,6.7097,0.5075,0.3389,,0,0,19,126,control,,0
30,guardtime/ksi-java-sdk,2025-10,24310,0,2025-12,0,-2,30.0,1.0,2.0,0.0,33.0,31.0,14721.0,14.721,2.241696,2.037905,0.06793,0.13586,0.0,6.7097,6.7097,0.5075,0.3389,,0,0,19,126,control,,0
30,guardtime/ksi-java-sdk,2025-11,24311,0,2025-12,0,-1,30.0,1.0,2.0,0.0,33.0,31.0,14721.0,14.721,2.241696,2.037905,0.06793,0.13586,0.0,6.7097,6.7097,0.5075,0.3389,,0,0,19,126,control,,0
30,guardtime/ksi-java-sdk,2025-12,24312,0,2025-12,1,0,30.0,1.0,2.0,0.0,33.0,31.0,14721.0,14.721,2.241696,2.037905,0.06793,0.13586,0.0,6.7097,6.7097,0.5075,0.3389,,0,0,19,126,control,,0
30,guardtime/ksi-java-sdk,2026-01,24313,0,2025-12,1,1,30.0,1.0,2.0,0.0,33.0,31.0,14721.0,14.721,2.241696,2.037905,0.06793,0.13586,0.0,6.7097,6.7097,0.5075,0.3389,,0,0,19,126,control,,0
30,guardtime/ksi-java-sdk,2026-02,24314,0,2025-12,1,2,30.0,1.0,2.0,0.0,33.0,31.0,14721.0,14.721,2.241696,2.037905,0.06793,0.13586,0.0,6.7097,6.7097,0.5075,0.3389,,0,0,19,126,control,,0
30,guardtime/ksi-java-sdk,2026-03,24315,0,2025-12,1,3,30.0,1.0,2.0,0.0,33.0,31.0,14721.0,14.721,2.241696,2.037905,0.06793,0.13586,0.0,6.7097,6.7097,0.5075,0.3389,,0,0,19,126,control,,0
30,guardtime/ksi-java-sdk,2026-04,24316,0,2025-12,1,4,30.0,1.0,2.0,0.0,33.0,31.0,14721.0,14.721,2.241696,2.037905,0.06793,0.13586,0.0,6.7097,6.7097,0.5075,0.3389,,0,0,19,126,control,,0
30,guardtime/ksi-java-sdk,2026-05,24317,0,2025-12,1,5,30.0,1.0,2.0,0.0,33.0,31.0,14721.0,14.721,2.241696,2.037905,0.06793,0.13586,0.0,6.7097,6.7097,0.5075,0.3389,,0,0,19,126,control,,0
30,guardtime/ksi-java-sdk,2026-06,24318,0,2025-12,1,6,30.0,1.0,2.0,0.0,33.0,31.0,14721.0,14.721,2.241696,2.037905,0.06793,0.13586,0.0,6.7097,6.7097,0.5075,0.3389,,0,0,19,126,control,,0
31,AxonFramework/AxonFramework,2024-09,24297,1,2025-03,0,-6,,,,,,,,,,,,,,,,,,,105,6,3558,171,claude_code,commit_pattern,3
31,AxonFramework/AxonFramework,2024-10,24298,1,2025-03,0,-5,,,,,,,,,,,,,,,,,,,221,12,3558,171,claude_code,commit_pattern,3
31,AxonFramework/AxonFramework,2024-11,24299,1,2025-03,0,-4,,,,,,,,,,,,,,,,,,,190,10,3558,171,claude_code,commit_pattern,3
31,AxonFramework/AxonFramework,2024-12,24300,1,2025-03,0,-3,,,,,,,,,,,,,,,,,,,110,8,3558,171,claude_code,commit_pattern,3
31,AxonFramework/AxonFramework,2025-01,24301,1,2025-03,0,-2,,,,,,,,,,,,,,,,,,,137,5,3558,171,claude_code,commit_pattern,3
31,AxonFramework/AxonFramework,2025-02,24302,1,2025-03,0,-1,,,,,,,,,,,,,,,,,,,278,8,3558,171,claude_code,commit_pattern,3
31,AxonFramework/AxonFramework,2025-03,24303,1,2025-03,1,0,,,,,,,,,,,,,,,,,,,222,8,3558,171,claude_code,commit_pattern,3
31,AxonFramework/AxonFramework,2025-04,24304,1,2025-03,1,1,,,,,,,,,,,,,,,,,,,335,8,3558,171,claude_code,commit_pattern,3
31,AxonFramework/AxonFramework,2025-05,24305,1,2025-03,1,2,,,,,,,,,,,,,,,,,,,303,6,3558,171,claude_code,commit_pattern,3
31,AxonFramework/AxonFramework,2025-06,24306,1,2025-03,1,3,,,,,,,,,,,,,,,,,,,453,6,3558,171,claude_code,commit_pattern,3
31,AxonFramework/AxonFramework,2025-07,24307,1,2025-03,1,4,,,,,,,,,,,,,,,,,,,324,7,3558,171,claude_code,commit_pattern,3
31,AxonFramework/AxonFramework,2025-08,24308,1,2025-03,1,5,,,,,,,,,,,,,,,,,,,462,9,3558,171,claude_code,commit_pattern,3
31,AxonFramework/AxonFramework,2025-09,24309,1,2025-03,1,6,,,,,,,,,,,,,,,,,,,582,10,3558,171,claude_code,commit_pattern,3
32,spring-projects/spring-integration,2024-09,24297,0,2025-03,0,-6,215.0,7.0,14.0,1.0,237.0,390.0,196841.0,196.841,1.204017,1.092252,0.035562,0.071123,0.00508,7.2872,7.2872,0.6428,0.2651,,50,8,1620,176,control,,0
32,spring-projects/spring-integration,2024-10,24298,0,2025-03,0,-5,216.0,7.0,14.0,0.0,237.0,391.0,197116.0,197.116,1.202338,1.095801,0.035512,0.071024,0.0,7.289,7.289,0.6428,0.2653,,68,9,1620,176,control,,0
32,spring-projects/spring-integration,2024-11,24299,0,2025-03,0,-4,216.0,7.0,23.0,0.0,246.0,391.0,197220.0,197.22,1.247338,1.095224,0.035493,0.116621,0.0,7.2916,7.2916,0.6448,0.2635,,33,4,1620,176,control,,0
32,spring-projects/spring-integration,2024-12,24300,0,2025-03,0,-3,216.0,7.0,23.0,0.0,246.0,391.0,197207.0,197.207,1.24742,1.095296,0.035496,0.116629,0.0,7.2916,7.2916,0.6448,0.2635,,39,7,1620,176,control,,0
32,spring-projects/spring-integration,2025-01,24301,0,2025-03,0,-2,216.0,7.0,24.0,0.0,247.0,391.0,197289.0,197.289,1.25197,1.094841,0.035481,0.121649,0.0,7.2916,7.2916,0.6448,0.2635,,42,4,1620,176,control,,0
32,spring-projects/spring-integration,2025-02,24302,0,2025-03,0,-1,216.0,7.0,21.0,0.0,244.0,389.0,197147.0,197.147,1.237655,1.095629,0.035507,0.10652,0.0,7.329,7.329,0.6432,0.2646,,41,4,1620,176,control,,0
32,spring-projects/spring-integration,2025-03,24303,0,2025-03,1,0,217.0,7.0,21.0,0.0,245.0,385.0,194597.0,194.597,1.259012,1.115125,0.035972,0.107915,0.0,7.3195,7.3195,0.6425,0.2638,,44,4,1620,176,control,,0
32,spring-projects/spring-integration,2025-04,24304,0,2025-03,1,1,217.0,7.0,21.0,0.0,245.0,385.0,194804.0,194.804,1.257674,1.11394,0.035934,0.107801,0.0,7.3247,7.3247,0.6426,0.2638,,32,5,1620,176,control,,0
32,spring-projects/spring-integration,2025-05,24305,0,2025-03,1,2,216.0,7.0,21.0,0.0,244.0,389.0,197324.0,197.324,1.236545,1.094646,0.035475,0.106424,0.0,7.3368,7.3368,0.6435,0.2643,,29,6,1620,176,control,,0
32,spring-projects/spring-integration,2025-06,24306,0,2025-03,1,3,219.0,7.0,21.0,0.0,247.0,389.0,197198.0,197.198,1.252548,1.110559,0.035497,0.106492,0.0,7.3368,7.3368,0.6444,0.2623,,73,10,1620,176,control,,0
32,spring-projects/spring-integration,2025-07,24307,0,2025-03,1,4,241.0,8.0,21.0,0.0,270.0,387.0,198705.0,198.705,1.358798,1.212853,0.040261,0.105684,0.0,7.584,7.584,0.6437,0.2622,,58,9,1620,176,control,,0
32,spring-projects/spring-integration,2025-08,24308,0,2025-03,1,5,218.0,7.0,18.0,0.0,243.0,386.0,199671.0,199.671,1.217002,1.091796,0.035058,0.090148,0.0,7.6088,7.6088,0.6451,0.2609,,85,8,1620,176,control,,0
32,spring-projects/spring-integration,2025-09,24309,0,2025-03,1,6,218.0,7.0,11.0,0.0,236.0,386.0,200423.0,200.423,1.17751,1.0877,0.034926,0.054884,0.0,7.6321,7.6321,0.6453,0.261,,65,8,1620,176,control,,0
33,Servoy/servoy-client,2025-02,24302,1,2025-08,0,-6,,,,,,,,,,,,,,,,,,,62,7,13,141,copilot,file_add,1
33,Servoy/servoy-client,2025-03,24303,1,2025-08,0,-5,,,,,,,,,,,,,,,,,,,108,9,13,141,copilot,file_add,1
33,Servoy/servoy-client,2025-04,24304,1,2025-08,0,-4,,,,,,,,,,,,,,,,,,,84,9,13,141,copilot,file_add,1
33,Servoy/servoy-client,2025-05,24305,1,2025-08,0,-3,,,,,,,,,,,,,,,,,,,78,9,13,141,copilot,file_add,1
33,Servoy/servoy-client,2025-06,24306,1,2025-08,0,-2,,,,,,,,,,,,,,,,,,,82,8,13,141,copilot,file_add,1
33,Servoy/servoy-client,2025-07,24307,1,2025-08,0,-1,,,,,,,,,,,,,,,,,,,61,7,13,141,copilot,file_add,1
33,Servoy/servoy-client,2025-08,24308,1,2025-08,1,0,,,,,,,,,,,,,,,,,,,55,6,13,141,copilot,file_add,1
33,Servoy/servoy-client,2025-09,24309,1,2025-08,1,1,,,,,,,,,,,,,,,,,,,40,6,13,141,copilot,file_add,1
33,Servoy/servoy-client,2025-10,24310,1,2025-08,1,2,,,,,,,,,,,,,,,,,,,78,8,13,141,copilot,file_add,1
33,Servoy/servoy-client,2025-11,24311,1,2025-08,1,3,,,,,,,,,,,,,,,,,,,70,7,13,141,copilot,file_add,1
33,Servoy/servoy-client,2025-12,24312,1,2025-08,1,4,,,,,,,,,,,,,,,,,,,79,8,13,141,copilot,file_add,1
33,Servoy/servoy-client,2026-01,24313,1,2025-08,1,5,,,,,,,,,,,,,,,,,,,39,8,13,141,copilot,file_add,1
33,Servoy/servoy-client,2026-02,24314,1,2025-08,1,6,,,,,,,,,,,,,,,,,,,51,6,13,141,copilot,file_add,1
35,apache/struts,2024-11,24299,1,2025-05,0,-6,491.0,12.0,2.0,1.0,506.0,306.0,147553.0,147.553,3.429276,3.327618,0.081327,0.013554,0.006777,5.1242,5.1242,0.6134,0.2748,,87,5,1349,146,claude_code,commit_pattern,35
35,apache/struts,2024-12,24300,1,2025-05,0,-5,280.0,6.0,3.0,3.0,292.0,248.0,113408.0,113.408,2.574774,2.468962,0.052906,0.026453,0.026453,4.621,4.621,0.6257,0.2649,,44,3,1349,146,claude_code,commit_pattern,35
35,apache/struts,2025-01,24301,1,2025-05,0,-4,282.0,7.0,3.0,3.0,295.0,248.0,113516.0,113.516,2.598753,2.484231,0.061665,0.026428,0.026428,4.6371,4.6371,0.6265,0.2642,,47,4,1349,146,claude_code,commit_pattern,35
35,apache/struts,2025-02,24302,1,2025-05,0,-3,282.0,7.0,3.0,3.0,295.0,248.0,114138.0,114.138,2.584591,2.470693,0.061329,0.026284,0.026284,4.6573,4.6573,0.6264,0.2643,,38,5,1349,146,claude_code,commit_pattern,35
35,apache/struts,2025-03,24303,1,2025-05,0,-2,280.0,6.0,3.0,1.0,290.0,248.0,114192.0,114.192,2.539582,2.452011,0.052543,0.026272,0.008757,4.6411,4.6411,0.6256,0.2651,,15,6,1349,146,claude_code,commit_pattern,35
35,apache/struts,2025-04,24304,1,2025-05,0,-1,281.0,5.0,3.0,3.0,292.0,250.0,115036.0,115.036,2.538336,2.442714,0.043465,0.026079,0.026079,4.648,4.648,0.6274,0.2644,,7,2,1349,146,claude_code,commit_pattern,35
35,apache/struts,2025-05,24305,1,2025-05,1,0,281.0,5.0,3.0,3.0,292.0,250.0,115036.0,115.036,2.538336,2.442714,0.043465,0.026079,0.026079,4.648,4.648,0.6274,0.2644,,12,2,1349,146,claude_code,commit_pattern,35
35,apache/struts,2025-06,24306,1,2025-05,1,1,281.0,5.0,3.0,3.0,292.0,250.0,115040.0,115.04,2.538248,2.442629,0.043463,0.026078,0.026078,4.648,4.648,0.6274,0.2644,,9,1,1349,146,claude_code,commit_pattern,35
35,apache/struts,2025-07,24307,1,2025-05,1,2,281.0,5.0,3.0,3.0,292.0,250.0,115040.0,115.04,2.538248,2.442629,0.043463,0.026078,0.026078,4.648,4.648,0.6274,0.2644,,37,2,1349,146,claude_code,commit_pattern,35
35,apache/struts,2025-08,24308,1,2025-05,1,3,281.0,5.0,3.0,3.0,292.0,250.0,115040.0,115.04,2.538248,2.442629,0.043463,0.026078,0.026078,4.648,4.648,0.6274,0.2644,,30,3,1349,146,claude_code,commit_pattern,35
35,apache/struts,2025-09,24309,1,2025-05,1,4,281.0,5.0,3.0,3.0,292.0,250.0,115839.0,115.839,2.52074,2.425781,0.043163,0.025898,0.025898,4.648,4.648,0.6274,0.2645,,69,2,1349,146,claude_code,commit_pattern,35
35,apache/struts,2025-10,24310,1,2025-05,1,5,281.0,5.0,3.0,1.0,290.0,250.0,115993.0,115.993,2.500151,2.42256,0.043106,0.025864,0.008621,4.672,4.672,0.626,0.266,,22,3,1349,146,claude_code,commit_pattern,35
35,apache/struts,2025-11,24311,1,2025-05,1,6,281.0,5.0,3.0,1.0,290.0,250.0,116103.0,116.103,2.497782,2.420265,0.043065,0.025839,0.008613,4.672,4.672,0.626,0.266,,15,2,1349,146,claude_code,commit_pattern,35
36,SonarSource/sonar-java,2024-11,24299,0,2025-05,0,-6,,,,,,,,,,,,,,,,,,,47,7,1196,162,control,,0
36,SonarSource/sonar-java,2024-12,24300,0,2025-05,0,-5,,,,,,,,,,,,,,,,,,,25,6,1196,162,control,,0
36,SonarSource/sonar-java,2025-01,24301,0,2025-05,0,-4,,,,,,,,,,,,,,,,,,,13,4,1196,162,control,,0
36,SonarSource/sonar-java,2025-02,24302,0,2025-05,0,-3,,,,,,,,,,,,,,,,,,,45,7,1196,162,control,,0
36,SonarSource/sonar-java,2025-03,24303,0,2025-05,0,-2,,,,,,,,,,,,,,,,,,,13,8,1196,162,control,,0
36,SonarSource/sonar-java,2025-04,24304,0,2025-05,0,-1,,,,,,,,,,,,,,,,,,,38,9,1196,162,control,,0
36,SonarSource/sonar-java,2025-05,24305,0,2025-05,1,0,,,,,,,,,,,,,,,,,,,54,12,1196,162,control,,0
36,SonarSource/sonar-java,2025-06,24306,0,2025-05,1,1,,,,,,,,,,,,,,,,,,,34,10,1196,162,control,,0
36,SonarSource/sonar-java,2025-07,24307,0,2025-05,1,2,,,,,,,,,,,,,,,,,,,42,7,1196,162,control,,0
36,SonarSource/sonar-java,2025-08,24308,0,2025-05,1,3,,,,,,,,,,,,,,,,,,,14,6,1196,162,control,,0
36,SonarSource/sonar-java,2025-09,24309,0,2025-05,1,4,,,,,,,,,,,,,,,,,,,7,5,1196,162,control,,0
36,SonarSource/sonar-java,2025-10,24310,0,2025-05,1,5,,,,,,,,,,,,,,,,,,,29,9,1196,162,control,,0
36,SonarSource/sonar-java,2025-11,24311,0,2025-05,1,6,,,,,,,,,,,,,,,,,,,16,5,1196,162,control,,0
37,graphql-java/graphql-java,2024-10,24298,1,2025-04,0,-6,755.0,4.0,6.0,0.0,765.0,61.0,44106.0,44.106,17.344579,17.117852,0.090691,0.136036,0.0,5.4918,5.4918,0.7059,0.2808,,19,5,6231,128,copilot,commit_pattern,85
37,graphql-java/graphql-java,2024-11,24299,1,2025-04,0,-5,755.0,4.0,6.0,0.0,765.0,61.0,44106.0,44.106,17.344579,17.117852,0.090691,0.136036,0.0,5.4918,5.4918,0.7059,0.2808,,74,9,6231,128,copilot,commit_pattern,85
37,graphql-java/graphql-java,2024-12,24300,1,2025-04,0,-4,757.0,4.0,3.0,0.0,764.0,62.0,44531.0,44.531,17.156588,16.999394,0.089825,0.067369,0.0,5.5484,5.5484,0.7094,0.2773,,60,7,6231,128,copilot,commit_pattern,85
37,graphql-java/graphql-java,2025-01,24301,1,2025-04,0,-3,757.0,4.0,3.0,0.0,764.0,62.0,44545.0,44.545,17.151195,16.994051,0.089797,0.067348,0.0,5.5484,5.5484,0.7094,0.2773,,43,4,6231,128,copilot,commit_pattern,85
37,graphql-java/graphql-java,2025-02,24302,1,2025-04,0,-2,757.0,4.0,3.0,0.0,764.0,62.0,44582.0,44.582,17.136961,16.979947,0.089722,0.067292,0.0,5.5968,5.5968,0.7055,0.2789,,94,7,6231,128,copilot,commit_pattern,85
37,graphql-java/graphql-java,2025-03,24303,1,2025-04,0,-1,758.0,4.0,6.0,0.0,768.0,63.0,45569.0,45.569,16.853563,16.634115,0.087779,0.131668,0.0,5.7302,5.7302,0.7076,0.2753,,90,7,6231,128,copilot,commit_pattern,85
37,graphql-java/graphql-java,2025-04,24304,1,2025-04,1,0,757.0,4.0,8.0,0.0,769.0,63.0,45743.0,45.743,16.811315,16.54898,0.087445,0.17489,0.0,5.7302,5.7302,0.706,0.277,,210,12,6231,128,copilot,commit_pattern,85
37,graphql-java/graphql-java,2025-05,24305,1,2025-04,1,1,757.0,4.0,4.0,0.0,765.0,62.0,45984.0,45.984,16.636221,16.462248,0.086987,0.086987,0.0,5.7419,5.7419,0.7013,0.2817,,170,12,6231,128,copilot,commit_pattern,85
37,graphql-java/graphql-java,2025-06,24306,1,2025-04,1,2,762.0,4.0,7.0,0.0,773.0,62.0,46396.0,46.396,16.660919,16.42383,0.086214,0.150875,0.0,5.8871,5.8871,0.7016,0.2782,,86,8,6231,128,copilot,commit_pattern,85
37,graphql-java/graphql-java,2025-07,24307,1,2025-04,1,3,763.0,4.0,7.0,0.0,774.0,63.0,46775.0,46.775,16.547301,16.312133,0.085516,0.149653,0.0,5.8571,5.8571,0.7054,0.2738,,150,11,6231,128,copilot,commit_pattern,85
37,graphql-java/graphql-java,2025-08,24308,1,2025-04,1,4,728.0,4.0,6.0,0.0,738.0,60.0,46638.0,46.638,15.824006,15.609589,0.085767,0.12865,0.0,6.0,6.0,0.7009,0.2734,,150,6,6231,128,copilot,commit_pattern,85
37,graphql-java/graphql-java,2025-09,24309,1,2025-04,1,5,729.0,4.0,9.0,0.0,742.0,60.0,46910.0,46.91,15.817523,15.540397,0.08527,0.191857,0.0,6.0167,6.0167,0.701,0.2735,,79,6,6231,128,copilot,commit_pattern,85
37,graphql-java/graphql-java,2025-10,24310,1,2025-04,1,6,729.0,4.0,2.0,0.0,735.0,60.0,47381.0,47.381,15.512547,15.385914,0.084422,0.042211,0.0,5.9833,5.9833,0.701,0.2733,,68,8,6231,128,copilot,commit_pattern,85
38,reactor/reactor-core,2024-10,24298,0,2025-04,0,-6,,,,,,,,,,,,,,,,,,,33,3,5208,124,control,,0
38,reactor/reactor-core,2024-11,24299,0,2025-04,0,-5,,,,,,,,,,,,,,,,,,,31,5,5208,124,control,,0
38,reactor/reactor-core,2024-12,24300,0,2025-04,0,-4,,,,,,,,,,,,,,,,,,,15,5,5208,124,control,,0
38,reactor/reactor-core,2025-01,24301,0,2025-04,0,-3,,,,,,,,,,,,,,,,,,,17,3,5208,124,control,,0
38,reactor/reactor-core,2025-02,24302,0,2025-04,0,-2,,,,,,,,,,,,,,,,,,,54,6,5208,124,control,,0
38,reactor/reactor-core,2025-03,24303,0,2025-04,0,-1,,,,,,,,,,,,,,,,,,,45,6,5208,124,control,,0
38,reactor/reactor-core,2025-04,24304,0,2025-04,1,0,,,,,,,,,,,,,,,,,,,8,1,5208,124,control,,0
38,reactor/reactor-core,2025-05,24305,0,2025-04,1,1,,,,,,,,,,,,,,,,,,,30,3,5208,124,control,,0
38,reactor/reactor-core,2025-06,24306,0,2025-04,1,2,,,,,,,,,,,,,,,,,,,45,3,5208,124,control,,0
38,reactor/reactor-core,2025-07,24307,0,2025-04,1,3,,,,,,,,,,,,,,,,,,,15,4,5208,124,control,,0
38,reactor/reactor-core,2025-08,24308,0,2025-04,1,4,,,,,,,,,,,,,,,,,,,17,3,5208,124,control,,0
38,reactor/reactor-core,2025-09,24309,0,2025-04,1,5,,,,,,,,,,,,,,,,,,,20,3,5208,124,control,,0
38,reactor/reactor-core,2025-10,24310,0,2025-04,1,6,,,,,,,,,,,,,,,,,,,39,3,5208,124,control,,0
39,nyetwurk/ecuxplot,2025-04,24304,1,2025-10,0,-6,7.0,0.0,1.0,0.0,8.0,7.0,4406.0,4.406,1.815706,1.588743,0.0,0.226963,0.0,0.8571,0.8571,0.6349,0.2722,,0,0,65,162,cursor,file_add,2
39,nyetwurk/ecuxplot,2025-05,24305,1,2025-10,0,-5,7.0,0.0,1.0,0.0,8.0,7.0,4406.0,4.406,1.815706,1.588743,0.0,0.226963,0.0,0.8571,0.8571,0.6349,0.2722,,0,0,65,162,cursor,file_add,2
39,nyetwurk/ecuxplot,2025-06,24306,1,2025-10,0,-4,7.0,0.0,1.0,0.0,8.0,7.0,4406.0,4.406,1.815706,1.588743,0.0,0.226963,0.0,0.8571,0.8571,0.6349,0.2722,,0,0,65,162,cursor,file_add,2
39,nyetwurk/ecuxplot,2025-07,24307,1,2025-10,0,-3,7.0,0.0,1.0,0.0,8.0,7.0,4406.0,4.406,1.815706,1.588743,0.0,0.226963,0.0,0.8571,0.8571,0.6349,0.2722,,0,0,65,162,cursor,file_add,2
39,nyetwurk/ecuxplot,2025-08,24308,1,2025-10,0,-2,7.0,0.0,1.0,0.0,8.0,7.0,4406.0,4.406,1.815706,1.588743,0.0,0.226963,0.0,0.8571,0.8571,0.6349,0.2722,,0,0,65,162,cursor,file_add,2
39,nyetwurk/ecuxplot,2025-09,24309,1,2025-10,0,-1,7.0,0.0,1.0,0.0,8.0,7.0,4406.0,4.406,1.815706,1.588743,0.0,0.226963,0.0,0.8571,0.8571,0.6349,0.2722,,0,0,65,162,cursor,file_add,2
39,nyetwurk/ecuxplot,2025-10,24310,1,2025-10,1,0,7.0,0.0,1.0,0.0,8.0,7.0,4406.0,4.406,1.815706,1.588743,0.0,0.226963,0.0,0.8571,0.8571,0.6349,0.2722,,159,3,65,162,cursor,file_add,2
39,nyetwurk/ecuxplot,2025-11,24311,1,2025-10,1,1,7.0,0.0,1.0,0.0,8.0,9.0,7690.0,7.69,1.040312,0.910273,0.0,0.130039,0.0,1.4444,1.4444,0.6929,0.232,,96,3,65,162,cursor,file_add,2
39,nyetwurk/ecuxplot,2025-12,24312,1,2025-10,1,2,11.0,0.0,3.0,0.0,14.0,9.0,10706.0,10.706,1.307678,1.027461,0.0,0.280217,0.0,1.4444,1.4444,0.6596,0.2387,,21,3,65,162,cursor,file_add,2
39,nyetwurk/ecuxplot,2026-01,24313,1,2025-10,1,3,11.0,0.0,3.0,0.0,14.0,9.0,10740.0,10.74,1.303538,1.024209,0.0,0.27933,0.0,1.4444,1.4444,0.6596,0.2387,,0,0,65,162,cursor,file_add,2
39,nyetwurk/ecuxplot,2026-02,24314,1,2025-10,1,4,11.0,0.0,3.0,0.0,14.0,9.0,10740.0,10.74,1.303538,1.024209,0.0,0.27933,0.0,1.4444,1.4444,0.6596,0.2387,,2,1,65,162,cursor,file_add,2
39,nyetwurk/ecuxplot,2026-03,24315,1,2025-10,1,5,11.0,0.0,3.0,0.0,14.0,9.0,10740.0,10.74,1.303538,1.024209,0.0,0.27933,0.0,1.4444,1.4444,0.6596,0.2387,,5,3,65,162,cursor,file_add,2
39,nyetwurk/ecuxplot,2026-04,24316,1,2025-10,1,6,11.0,0.0,3.0,0.0,14.0,9.0,10740.0,10.74,1.303538,1.024209,0.0,0.27933,0.0,1.4444,1.4444,0.6596,0.2387,,0,0,65,162,cursor,file_add,2
40,Gubaer/josm-scripting-plugin,2025-04,24304,0,2025-10,0,-6,43.0,0.0,6.0,0.0,49.0,20.0,6117.0,6.117,8.010463,7.02959,0.0,0.980873,0.0,2.5,2.5,0.6443,0.3155,,0,0,31,179,control,,0
40,Gubaer/josm-scripting-plugin,2025-05,24305,0,2025-10,0,-5,43.0,0.0,6.0,0.0,49.0,20.0,6117.0,6.117,8.010463,7.02959,0.0,0.980873,0.0,2.5,2.5,0.6443,0.3155,,0,0,31,179,control,,0
40,Gubaer/josm-scripting-plugin,2025-06,24306,0,2025-10,0,-4,43.0,0.0,6.0,0.0,49.0,20.0,6117.0,6.117,8.010463,7.02959,0.0,0.980873,0.0,2.5,2.5,0.6443,0.3155,,3,1,31,179,control,,0
40,Gubaer/josm-scripting-plugin,2025-07,24307,0,2025-10,0,-3,43.0,0.0,6.0,0.0,49.0,20.0,6117.0,6.117,8.010463,7.02959,0.0,0.980873,0.0,2.5,2.5,0.6443,0.3155,,0,0,31,179,control,,0
40,Gubaer/josm-scripting-plugin,2025-08,24308,0,2025-10,0,-2,43.0,0.0,6.0,0.0,49.0,20.0,6117.0,6.117,8.010463,7.02959,0.0,0.980873,0.0,2.5,2.5,0.6443,0.3155,,0,0,31,179,control,,0
40,Gubaer/josm-scripting-plugin,2025-09,24309,0,2025-10,0,-1,43.0,0.0,6.0,0.0,49.0,20.0,6117.0,6.117,8.010463,7.02959,0.0,0.980873,0.0,2.5,2.5,0.6443,0.3155,,0,0,31,179,control,,0
40,Gubaer/josm-scripting-plugin,2025-10,24310,0,2025-10,1,0,43.0,0.0,6.0,0.0,49.0,20.0,6117.0,6.117,8.010463,7.02959,0.0,0.980873,0.0,2.5,2.5,0.6443,0.3155,,0,0,31,179,control,,0
40,Gubaer/josm-scripting-plugin,2025-11,24311,0,2025-10,1,1,43.0,0.0,6.0,0.0,49.0,20.0,6117.0,6.117,8.010463,7.02959,0.0,0.980873,0.0,2.5,2.5,0.6443,0.3155,,0,0,31,179,control,,0
40,Gubaer/josm-scripting-plugin,2025-12,24312,0,2025-10,1,2,43.0,0.0,6.0,0.0,49.0,20.0,6117.0,6.117,8.010463,7.02959,0.0,0.980873,0.0,2.5,2.5,0.6443,0.3155,,0,0,31,179,control,,0
40,Gubaer/josm-scripting-plugin,2026-01,24313,0,2025-10,1,3,43.0,0.0,6.0,0.0,49.0,20.0,6117.0,6.117,8.010463,7.02959,0.0,0.980873,0.0,2.5,2.5,0.6443,0.3155,,0,0,31,179,control,,0
40,Gubaer/josm-scripting-plugin,2026-02,24314,0,2025-10,1,4,43.0,0.0,6.0,0.0,49.0,20.0,6117.0,6.117,8.010463,7.02959,0.0,0.980873,0.0,2.5,2.5,0.6443,0.3155,,2,1,31,179,control,,0
40,Gubaer/josm-scripting-plugin,2026-03,24315,0,2025-10,1,5,43.0,0.0,6.0,0.0,49.0,20.0,6117.0,6.117,8.010463,7.02959,0.0,0.980873,0.0,2.5,2.5,0.6443,0.3155,,37,2,31,179,control,,0
40,Gubaer/josm-scripting-plugin,2026-04,24316,0,2025-10,1,6,43.0,0.0,6.0,0.0,49.0,20.0,6117.0,6.117,8.010463,7.02959,0.0,0.980873,0.0,2.5,2.5,0.6443,0.3155,,0,0,31,179,control,,0
41,qlangtech/plugins,2025-03,24303,1,2025-09,0,-6,255.0,12.0,6.0,1.0,274.0,326.0,49926.0,49.926,5.488122,5.107559,0.240356,0.120178,0.02003,2.9939,2.9939,0.5786,0.3443,,19,1,18,71,claude_code,file_add,1
41,qlangtech/plugins,2025-04,24304,1,2025-09,0,-5,256.0,12.0,6.0,1.0,275.0,326.0,50074.0,50.074,5.491872,5.112434,0.239645,0.119823,0.01997,2.9939,2.9939,0.5786,0.3443,,23,1,18,71,claude_code,file_add,1
41,qlangtech/plugins,2025-05,24305,1,2025-09,0,-4,266.0,12.0,6.0,1.0,285.0,326.0,50677.0,50.677,5.623853,5.248929,0.236794,0.118397,0.019733,3.0123,3.0123,0.5799,0.3431,,14,1,18,71,claude_code,file_add,1
41,qlangtech/plugins,2025-06,24306,1,2025-09,0,-3,241.0,10.0,5.0,1.0,257.0,317.0,48148.0,48.148,5.337709,5.0054,0.207693,0.103846,0.020769,2.8423,2.8423,0.5891,0.3351,,16,1,18,71,claude_code,file_add,1
41,qlangtech/plugins,2025-07,24307,1,2025-09,0,-2,240.0,10.0,6.0,1.0,257.0,315.0,48247.0,48.247,5.326756,4.974403,0.207267,0.12436,0.020727,2.8635,2.8635,0.5865,0.3373,,19,1,18,71,claude_code,file_add,1
41,qlangtech/plugins,2025-08,24308,1,2025-09,0,-1,244.0,10.0,8.0,1.0,263.0,318.0,49177.0,49.177,5.348029,4.961669,0.203347,0.162678,0.020335,2.8585,2.8585,0.5841,0.3405,,9,1,18,71,claude_code,file_add,1
41,qlangtech/plugins,2025-09,24309,1,2025-09,1,0,238.0,10.0,8.0,1.0,257.0,318.0,48902.0,48.902,5.255409,4.866877,0.204491,0.163592,0.020449,2.8176,2.8176,0.5852,0.3395,,1,1,18,71,claude_code,file_add,1
41,qlangtech/plugins,2025-10,24310,1,2025-09,1,1,238.0,10.0,8.0,1.0,257.0,318.0,48902.0,48.902,5.255409,4.866877,0.204491,0.163592,0.020449,2.8176,2.8176,0.5852,0.3395,,0,0,18,71,claude_code,file_add,1
41,qlangtech/plugins,2025-11,24311,1,2025-09,1,2,238.0,10.0,8.0,1.0,257.0,318.0,48902.0,48.902,5.255409,4.866877,0.204491,0.163592,0.020449,2.8176,2.8176,0.5852,0.3395,,11,1,18,71,claude_code,file_add,1
41,qlangtech/plugins,2025-12,24312,1,2025-09,1,3,238.0,10.0,8.0,1.0,257.0,320.0,49416.0,49.416,5.200745,4.816254,0.202364,0.161891,0.020236,2.8062,2.8062,0.5844,0.3406,,19,1,18,71,claude_code,file_add,1
41,qlangtech/plugins,2026-01,24313,1,2025-09,1,4,240.0,10.0,13.0,1.0,264.0,323.0,50178.0,50.178,5.26127,4.782973,0.199291,0.259078,0.019929,2.7864,2.7864,0.5856,0.3386,,12,1,18,71,claude_code,file_add,1
41,qlangtech/plugins,2026-02,24314,1,2025-09,1,5,241.0,10.0,13.0,1.0,265.0,325.0,50588.0,50.588,5.238396,4.763976,0.197675,0.256978,0.019768,2.7754,2.7754,0.5854,0.339,,1,1,18,71,claude_code,file_add,1
41,qlangtech/plugins,2026-03,24315,1,2025-09,1,6,244.0,11.0,8.0,1.0,264.0,332.0,52132.0,52.132,5.064068,4.680427,0.211003,0.153457,0.019182,2.7681,2.7681,0.5838,0.3424,,4,1,18,71,claude_code,file_add,1
42,itinycheng/flink-platform-backend,2025-03,24303,0,2025-09,0,-6,19.0,2.0,7.0,0.0,28.0,66.0,9371.0,9.371,2.987942,2.027532,0.213424,0.746985,0.0,4.7424,4.7424,0.5639,0.3972,,3,2,20,53,control,,0
42,itinycheng/flink-platform-backend,2025-04,24304,0,2025-09,0,-5,19.0,2.0,7.0,0.0,28.0,66.0,9371.0,9.371,2.987942,2.027532,0.213424,0.746985,0.0,4.7424,4.7424,0.5639,0.3972,,3,2,20,53,control,,0
42,itinycheng/flink-platform-backend,2025-05,24305,0,2025-09,0,-4,19.0,2.0,7.0,0.0,28.0,66.0,9371.0,9.371,2.987942,2.027532,0.213424,0.746985,0.0,4.7424,4.7424,0.5639,0.3972,,14,2,20,53,control,,0
42,itinycheng/flink-platform-backend,2025-06,24306,0,2025-09,0,-3,32.0,2.0,7.0,0.0,41.0,66.0,9460.0,9.46,4.334038,3.382664,0.211416,0.739958,0.0,4.8333,4.8333,0.5641,0.397,,6,2,20,53,control,,0
42,itinycheng/flink-platform-backend,2025-07,24307,0,2025-09,0,-2,32.0,2.0,7.0,0.0,41.0,66.0,9505.0,9.505,4.313519,3.366649,0.210416,0.736454,0.0,4.8333,4.8333,0.5638,0.3973,,9,2,20,53,control,,0
42,itinycheng/flink-platform-backend,2025-08,24308,0,2025-09,0,-1,32.0,2.0,7.0,0.0,41.0,66.0,9532.0,9.532,4.301301,3.357113,0.20982,0.734368,0.0,4.8333,4.8333,0.5639,0.3972,,11,2,20,53,control,,0
42,itinycheng/flink-platform-backend,2025-09,24309,0,2025-09,1,0,32.0,2.0,4.0,0.0,38.0,66.0,9452.0,9.452,4.020313,3.385527,0.211595,0.423191,0.0,4.8788,4.8788,0.5663,0.3948,,27,2,20,53,control,,0
42,itinycheng/flink-platform-backend,2025-10,24310,0,2025-09,1,1,37.0,2.0,6.0,0.0,45.0,69.0,9715.0,9.715,4.632012,3.808543,0.205867,0.617602,0.0,4.8406,4.8406,0.5691,0.3862,,17,2,20,53,control,,0
42,itinycheng/flink-platform-backend,2025-11,24311,0,2025-09,1,2,30.0,2.0,6.0,0.0,38.0,69.0,9711.0,9.711,3.913088,3.08928,0.205952,0.617856,0.0,4.8116,4.8116,0.5677,0.3859,,16,2,20,53,control,,0
42,itinycheng/flink-platform-backend,2025-12,24312,0,2025-09,1,3,28.0,2.0,6.0,0.0,36.0,71.0,10155.0,10.155,3.545052,2.757262,0.196947,0.590842,0.0,4.8873,4.8873,0.5654,0.3891,,26,2,20,53,control,,0
42,itinycheng/flink-platform-backend,2026-01,24313,0,2025-09,1,4,27.0,2.0,4.0,0.0,33.0,72.0,10285.0,10.285,3.208556,2.625182,0.194458,0.388916,0.0,4.9306,4.9306,0.5609,0.3896,,26,2,20,53,control,,0
42,itinycheng/flink-platform-backend,2026-02,24314,0,2025-09,1,5,26.0,2.0,4.0,0.0,32.0,72.0,10465.0,10.465,3.057812,2.484472,0.191113,0.382226,0.0,5.0,5.0,0.5611,0.3897,,11,2,20,53,control,,0
42,itinycheng/flink-platform-backend,2026-03,24315,0,2025-09,1,6,26.0,2.0,4.0,0.0,32.0,72.0,10474.0,10.474,3.055184,2.482337,0.190949,0.381898,0.0,5.0,5.0,0.5613,0.3895,,2,1,20,53,control,,0
43,pablo67340/GUIShop,2025-06,24306,1,2025-12,0,-6,53.0,0.0,3.0,0.0,56.0,10.0,3781.0,3.781,14.810897,14.017456,0.0,0.793441,0.0,3.2,3.2,0.6262,0.4404,,0,0,46,144,cursor,file_add,3
43,pablo67340/GUIShop,2025-07,24307,1,2025-12,0,-5,53.0,0.0,3.0,0.0,56.0,10.0,3781.0,3.781,14.810897,14.017456,0.0,0.793441,0.0,3.2,3.2,0.6262,0.4404,,0,0,46,144,cursor,file_add,3
43,pablo67340/GUIShop,2025-08,24308,1,2025-12,0,-4,53.0,0.0,3.0,0.0,56.0,10.0,3781.0,3.781,14.810897,14.017456,0.0,0.793441,0.0,3.2,3.2,0.6262,0.4404,,0,0,46,144,cursor,file_add,3
43,pablo67340/GUIShop,2025-09,24309,1,2025-12,0,-3,53.0,0.0,3.0,0.0,56.0,10.0,3781.0,3.781,14.810897,14.017456,0.0,0.793441,0.0,3.2,3.2,0.6262,0.4404,,0,0,46,144,cursor,file_add,3
43,pablo67340/GUIShop,2025-10,24310,1,2025-12,0,-2,53.0,0.0,3.0,0.0,56.0,10.0,3781.0,3.781,14.810897,14.017456,0.0,0.793441,0.0,3.2,3.2,0.6262,0.4404,,0,0,46,144,cursor,file_add,3
43,pablo67340/GUIShop,2025-11,24311,1,2025-12,0,-1,53.0,0.0,3.0,0.0,56.0,10.0,3781.0,3.781,14.810897,14.017456,0.0,0.793441,0.0,3.2,3.2,0.6262,0.4404,,0,0,46,144,cursor,file_add,3
43,pablo67340/GUIShop,2025-12,24312,1,2025-12,1,0,53.0,0.0,3.0,0.0,56.0,10.0,3781.0,3.781,14.810897,14.017456,0.0,0.793441,0.0,3.2,3.2,0.6262,0.4404,,21,1,46,144,cursor,file_add,3
43,pablo67340/GUIShop,2026-01,24313,1,2025-12,1,1,73.0,1.0,4.0,0.0,78.0,15.0,8586.0,8.586,9.084556,8.502213,0.116469,0.465875,0.0,3.7333,3.7333,0.5604,0.4762,,22,2,46,144,cursor,file_add,3
43,pablo67340/GUIShop,2026-02,24314,1,2025-12,1,2,78.0,1.0,3.0,0.0,82.0,16.0,10910.0,10.91,7.51604,7.149404,0.091659,0.274977,0.0,4.375,4.375,0.5651,0.4156,,7,1,46,144,cursor,file_add,3
43,pablo67340/GUIShop,2026-03,24315,1,2025-12,1,3,78.0,2.0,3.0,0.0,83.0,16.0,11194.0,11.194,7.414686,6.968019,0.178667,0.268001,0.0,4.375,4.375,0.5681,0.4162,,4,1,46,144,cursor,file_add,3
43,pablo67340/GUIShop,2026-04,24316,1,2025-12,1,4,78.0,2.0,3.0,0.0,83.0,16.0,11275.0,11.275,7.361419,6.91796,0.177384,0.266075,0.0,4.375,4.375,0.5681,0.4162,,0,0,46,144,cursor,file_add,3
43,pablo67340/GUIShop,2026-05,24317,1,2025-12,1,5,78.0,2.0,3.0,0.0,83.0,16.0,11275.0,11.275,7.361419,6.91796,0.177384,0.266075,0.0,4.375,4.375,0.5681,0.4162,,0,0,46,144,cursor,file_add,3
43,pablo67340/GUIShop,2026-06,24318,1,2025-12,1,6,78.0,2.0,3.0,0.0,83.0,16.0,11275.0,11.275,7.361419,6.91796,0.177384,0.266075,0.0,4.375,4.375,0.5681,0.4162,,0,0,46,144,cursor,file_add,3
44,SonarSource/sonar-xml,2025-06,24306,0,2025-12,0,-6,13.0,0.0,1.0,0.0,14.0,21.0,3437.0,3.437,4.07332,3.782368,0.0,0.290951,0.0,0.619,0.619,0.5089,0.4752,,2,1,33,158,control,,0
44,SonarSource/sonar-xml,2025-07,24307,0,2025-12,0,-5,13.0,0.0,1.0,0.0,14.0,21.0,3445.0,3.445,4.063861,3.773585,0.0,0.290276,0.0,0.619,0.619,0.5089,0.4752,,1,1,33,158,control,,0
44,SonarSource/sonar-xml,2025-08,24308,0,2025-12,0,-4,13.0,0.0,1.0,0.0,14.0,21.0,3445.0,3.445,4.063861,3.773585,0.0,0.290276,0.0,0.619,0.619,0.5089,0.4752,,1,1,33,158,control,,0
44,SonarSource/sonar-xml,2025-09,24309,0,2025-12,0,-3,13.0,0.0,1.0,0.0,14.0,21.0,3445.0,3.445,4.063861,3.773585,0.0,0.290276,0.0,0.619,0.619,0.5089,0.4752,,8,3,33,158,control,,0
44,SonarSource/sonar-xml,2025-10,24310,0,2025-12,0,-2,13.0,0.0,1.0,0.0,14.0,21.0,3445.0,3.445,4.063861,3.773585,0.0,0.290276,0.0,0.619,0.619,0.5089,0.4752,,4,1,33,158,control,,0
44,SonarSource/sonar-xml,2025-11,24311,0,2025-12,0,-1,13.0,0.0,1.0,0.0,14.0,21.0,3445.0,3.445,4.063861,3.773585,0.0,0.290276,0.0,0.619,0.619,0.5089,0.4752,,15,4,33,158,control,,0
44,SonarSource/sonar-xml,2025-12,24312,0,2025-12,1,0,15.0,0.0,1.0,0.0,16.0,21.0,3592.0,3.592,4.454343,4.175947,0.0,0.278396,0.0,0.6667,0.6667,0.5315,0.4579,,6,2,33,158,control,,0
44,SonarSource/sonar-xml,2026-01,24313,0,2025-12,1,1,15.0,0.0,1.0,0.0,16.0,21.0,3592.0,3.592,4.454343,4.175947,0.0,0.278396,0.0,0.6667,0.6667,0.5315,0.4579,,6,3,33,158,control,,0
44,SonarSource/sonar-xml,2026-02,24314,0,2025-12,1,2,15.0,0.0,1.0,0.0,16.0,21.0,3649.0,3.649,4.384763,4.110715,0.0,0.274048,0.0,0.6667,0.6667,0.5315,0.4579,,11,6,33,158,control,,0
44,SonarSource/sonar-xml,2026-03,24315,0,2025-12,1,3,15.0,0.0,1.0,0.0,16.0,21.0,3649.0,3.649,4.384763,4.110715,0.0,0.274048,0.0,0.6667,0.6667,0.5315,0.4579,,7,4,33,158,control,,0
44,SonarSource/sonar-xml,2026-04,24316,0,2025-12,1,4,15.0,0.0,1.0,0.0,16.0,21.0,3640.0,3.64,4.395604,4.120879,0.0,0.274725,0.0,0.6667,0.6667,0.5315,0.4579,,0,0,33,158,control,,0
44,SonarSource/sonar-xml,2026-05,24317,0,2025-12,1,5,15.0,0.0,1.0,0.0,16.0,21.0,3640.0,3.64,4.395604,4.120879,0.0,0.274725,0.0,0.6667,0.6667,0.5315,0.4579,,0,0,33,158,control,,0
44,SonarSource/sonar-xml,2026-06,24318,0,2025-12,1,6,15.0,0.0,1.0,0.0,16.0,21.0,3640.0,3.64,4.395604,4.120879,0.0,0.274725,0.0,0.6667,0.6667,0.5315,0.4579,,0,0,33,158,control,,0
45,salesforce/multicloudj,2025-05,24305,1,2025-10,0,-5,6.0,0.0,4.0,0.0,10.0,35.0,14894.0,14.894,0.671411,0.402847,0.0,0.268565,0.0,3.2,3.2,0.5928,0.3083,,30,4,72,11,claude_code,file_add,1
45,salesforce/multicloudj,2025-06,24306,1,2025-10,0,-4,6.0,0.0,4.0,0.0,10.0,40.0,17107.0,17.107,0.584556,0.350734,0.0,0.233822,0.0,3.2,3.2,0.5968,0.3201,,12,4,72,11,claude_code,file_add,1
45,salesforce/multicloudj,2025-07,24307,1,2025-10,0,-3,6.0,0.0,5.0,0.0,11.0,41.0,20134.0,20.134,0.54634,0.298003,0.0,0.248336,0.0,3.5366,3.5366,0.6128,0.3013,,11,4,72,11,claude_code,file_add,1
45,salesforce/multicloudj,2025-08,24308,1,2025-10,0,-2,7.0,0.0,5.0,0.0,12.0,41.0,22637.0,22.637,0.530106,0.309228,0.0,0.220877,0.0,3.6585,3.6585,0.5856,0.3292,,7,3,72,11,claude_code,file_add,1
45,salesforce/multicloudj,2025-09,24309,1,2025-10,0,-1,7.0,0.0,5.0,0.0,12.0,41.0,23025.0,23.025,0.521173,0.304017,0.0,0.217155,0.0,3.6585,3.6585,0.5851,0.3287,,6,2,72,11,claude_code,file_add,1
45,salesforce/multicloudj,2025-10,24310,1,2025-10,1,0,7.0,0.0,5.0,0.0,12.0,41.0,23031.0,23.031,0.521037,0.303938,0.0,0.217099,0.0,3.6585,3.6585,0.5851,0.3287,,39,5,72,11,claude_code,file_add,1
45,salesforce/multicloudj,2025-11,24311,1,2025-10,1,1,9.0,0.0,13.0,0.0,22.0,56.0,29429.0,29.429,0.747562,0.305821,0.0,0.441741,0.0,3.2679,3.2679,0.6277,0.297,,40,8,72,11,claude_code,file_add,1
45,salesforce/multicloudj,2025-12,24312,1,2025-10,1,2,10.0,0.0,4.0,0.0,14.0,60.0,34429.0,34.429,0.406634,0.290453,0.0,0.116181,0.0,3.4833,3.4833,0.6149,0.3085,,57,8,72,11,claude_code,file_add,1
45,salesforce/multicloudj,2026-01,24313,1,2025-10,1,3,10.0,0.0,6.0,0.0,16.0,61.0,36496.0,36.496,0.438404,0.274003,0.0,0.164402,0.0,3.541,3.541,0.6014,0.32,,34,8,72,11,claude_code,file_add,1
45,salesforce/multicloudj,2026-02,24314,1,2025-10,1,4,10.0,0.0,8.0,0.0,18.0,65.0,40491.0,40.491,0.444543,0.246968,0.0,0.197575,0.0,3.4923,3.4923,0.6248,0.3011,,28,8,72,11,claude_code,file_add,1
45,salesforce/multicloudj,2026-03,24315,1,2025-10,1,5,11.0,0.0,4.0,0.0,15.0,77.0,45530.0,45.53,0.329453,0.241599,0.0,0.087854,0.0,3.5455,3.5455,0.6361,0.2929,,11,5,72,11,claude_code,file_add,1
45,salesforce/multicloudj,2026-04,24316,1,2025-10,1,6,12.0,0.0,4.0,0.0,16.0,78.0,49313.0,49.313,0.324458,0.243344,0.0,0.081115,0.0,3.5769,3.5769,0.6381,0.2918,,0,0,72,11,claude_code,file_add,1
46,dougdonohoe/ddpoker,2025-04,24304,0,2025-10,0,-6,471.0,1.0,4.0,3.0,479.0,81.0,97409.0,97.409,4.91741,4.835282,0.010266,0.041064,0.030798,5.2963,5.2963,0.513,0.3601,,6,1,204,19,control,,0
46,dougdonohoe/ddpoker,2025-05,24305,0,2025-10,0,-5,471.0,1.0,4.0,3.0,479.0,81.0,97418.0,97.418,4.916956,4.834835,0.010265,0.04106,0.030795,5.2963,5.2963,0.513,0.3601,,14,3,204,19,control,,0
46,dougdonohoe/ddpoker,2025-06,24306,0,2025-10,0,-4,471.0,1.0,4.0,3.0,479.0,81.0,97418.0,97.418,4.916956,4.834835,0.010265,0.04106,0.030795,5.2963,5.2963,0.513,0.3601,,7,1,204,19,control,,0
46,dougdonohoe/ddpoker,2025-07,24307,0,2025-10,0,-3,471.0,1.0,4.0,3.0,479.0,81.0,97418.0,97.418,4.916956,4.834835,0.010265,0.04106,0.030795,5.2963,5.2963,0.513,0.3601,,14,2,204,19,control,,0
46,dougdonohoe/ddpoker,2025-08,24308,0,2025-10,0,-2,471.0,1.0,4.0,3.0,479.0,81.0,97418.0,97.418,4.916956,4.834835,0.010265,0.04106,0.030795,5.2963,5.2963,0.513,0.3601,,13,2,204,19,control,,0
46,dougdonohoe/ddpoker,2025-09,24309,0,2025-10,0,-1,471.0,1.0,4.0,3.0,479.0,81.0,97418.0,97.418,4.916956,4.834835,0.010265,0.04106,0.030795,5.2963,5.2963,0.513,0.3601,,11,1,204,19,control,,0
46,dougdonohoe/ddpoker,2025-10,24310,0,2025-10,1,0,471.0,1.0,4.0,3.0,479.0,81.0,97418.0,97.418,4.916956,4.834835,0.010265,0.04106,0.030795,5.2963,5.2963,0.513,0.3601,,10,1,204,19,control,,0
46,dougdonohoe/ddpoker,2025-11,24311,0,2025-10,1,1,471.0,1.0,4.0,3.0,479.0,81.0,97418.0,97.418,4.916956,4.834835,0.010265,0.04106,0.030795,5.2963,5.2963,0.513,0.3601,,19,3,204,19,control,,0
46,dougdonohoe/ddpoker,2025-12,24312,0,2025-10,1,2,473.0,1.0,4.0,3.0,481.0,81.0,97394.0,97.394,4.938703,4.856562,0.010268,0.04107,0.030803,5.2963,5.2963,0.5138,0.361,,14,3,204,19,control,,0
46,dougdonohoe/ddpoker,2026-01,24313,0,2025-10,1,3,473.0,1.0,4.0,3.0,481.0,81.0,97394.0,97.394,4.938703,4.856562,0.010268,0.04107,0.030803,5.2963,5.2963,0.5138,0.361,,4,3,204,19,control,,0
46,dougdonohoe/ddpoker,2026-02,24314,0,2025-10,1,4,473.0,1.0,4.0,3.0,481.0,81.0,97394.0,97.394,4.938703,4.856562,0.010268,0.04107,0.030803,5.2963,5.2963,0.5138,0.361,,12,2,204,19,control,,0
46,dougdonohoe/ddpoker,2026-03,24315,0,2025-10,1,5,473.0,1.0,4.0,3.0,481.0,81.0,97393.0,97.393,4.938753,4.856612,0.010268,0.041071,0.030803,5.284,5.284,0.5128,0.3599,,3,1,204,19,control,,0
46,dougdonohoe/ddpoker,2026-04,24316,0,2025-10,1,6,473.0,1.0,4.0,3.0,481.0,81.0,97393.0,97.393,4.938753,4.856612,0.010268,0.041071,0.030803,5.284,5.284,0.5128,0.3599,,0,0,204,19,control,,0
47,baretto-labs/OllamAssist,2025-03,24303,1,2025-09,0,-6,7.0,0.0,2.0,0.0,9.0,15.0,2417.0,2.417,3.723624,2.896152,0.0,0.827472,0.0,2.0,2.0,0.7007,0.2159,,18,1,29,14,claude_code,file_add,6
47,baretto-labs/OllamAssist,2025-04,24304,1,2025-09,0,-5,6.0,0.0,3.0,0.0,9.0,15.0,3131.0,3.131,2.874481,1.916321,0.0,0.95816,0.0,2.2,2.2,0.6674,0.2462,,6,2,29,14,claude_code,file_add,6
47,baretto-labs/OllamAssist,2025-05,24305,1,2025-09,0,-4,4.0,0.0,3.0,0.0,7.0,15.0,3127.0,3.127,2.238567,1.279181,0.0,0.959386,0.0,2.1333,2.1333,0.6741,0.2396,,2,2,29,14,claude_code,file_add,6
47,baretto-labs/OllamAssist,2025-06,24306,1,2025-09,0,-3,4.0,0.0,3.0,0.0,7.0,16.0,3433.0,3.433,2.039033,1.165162,0.0,0.873871,0.0,2.125,2.125,0.6849,0.2341,,9,2,29,14,claude_code,file_add,6
47,baretto-labs/OllamAssist,2025-07,24307,1,2025-09,0,-2,4.0,0.0,2.0,0.0,6.0,17.0,3670.0,3.67,1.634877,1.089918,0.0,0.544959,0.0,2.1176,2.1176,0.6977,0.2187,,4,3,29,14,claude_code,file_add,6
47,baretto-labs/OllamAssist,2025-08,24308,1,2025-09,0,-1,4.0,0.0,2.0,0.0,6.0,17.0,3782.0,3.782,1.586462,1.057641,0.0,0.528821,0.0,2.2353,2.2353,0.6965,0.2199,,12,2,29,14,claude_code,file_add,6
47,baretto-labs/OllamAssist,2025-09,24309,1,2025-09,1,0,4.0,0.0,2.0,0.0,6.0,20.0,4644.0,4.644,1.29199,0.861326,0.0,0.430663,0.0,2.2,2.2,0.6992,0.2321,,8,2,29,14,claude_code,file_add,6
47,baretto-labs/OllamAssist,2025-10,24310,1,2025-09,1,1,4.0,0.0,3.0,0.0,7.0,26.0,6862.0,6.862,1.020111,0.58292,0.0,0.43719,0.0,1.8077,1.8077,0.7685,0.1741,,7,4,29,14,claude_code,file_add,6
47,baretto-labs/OllamAssist,2025-11,24311,1,2025-09,1,2,8.0,0.0,3.0,0.0,11.0,31.0,7194.0,7.194,1.529052,1.112038,0.0,0.417014,0.0,1.871,1.871,0.7547,0.2021,,6,2,29,14,claude_code,file_add,6
47,baretto-labs/OllamAssist,2025-12,24312,1,2025-09,1,3,8.0,1.0,4.0,0.0,13.0,39.0,9006.0,9.006,1.443482,0.888297,0.111037,0.444148,0.0,1.9744,1.9744,0.7587,0.1752,,3,2,29,14,claude_code,file_add,6
47,baretto-labs/OllamAssist,2026-01,24313,1,2025-09,1,4,8.0,1.0,4.0,0.0,13.0,39.0,9024.0,9.024,1.440603,0.886525,0.110816,0.443262,0.0,1.9744,1.9744,0.7587,0.1752,,3,1,29,14,claude_code,file_add,6
47,baretto-labs/OllamAssist,2026-02,24314,1,2025-09,1,5,8.0,1.0,4.0,0.0,13.0,39.0,9427.0,9.427,1.379018,0.848626,0.106078,0.424313,0.0,1.9744,1.9744,0.7587,0.1752,,1,1,29,14,claude_code,file_add,6
47,baretto-labs/OllamAssist,2026-03,24315,1,2025-09,1,6,8.0,1.0,4.0,0.0,13.0,39.0,9427.0,9.427,1.379018,0.848626,0.106078,0.424313,0.0,1.9744,1.9744,0.7587,0.1752,,0,0,29,14,claude_code,file_add,6
48,clerk/clerk-sdk-java,2025-03,24303,0,2025-09,0,-6,5.0,0.0,2.0,2.0,9.0,11.0,65751.0,65.751,0.13688,0.076044,0.0,0.030418,0.030418,1.2727,1.2727,0.6671,0.3358,,29,6,42,21,control,,0
48,clerk/clerk-sdk-java,2025-04,24304,0,2025-09,0,-5,7.0,0.0,3.0,2.0,12.0,11.0,79295.0,79.295,0.151334,0.088278,0.0,0.037833,0.025222,1.3636,1.3636,0.6834,0.318,,0,0,42,21,control,,0
48,clerk/clerk-sdk-java,2025-05,24305,0,2025-09,0,-4,7.0,0.0,3.0,2.0,12.0,11.0,79295.0,79.295,0.151334,0.088278,0.0,0.037833,0.025222,1.3636,1.3636,0.6834,0.318,,10,2,42,21,control,,0
48,clerk/clerk-sdk-java,2025-06,24306,0,2025-09,0,-3,8.0,0.0,3.0,2.0,13.0,11.0,80128.0,80.128,0.16224,0.09984,0.0,0.03744,0.02496,1.3636,1.3636,0.6833,0.3182,,23,3,42,21,control,,0
48,clerk/clerk-sdk-java,2025-07,24307,0,2025-09,0,-2,9.0,0.0,3.0,3.0,15.0,15.0,82050.0,82.05,0.182815,0.109689,0.0,0.036563,0.036563,1.4,1.4,0.6628,0.3254,,7,3,42,21,control,,0
48,clerk/clerk-sdk-java,2025-08,24308,0,2025-09,0,-1,10.0,0.0,17.0,3.0,30.0,16.0,83503.0,83.503,0.359269,0.119756,0.0,0.203585,0.035927,1.75,1.75,0.6339,0.3523,,2,2,42,21,control,,0
48,clerk/clerk-sdk-java,2025-09,24309,0,2025-09,1,0,16.0,0.0,5.0,3.0,24.0,16.0,104168.0,104.168,0.230397,0.153598,0.0,0.047999,0.0288,1.75,1.75,0.6347,0.3505,,2,2,42,21,control,,0
48,clerk/clerk-sdk-java,2025-10,24310,0,2025-09,1,1,16.0,0.0,5.0,3.0,24.0,16.0,104231.0,104.231,0.230258,0.153505,0.0,0.04797,0.028782,1.75,1.75,0.6347,0.3505,,1,1,42,21,control,,0
48,clerk/clerk-sdk-java,2025-11,24311,0,2025-09,1,2,17.0,0.0,5.0,3.0,25.0,16.0,104283.0,104.283,0.239732,0.163018,0.0,0.047946,0.028768,1.8125,1.8125,0.6334,0.3563,,6,4,42,21,control,,0
48,clerk/clerk-sdk-java,2025-12,24312,0,2025-09,1,3,39.0,0.0,12.0,3.0,54.0,17.0,106160.0,106.16,0.508666,0.36737,0.0,0.113037,0.028259,1.7647,1.7647,0.598,0.3884,,3,2,42,21,control,,0
48,clerk/clerk-sdk-java,2026-01,24313,0,2025-09,1,4,44.0,0.0,13.0,3.0,60.0,17.0,122371.0,122.371,0.490312,0.359562,0.0,0.106234,0.024516,1.7647,1.7647,0.5979,0.3898,,2,2,42,21,control,,0
48,clerk/clerk-sdk-java,2026-02,24314,0,2025-09,1,5,44.0,0.0,13.0,3.0,60.0,17.0,123132.0,123.132,0.487282,0.35734,0.0,0.105578,0.024364,1.7647,1.7647,0.5979,0.3898,,1,1,42,21,control,,0
48,clerk/clerk-sdk-java,2026-03,24315,0,2025-09,1,6,44.0,0.0,5.0,3.0,52.0,17.0,131956.0,131.956,0.394071,0.333444,0.0,0.037891,0.022735,1.7647,1.7647,0.598,0.3897,,6,3,42,21,control,,0
49,caoccao/Javet,2025-03,24303,1,2025-09,0,-6,333.0,4.0,15.0,0.0,352.0,35.0,22957.0,22.957,15.333014,14.50538,0.174239,0.653395,0.0,8.1714,8.1714,0.5764,0.2691,,0,0,942,62,claude_code,file_add,1
49,caoccao/Javet,2025-04,24304,1,2025-09,0,-5,333.0,4.0,15.0,0.0,352.0,35.0,22957.0,22.957,15.333014,14.50538,0.174239,0.653395,0.0,8.1714,8.1714,0.5764,0.2691,,3,1,942,62,claude_code,file_add,1
49,caoccao/Javet,2025-05,24305,1,2025-09,0,-4,333.0,4.0,15.0,0.0,352.0,35.0,22964.0,22.964,15.32834,14.500958,0.174186,0.653196,0.0,8.1714,8.1714,0.5764,0.2691,,3,1,942,62,claude_code,file_add,1
49,caoccao/Javet,2025-06,24306,1,2025-09,0,-3,333.0,4.0,15.0,0.0,352.0,35.0,22972.0,22.972,15.323002,14.495908,0.174125,0.652969,0.0,8.1714,8.1714,0.5763,0.2693,,1,1,942,62,claude_code,file_add,1
49,caoccao/Javet,2025-07,24307,1,2025-09,0,-2,333.0,4.0,15.0,0.0,352.0,35.0,22972.0,22.972,15.323002,14.495908,0.174125,0.652969,0.0,8.1714,8.1714,0.5763,0.2693,,0,0,942,62,claude_code,file_add,1
49,caoccao/Javet,2025-08,24308,1,2025-09,0,-1,333.0,4.0,15.0,0.0,352.0,35.0,22972.0,22.972,15.323002,14.495908,0.174125,0.652969,0.0,8.1714,8.1714,0.5763,0.2693,,1,1,942,62,claude_code,file_add,1
49,caoccao/Javet,2025-09,24309,1,2025-09,1,0,333.0,4.0,15.0,0.0,352.0,35.0,23052.0,23.052,15.269825,14.445601,0.173521,0.650703,0.0,8.2,8.2,0.5758,0.2683,,2,1,942,62,claude_code,file_add,1
49,caoccao/Javet,2025-10,24310,1,2025-09,1,1,333.0,4.0,15.0,0.0,352.0,35.0,23052.0,23.052,15.269825,14.445601,0.173521,0.650703,0.0,8.2,8.2,0.5758,0.2683,,2,1,942,62,claude_code,file_add,1
49,caoccao/Javet,2025-11,24311,1,2025-09,1,2,333.0,4.0,15.0,0.0,352.0,35.0,23041.0,23.041,15.277115,14.452498,0.173604,0.651013,0.0,8.2,8.2,0.5758,0.2683,,2,1,942,62,claude_code,file_add,1
49,caoccao/Javet,2025-12,24312,1,2025-09,1,3,333.0,4.0,15.0,0.0,352.0,35.0,23342.0,23.342,15.080113,14.26613,0.171365,0.642618,0.0,8.2,8.2,0.5765,0.2675,,3,1,942,62,claude_code,file_add,1
49,caoccao/Javet,2026-01,24313,1,2025-09,1,4,333.0,4.0,15.0,0.0,352.0,35.0,23342.0,23.342,15.080113,14.26613,0.171365,0.642618,0.0,8.2,8.2,0.5765,0.2675,,4,2,942,62,claude_code,file_add,1
49,caoccao/Javet,2026-02,24314,1,2025-09,1,5,333.0,4.0,15.0,0.0,352.0,35.0,23432.0,23.432,15.022192,14.211335,0.170707,0.64015,0.0,8.2,8.2,0.5765,0.2675,,2,2,942,62,claude_code,file_add,1
49,caoccao/Javet,2026-03,24315,1,2025-09,1,6,333.0,4.0,15.0,0.0,352.0,35.0,23437.0,23.437,15.018987,14.208303,0.17067,0.640014,0.0,8.2,8.2,0.5765,0.2675,,1,1,942,62,claude_code,file_add,1
50,standard-webhooks/standard-webhooks,2025-03,24303,0,2025-09,0,-6,0.0,0.0,0.0,0.0,0.0,3.0,176.0,0.176,0.0,0.0,0.0,0.0,0.0,0.3333,0.3333,0.6667,0.3333,,1,1,1616,31,control,,0
50,standard-webhooks/standard-webhooks,2025-04,24304,0,2025-09,0,-5,0.0,0.0,0.0,0.0,0.0,3.0,176.0,0.176,0.0,0.0,0.0,0.0,0.0,0.3333,0.3333,0.6667,0.3333,,0,0,1616,31,control,,0
50,standard-webhooks/standard-webhooks,2025-05,24305,0,2025-09,0,-4,0.0,0.0,0.0,0.0,0.0,3.0,176.0,0.176,0.0,0.0,0.0,0.0,0.0,0.3333,0.3333,0.6667,0.3333,,2,2,1616,31,control,,0
50,standard-webhooks/standard-webhooks,2025-06,24306,0,2025-09,0,-3,0.0,0.0,0.0,0.0,0.0,3.0,176.0,0.176,0.0,0.0,0.0,0.0,0.0,0.3333,0.3333,0.6667,0.3333,,0,0,1616,31,control,,0
50,standard-webhooks/standard-webhooks,2025-07,24307,0,2025-09,0,-2,0.0,0.0,0.0,0.0,0.0,3.0,176.0,0.176,0.0,0.0,0.0,0.0,0.0,0.3333,0.3333,0.6667,0.3333,,1,1,1616,31,control,,0
50,standard-webhooks/standard-webhooks,2025-08,24308,0,2025-09,0,-1,0.0,0.0,0.0,0.0,0.0,3.0,176.0,0.176,0.0,0.0,0.0,0.0,0.0,0.3333,0.3333,0.6667,0.3333,,0,0,1616,31,control,,0
50,standard-webhooks/standard-webhooks,2025-09,24309,0,2025-09,1,0,0.0,0.0,0.0,0.0,0.0,3.0,176.0,0.176,0.0,0.0,0.0,0.0,0.0,0.3333,0.3333,0.6667,0.3333,,0,0,1616,31,control,,0
50,standard-webhooks/standard-webhooks,2025-10,24310,0,2025-09,1,1,0.0,0.0,0.0,0.0,0.0,3.0,176.0,0.176,0.0,0.0,0.0,0.0,0.0,0.3333,0.3333,0.6667,0.3333,,0,0,1616,31,control,,0
50,standard-webhooks/standard-webhooks,2025-11,24311,0,2025-09,1,2,0.0,0.0,0.0,0.0,0.0,3.0,176.0,0.176,0.0,0.0,0.0,0.0,0.0,0.3333,0.3333,0.6667,0.3333,,0,0,1616,31,control,,0
50,standard-webhooks/standard-webhooks,2025-12,24312,0,2025-09,1,3,0.0,0.0,0.0,0.0,0.0,3.0,176.0,0.176,0.0,0.0,0.0,0.0,0.0,0.3333,0.3333,0.6667,0.3333,,1,1,1616,31,control,,0
50,standard-webhooks/standard-webhooks,2026-01,24313,0,2025-09,1,4,0.0,0.0,0.0,0.0,0.0,3.0,176.0,0.176,0.0,0.0,0.0,0.0,0.0,0.3333,0.3333,0.6667,0.3333,,2,1,1616,31,control,,0
50,standard-webhooks/standard-webhooks,2026-02,24314,0,2025-09,1,5,0.0,0.0,0.0,0.0,0.0,3.0,277.0,0.277,0.0,0.0,0.0,0.0,0.0,0.3333,0.3333,0.6667,0.381,,6,3,1616,31,control,,0
50,standard-webhooks/standard-webhooks,2026-03,24315,0,2025-09,1,6,0.0,0.0,0.0,0.0,0.0,3.0,277.0,0.277,0.0,0.0,0.0,0.0,0.0,0.3333,0.3333,0.6667,0.381,,1,1,1616,31,control,,0
51,IstiN/dmtools,2024-12,24300,1,2025-06,0,-6,143.0,2.0,6.0,0.0,151.0,71.0,10968.0,10.968,13.767323,13.037929,0.182349,0.547046,0.0,5.3239,5.3239,0.6502,0.286,,16,1,34,31,"aider,claude_code",file_add,85
51,IstiN/dmtools,2025-01,24301,1,2025-06,0,-5,146.0,3.0,4.0,0.0,153.0,75.0,22041.0,22.041,6.941609,6.624019,0.13611,0.18148,0.0,5.2667,5.2667,0.6014,0.3435,,18,1,34,31,"aider,claude_code",file_add,85
51,IstiN/dmtools,2025-02,24302,1,2025-06,0,-4,181.0,2.0,5.0,0.0,188.0,79.0,22931.0,22.931,8.198509,7.893245,0.087218,0.218045,0.0,5.5063,5.5063,0.5891,0.3581,,53,1,34,31,"aider,claude_code",file_add,85
51,IstiN/dmtools,2025-03,24303,1,2025-06,0,-3,179.0,3.0,9.0,0.0,191.0,83.0,25169.0,25.169,7.5887,7.111923,0.119194,0.357583,0.0,5.4337,5.4337,0.5713,0.377,,25,1,34,31,"aider,claude_code",file_add,85
51,IstiN/dmtools,2025-04,24304,1,2025-06,0,-2,229.0,4.0,5.0,0.0,238.0,89.0,28097.0,28.097,8.470655,8.150336,0.142364,0.177955,0.0,5.4944,5.4944,0.5818,0.3632,,22,1,34,31,"aider,claude_code",file_add,85
51,IstiN/dmtools,2025-05,24305,1,2025-06,0,-1,229.0,4.0,4.0,0.0,237.0,96.0,30923.0,30.923,7.664198,7.405491,0.129354,0.129354,0.0,5.3958,5.3958,0.5754,0.3687,,1,1,34,31,"aider,claude_code",file_add,85
51,IstiN/dmtools,2025-06,24306,1,2025-06,1,0,229.0,4.0,4.0,0.0,237.0,96.0,30925.0,30.925,7.663703,7.405012,0.129345,0.129345,0.0,5.3958,5.3958,0.5754,0.3688,,42,1,34,31,"aider,claude_code",file_add,85
51,IstiN/dmtools,2025-07,24307,1,2025-06,1,1,252.0,5.0,6.0,0.0,263.0,119.0,41618.0,41.618,6.319381,6.055072,0.12014,0.144168,0.0,5.1597,5.1597,0.5673,0.3797,,102,1,34,31,"aider,claude_code",file_add,85
51,IstiN/dmtools,2025-08,24308,1,2025-06,1,2,281.0,5.0,5.0,0.0,291.0,129.0,49510.0,49.51,5.8776,5.675621,0.10099,0.10099,0.0,5.1395,5.1395,0.5565,0.3868,,246,4,34,31,"aider,claude_code",file_add,85
51,IstiN/dmtools,2025-09,24309,1,2025-06,1,3,294.0,5.0,7.0,0.0,306.0,138.0,59550.0,59.55,5.138539,4.937028,0.083963,0.117548,0.0,5.1377,5.1377,0.5455,0.3945,,190,2,34,31,"aider,claude_code",file_add,85
51,IstiN/dmtools,2025-10,24310,1,2025-06,1,4,317.0,6.0,7.0,0.0,330.0,144.0,65012.0,65.012,5.075986,4.876023,0.092291,0.107672,0.0,5.1111,5.1111,0.5409,0.4007,,169,3,34,31,"aider,claude_code",file_add,85
51,IstiN/dmtools,2025-11,24311,1,2025-06,1,5,350.0,7.0,6.0,0.0,363.0,157.0,84858.0,84.858,4.277735,4.124537,0.082491,0.070706,0.0,5.2166,5.2166,0.5464,0.4036,,125,4,34,31,"aider,claude_code",file_add,85
51,IstiN/dmtools,2025-12,24312,1,2025-06,1,6,356.0,7.0,3.0,0.0,366.0,161.0,91950.0,91.95,3.980424,3.871669,0.076128,0.032626,0.0,5.2671,5.2671,0.5529,0.3991,,66,4,34,31,"aider,claude_code",file_add,85
52,cryostatio/cryostat,2024-12,24300,0,2025-06,0,-6,35.0,1.0,3.0,0.0,39.0,22.0,17095.0,17.095,2.281369,2.047382,0.058497,0.17549,0.0,3.1818,3.1818,0.5326,0.425,,16,4,42,39,control,,0
52,cryostatio/cryostat,2025-01,24301,0,2025-06,0,-5,44.0,1.0,5.0,0.0,50.0,22.0,17854.0,17.854,2.800493,2.464434,0.05601,0.280049,0.0,3.2727,3.2727,0.5294,0.4203,,42,5,42,39,control,,0
52,cryostatio/cryostat,2025-02,24302,0,2025-06,0,-4,44.0,1.0,5.0,0.0,50.0,22.0,18014.0,18.014,2.775619,2.442545,0.055512,0.277562,0.0,3.2727,3.2727,0.5291,0.4202,,38,3,42,39,control,,0
52,cryostatio/cryostat,2025-03,24303,0,2025-06,0,-3,44.0,1.0,5.0,0.0,50.0,22.0,17359.0,17.359,2.88035,2.534708,0.057607,0.288035,0.0,3.2727,3.2727,0.5335,0.4166,,26,4,42,39,control,,0
52,cryostatio/cryostat,2025-04,24304,0,2025-06,0,-2,44.0,1.0,5.0,0.0,50.0,22.0,17387.0,17.387,2.875712,2.530626,0.057514,0.287571,0.0,3.2727,3.2727,0.5342,0.4159,,17,4,42,39,control,,0
52,cryostatio/cryostat,2025-05,24305,0,2025-06,0,-1,48.0,0.0,6.0,0.0,54.0,22.0,18353.0,18.353,2.942298,2.615376,0.0,0.326922,0.0,3.3182,3.3182,0.5299,0.4104,,15,4,42,39,control,,0
52,cryostatio/cryostat,2025-06,24306,0,2025-06,1,0,48.0,0.0,3.0,0.0,51.0,22.0,18442.0,18.442,2.765427,2.602755,0.0,0.162672,0.0,3.3182,3.3182,0.5318,0.4087,,27,3,42,39,control,,0
52,cryostatio/cryostat,2025-07,24307,0,2025-06,1,1,51.0,0.0,3.0,0.0,54.0,22.0,19699.0,19.699,2.741256,2.588964,0.0,0.152292,0.0,3.4545,3.4545,0.5345,0.396,,56,3,42,39,control,,0
52,cryostatio/cryostat,2025-08,24308,0,2025-06,1,2,51.0,0.0,3.0,0.0,54.0,24.0,20092.0,20.092,2.687637,2.538324,0.0,0.149313,0.0,3.3333,3.3333,0.5544,0.3787,,40,4,42,39,control,,0
52,cryostatio/cryostat,2025-09,24309,0,2025-06,1,3,61.0,1.0,5.0,0.0,67.0,25.0,20724.0,20.724,3.232967,2.943447,0.048253,0.241266,0.0,3.44,3.44,0.5643,0.3727,,69,5,42,39,control,,0
52,cryostatio/cryostat,2025-10,24310,0,2025-06,1,4,62.0,1.0,3.0,0.0,66.0,27.0,21570.0,21.57,3.059805,2.874363,0.046361,0.139082,0.0,3.2963,3.2963,0.5493,0.3916,,46,5,42,39,control,,0
52,cryostatio/cryostat,2025-11,24311,0,2025-06,1,5,65.0,1.0,3.0,0.0,69.0,27.0,21941.0,21.941,3.144797,2.96249,0.045577,0.13673,0.0,3.2963,3.2963,0.5474,0.381,,57,4,42,39,control,,0
52,cryostatio/cryostat,2025-12,24312,0,2025-06,1,6,63.0,1.0,3.0,0.0,67.0,27.0,22475.0,22.475,2.98109,2.803115,0.044494,0.133482,0.0,3.2963,3.2963,0.5441,0.3842,,48,4,42,39,control,,0
53,opentripplanner/OpenTripPlanner,2025-04,24304,1,2025-10,0,-6,,,,,,,,,,,,,,,,,,,290,16,2564,176,claude_code,file_add,3
53,opentripplanner/OpenTripPlanner,2025-05,24305,1,2025-10,0,-5,,,,,,,,,,,,,,,,,,,291,19,2564,176,claude_code,file_add,3
53,opentripplanner/OpenTripPlanner,2025-06,24306,1,2025-10,0,-4,,,,,,,,,,,,,,,,,,,268,13,2564,176,claude_code,file_add,3
53,opentripplanner/OpenTripPlanner,2025-07,24307,1,2025-10,0,-3,,,,,,,,,,,,,,,,,,,250,18,2564,176,claude_code,file_add,3
53,opentripplanner/OpenTripPlanner,2025-08,24308,1,2025-10,0,-2,,,,,,,,,,,,,,,,,,,324,22,2564,176,claude_code,file_add,3
53,opentripplanner/OpenTripPlanner,2025-09,24309,1,2025-10,0,-1,,,,,,,,,,,,,,,,,,,361,29,2564,176,claude_code,file_add,3
53,opentripplanner/OpenTripPlanner,2025-10,24310,1,2025-10,1,0,,,,,,,,,,,,,,,,,,,587,30,2564,176,claude_code,file_add,3
53,opentripplanner/OpenTripPlanner,2025-11,24311,1,2025-10,1,1,,,,,,,,,,,,,,,,,,,406,24,2564,176,claude_code,file_add,3
53,opentripplanner/OpenTripPlanner,2025-12,24312,1,2025-10,1,2,,,,,,,,,,,,,,,,,,,248,23,2564,176,claude_code,file_add,3
53,opentripplanner/OpenTripPlanner,2026-01,24313,1,2025-10,1,3,,,,,,,,,,,,,,,,,,,390,27,2564,176,claude_code,file_add,3
53,opentripplanner/OpenTripPlanner,2026-02,24314,1,2025-10,1,4,,,,,,,,,,,,,,,,,,,303,21,2564,176,claude_code,file_add,3
53,opentripplanner/OpenTripPlanner,2026-03,24315,1,2025-10,1,5,,,,,,,,,,,,,,,,,,,60,13,2564,176,claude_code,file_add,3
53,opentripplanner/OpenTripPlanner,2026-04,24316,1,2025-10,1,6,,,,,,,,,,,,,,,,,,,0,0,2564,176,claude_code,file_add,3
55,oraxen/oraxen,2025-02,24302,1,2025-08,0,-6,706.0,7.0,6.0,0.0,719.0,120.0,20613.0,20.613,34.8809,34.25023,0.339592,0.291078,0.0,5.45,5.45,0.6997,0.2829,,4,2,695,79,cursor,file_add,64
55,oraxen/oraxen,2025-03,24303,1,2025-08,0,-5,706.0,7.0,6.0,0.0,719.0,120.0,20626.0,20.626,34.858916,34.228643,0.339377,0.290895,0.0,5.45,5.45,0.6997,0.2829,,1,1,695,79,cursor,file_add,64
55,oraxen/oraxen,2025-04,24304,1,2025-08,0,-4,706.0,7.0,6.0,0.0,719.0,120.0,20626.0,20.626,34.858916,34.228643,0.339377,0.290895,0.0,5.45,5.45,0.6997,0.2829,,6,1,695,79,cursor,file_add,64
55,oraxen/oraxen,2025-05,24305,1,2025-08,0,-3,706.0,7.0,7.0,0.0,720.0,121.0,21508.0,21.508,33.475916,32.824995,0.32546,0.32546,0.0,5.4876,5.4876,0.7029,0.2799,,0,0,695,79,cursor,file_add,64
55,oraxen/oraxen,2025-06,24306,1,2025-08,0,-2,706.0,7.0,7.0,0.0,720.0,121.0,21508.0,21.508,33.475916,32.824995,0.32546,0.32546,0.0,5.4876,5.4876,0.7029,0.2799,,0,0,695,79,cursor,file_add,64
55,oraxen/oraxen,2025-07,24307,1,2025-08,0,-1,706.0,7.0,7.0,0.0,720.0,121.0,21508.0,21.508,33.475916,32.824995,0.32546,0.32546,0.0,5.4876,5.4876,0.7029,0.2799,,3,1,695,79,cursor,file_add,64
55,oraxen/oraxen,2025-08,24308,1,2025-08,1,0,706.0,7.0,5.0,0.0,718.0,122.0,22127.0,22.127,32.449044,31.90672,0.316356,0.225968,0.0,5.5,5.5,0.705,0.2778,,21,4,695,79,cursor,file_add,64
55,oraxen/oraxen,2025-09,24309,1,2025-08,1,1,713.0,7.0,7.0,0.0,727.0,132.0,22511.0,22.511,32.295322,31.673404,0.310959,0.310959,0.0,5.2348,5.2348,0.7189,0.2633,,17,3,695,79,cursor,file_add,64
55,oraxen/oraxen,2025-10,24310,1,2025-08,1,2,713.0,7.0,7.0,0.0,727.0,132.0,22545.0,22.545,32.246618,31.625638,0.31049,0.31049,0.0,5.2348,5.2348,0.7187,0.2635,,12,2,695,79,cursor,file_add,64
55,oraxen/oraxen,2025-11,24311,1,2025-08,1,3,715.0,7.0,7.0,0.0,729.0,134.0,23232.0,23.232,31.379132,30.776515,0.301309,0.301309,0.0,5.2239,5.2239,0.719,0.261,,21,2,695,79,cursor,file_add,64
55,oraxen/oraxen,2025-12,24312,1,2025-08,1,4,720.0,7.0,7.0,0.0,734.0,135.0,23359.0,23.359,31.422578,30.823237,0.29967,0.29967,0.0,5.237,5.237,0.7204,0.2601,,220,5,695,79,cursor,file_add,64
55,oraxen/oraxen,2026-01,24313,1,2025-08,1,5,769.0,7.0,7.0,0.0,783.0,155.0,32873.0,32.873,23.81894,23.393058,0.212941,0.212941,0.0,5.329,5.329,0.7458,0.2377,,136,8,695,79,cursor,file_add,64
55,oraxen/oraxen,2026-02,24314,1,2025-08,1,6,796.0,7.0,14.0,0.0,817.0,163.0,34809.0,34.809,23.470941,22.867649,0.201097,0.402195,0.0,5.2577,5.2577,0.7538,0.2284,,120,8,695,79,cursor,file_add,64
56,GoogleCloudPlatform/spring-cloud-gcp,2025-02,24302,0,2025-08,0,-6,60.0,1.0,8.0,2.0,71.0,490.0,131337.0,131.337,0.540594,0.45684,0.007614,0.060912,0.015228,2.4939,2.4939,0.8794,0.0984,,28,5,519,71,control,,0
56,GoogleCloudPlatform/spring-cloud-gcp,2025-03,24303,0,2025-08,0,-5,60.0,1.0,8.0,2.0,71.0,490.0,132337.0,132.337,0.536509,0.453388,0.007556,0.060452,0.015113,2.4939,2.4939,0.8794,0.0984,,25,7,519,71,control,,0
56,GoogleCloudPlatform/spring-cloud-gcp,2025-04,24304,0,2025-08,0,-4,60.0,1.0,9.0,2.0,72.0,488.0,132457.0,132.457,0.543573,0.452977,0.00755,0.067947,0.015099,2.4918,2.4918,0.8769,0.1009,,5,5,519,71,control,,0
56,GoogleCloudPlatform/spring-cloud-gcp,2025-05,24305,0,2025-08,0,-3,60.0,1.0,9.0,2.0,72.0,488.0,132449.0,132.449,0.543605,0.453005,0.00755,0.067951,0.0151,2.4918,2.4918,0.8769,0.1009,,17,6,519,71,control,,0
56,GoogleCloudPlatform/spring-cloud-gcp,2025-06,24306,0,2025-08,0,-2,60.0,1.0,9.0,2.0,72.0,486.0,133397.0,133.397,0.539742,0.449785,0.007496,0.067468,0.014993,2.4897,2.4897,0.8764,0.1013,,12,6,519,71,control,,0
56,GoogleCloudPlatform/spring-cloud-gcp,2025-07,24307,0,2025-08,0,-1,60.0,1.0,9.0,2.0,72.0,487.0,135474.0,135.474,0.531467,0.442889,0.007381,0.066433,0.014763,2.4867,2.4867,0.8763,0.1013,,22,8,519,71,control,,0
56,GoogleCloudPlatform/spring-cloud-gcp,2025-08,24308,0,2025-08,1,0,60.0,1.0,9.0,2.0,72.0,488.0,136011.0,136.011,0.529369,0.441141,0.007352,0.066171,0.014705,2.4836,2.4836,0.8765,0.1011,,22,10,519,71,control,,0
56,GoogleCloudPlatform/spring-cloud-gcp,2025-09,24309,0,2025-08,1,1,60.0,1.0,9.0,2.0,72.0,491.0,139892.0,139.892,0.514683,0.428902,0.007148,0.064335,0.014297,2.4827,2.4827,0.8753,0.102,,13,5,519,71,control,,0
56,GoogleCloudPlatform/spring-cloud-gcp,2025-10,24310,0,2025-08,1,2,61.0,1.0,9.0,2.0,73.0,491.0,141676.0,141.676,0.51526,0.43056,0.007058,0.063525,0.014117,2.4868,2.4868,0.8751,0.1022,,17,7,519,71,control,,0
56,GoogleCloudPlatform/spring-cloud-gcp,2025-11,24311,0,2025-08,1,3,61.0,1.0,9.0,2.0,73.0,491.0,142238.0,142.238,0.513224,0.428859,0.00703,0.063274,0.014061,2.4868,2.4868,0.8751,0.1022,,3,2,519,71,control,,0
56,GoogleCloudPlatform/spring-cloud-gcp,2025-12,24312,0,2025-08,1,4,61.0,1.0,9.0,2.0,73.0,491.0,142236.0,142.236,0.513232,0.428865,0.007031,0.063275,0.014061,2.4868,2.4868,0.8751,0.1022,,5,3,519,71,control,,0
56,GoogleCloudPlatform/spring-cloud-gcp,2026-01,24313,0,2025-08,1,5,61.0,1.0,9.0,2.0,73.0,491.0,143815.0,143.815,0.507597,0.424156,0.006953,0.06258,0.013907,2.4868,2.4868,0.8751,0.1022,,6,4,519,71,control,,0
56,GoogleCloudPlatform/spring-cloud-gcp,2026-02,24314,0,2025-08,1,6,61.0,1.0,9.0,2.0,73.0,491.0,144202.0,144.202,0.506234,0.423018,0.006935,0.062412,0.013869,2.4847,2.4847,0.8752,0.1023,,12,3,519,71,control,,0
57,bloxbean/cardano-client-lib,2025-04,24304,1,2025-10,0,-6,137.0,4.0,10.0,0.0,151.0,142.0,58823.0,58.823,2.567023,2.329021,0.068001,0.170002,0.0,6.5775,6.5775,0.544,0.428,,1,1,129,59,claude_code,file_add,22
57,bloxbean/cardano-client-lib,2025-05,24305,1,2025-10,0,-5,137.0,4.0,10.0,0.0,151.0,142.0,58830.0,58.83,2.566718,2.328744,0.067993,0.169981,0.0,6.5775,6.5775,0.544,0.428,,1,1,129,59,claude_code,file_add,22
57,bloxbean/cardano-client-lib,2025-06,24306,1,2025-10,0,-4,137.0,4.0,10.0,0.0,151.0,142.0,58915.0,58.915,2.563015,2.325384,0.067894,0.169736,0.0,6.5775,6.5775,0.544,0.428,,8,2,129,59,claude_code,file_add,22
57,bloxbean/cardano-client-lib,2025-07,24307,1,2025-10,0,-3,137.0,4.0,10.0,0.0,151.0,142.0,58926.0,58.926,2.562536,2.32495,0.067882,0.169704,0.0,6.5775,6.5775,0.544,0.428,,4,2,129,59,claude_code,file_add,22
57,bloxbean/cardano-client-lib,2025-08,24308,1,2025-10,0,-2,137.0,4.0,10.0,0.0,151.0,142.0,58926.0,58.926,2.562536,2.32495,0.067882,0.169704,0.0,6.5775,6.5775,0.544,0.428,,2,2,129,59,claude_code,file_add,22
57,bloxbean/cardano-client-lib,2025-09,24309,1,2025-10,0,-1,137.0,4.0,10.0,0.0,151.0,142.0,58977.0,58.977,2.56032,2.322939,0.067823,0.169558,0.0,6.5775,6.5775,0.5442,0.4281,,8,3,129,59,claude_code,file_add,22
57,bloxbean/cardano-client-lib,2025-10,24310,1,2025-10,1,0,137.0,4.0,10.0,0.0,151.0,142.0,59242.0,59.242,2.548867,2.312549,0.06752,0.168799,0.0,6.5775,6.5775,0.5443,0.4279,,9,4,129,59,claude_code,file_add,22
57,bloxbean/cardano-client-lib,2025-11,24311,1,2025-10,1,1,173.0,6.0,6.0,1.0,186.0,191.0,79966.0,79.966,2.325989,2.163419,0.075032,0.075032,0.012505,6.0942,6.0942,0.532,0.4266,,5,1,129,59,claude_code,file_add,22
57,bloxbean/cardano-client-lib,2025-12,24312,1,2025-10,1,2,177.0,6.0,8.0,1.0,192.0,191.0,80995.0,80.995,2.370517,2.18532,0.074079,0.098772,0.012346,6.1571,6.1571,0.5331,0.4255,,0,0,129,59,claude_code,file_add,22
57,bloxbean/cardano-client-lib,2026-01,24313,1,2025-10,1,3,177.0,6.0,8.0,1.0,192.0,191.0,80995.0,80.995,2.370517,2.18532,0.074079,0.098772,0.012346,6.1571,6.1571,0.5331,0.4255,,13,3,129,59,claude_code,file_add,22
57,bloxbean/cardano-client-lib,2026-02,24314,1,2025-10,1,4,176.0,7.0,8.0,1.0,192.0,190.0,80396.0,80.396,2.388179,2.189164,0.087069,0.099507,0.012438,6.1526,6.1526,0.5327,0.426,,72,5,129,59,claude_code,file_add,22
57,bloxbean/cardano-client-lib,2026-03,24315,1,2025-10,1,5,183.0,6.0,7.0,1.0,197.0,210.0,99635.0,99.635,1.977217,1.836704,0.06022,0.070256,0.010037,6.081,6.081,0.5423,0.4173,,22,5,129,59,claude_code,file_add,22
57,bloxbean/cardano-client-lib,2026-04,24316,1,2025-10,1,6,185.0,7.0,12.0,1.0,205.0,214.0,101447.0,101.447,2.02076,1.823612,0.069002,0.118288,0.009857,6.0935,6.0935,0.542,0.4204,,0,0,129,59,claude_code,file_add,22
58,GoogleCloudPlatform/jit-groups,2025-04,24304,0,2025-10,0,-6,26.0,0.0,3.0,0.0,29.0,16.0,18587.0,18.587,1.56023,1.398827,0.0,0.161403,0.0,4.5,4.5,0.5587,0.2986,,15,2,284,49,control,,0
58,GoogleCloudPlatform/jit-groups,2025-05,24305,0,2025-10,0,-5,26.0,0.0,3.0,0.0,29.0,16.0,18587.0,18.587,1.56023,1.398827,0.0,0.161403,0.0,4.5,4.5,0.5587,0.2986,,13,2,284,49,control,,0
58,GoogleCloudPlatform/jit-groups,2025-06,24306,0,2025-10,0,-4,26.0,0.0,3.0,0.0,29.0,16.0,18587.0,18.587,1.56023,1.398827,0.0,0.161403,0.0,4.5,4.5,0.5587,0.2986,,7,1,284,49,control,,0
58,GoogleCloudPlatform/jit-groups,2025-07,24307,0,2025-10,0,-3,26.0,0.0,3.0,0.0,29.0,16.0,18587.0,18.587,1.56023,1.398827,0.0,0.161403,0.0,4.5,4.5,0.5587,0.2986,,20,2,284,49,control,,0
58,GoogleCloudPlatform/jit-groups,2025-08,24308,0,2025-10,0,-2,26.0,0.0,3.0,0.0,29.0,19.0,18860.0,18.86,1.537646,1.378579,0.0,0.159067,0.0,3.7895,3.7895,0.6284,0.2514,,6,1,284,49,control,,0
58,GoogleCloudPlatform/jit-groups,2025-09,24309,0,2025-10,0,-1,26.0,0.0,3.0,0.0,29.0,19.0,18860.0,18.86,1.537646,1.378579,0.0,0.159067,0.0,3.7895,3.7895,0.6284,0.2514,,8,1,284,49,control,,0
58,GoogleCloudPlatform/jit-groups,2025-10,24310,0,2025-10,1,0,26.0,0.0,3.0,0.0,29.0,19.0,18860.0,18.86,1.537646,1.378579,0.0,0.159067,0.0,3.7895,3.7895,0.6284,0.2514,,11,1,284,49,control,,0
58,GoogleCloudPlatform/jit-groups,2025-11,24311,0,2025-10,1,1,26.0,0.0,3.0,0.0,29.0,19.0,18860.0,18.86,1.537646,1.378579,0.0,0.159067,0.0,3.7895,3.7895,0.6284,0.2514,,4,1,284,49,control,,0
58,GoogleCloudPlatform/jit-groups,2025-12,24312,0,2025-10,1,2,26.0,0.0,3.0,0.0,29.0,19.0,18860.0,18.86,1.537646,1.378579,0.0,0.159067,0.0,3.7895,3.7895,0.6284,0.2514,,16,1,284,49,control,,0
58,GoogleCloudPlatform/jit-groups,2026-01,24313,0,2025-10,1,3,26.0,0.0,3.0,0.0,29.0,19.0,18860.0,18.86,1.537646,1.378579,0.0,0.159067,0.0,3.7895,3.7895,0.6284,0.2514,,3,1,284,49,control,,0
58,GoogleCloudPlatform/jit-groups,2026-02,24314,0,2025-10,1,4,26.0,0.0,3.0,0.0,29.0,19.0,18860.0,18.86,1.537646,1.378579,0.0,0.159067,0.0,3.7895,3.7895,0.6284,0.2514,,2,1,284,49,control,,0
58,GoogleCloudPlatform/jit-groups,2026-03,24315,0,2025-10,1,5,26.0,0.0,3.0,0.0,29.0,19.0,18860.0,18.86,1.537646,1.378579,0.0,0.159067,0.0,3.7895,3.7895,0.6284,0.2514,,4,1,284,49,control,,0
58,GoogleCloudPlatform/jit-groups,2026-04,24316,0,2025-10,1,6,26.0,0.0,3.0,0.0,29.0,19.0,18860.0,18.86,1.537646,1.378579,0.0,0.159067,0.0,3.7895,3.7895,0.6284,0.2514,,0,0,284,49,control,,0
59,remsfal/remsfal-backend,2025-01,24301,1,2025-07,0,-6,9.0,0.0,6.0,0.0,15.0,23.0,11837.0,11.837,1.267213,0.760328,0.0,0.506885,0.0,2.7391,2.7391,0.4656,0.3137,,12,7,7,38,claude_code,commit_pattern,35
59,remsfal/remsfal-backend,2025-02,24302,1,2025-07,0,-5,9.0,0.0,5.0,0.0,14.0,25.0,13753.0,13.753,1.01796,0.654403,0.0,0.363557,0.0,2.76,2.76,0.424,0.3274,,3,1,7,38,claude_code,commit_pattern,35
59,remsfal/remsfal-backend,2025-03,24303,1,2025-07,0,-4,9.0,0.0,5.0,0.0,14.0,25.0,13753.0,13.753,1.01796,0.654403,0.0,0.363557,0.0,2.76,2.76,0.424,0.3274,,16,3,7,38,claude_code,commit_pattern,35
59,remsfal/remsfal-backend,2025-04,24304,1,2025-07,0,-3,9.0,0.0,6.0,0.0,15.0,26.0,13665.0,13.665,1.097695,0.658617,0.0,0.439078,0.0,2.6923,2.6923,0.4038,0.353,,11,3,7,38,claude_code,commit_pattern,35
59,remsfal/remsfal-backend,2025-05,24305,1,2025-07,0,-2,9.0,2.0,5.0,0.0,16.0,39.0,13364.0,13.364,1.197246,0.673451,0.149656,0.374139,0.0,2.8205,2.8205,0.4909,0.3399,,6,5,7,38,claude_code,commit_pattern,35
59,remsfal/remsfal-backend,2025-06,24306,1,2025-07,0,-1,9.0,2.0,5.0,0.0,16.0,39.0,13366.0,13.366,1.197067,0.67335,0.149633,0.374083,0.0,2.8205,2.8205,0.4909,0.3399,,50,6,7,38,claude_code,commit_pattern,35
59,remsfal/remsfal-backend,2025-07,24307,1,2025-07,1,0,10.0,3.0,6.0,0.0,19.0,39.0,14723.0,14.723,1.290498,0.679209,0.203763,0.407526,0.0,2.8718,2.8718,0.4906,0.334,,25,5,7,38,claude_code,commit_pattern,35
59,remsfal/remsfal-backend,2025-08,24308,1,2025-07,1,1,10.0,1.0,7.0,0.0,18.0,48.0,16224.0,16.224,1.109467,0.616371,0.061637,0.43146,0.0,3.125,3.125,0.4558,0.3971,,11,3,7,38,claude_code,commit_pattern,35
59,remsfal/remsfal-backend,2025-09,24309,1,2025-07,1,2,10.0,0.0,3.0,0.0,13.0,48.0,16194.0,16.194,0.802766,0.617513,0.0,0.185254,0.0,3.3125,3.3125,0.4516,0.376,,10,3,7,38,claude_code,commit_pattern,35
59,remsfal/remsfal-backend,2025-10,24310,1,2025-07,1,3,8.0,0.0,4.0,0.0,12.0,46.0,15712.0,15.712,0.763747,0.509165,0.0,0.254582,0.0,3.2609,3.2609,0.4477,0.3709,,61,7,7,38,claude_code,commit_pattern,35
59,remsfal/remsfal-backend,2025-11,24311,1,2025-07,1,4,9.0,0.0,3.0,0.0,12.0,46.0,15842.0,15.842,0.75748,0.56811,0.0,0.18937,0.0,3.3696,3.3696,0.4463,0.3717,,47,11,7,38,claude_code,commit_pattern,35
59,remsfal/remsfal-backend,2025-12,24312,1,2025-07,1,5,7.0,0.0,3.0,0.0,10.0,45.0,16352.0,16.352,0.611546,0.428082,0.0,0.183464,0.0,3.4222,3.4222,0.4454,0.3757,,18,2,7,38,claude_code,commit_pattern,35
59,remsfal/remsfal-backend,2026-01,24313,1,2025-07,1,6,7.0,0.0,3.0,0.0,10.0,46.0,16410.0,16.41,0.609385,0.426569,0.0,0.182815,0.0,3.3696,3.3696,0.436,0.3889,,31,14,7,38,claude_code,commit_pattern,35
60,kestra-io/plugin-jdbc,2025-01,24301,0,2025-07,0,-6,1.0,0.0,0.0,0.0,1.0,23.0,11633.0,11.633,0.085962,0.085962,0.0,0.0,0.0,0.8261,0.8261,0.9565,0.0246,,20,7,21,66,control,,0
60,kestra-io/plugin-jdbc,2025-02,24302,0,2025-07,0,-5,1.0,0.0,0.0,0.0,1.0,23.0,11763.0,11.763,0.085012,0.085012,0.0,0.0,0.0,0.8261,0.8261,0.9565,0.0246,,21,6,21,66,control,,0
60,kestra-io/plugin-jdbc,2025-03,24303,0,2025-07,0,-4,1.0,0.0,0.0,0.0,1.0,24.0,12770.0,12.77,0.078309,0.078309,0.0,0.0,0.0,0.8333,0.8333,0.9583,0.038,,31,10,21,66,control,,0
60,kestra-io/plugin-jdbc,2025-04,24304,0,2025-07,0,-3,1.0,0.0,0.0,0.0,1.0,24.0,13439.0,13.439,0.07441,0.07441,0.0,0.0,0.0,0.8333,0.8333,0.9583,0.1151,,17,8,21,66,control,,0
60,kestra-io/plugin-jdbc,2025-05,24305,0,2025-07,0,-2,1.0,0.0,1.0,0.0,2.0,24.0,13076.0,13.076,0.152952,0.076476,0.0,0.076476,0.0,0.8333,0.8333,0.9583,0.1153,,11,5,21,66,control,,0
60,kestra-io/plugin-jdbc,2025-06,24306,0,2025-07,0,-1,1.0,0.0,1.0,0.0,2.0,24.0,13136.0,13.136,0.152253,0.076127,0.0,0.076127,0.0,0.8333,0.8333,0.9583,0.1153,,19,5,21,66,control,,0
60,kestra-io/plugin-jdbc,2025-07,24307,0,2025-07,1,0,1.0,0.0,1.0,0.0,2.0,24.0,13309.0,13.309,0.150274,0.075137,0.0,0.075137,0.0,0.8333,0.8333,0.9583,0.1153,,14,7,21,66,control,,0
60,kestra-io/plugin-jdbc,2025-08,24308,0,2025-07,1,1,1.0,0.0,1.0,0.0,2.0,24.0,13363.0,13.363,0.149667,0.074833,0.0,0.074833,0.0,0.8333,0.8333,0.9583,0.1151,,9,4,21,66,control,,0
60,kestra-io/plugin-jdbc,2025-09,24309,0,2025-07,1,2,1.0,0.0,1.0,0.0,2.0,24.0,13376.0,13.376,0.149522,0.074761,0.0,0.074761,0.0,0.8333,0.8333,0.9583,0.1141,,18,7,21,66,control,,0
60,kestra-io/plugin-jdbc,2025-10,24310,0,2025-07,1,3,1.0,0.0,1.0,0.0,2.0,24.0,13373.0,13.373,0.149555,0.074778,0.0,0.074778,0.0,0.8333,0.8333,0.9583,0.1141,,26,8,21,66,control,,0
60,kestra-io/plugin-jdbc,2025-11,24311,0,2025-07,1,4,1.0,0.0,1.0,0.0,2.0,24.0,13803.0,13.803,0.144896,0.072448,0.0,0.072448,0.0,0.8333,0.8333,0.9583,0.1143,,25,8,21,66,control,,0
60,kestra-io/plugin-jdbc,2025-12,24312,0,2025-07,1,5,1.0,0.0,1.0,0.0,2.0,24.0,14550.0,14.55,0.137457,0.068729,0.0,0.068729,0.0,0.8333,0.8333,0.9583,0.1143,,41,7,21,66,control,,0
60,kestra-io/plugin-jdbc,2026-01,24313,0,2025-07,1,6,1.0,0.0,1.0,0.0,2.0,24.0,15934.0,15.934,0.125518,0.062759,0.0,0.062759,0.0,0.8333,0.8333,0.9583,0.1163,,21,9,21,66,control,,0
61,HDFGroup/hdfview,2025-03,24303,1,2025-09,0,-6,24.0,2.0,4.0,1.0,31.0,28.0,55720.0,55.72,0.556353,0.430725,0.035894,0.071788,0.017947,3.2857,3.2857,0.7207,0.1503,,0,0,130,61,claude_code,file_add,58
61,HDFGroup/hdfview,2025-04,24304,1,2025-09,0,-5,24.0,2.0,4.0,1.0,31.0,28.0,55720.0,55.72,0.556353,0.430725,0.035894,0.071788,0.017947,3.2857,3.2857,0.7207,0.1503,,0,0,130,61,claude_code,file_add,58
61,HDFGroup/hdfview,2025-05,24305,1,2025-09,0,-4,24.0,2.0,4.0,1.0,31.0,28.0,55720.0,55.72,0.556353,0.430725,0.035894,0.071788,0.017947,3.2857,3.2857,0.7207,0.1503,,1,1,130,61,claude_code,file_add,58
61,HDFGroup/hdfview,2025-06,24306,1,2025-09,0,-3,24.0,2.0,4.0,1.0,31.0,28.0,55720.0,55.72,0.556353,0.430725,0.035894,0.071788,0.017947,3.2857,3.2857,0.7207,0.1503,,18,2,130,61,claude_code,file_add,58
61,HDFGroup/hdfview,2025-07,24307,1,2025-09,0,-2,24.0,2.0,4.0,1.0,31.0,28.0,56001.0,56.001,0.553562,0.428564,0.035714,0.071427,0.017857,3.2857,3.2857,0.7207,0.1503,,0,0,130,61,claude_code,file_add,58
61,HDFGroup/hdfview,2025-08,24308,1,2025-09,0,-1,24.0,2.0,4.0,1.0,31.0,28.0,56001.0,56.001,0.553562,0.428564,0.035714,0.071427,0.017857,3.2857,3.2857,0.7207,0.1503,,7,3,130,61,claude_code,file_add,58
61,HDFGroup/hdfview,2025-09,24309,1,2025-09,1,0,,,,,,,,,,,,,,,,,,,11,1,130,61,claude_code,file_add,58
61,HDFGroup/hdfview,2025-10,24310,1,2025-09,1,1,,,,,,,,,,,,,,,,,,,0,0,130,61,claude_code,file_add,58
61,HDFGroup/hdfview,2025-11,24311,1,2025-09,1,2,,,,,,,,,,,,,,,,,,,10,2,130,61,claude_code,file_add,58
61,HDFGroup/hdfview,2025-12,24312,1,2025-09,1,3,30.0,2.0,4.0,1.0,37.0,25.0,50659.0,50.659,0.730374,0.592195,0.03948,0.078959,0.01974,3.44,3.44,0.6846,0.1788,,203,6,130,61,claude_code,file_add,58
61,HDFGroup/hdfview,2026-01,24313,1,2025-09,1,4,30.0,2.0,4.0,1.0,37.0,25.0,51461.0,51.461,0.718991,0.582966,0.038864,0.077729,0.019432,3.44,3.44,0.6841,0.1794,,93,3,130,61,claude_code,file_add,58
61,HDFGroup/hdfview,2026-02,24314,1,2025-09,1,5,30.0,2.0,4.0,1.0,37.0,25.0,51480.0,51.48,0.718726,0.582751,0.03885,0.0777,0.019425,3.44,3.44,0.6841,0.1794,,9,3,130,61,claude_code,file_add,58
61,HDFGroup/hdfview,2026-03,24315,1,2025-09,1,6,30.0,2.0,4.0,1.0,37.0,25.0,51498.0,51.498,0.718475,0.582547,0.038836,0.077673,0.019418,3.44,3.44,0.6841,0.1794,,0,0,130,61,claude_code,file_add,58
62,rabbitmq/rabbitmq-stream-java-client,2025-03,24303,0,2025-09,0,-6,46.0,0.0,4.0,1.0,51.0,13.0,27000.0,27.0,1.888889,1.703704,0.0,0.148148,0.037037,1.6923,1.6923,0.5818,0.316,,47,5,67,72,control,,0
62,rabbitmq/rabbitmq-stream-java-client,2025-04,24304,0,2025-09,0,-5,46.0,0.0,4.0,1.0,51.0,13.0,27174.0,27.174,1.876794,1.692795,0.0,0.1472,0.0368,1.6923,1.6923,0.5818,0.316,,38,4,67,72,control,,0
62,rabbitmq/rabbitmq-stream-java-client,2025-05,24305,0,2025-09,0,-4,46.0,0.0,4.0,1.0,51.0,13.0,27150.0,27.15,1.878453,1.694291,0.0,0.14733,0.036832,1.6923,1.6923,0.5818,0.316,,31,3,67,72,control,,0
62,rabbitmq/rabbitmq-stream-java-client,2025-06,24306,0,2025-09,0,-3,46.0,0.0,4.0,1.0,51.0,13.0,27177.0,27.177,1.876587,1.692608,0.0,0.147183,0.036796,1.6923,1.6923,0.5818,0.316,,40,4,67,72,control,,0
62,rabbitmq/rabbitmq-stream-java-client,2025-07,24307,0,2025-09,0,-2,48.0,0.0,4.0,1.0,53.0,13.0,27461.0,27.461,1.93001,1.747933,0.0,0.145661,0.036415,1.6923,1.6923,0.5817,0.3161,,50,5,67,72,control,,0
62,rabbitmq/rabbitmq-stream-java-client,2025-08,24308,0,2025-09,0,-1,47.0,0.0,4.0,1.0,52.0,13.0,27565.0,27.565,1.88645,1.705061,0.0,0.145112,0.036278,1.6923,1.6923,0.5817,0.3173,,46,3,67,72,control,,0
62,rabbitmq/rabbitmq-stream-java-client,2025-09,24309,0,2025-09,1,0,48.0,0.0,4.0,1.0,53.0,14.0,28804.0,28.804,1.840022,1.666435,0.0,0.13887,0.034717,1.6429,1.6429,0.5405,0.342,,76,3,67,72,control,,0
62,rabbitmq/rabbitmq-stream-java-client,2025-10,24310,0,2025-09,1,1,48.0,0.0,4.0,1.0,53.0,14.0,29910.0,29.91,1.771983,1.604814,0.0,0.133735,0.033434,1.6429,1.6429,0.5405,0.3427,,49,4,67,72,control,,0
62,rabbitmq/rabbitmq-stream-java-client,2025-11,24311,0,2025-09,1,2,48.0,0.0,4.0,1.0,53.0,14.0,29914.0,29.914,1.771746,1.6046,0.0,0.133717,0.033429,1.6429,1.6429,0.5405,0.3427,,38,3,67,72,control,,0
62,rabbitmq/rabbitmq-stream-java-client,2025-12,24312,0,2025-09,1,3,48.0,0.0,4.0,1.0,53.0,14.0,29937.0,29.937,1.770384,1.603367,0.0,0.133614,0.033403,1.6429,1.6429,0.5405,0.3427,,48,5,67,72,control,,0
62,rabbitmq/rabbitmq-stream-java-client,2026-01,24313,0,2025-09,1,4,48.0,0.0,4.0,1.0,53.0,14.0,30110.0,30.11,1.760213,1.594155,0.0,0.132846,0.033212,1.6429,1.6429,0.5405,0.3427,,37,3,67,72,control,,0
62,rabbitmq/rabbitmq-stream-java-client,2026-02,24314,0,2025-09,1,5,48.0,0.0,5.0,1.0,54.0,14.0,30202.0,30.202,1.787961,1.589299,0.0,0.165552,0.03311,1.6429,1.6429,0.5405,0.3472,,44,4,67,72,control,,0
62,rabbitmq/rabbitmq-stream-java-client,2026-03,24315,0,2025-09,1,6,49.0,0.0,3.0,1.0,53.0,14.0,30485.0,30.485,1.73856,1.607348,0.0,0.098409,0.032803,1.6429,1.6429,0.5405,0.3472,,18,3,67,72,control,,0
63,orphan-oss/ognl,2025-04,24304,1,2025-10,0,-6,131.0,0.0,4.0,1.0,136.0,11.0,14220.0,14.22,9.563994,9.212377,0.0,0.281294,0.070323,2.2727,2.2727,0.6294,0.2341,,5,2,243,195,claude_code,file_add,14
63,orphan-oss/ognl,2025-05,24305,1,2025-10,0,-5,131.0,0.0,4.0,1.0,136.0,11.0,14220.0,14.22,9.563994,9.212377,0.0,0.281294,0.070323,2.2727,2.2727,0.6294,0.2341,,7,2,243,195,claude_code,file_add,14
63,orphan-oss/ognl,2025-06,24306,1,2025-10,0,-4,131.0,0.0,4.0,1.0,136.0,11.0,14220.0,14.22,9.563994,9.212377,0.0,0.281294,0.070323,2.2727,2.2727,0.6294,0.2341,,12,3,243,195,claude_code,file_add,14
63,orphan-oss/ognl,2025-07,24307,1,2025-10,0,-3,131.0,0.0,4.0,0.0,135.0,11.0,10759.0,10.759,12.547635,12.175853,0.0,0.371782,0.0,2.1818,2.1818,0.6295,0.2325,,4,1,243,195,claude_code,file_add,14
63,orphan-oss/ognl,2025-08,24308,1,2025-10,0,-2,131.0,0.0,4.0,0.0,135.0,11.0,10759.0,10.759,12.547635,12.175853,0.0,0.371782,0.0,2.1818,2.1818,0.6295,0.2325,,6,1,243,195,claude_code,file_add,14
63,orphan-oss/ognl,2025-09,24309,1,2025-10,0,-1,131.0,0.0,4.0,0.0,135.0,11.0,10759.0,10.759,12.547635,12.175853,0.0,0.371782,0.0,2.1818,2.1818,0.6295,0.2325,,8,1,243,195,claude_code,file_add,14
63,orphan-oss/ognl,2025-10,24310,1,2025-10,1,0,131.0,0.0,4.0,0.0,135.0,11.0,10759.0,10.759,12.547635,12.175853,0.0,0.371782,0.0,2.1818,2.1818,0.6295,0.2325,,38,3,243,195,claude_code,file_add,14
63,orphan-oss/ognl,2025-11,24311,1,2025-10,1,1,112.0,0.0,4.0,0.0,116.0,11.0,11008.0,11.008,10.537791,10.174419,0.0,0.363372,0.0,2.1818,2.1818,0.6292,0.2327,,31,2,243,195,claude_code,file_add,14
63,orphan-oss/ognl,2025-12,24312,1,2025-10,1,2,112.0,0.0,5.0,0.0,117.0,16.0,11817.0,11.817,9.90099,9.477871,0.0,0.423119,0.0,1.75,1.75,0.6198,0.254,,13,3,243,195,claude_code,file_add,14
63,orphan-oss/ognl,2026-01,24313,1,2025-10,1,3,112.0,0.0,5.0,0.0,117.0,16.0,11818.0,11.818,9.900152,9.477069,0.0,0.423083,0.0,1.75,1.75,0.6198,0.254,,6,1,243,195,claude_code,file_add,14
63,orphan-oss/ognl,2026-02,24314,1,2025-10,1,4,112.0,0.0,5.0,0.0,117.0,16.0,11818.0,11.818,9.900152,9.477069,0.0,0.423083,0.0,1.75,1.75,0.6198,0.254,,9,2,243,195,claude_code,file_add,14
63,orphan-oss/ognl,2026-03,24315,1,2025-10,1,5,112.0,0.0,5.0,0.0,117.0,16.0,12037.0,12.037,9.72003,9.304644,0.0,0.415386,0.0,1.75,1.75,0.6195,0.2543,,2,1,243,195,claude_code,file_add,14
63,orphan-oss/ognl,2026-04,24316,1,2025-10,1,6,112.0,0.0,5.0,0.0,117.0,16.0,12037.0,12.037,9.72003,9.304644,0.0,0.415386,0.0,1.75,1.75,0.6195,0.2543,,0,0,243,195,claude_code,file_add,14
64,junrar/junrar,2025-04,24304,0,2025-10,0,-6,13.0,0.0,3.0,0.0,16.0,17.0,5635.0,5.635,2.839397,2.30701,0.0,0.532387,0.0,1.8824,1.8824,0.4367,0.5397,,0,0,310,162,control,,0
64,junrar/junrar,2025-05,24305,0,2025-10,0,-5,13.0,0.0,3.0,0.0,16.0,17.0,5635.0,5.635,2.839397,2.30701,0.0,0.532387,0.0,1.8824,1.8824,0.4367,0.5397,,17,2,310,162,control,,0
64,junrar/junrar,2025-06,24306,0,2025-10,0,-4,13.0,0.0,3.0,0.0,16.0,17.0,5635.0,5.635,2.839397,2.30701,0.0,0.532387,0.0,1.8824,1.8824,0.4367,0.5397,,0,0,310,162,control,,0
64,junrar/junrar,2025-07,24307,0,2025-10,0,-3,13.0,0.0,3.0,0.0,16.0,17.0,5635.0,5.635,2.839397,2.30701,0.0,0.532387,0.0,1.8824,1.8824,0.4367,0.5397,,1,1,310,162,control,,0
64,junrar/junrar,2025-08,24308,0,2025-10,0,-2,13.0,0.0,3.0,0.0,16.0,17.0,5635.0,5.635,2.839397,2.30701,0.0,0.532387,0.0,1.8824,1.8824,0.4367,0.5397,,2,1,310,162,control,,0
64,junrar/junrar,2025-09,24309,0,2025-10,0,-1,13.0,0.0,3.0,0.0,16.0,17.0,5635.0,5.635,2.839397,2.30701,0.0,0.532387,0.0,1.8824,1.8824,0.4367,0.5397,,4,1,310,162,control,,0
64,junrar/junrar,2025-10,24310,0,2025-10,1,0,13.0,0.0,3.0,0.0,16.0,17.0,5635.0,5.635,2.839397,2.30701,0.0,0.532387,0.0,1.8824,1.8824,0.4367,0.5397,,17,3,310,162,control,,0
64,junrar/junrar,2025-11,24311,0,2025-10,1,1,13.0,0.0,3.0,0.0,16.0,17.0,5650.0,5.65,2.831858,2.300885,0.0,0.530973,0.0,1.8824,1.8824,0.4367,0.5397,,5,2,310,162,control,,0
64,junrar/junrar,2025-12,24312,0,2025-10,1,2,13.0,0.0,3.0,0.0,16.0,17.0,5650.0,5.65,2.831858,2.300885,0.0,0.530973,0.0,1.8824,1.8824,0.4367,0.5397,,5,2,310,162,control,,0
64,junrar/junrar,2026-01,24313,0,2025-10,1,3,13.0,0.0,3.0,0.0,16.0,17.0,5650.0,5.65,2.831858,2.300885,0.0,0.530973,0.0,1.8824,1.8824,0.4367,0.5397,,3,1,310,162,control,,0
64,junrar/junrar,2026-02,24314,0,2025-10,1,4,13.0,0.0,3.0,0.0,16.0,17.0,5650.0,5.65,2.831858,2.300885,0.0,0.530973,0.0,1.8824,1.8824,0.4367,0.5397,,9,4,310,162,control,,0
64,junrar/junrar,2026-03,24315,0,2025-10,1,5,13.0,0.0,3.0,0.0,16.0,17.0,5669.0,5.669,2.822367,2.293173,0.0,0.529194,0.0,1.8824,1.8824,0.4367,0.5397,,5,1,310,162,control,,0
64,junrar/junrar,2026-04,24316,0,2025-10,1,6,13.0,0.0,3.0,0.0,16.0,17.0,5696.0,5.696,2.808989,2.282303,0.0,0.526685,0.0,1.8824,1.8824,0.4354,0.5411,,0,0,310,162,control,,0
65,BBMRI-ERIC/negotiator,2024-10,24298,1,2025-04,0,-6,108.0,2.0,4.0,0.0,114.0,58.0,19762.0,19.762,5.768647,5.465034,0.101204,0.202409,0.0,6.4828,6.4828,0.6464,0.2512,,107,6,32,67,copilot,commit_pattern,22
65,BBMRI-ERIC/negotiator,2024-11,24299,1,2025-04,0,-5,110.0,2.0,6.0,0.0,118.0,61.0,20480.0,20.48,5.761719,5.371094,0.097656,0.292969,0.0,6.6721,6.6721,0.646,0.2556,,107,5,32,67,copilot,commit_pattern,22
65,BBMRI-ERIC/negotiator,2024-12,24300,1,2025-04,0,-4,112.0,2.0,8.0,0.0,122.0,57.0,19275.0,19.275,6.329442,5.810636,0.103761,0.415045,0.0,6.8421,6.8421,0.6186,0.2772,,105,6,32,67,copilot,commit_pattern,22
65,BBMRI-ERIC/negotiator,2025-01,24301,1,2025-04,0,-3,106.0,2.0,5.0,0.0,113.0,57.0,19780.0,19.78,5.712841,5.358948,0.101112,0.252781,0.0,6.8421,6.8421,0.6166,0.2788,,159,6,32,67,copilot,commit_pattern,22
65,BBMRI-ERIC/negotiator,2025-02,24302,1,2025-04,0,-2,106.0,2.0,9.0,0.0,117.0,58.0,20292.0,20.292,5.765819,5.223733,0.098561,0.443525,0.0,6.8793,6.8793,0.6124,0.2788,,92,6,32,67,copilot,commit_pattern,22
65,BBMRI-ERIC/negotiator,2025-03,24303,1,2025-04,0,-1,108.0,1.0,8.0,0.0,117.0,58.0,21072.0,21.072,5.552392,5.125285,0.047456,0.379651,0.0,6.9655,6.9655,0.613,0.2791,,112,8,32,67,copilot,commit_pattern,22
65,BBMRI-ERIC/negotiator,2025-04,24304,1,2025-04,1,0,109.0,1.0,3.0,0.0,113.0,58.0,21604.0,21.604,5.230513,5.045362,0.046288,0.138863,0.0,7.069,7.069,0.6133,0.2799,,158,8,32,67,copilot,commit_pattern,22
65,BBMRI-ERIC/negotiator,2025-05,24305,1,2025-04,1,1,109.0,1.0,4.0,0.0,114.0,61.0,23043.0,23.043,4.947272,4.730287,0.043397,0.173589,0.0,6.8852,6.8852,0.614,0.2795,,124,7,32,67,copilot,commit_pattern,22
65,BBMRI-ERIC/negotiator,2025-06,24306,1,2025-04,1,2,109.0,1.0,4.0,0.0,114.0,62.0,23897.0,23.897,4.770473,4.561242,0.041846,0.167385,0.0,6.9194,6.9194,0.6221,0.2728,,84,8,32,67,copilot,commit_pattern,22
65,BBMRI-ERIC/negotiator,2025-07,24307,1,2025-04,1,3,110.0,1.0,3.0,0.0,114.0,64.0,24603.0,24.603,4.633581,4.470999,0.040645,0.121936,0.0,6.75,6.75,0.6156,0.2687,,158,9,32,67,copilot,commit_pattern,22
65,BBMRI-ERIC/negotiator,2025-08,24308,1,2025-04,1,4,104.0,1.0,6.0,0.0,111.0,61.0,26475.0,26.475,4.192635,3.928234,0.037771,0.226629,0.0,6.5574,6.5574,0.621,0.2648,,145,7,32,67,copilot,commit_pattern,22
65,BBMRI-ERIC/negotiator,2025-09,24309,1,2025-04,1,5,109.0,2.0,5.0,0.0,116.0,60.0,28263.0,28.263,4.104306,3.856632,0.070764,0.17691,0.0,6.4167,6.4167,0.581,0.309,,133,10,32,67,copilot,commit_pattern,22
65,BBMRI-ERIC/negotiator,2025-10,24310,1,2025-04,1,6,111.0,2.0,2.0,0.0,115.0,60.0,29530.0,29.53,3.894345,3.758889,0.067728,0.067728,0.0,6.5,6.5,0.581,0.3077,,126,9,32,67,copilot,commit_pattern,22
66,USACE/cwms-data-api,2024-10,24298,0,2025-04,0,-6,107.0,2.0,5.0,1.0,115.0,71.0,51863.0,51.863,2.21738,2.063128,0.038563,0.096408,0.019282,4.338,4.338,0.523,0.3888,,34,7,20,65,control,,0
66,USACE/cwms-data-api,2024-11,24299,0,2025-04,0,-5,87.0,3.0,15.0,2.0,107.0,71.0,54473.0,54.473,1.964276,1.597122,0.055073,0.275366,0.036715,4.4085,4.4085,0.5207,0.39,,21,3,20,65,control,,0
66,USACE/cwms-data-api,2024-12,24300,0,2025-04,0,-4,98.0,3.0,8.0,2.0,111.0,74.0,65075.0,65.075,1.705724,1.505955,0.046101,0.122935,0.030734,4.527,4.527,0.5206,0.3899,,28,6,20,65,control,,0
66,USACE/cwms-data-api,2025-01,24301,0,2025-04,0,-3,99.0,3.0,8.0,2.0,112.0,74.0,65908.0,65.908,1.699338,1.502094,0.045518,0.121381,0.030345,4.527,4.527,0.5209,0.3888,,5,3,20,65,control,,0
66,USACE/cwms-data-api,2025-02,24302,0,2025-04,0,-2,99.0,3.0,8.0,2.0,112.0,74.0,65919.0,65.919,1.699055,1.501843,0.04551,0.121361,0.03034,4.5405,4.5405,0.5208,0.389,,3,2,20,65,control,,0
66,USACE/cwms-data-api,2025-03,24303,0,2025-04,0,-1,99.0,3.0,8.0,2.0,112.0,74.0,66221.0,66.221,1.691306,1.494994,0.045303,0.120808,0.030202,4.5541,4.5541,0.521,0.3889,,26,1,20,65,control,,0
66,USACE/cwms-data-api,2025-04,24304,0,2025-04,1,0,99.0,3.0,8.0,2.0,112.0,74.0,66224.0,66.224,1.69123,1.494926,0.045301,0.120802,0.030201,4.5541,4.5541,0.521,0.3889,,5,2,20,65,control,,0
66,USACE/cwms-data-api,2025-05,24305,0,2025-04,1,1,99.0,3.0,8.0,2.0,112.0,74.0,66255.0,66.255,1.690438,1.494227,0.04528,0.120746,0.030186,4.5541,4.5541,0.521,0.3889,,5,4,20,65,control,,0
66,USACE/cwms-data-api,2025-06,24306,0,2025-04,1,2,102.0,3.0,12.0,2.0,119.0,75.0,67809.0,67.809,1.754929,1.504225,0.044242,0.176968,0.029495,4.64,4.64,0.5273,0.3831,,16,3,20,65,control,,0
66,USACE/cwms-data-api,2025-07,24307,0,2025-04,1,3,107.0,4.0,9.0,2.0,122.0,80.0,71632.0,71.632,1.703149,1.493746,0.055841,0.125642,0.02792,4.8875,4.8875,0.5397,0.3765,,20,7,20,65,control,,0
66,USACE/cwms-data-api,2025-08,24308,0,2025-04,1,4,105.0,4.0,12.0,2.0,123.0,82.0,75231.0,75.231,1.634964,1.395701,0.05317,0.159509,0.026585,4.9512,4.9512,0.5418,0.376,,26,9,20,65,control,,0
66,USACE/cwms-data-api,2025-09,24309,0,2025-04,1,5,113.0,4.0,17.0,2.0,136.0,82.0,76438.0,76.438,1.77922,1.478322,0.05233,0.222402,0.026165,5.0,5.0,0.5375,0.3804,,31,9,20,65,control,,0
66,USACE/cwms-data-api,2025-10,24310,0,2025-04,1,6,116.0,4.0,12.0,2.0,134.0,83.0,78264.0,78.264,1.712154,1.482163,0.051109,0.153327,0.025555,5.1807,5.1807,0.5378,0.3811,,6,3,20,65,control,,0
67,dromara/skyeye,2025-06,24306,1,2025-12,0,-6,160.0,76.0,9.0,0.0,245.0,1917.0,128034.0,128.034,1.913554,1.249668,0.593592,0.070294,0.0,2.3464,2.3464,0.5781,0.325,,188,4,1156,82,cursor,file_add,1
67,dromara/skyeye,2025-07,24307,1,2025-12,0,-5,161.0,76.0,9.0,0.0,246.0,1908.0,129379.0,129.379,1.90139,1.244406,0.587421,0.069563,0.0,2.3564,2.3564,0.5784,0.3264,,340,5,1156,82,cursor,file_add,1
67,dromara/skyeye,2025-08,24308,1,2025-12,0,-4,165.0,84.0,7.0,0.0,256.0,1963.0,135360.0,135.36,1.891253,1.218972,0.620567,0.051714,0.0,2.3892,2.3892,0.5774,0.3209,,150,5,1156,82,cursor,file_add,1
67,dromara/skyeye,2025-09,24309,1,2025-12,0,-3,166.0,84.0,6.0,0.0,256.0,2009.0,138932.0,138.932,1.842628,1.194829,0.604612,0.043187,0.0,2.3798,2.3798,0.5784,0.32,,40,1,1156,82,cursor,file_add,1
67,dromara/skyeye,2025-10,24310,1,2025-12,0,-2,168.0,84.0,6.0,0.0,258.0,2022.0,140348.0,140.348,1.838288,1.197025,0.598512,0.042751,0.0,2.3719,2.3719,0.5782,0.3204,,75,1,1156,82,cursor,file_add,1
67,dromara/skyeye,2025-11,24311,1,2025-12,0,-1,169.0,85.0,6.0,0.0,260.0,2027.0,142205.0,142.205,1.828346,1.188425,0.597729,0.042193,0.0,2.3804,2.3804,0.5785,0.3201,,82,1,1156,82,cursor,file_add,1
67,dromara/skyeye,2025-12,24312,1,2025-12,1,0,169.0,85.0,6.0,0.0,260.0,2026.0,143028.0,143.028,1.817826,1.181587,0.594289,0.04195,0.0,2.384,2.384,0.579,0.3196,,62,1,1156,82,cursor,file_add,1
67,dromara/skyeye,2026-01,24313,1,2025-12,1,1,141.0,85.0,7.0,0.0,233.0,2050.0,144426.0,144.426,1.613283,0.976279,0.588537,0.048468,0.0,2.3737,2.3737,0.5811,0.3205,,62,1,1156,82,cursor,file_add,1
67,dromara/skyeye,2026-02,24314,1,2025-12,1,2,142.0,86.0,4.0,0.0,232.0,2086.0,149532.0,149.532,1.551507,0.94963,0.575128,0.02675,0.0,2.3754,2.3754,0.5814,0.321,,49,1,1156,82,cursor,file_add,1
67,dromara/skyeye,2026-03,24315,1,2025-12,1,3,149.0,87.0,6.0,0.0,242.0,2100.0,151497.0,151.497,1.597391,0.983518,0.574269,0.039605,0.0,2.389,2.389,0.5811,0.321,,9,1,1156,82,cursor,file_add,1
67,dromara/skyeye,2026-04,24316,1,2025-12,1,4,149.0,87.0,5.0,0.0,241.0,2100.0,151804.0,151.804,1.587573,0.981529,0.573107,0.032937,0.0,2.3895,2.3895,0.5811,0.3209,,0,0,1156,82,cursor,file_add,1
67,dromara/skyeye,2026-05,24317,1,2025-12,1,5,149.0,87.0,5.0,0.0,241.0,2100.0,151804.0,151.804,1.587573,0.981529,0.573107,0.032937,0.0,2.3895,2.3895,0.5811,0.3209,,0,0,1156,82,cursor,file_add,1
67,dromara/skyeye,2026-06,24318,1,2025-12,1,6,149.0,87.0,5.0,0.0,241.0,2100.0,151804.0,151.804,1.587573,0.981529,0.573107,0.032937,0.0,2.3895,2.3895,0.5811,0.3209,,0,0,1156,82,cursor,file_add,1
68,datageartech/datagear,2025-06,24306,0,2025-12,0,-6,43.0,0.0,5.0,2.0,50.0,62.0,63878.0,63.878,0.782742,0.673158,0.0,0.078274,0.03131,4.5806,4.5806,0.5043,0.3908,,58,3,1663,73,control,,0
68,datageartech/datagear,2025-07,24307,0,2025-12,0,-5,43.0,0.0,9.0,2.0,54.0,62.0,64046.0,64.046,0.843144,0.671392,0.0,0.140524,0.031228,4.5806,4.5806,0.5041,0.3907,,63,3,1663,73,control,,0
68,datageartech/datagear,2025-08,24308,0,2025-12,0,-4,46.0,0.0,10.0,2.0,58.0,62.0,64683.0,64.683,0.896681,0.711161,0.0,0.1546,0.03092,4.6129,4.6129,0.5092,0.3936,,44,4,1663,73,control,,0
68,datageartech/datagear,2025-09,24309,0,2025-12,0,-3,46.0,0.0,10.0,2.0,58.0,62.0,64685.0,64.685,0.896653,0.711139,0.0,0.154595,0.030919,4.6129,4.6129,0.5092,0.3936,,0,0,1663,73,control,,0
68,datageartech/datagear,2025-10,24310,0,2025-12,0,-2,46.0,0.0,10.0,2.0,58.0,62.0,64685.0,64.685,0.896653,0.711139,0.0,0.154595,0.030919,4.6129,4.6129,0.5092,0.3936,,0,0,1663,73,control,,0
68,datageartech/datagear,2025-11,24311,0,2025-12,0,-1,46.0,0.0,10.0,2.0,58.0,62.0,64685.0,64.685,0.896653,0.711139,0.0,0.154595,0.030919,4.6129,4.6129,0.5092,0.3936,,0,0,1663,73,control,,0
68,datageartech/datagear,2025-12,24312,0,2025-12,1,0,46.0,0.0,10.0,2.0,58.0,62.0,64685.0,64.685,0.896653,0.711139,0.0,0.154595,0.030919,4.6129,4.6129,0.5092,0.3936,,0,0,1663,73,control,,0
68,datageartech/datagear,2026-01,24313,0,2025-12,1,1,46.0,0.0,10.0,2.0,58.0,62.0,64685.0,64.685,0.896653,0.711139,0.0,0.154595,0.030919,4.6129,4.6129,0.5092,0.3936,,0,0,1663,73,control,,0
68,datageartech/datagear,2026-02,24314,0,2025-12,1,2,46.0,0.0,10.0,2.0,58.0,62.0,64685.0,64.685,0.896653,0.711139,0.0,0.154595,0.030919,4.6129,4.6129,0.5092,0.3936,,0,0,1663,73,control,,0
68,datageartech/datagear,2026-03,24315,0,2025-12,1,3,46.0,0.0,10.0,2.0,58.0,62.0,64685.0,64.685,0.896653,0.711139,0.0,0.154595,0.030919,4.6129,4.6129,0.5092,0.3936,,0,0,1663,73,control,,0
68,datageartech/datagear,2026-04,24316,0,2025-12,1,4,46.0,0.0,10.0,2.0,58.0,62.0,64685.0,64.685,0.896653,0.711139,0.0,0.154595,0.030919,4.6129,4.6129,0.5092,0.3936,,0,0,1663,73,control,,0
68,datageartech/datagear,2026-05,24317,0,2025-12,1,5,46.0,0.0,10.0,2.0,58.0,62.0,64685.0,64.685,0.896653,0.711139,0.0,0.154595,0.030919,4.6129,4.6129,0.5092,0.3936,,0,0,1663,73,control,,0
68,datageartech/datagear,2026-06,24318,0,2025-12,1,6,46.0,0.0,10.0,2.0,58.0,62.0,64685.0,64.685,0.896653,0.711139,0.0,0.154595,0.030919,4.6129,4.6129,0.5092,0.3936,,0,0,1663,73,control,,0
69,freeplane/freeplane,2025-01,24301,1,2025-07,0,-6,3426.0,9.0,9.0,1.0,3445.0,185.0,104487.0,104.487,32.970609,32.788768,0.086135,0.086135,0.009571,11.8108,11.8108,0.6633,0.2787,,148,16,3986,162,claude_code,commit_pattern,75
69,freeplane/freeplane,2025-02,24302,1,2025-07,0,-5,3427.0,9.0,9.0,1.0,3446.0,186.0,104964.0,104.964,32.830304,32.649289,0.085744,0.085744,0.009527,11.7634,11.7634,0.6595,0.2827,,88,8,3986,162,claude_code,commit_pattern,75
69,freeplane/freeplane,2025-03,24303,1,2025-07,0,-4,3423.0,9.0,9.0,1.0,3442.0,186.0,105642.0,105.642,32.581738,32.401886,0.085193,0.085193,0.009466,11.7688,11.7688,0.6597,0.2825,,55,12,3986,162,claude_code,commit_pattern,75
69,freeplane/freeplane,2025-04,24304,1,2025-07,0,-3,3424.0,9.0,9.0,1.0,3443.0,186.0,105851.0,105.851,32.526854,32.347356,0.085025,0.085025,0.009447,11.7742,11.7742,0.6597,0.2826,,99,14,3986,162,claude_code,commit_pattern,75
69,freeplane/freeplane,2025-05,24305,1,2025-07,0,-2,3428.0,9.0,7.0,1.0,3445.0,186.0,105931.0,105.931,32.521169,32.360688,0.084961,0.066081,0.00944,11.7903,11.7903,0.665,0.2775,,132,12,3986,162,claude_code,commit_pattern,75
69,freeplane/freeplane,2025-06,24306,1,2025-07,0,-1,3437.0,9.0,9.0,1.0,3456.0,187.0,107374.0,107.374,32.186563,32.009611,0.083819,0.083819,0.009313,11.8396,11.8396,0.6617,0.2811,,185,15,3986,162,claude_code,commit_pattern,75
69,freeplane/freeplane,2025-07,24307,1,2025-07,1,0,3555.0,9.0,9.0,1.0,3574.0,190.0,109526.0,109.526,32.631521,32.458046,0.082172,0.082172,0.00913,11.9158,11.9158,0.664,0.2799,,209,14,3986,162,claude_code,commit_pattern,75
69,freeplane/freeplane,2025-08,24308,1,2025-07,1,1,3608.0,9.0,9.0,1.0,3627.0,190.0,110389.0,110.389,32.856535,32.684416,0.08153,0.08153,0.009059,11.9789,11.9789,0.6636,0.2808,,112,9,3986,162,claude_code,commit_pattern,75
69,freeplane/freeplane,2025-09,24309,1,2025-07,1,2,3616.0,10.0,9.0,1.0,3636.0,190.0,110807.0,110.807,32.813811,32.633317,0.090247,0.081222,0.009025,11.9789,11.9789,0.6635,0.2808,,165,12,3986,162,claude_code,commit_pattern,75
69,freeplane/freeplane,2025-10,24310,1,2025-07,1,3,3681.0,10.0,6.0,1.0,3698.0,191.0,113658.0,113.658,32.536205,32.386634,0.087983,0.05279,0.008798,12.0785,12.0785,0.6644,0.2803,,83,11,3986,162,claude_code,commit_pattern,75
69,freeplane/freeplane,2025-11,24311,1,2025-07,1,4,3698.0,10.0,8.0,1.0,3717.0,191.0,114012.0,114.012,32.601831,32.435182,0.08771,0.070168,0.008771,12.0785,12.0785,0.6642,0.2804,,83,8,3986,162,claude_code,commit_pattern,75
69,freeplane/freeplane,2025-12,24312,1,2025-07,1,5,3763.0,10.0,9.0,1.0,3783.0,191.0,115817.0,115.817,32.663599,32.490912,0.086343,0.077709,0.008634,12.089,12.089,0.6639,0.2806,,67,8,3986,162,claude_code,commit_pattern,75
69,freeplane/freeplane,2026-01,24313,1,2025-07,1,6,3846.0,10.0,7.0,1.0,3864.0,195.0,117923.0,117.923,32.767145,32.614503,0.084801,0.059361,0.00848,12.0051,12.0051,0.6656,0.2785,,268,34,3986,162,claude_code,commit_pattern,75
70,debezium/debezium,2025-01,24301,0,2025-07,0,-6,757.0,11.0,8.0,5.0,781.0,349.0,175787.0,175.787,4.442877,4.306348,0.062576,0.04551,0.028444,7.0688,7.0688,0.6062,0.2806,,128,23,12491,122,control,,0
70,debezium/debezium,2025-02,24302,0,2025-07,0,-5,766.0,12.0,10.0,5.0,793.0,351.0,177884.0,177.884,4.457961,4.306177,0.06746,0.056216,0.028108,7.0969,7.0969,0.6063,0.2807,,77,21,12491,122,control,,0
70,debezium/debezium,2025-03,24303,0,2025-07,0,-4,766.0,12.0,10.0,5.0,793.0,351.0,178204.0,178.204,4.449956,4.298444,0.067339,0.056115,0.028058,7.0969,7.0969,0.6062,0.2809,,148,28,12491,122,control,,0
70,debezium/debezium,2025-04,24304,0,2025-07,0,-3,768.0,13.0,4.0,2.0,787.0,351.0,178746.0,178.746,4.402896,4.2966,0.072729,0.022378,0.011189,7.114,7.114,0.6065,0.2809,,170,27,12491,122,control,,0
70,debezium/debezium,2025-05,24305,0,2025-07,0,-2,772.0,10.0,13.0,2.0,797.0,355.0,181519.0,181.519,4.390725,4.252998,0.055091,0.071618,0.011018,7.2479,7.2479,0.6104,0.2791,,201,25,12491,122,control,,0
70,debezium/debezium,2025-06,24306,0,2025-07,0,-1,765.0,11.0,11.0,2.0,789.0,365.0,179073.0,179.073,4.406024,4.272001,0.061427,0.061427,0.011169,7.0247,7.0247,0.6059,0.2816,,162,26,12491,122,control,,0
70,debezium/debezium,2025-07,24307,0,2025-07,1,0,782.0,10.0,7.0,5.0,804.0,375.0,181554.0,181.554,4.428435,4.307258,0.05508,0.038556,0.02754,6.9893,6.9893,0.6079,0.2819,,198,25,12491,122,control,,0
70,debezium/debezium,2025-08,24308,0,2025-07,1,1,809.0,10.0,4.0,2.0,825.0,389.0,184644.0,184.644,4.468057,4.381404,0.054158,0.021663,0.010832,6.9871,6.9871,0.6114,0.2789,,135,32,12491,122,control,,0
70,debezium/debezium,2025-09,24309,0,2025-07,1,2,810.0,10.0,4.0,5.0,829.0,390.0,185227.0,185.227,4.475589,4.373013,0.053988,0.021595,0.026994,6.9897,6.9897,0.6118,0.2785,,179,27,12491,122,control,,0
70,debezium/debezium,2025-10,24310,0,2025-07,1,3,813.0,9.0,6.0,5.0,833.0,390.0,187233.0,187.233,4.449002,4.342183,0.048068,0.032046,0.026705,7.0231,7.0231,0.6122,0.2789,,214,25,12491,122,control,,0
70,debezium/debezium,2025-11,24311,0,2025-07,1,4,793.0,9.0,7.0,2.0,811.0,407.0,189986.0,189.986,4.268736,4.173992,0.047372,0.036845,0.010527,6.9214,6.9214,0.6079,0.2857,,121,25,12491,122,control,,0
70,debezium/debezium,2025-12,24312,0,2025-07,1,5,796.0,10.0,7.0,5.0,818.0,422.0,191793.0,191.793,4.265015,4.150308,0.05214,0.036498,0.02607,6.955,6.955,0.6105,0.282,,160,26,12491,122,control,,0
70,debezium/debezium,2026-01,24313,0,2025-07,1,6,803.0,11.0,9.0,5.0,828.0,355.0,185881.0,185.881,4.454463,4.319968,0.059178,0.048418,0.026899,7.3465,7.3465,0.6031,0.2909,,131,27,12491,122,control,,0
71,OpenFeign/querydsl,2025-01,24301,1,2025-07,0,-6,398.0,2.0,19.0,2.0,421.0,141.0,95625.0,95.625,4.402614,4.162092,0.020915,0.198693,0.020915,4.0,4.0,0.6479,0.3095,,80,4,582,29,claude_code,file_add,5
71,OpenFeign/querydsl,2025-02,24302,1,2025-07,0,-5,398.0,2.0,19.0,2.0,421.0,141.0,95621.0,95.621,4.402799,4.162266,0.020916,0.198701,0.020916,4.0,4.0,0.6479,0.3095,,104,8,582,29,claude_code,file_add,5
71,OpenFeign/querydsl,2025-03,24303,1,2025-07,0,-4,398.0,2.0,19.0,2.0,421.0,141.0,95653.0,95.653,4.401326,4.160873,0.020909,0.198635,0.020909,4.0,4.0,0.6481,0.3094,,93,7,582,29,claude_code,file_add,5
71,OpenFeign/querydsl,2025-04,24304,1,2025-07,0,-3,398.0,2.0,19.0,2.0,421.0,141.0,95663.0,95.663,4.400866,4.160438,0.020907,0.198614,0.020907,4.0,4.0,0.6481,0.3094,,78,5,582,29,claude_code,file_add,5
71,OpenFeign/querydsl,2025-05,24305,1,2025-07,0,-2,398.0,2.0,19.0,2.0,421.0,141.0,95809.0,95.809,4.394159,4.154098,0.020875,0.198311,0.020875,4.0,4.0,0.6481,0.3094,,72,5,582,29,claude_code,file_add,5
71,OpenFeign/querydsl,2025-06,24306,1,2025-07,0,-1,400.0,2.0,19.0,2.0,423.0,141.0,95849.0,95.849,4.413192,4.173231,0.020866,0.198228,0.020866,4.0142,4.0142,0.6489,0.3078,,105,7,582,29,claude_code,file_add,5
71,OpenFeign/querydsl,2025-07,24307,1,2025-07,1,0,398.0,2.0,9.0,2.0,411.0,134.0,90976.0,90.976,4.517675,4.37478,0.021984,0.098927,0.021984,4.0149,4.0149,0.6343,0.318,,75,5,582,29,claude_code,file_add,5
71,OpenFeign/querydsl,2025-08,24308,1,2025-07,1,1,398.0,2.0,9.0,2.0,411.0,134.0,90979.0,90.979,4.517526,4.374636,0.021983,0.098924,0.021983,4.0149,4.0149,0.6343,0.318,,63,5,582,29,claude_code,file_add,5
71,OpenFeign/querydsl,2025-09,24309,1,2025-07,1,2,398.0,2.0,5.0,2.0,407.0,134.0,91219.0,91.219,4.46179,4.363126,0.021925,0.054813,0.021925,4.0149,4.0149,0.6343,0.318,,95,4,582,29,claude_code,file_add,5
71,OpenFeign/querydsl,2025-10,24310,1,2025-07,1,3,398.0,2.0,5.0,2.0,407.0,134.0,91219.0,91.219,4.46179,4.363126,0.021925,0.054813,0.021925,4.0149,4.0149,0.6343,0.318,,109,8,582,29,claude_code,file_add,5
71,OpenFeign/querydsl,2025-11,24311,1,2025-07,1,4,398.0,2.0,8.0,2.0,410.0,134.0,91832.0,91.832,4.464675,4.334001,0.021779,0.087116,0.021779,4.0224,4.0224,0.6339,0.3181,,53,3,582,29,claude_code,file_add,5
71,OpenFeign/querydsl,2025-12,24312,1,2025-07,1,5,398.0,2.0,8.0,2.0,410.0,134.0,91931.0,91.931,4.459867,4.329334,0.021755,0.087022,0.021755,4.0224,4.0224,0.6339,0.3181,,52,2,582,29,claude_code,file_add,5
71,OpenFeign/querydsl,2026-01,24313,1,2025-07,1,6,398.0,2.0,8.0,2.0,410.0,134.0,91931.0,91.931,4.459867,4.329334,0.021755,0.087022,0.021755,4.0224,4.0224,0.6339,0.3181,,66,3,582,29,claude_code,file_add,5
72,seed4j/seed4j,2025-01,24301,0,2025-07,0,-6,109.0,3.0,10.0,0.0,122.0,692.0,40734.0,40.734,2.995041,2.675897,0.073649,0.245495,0.0,4.0882,4.0882,0.8951,0.0976,,248,6,604,56,control,,0
72,seed4j/seed4j,2025-02,24302,0,2025-07,0,-5,110.0,3.0,8.0,0.0,121.0,702.0,41005.0,41.005,2.95086,2.6826,0.073162,0.195098,0.0,4.0883,4.0883,0.8959,0.0969,,230,10,604,56,control,,0
72,seed4j/seed4j,2025-03,24303,0,2025-07,0,-4,110.0,3.0,8.0,0.0,121.0,702.0,41047.0,41.047,2.94784,2.679855,0.073087,0.194899,0.0,4.0869,4.0869,0.8961,0.0967,,352,10,604,56,control,,0
72,seed4j/seed4j,2025-04,24304,0,2025-07,0,-3,111.0,3.0,8.0,0.0,122.0,697.0,41090.0,41.09,2.969092,2.701387,0.07301,0.194695,0.0,4.1263,4.1263,0.8957,0.097,,269,8,604,56,control,,0
72,seed4j/seed4j,2025-05,24305,0,2025-07,0,-2,113.0,4.0,8.0,0.0,125.0,698.0,41321.0,41.321,3.025096,2.734687,0.096803,0.193606,0.0,4.1304,4.1304,0.8951,0.0976,,372,8,604,56,control,,0
72,seed4j/seed4j,2025-06,24306,0,2025-07,0,-1,113.0,3.0,8.0,0.0,124.0,703.0,41716.0,41.716,2.972481,2.708793,0.071915,0.191773,0.0,4.1266,4.1266,0.8959,0.0969,,219,6,604,56,control,,0
72,seed4j/seed4j,2025-07,24307,0,2025-07,1,0,115.0,3.0,8.0,0.0,126.0,703.0,42565.0,42.565,2.960179,2.70175,0.07048,0.187948,0.0,4.1351,4.1351,0.8963,0.0966,,240,7,604,56,control,,0
72,seed4j/seed4j,2025-08,24308,0,2025-07,1,1,115.0,3.0,8.0,0.0,126.0,712.0,42587.0,42.587,2.958649,2.700355,0.070444,0.187851,0.0,4.1419,4.1419,0.8969,0.0962,,226,9,604,56,control,,0
72,seed4j/seed4j,2025-09,24309,0,2025-07,1,2,115.0,3.0,9.0,0.0,127.0,717.0,42829.0,42.829,2.965281,2.685097,0.070046,0.210138,0.0,4.1353,4.1353,0.8969,0.0961,,270,9,604,56,control,,0
72,seed4j/seed4j,2025-10,24310,0,2025-07,1,3,115.0,3.0,9.0,0.0,127.0,722.0,43066.0,43.066,2.948962,2.67032,0.069661,0.208982,0.0,4.1371,4.1371,0.8972,0.0958,,205,10,604,56,control,,0
72,seed4j/seed4j,2025-11,24311,0,2025-07,1,4,115.0,3.0,8.0,0.0,126.0,727.0,43169.0,43.169,2.918761,2.663949,0.069494,0.185318,0.0,4.1293,4.1293,0.8974,0.0957,,138,7,604,56,control,,0
72,seed4j/seed4j,2025-12,24312,0,2025-07,1,5,115.0,3.0,8.0,0.0,126.0,727.0,43174.0,43.174,2.918423,2.66364,0.069486,0.185297,0.0,4.1293,4.1293,0.8974,0.0957,,176,8,604,56,control,,0
72,seed4j/seed4j,2026-01,24313,0,2025-07,1,6,116.0,3.0,8.0,0.0,127.0,729.0,43327.0,43.327,2.931198,2.677314,0.069241,0.184642,0.0,4.1235,4.1235,0.8963,0.0954,,128,6,604,56,control,,0
73,entur/antu,2025-05,24305,1,2025-11,0,-6,10.0,0.0,4.0,0.0,14.0,78.0,16372.0,16.372,0.855118,0.610799,0.0,0.24432,0.0,2.5385,2.5385,0.525,0.41,,26,5,5,52,claude_code,file_add,1
73,entur/antu,2025-06,24306,1,2025-11,0,-5,14.0,0.0,6.0,0.0,20.0,78.0,16067.0,16.067,1.244787,0.871351,0.0,0.373436,0.0,2.5769,2.5769,0.5168,0.4161,,31,5,5,52,claude_code,file_add,1
73,entur/antu,2025-07,24307,1,2025-11,0,-4,15.0,0.0,6.0,0.0,21.0,80.0,17607.0,17.607,1.192707,0.851934,0.0,0.340774,0.0,2.625,2.625,0.5229,0.4117,,35,6,5,52,claude_code,file_add,1
73,entur/antu,2025-08,24308,1,2025-11,0,-3,15.0,0.0,6.0,0.0,21.0,82.0,18367.0,18.367,1.143355,0.816682,0.0,0.326673,0.0,2.6098,2.6098,0.5271,0.4099,,11,2,5,52,claude_code,file_add,1
73,entur/antu,2025-09,24309,1,2025-11,0,-2,15.0,0.0,6.0,0.0,21.0,82.0,18367.0,18.367,1.143355,0.816682,0.0,0.326673,0.0,2.6098,2.6098,0.5271,0.4099,,22,3,5,52,claude_code,file_add,1
73,entur/antu,2025-10,24310,1,2025-11,0,-1,15.0,0.0,6.0,0.0,21.0,84.0,18600.0,18.6,1.129032,0.806452,0.0,0.322581,0.0,2.5595,2.5595,0.525,0.4153,,12,2,5,52,claude_code,file_add,1
73,entur/antu,2025-11,24311,1,2025-11,1,0,15.0,0.0,3.0,0.0,18.0,84.0,19034.0,19.034,0.945676,0.788063,0.0,0.157613,0.0,2.6786,2.6786,0.5276,0.4129,,30,5,5,52,claude_code,file_add,1
73,entur/antu,2025-12,24312,1,2025-11,1,1,15.0,0.0,3.0,0.0,18.0,84.0,19417.0,19.417,0.927023,0.772519,0.0,0.154504,0.0,2.6786,2.6786,0.5276,0.4129,,17,4,5,52,claude_code,file_add,1
73,entur/antu,2026-01,24313,1,2025-11,1,2,15.0,0.0,3.0,0.0,18.0,84.0,19426.0,19.426,0.926593,0.772161,0.0,0.154432,0.0,2.6786,2.6786,0.5276,0.4129,,8,2,5,52,claude_code,file_add,1
73,entur/antu,2026-02,24314,1,2025-11,1,3,15.0,0.0,3.0,0.0,18.0,84.0,19426.0,19.426,0.926593,0.772161,0.0,0.154432,0.0,2.6786,2.6786,0.5276,0.4129,,10,3,5,52,claude_code,file_add,1
73,entur/antu,2026-03,24315,1,2025-11,1,4,15.0,0.0,3.0,0.0,18.0,84.0,19426.0,19.426,0.926593,0.772161,0.0,0.154432,0.0,2.6786,2.6786,0.5276,0.4129,,7,3,5,52,claude_code,file_add,1
73,entur/antu,2026-04,24316,1,2025-11,1,5,15.0,0.0,3.0,0.0,18.0,84.0,19440.0,19.44,0.925926,0.771605,0.0,0.154321,0.0,2.6786,2.6786,0.5276,0.4129,,0,0,5,52,claude_code,file_add,1
73,entur/antu,2026-05,24317,1,2025-11,1,6,15.0,0.0,3.0,0.0,18.0,84.0,19440.0,19.44,0.925926,0.771605,0.0,0.154321,0.0,2.6786,2.6786,0.5276,0.4129,,0,0,5,52,claude_code,file_add,1
74,yuzawa-san/onnxruntime-java,2025-05,24305,0,2025-11,0,-6,,,,,,,,,,,,,,,,,,,8,2,29,49,control,,0
74,yuzawa-san/onnxruntime-java,2025-06,24306,0,2025-11,0,-5,,,,,,,,,,,,,,,,,,,8,2,29,49,control,,0
74,yuzawa-san/onnxruntime-java,2025-07,24307,0,2025-11,0,-4,,,,,,,,,,,,,,,,,,,6,2,29,49,control,,0
74,yuzawa-san/onnxruntime-java,2025-08,24308,0,2025-11,0,-3,,,,,,,,,,,,,,,,,,,10,2,29,49,control,,0
74,yuzawa-san/onnxruntime-java,2025-09,24309,0,2025-11,0,-2,,,,,,,,,,,,,,,,,,,8,2,29,49,control,,0
74,yuzawa-san/onnxruntime-java,2025-10,24310,0,2025-11,0,-1,,,,,,,,,,,,,,,,,,,21,2,29,49,control,,0
74,yuzawa-san/onnxruntime-java,2025-11,24311,0,2025-11,1,0,,,,,,,,,,,,,,,,,,,8,2,29,49,control,,0
74,yuzawa-san/onnxruntime-java,2025-12,24312,0,2025-11,1,1,,,,,,,,,,,,,,,,,,,29,2,29,49,control,,0
74,yuzawa-san/onnxruntime-java,2026-01,24313,0,2025-11,1,2,,,,,,,,,,,,,,,,,,,18,2,29,49,control,,0
74,yuzawa-san/onnxruntime-java,2026-02,24314,0,2025-11,1,3,,,,,,,,,,,,,,,,,,,116,3,29,49,control,,0
74,yuzawa-san/onnxruntime-java,2026-03,24315,0,2025-11,1,4,,,,,,,,,,,,,,,,,,,17,3,29,49,control,,0
74,yuzawa-san/onnxruntime-java,2026-04,24316,0,2025-11,1,5,,,,,,,,,,,,,,,,,,,0,0,29,49,control,,0
74,yuzawa-san/onnxruntime-java,2026-05,24317,0,2025-11,1,6,,,,,,,,,,,,,,,,,,,0,0,29,49,control,,0
75,caoccao/swc4j,2025-04,24304,1,2025-10,0,-6,866.0,3.0,10.0,0.0,879.0,41.0,22889.0,22.889,38.402726,37.834768,0.131067,0.436891,0.0,8.4634,8.4634,0.5331,0.3684,,5,1,182,24,claude_code,file_add,2
75,caoccao/swc4j,2025-05,24305,1,2025-10,0,-5,866.0,3.0,10.0,0.0,879.0,41.0,22889.0,22.889,38.402726,37.834768,0.131067,0.436891,0.0,8.4634,8.4634,0.5331,0.3684,,16,1,182,24,claude_code,file_add,2
75,caoccao/swc4j,2025-06,24306,1,2025-10,0,-4,869.0,3.0,16.0,0.0,888.0,41.0,23552.0,23.552,37.703804,36.897079,0.127378,0.679348,0.0,8.5854,8.5854,0.5334,0.3681,,1,1,182,24,claude_code,file_add,2
75,caoccao/swc4j,2025-07,24307,1,2025-10,0,-3,869.0,3.0,16.0,0.0,888.0,41.0,23552.0,23.552,37.703804,36.897079,0.127378,0.679348,0.0,8.5854,8.5854,0.5334,0.3681,,0,0,182,24,claude_code,file_add,2
75,caoccao/swc4j,2025-08,24308,1,2025-10,0,-2,869.0,3.0,16.0,0.0,888.0,41.0,23552.0,23.552,37.703804,36.897079,0.127378,0.679348,0.0,8.5854,8.5854,0.5334,0.3681,,0,0,182,24,claude_code,file_add,2
75,caoccao/swc4j,2025-09,24309,1,2025-10,0,-1,869.0,3.0,16.0,0.0,888.0,41.0,23552.0,23.552,37.703804,36.897079,0.127378,0.679348,0.0,8.5854,8.5854,0.5334,0.3681,,5,1,182,24,claude_code,file_add,2
75,caoccao/swc4j,2025-10,24310,1,2025-10,1,0,871.0,3.0,10.0,0.0,884.0,41.0,23601.0,23.601,37.45604,36.905216,0.127113,0.423711,0.0,8.5854,8.5854,0.5338,0.3663,,4,1,182,24,claude_code,file_add,2
75,caoccao/swc4j,2025-11,24311,1,2025-10,1,1,871.0,3.0,10.0,0.0,884.0,41.0,23601.0,23.601,37.45604,36.905216,0.127113,0.423711,0.0,8.5854,8.5854,0.5338,0.3663,,28,1,182,24,claude_code,file_add,2
75,caoccao/swc4j,2025-12,24312,1,2025-10,1,2,871.0,3.0,10.0,0.0,884.0,41.0,23460.0,23.46,37.681159,37.127025,0.127877,0.426257,0.0,8.5854,8.5854,0.5337,0.3672,,0,0,182,24,claude_code,file_add,2
75,caoccao/swc4j,2026-01,24313,1,2025-10,1,3,871.0,3.0,10.0,0.0,884.0,41.0,23460.0,23.46,37.681159,37.127025,0.127877,0.426257,0.0,8.5854,8.5854,0.5337,0.3672,,230,1,182,24,claude_code,file_add,2
75,caoccao/swc4j,2026-02,24314,1,2025-10,1,4,904.0,4.0,30.0,1.0,939.0,89.0,68751.0,68.751,13.657983,13.1489,0.058181,0.436357,0.014545,5.9888,5.9888,0.7136,0.2382,,58,1,182,24,claude_code,file_add,2
75,caoccao/swc4j,2026-03,24315,1,2025-10,1,5,921.0,6.0,9.0,1.0,937.0,103.0,77631.0,77.631,12.069921,11.863817,0.077289,0.115933,0.012881,5.8932,5.8932,0.7404,0.2139,,0,0,182,24,claude_code,file_add,2
75,caoccao/swc4j,2026-04,24316,1,2025-10,1,6,921.0,6.0,9.0,1.0,937.0,103.0,77631.0,77.631,12.069921,11.863817,0.077289,0.115933,0.012881,5.8932,5.8932,0.7404,0.2139,,0,0,182,24,claude_code,file_add,2
76,spannm/ucanaccess,2025-04,24304,0,2025-10,0,-6,92.0,0.0,4.0,0.0,96.0,13.0,11900.0,11.9,8.067227,7.731092,0.0,0.336134,0.0,3.5385,3.5385,0.4539,0.3416,,2,2,73,30,control,,0
76,spannm/ucanaccess,2025-05,24305,0,2025-10,0,-5,92.0,0.0,4.0,0.0,96.0,13.0,11916.0,11.916,8.056395,7.720712,0.0,0.335683,0.0,3.5385,3.5385,0.4532,0.342,,1,1,73,30,control,,0
76,spannm/ucanaccess,2025-06,24306,0,2025-10,0,-4,92.0,0.0,4.0,0.0,96.0,13.0,11916.0,11.916,8.056395,7.720712,0.0,0.335683,0.0,3.5385,3.5385,0.4532,0.342,,1,1,73,30,control,,0
76,spannm/ucanaccess,2025-07,24307,0,2025-10,0,-3,92.0,0.0,4.0,0.0,96.0,13.0,11916.0,11.916,8.056395,7.720712,0.0,0.335683,0.0,3.5385,3.5385,0.4532,0.342,,9,1,73,30,control,,0
76,spannm/ucanaccess,2025-08,24308,0,2025-10,0,-2,92.0,0.0,4.0,0.0,96.0,13.0,12045.0,12.045,7.970112,7.638024,0.0,0.332088,0.0,3.6154,3.6154,0.4535,0.3412,,9,2,73,30,control,,0
76,spannm/ucanaccess,2025-09,24309,0,2025-10,0,-1,92.0,0.0,4.0,0.0,96.0,13.0,12176.0,12.176,7.884363,7.555848,0.0,0.328515,0.0,3.6154,3.6154,0.4534,0.3439,,0,0,73,30,control,,0
76,spannm/ucanaccess,2025-10,24310,0,2025-10,1,0,92.0,0.0,4.0,0.0,96.0,13.0,12176.0,12.176,7.884363,7.555848,0.0,0.328515,0.0,3.6154,3.6154,0.4534,0.3439,,8,1,73,30,control,,0
76,spannm/ucanaccess,2025-11,24311,0,2025-10,1,1,92.0,0.0,4.0,0.0,96.0,13.0,12177.0,12.177,7.883715,7.555227,0.0,0.328488,0.0,3.6154,3.6154,0.4534,0.3439,,1,1,73,30,control,,0
76,spannm/ucanaccess,2025-12,24312,0,2025-10,1,2,92.0,0.0,4.0,0.0,96.0,13.0,12178.0,12.178,7.883068,7.554607,0.0,0.328461,0.0,3.6154,3.6154,0.4534,0.3439,,8,1,73,30,control,,0
76,spannm/ucanaccess,2026-01,24313,0,2025-10,1,3,92.0,0.0,4.0,0.0,96.0,13.0,12178.0,12.178,7.883068,7.554607,0.0,0.328461,0.0,3.6154,3.6154,0.4534,0.3439,,4,1,73,30,control,,0
76,spannm/ucanaccess,2026-02,24314,0,2025-10,1,4,92.0,0.0,4.0,0.0,96.0,13.0,12178.0,12.178,7.883068,7.554607,0.0,0.328461,0.0,3.6154,3.6154,0.4534,0.3439,,2,1,73,30,control,,0
76,spannm/ucanaccess,2026-03,24315,0,2025-10,1,5,92.0,0.0,4.0,0.0,96.0,14.0,12209.0,12.209,7.863052,7.535425,0.0,0.327627,0.0,3.3571,3.3571,0.421,0.3907,,4,1,73,30,control,,0
76,spannm/ucanaccess,2026-04,24316,0,2025-10,1,6,92.0,0.0,4.0,0.0,96.0,14.0,12208.0,12.208,7.863696,7.536042,0.0,0.327654,0.0,3.3571,3.3571,0.421,0.3907,,0,0,73,30,control,,0
77,DataSQRL/flink-sql-runner,2024-11,24299,1,2025-04,0,-5,0.0,0.0,0.0,0.0,0.0,2.0,325.0,0.325,0.0,0.0,0.0,0.0,0.0,0.0,0.0,0.5,0.5,,30,2,28,17,claude_code,commit_pattern,5
77,DataSQRL/flink-sql-runner,2024-12,24300,1,2025-04,0,-4,0.0,0.0,0.0,0.0,0.0,2.0,397.0,0.397,0.0,0.0,0.0,0.0,0.0,0.0,0.0,0.5,0.5,,1,1,28,17,claude_code,commit_pattern,5
77,DataSQRL/flink-sql-runner,2025-01,24301,1,2025-04,0,-3,0.0,0.0,0.0,0.0,0.0,2.0,397.0,0.397,0.0,0.0,0.0,0.0,0.0,0.0,0.0,0.5,0.5,,6,2,28,17,claude_code,commit_pattern,5
77,DataSQRL/flink-sql-runner,2025-02,24302,1,2025-04,0,-2,0.0,0.0,0.0,0.0,0.0,2.0,397.0,0.397,0.0,0.0,0.0,0.0,0.0,0.0,0.0,0.5,0.5,,24,2,28,17,claude_code,commit_pattern,5
77,DataSQRL/flink-sql-runner,2025-03,24303,1,2025-04,0,-1,0.0,0.0,0.0,0.0,0.0,2.0,449.0,0.449,0.0,0.0,0.0,0.0,0.0,0.0,0.0,0.5,0.5,,84,3,28,17,claude_code,commit_pattern,5
77,DataSQRL/flink-sql-runner,2025-04,24304,1,2025-04,1,0,8.0,0.0,0.0,0.0,8.0,20.0,3116.0,3.116,2.567394,2.567394,0.0,0.0,0.0,0.7,0.7,0.7449,0.2351,,126,5,28,17,claude_code,commit_pattern,5
77,DataSQRL/flink-sql-runner,2025-05,24305,1,2025-04,1,1,7.0,1.0,1.0,0.0,9.0,38.0,4477.0,4.477,2.010275,1.563547,0.223364,0.223364,0.0,0.8684,0.8684,0.7162,0.2729,,27,4,28,17,claude_code,commit_pattern,5
77,DataSQRL/flink-sql-runner,2025-06,24306,1,2025-04,1,2,7.0,1.0,1.0,0.0,9.0,38.0,5734.0,5.734,1.569585,1.220788,0.174398,0.174398,0.0,0.8684,0.8684,0.7162,0.2729,,49,3,28,17,claude_code,commit_pattern,5
77,DataSQRL/flink-sql-runner,2025-07,24307,1,2025-04,1,3,7.0,0.0,2.0,0.0,9.0,34.0,6430.0,6.43,1.399689,1.088647,0.0,0.311042,0.0,0.8235,0.8235,0.6894,0.3002,,10,3,28,17,claude_code,commit_pattern,5
77,DataSQRL/flink-sql-runner,2025-08,24308,1,2025-04,1,4,7.0,0.0,2.0,0.0,9.0,34.0,6436.0,6.436,1.398384,1.087632,0.0,0.310752,0.0,0.8235,0.8235,0.6894,0.3002,,8,2,28,17,claude_code,commit_pattern,5
77,DataSQRL/flink-sql-runner,2025-09,24309,1,2025-04,1,5,7.0,0.0,2.0,0.0,9.0,34.0,6470.0,6.47,1.391036,1.081917,0.0,0.309119,0.0,0.8235,0.8235,0.6894,0.3002,,13,2,28,17,claude_code,commit_pattern,5
77,DataSQRL/flink-sql-runner,2025-10,24310,1,2025-04,1,6,7.0,0.0,3.0,0.0,10.0,34.0,6604.0,6.604,1.514234,1.059964,0.0,0.45427,0.0,0.8235,0.8235,0.6894,0.3002,,25,3,28,17,claude_code,commit_pattern,5
78,MikhailSterkhov/bridgenet,2024-10,24298,0,2025-04,0,-6,130.0,5.0,7.0,0.0,142.0,240.0,21096.0,21.096,6.731134,6.162306,0.237012,0.331816,0.0,5.3583,5.3583,0.543,0.3023,,0,0,20,15,control,,0
78,MikhailSterkhov/bridgenet,2024-11,24299,0,2025-04,0,-5,130.0,5.0,7.0,0.0,142.0,240.0,21096.0,21.096,6.731134,6.162306,0.237012,0.331816,0.0,5.3583,5.3583,0.543,0.3023,,0,0,20,15,control,,0
78,MikhailSterkhov/bridgenet,2024-12,24300,0,2025-04,0,-4,130.0,5.0,7.0,0.0,142.0,240.0,21096.0,21.096,6.731134,6.162306,0.237012,0.331816,0.0,5.3583,5.3583,0.543,0.3023,,2,1,20,15,control,,0
78,MikhailSterkhov/bridgenet,2025-01,24301,0,2025-04,0,-3,130.0,5.0,7.0,0.0,142.0,240.0,21096.0,21.096,6.731134,6.162306,0.237012,0.331816,0.0,5.3583,5.3583,0.543,0.3023,,0,0,20,15,control,,0
78,MikhailSterkhov/bridgenet,2025-02,24302,0,2025-04,0,-2,130.0,5.0,7.0,0.0,142.0,240.0,21096.0,21.096,6.731134,6.162306,0.237012,0.331816,0.0,5.3583,5.3583,0.543,0.3023,,3,1,20,15,control,,0
78,MikhailSterkhov/bridgenet,2025-03,24303,0,2025-04,0,-1,129.0,5.0,7.0,0.0,141.0,240.0,21089.0,21.089,6.68595,6.116933,0.23709,0.331927,0.0,5.3542,5.3542,0.541,0.3043,,0,0,20,15,control,,0
78,MikhailSterkhov/bridgenet,2025-04,24304,0,2025-04,1,0,129.0,5.0,7.0,0.0,141.0,240.0,21089.0,21.089,6.68595,6.116933,0.23709,0.331927,0.0,5.3542,5.3542,0.541,0.3043,,0,0,20,15,control,,0
78,MikhailSterkhov/bridgenet,2025-05,24305,0,2025-04,1,1,129.0,5.0,7.0,0.0,141.0,240.0,21089.0,21.089,6.68595,6.116933,0.23709,0.331927,0.0,5.3542,5.3542,0.541,0.3043,,0,0,20,15,control,,0
78,MikhailSterkhov/bridgenet,2025-06,24306,0,2025-04,1,2,129.0,5.0,7.0,0.0,141.0,240.0,21089.0,21.089,6.68595,6.116933,0.23709,0.331927,0.0,5.3542,5.3542,0.541,0.3043,,0,0,20,15,control,,0
78,MikhailSterkhov/bridgenet,2025-07,24307,0,2025-04,1,3,129.0,5.0,7.0,0.0,141.0,240.0,21089.0,21.089,6.68595,6.116933,0.23709,0.331927,0.0,5.3542,5.3542,0.541,0.3043,,0,0,20,15,control,,0
78,MikhailSterkhov/bridgenet,2025-08,24308,0,2025-04,1,4,129.0,5.0,7.0,0.0,141.0,240.0,21089.0,21.089,6.68595,6.116933,0.23709,0.331927,0.0,5.3542,5.3542,0.541,0.3043,,0,0,20,15,control,,0
78,MikhailSterkhov/bridgenet,2025-09,24309,0,2025-04,1,5,129.0,5.0,7.0,0.0,141.0,240.0,21089.0,21.089,6.68595,6.116933,0.23709,0.331927,0.0,5.3542,5.3542,0.541,0.3043,,0,0,20,15,control,,0
78,MikhailSterkhov/bridgenet,2025-10,24310,0,2025-04,1,6,129.0,5.0,7.0,0.0,141.0,240.0,21089.0,21.089,6.68595,6.116933,0.23709,0.331927,0.0,5.3542,5.3542,0.541,0.3043,,0,0,20,15,control,,0
79,slackhq/astra,2024-12,24300,1,2025-06,0,-6,85.0,2.0,6.0,0.0,93.0,40.0,37385.0,37.385,2.487629,2.273639,0.053497,0.160492,0.0,5.275,5.275,0.6024,0.3639,,20,2,246,68,claude_code,file_add,1
79,slackhq/astra,2025-01,24301,1,2025-06,0,-5,85.0,2.0,6.0,0.0,93.0,40.0,37383.0,37.383,2.487762,2.273761,0.0535,0.160501,0.0,5.275,5.275,0.6024,0.3639,,25,3,246,68,claude_code,file_add,1
79,slackhq/astra,2025-02,24302,1,2025-06,0,-4,86.0,2.0,6.0,0.0,94.0,41.0,37555.0,37.555,2.502996,2.289975,0.053255,0.159766,0.0,5.2195,5.2195,0.6003,0.3668,,13,3,246,68,claude_code,file_add,1
79,slackhq/astra,2025-03,24303,1,2025-06,0,-3,86.0,2.0,6.0,0.0,94.0,41.0,37558.0,37.558,2.502796,2.289792,0.053251,0.159753,0.0,5.2195,5.2195,0.5998,0.3674,,29,3,246,68,claude_code,file_add,1
79,slackhq/astra,2025-04,24304,1,2025-06,0,-2,86.0,2.0,6.0,0.0,94.0,41.0,37575.0,37.575,2.501663,2.288756,0.053227,0.159681,0.0,5.2195,5.2195,0.5998,0.3674,,27,3,246,68,claude_code,file_add,1
79,slackhq/astra,2025-05,24305,1,2025-06,0,-1,86.0,2.0,6.0,0.0,94.0,41.0,37684.0,37.684,2.494427,2.282136,0.053073,0.159219,0.0,5.1707,5.1707,0.596,0.3711,,16,4,246,68,claude_code,file_add,1
79,slackhq/astra,2025-06,24306,1,2025-06,1,0,87.0,2.0,7.0,0.0,96.0,41.0,38274.0,38.274,2.50823,2.273084,0.052255,0.182892,0.0,5.2195,5.2195,0.5965,0.3707,,29,4,246,68,claude_code,file_add,1
79,slackhq/astra,2025-07,24307,1,2025-06,1,1,87.0,2.0,7.0,0.0,96.0,41.0,39696.0,39.696,2.41838,2.191657,0.050383,0.17634,0.0,5.2195,5.2195,0.5987,0.3701,,34,4,246,68,claude_code,file_add,1
79,slackhq/astra,2025-08,24308,1,2025-06,1,2,87.0,2.0,3.0,0.0,92.0,41.0,45546.0,45.546,2.019936,1.910157,0.043912,0.065867,0.0,5.3415,5.3415,0.6113,0.3597,,21,4,246,68,claude_code,file_add,1
79,slackhq/astra,2025-09,24309,1,2025-06,1,3,87.0,2.0,3.0,0.0,92.0,41.0,45931.0,45.931,2.003005,1.894146,0.043544,0.065315,0.0,5.3415,5.3415,0.6111,0.3599,,20,3,246,68,claude_code,file_add,1
79,slackhq/astra,2025-10,24310,1,2025-06,1,4,87.0,2.0,4.0,0.0,93.0,43.0,46058.0,46.058,2.019193,1.888923,0.043424,0.086847,0.0,5.093,5.093,0.6297,0.3426,,21,1,246,68,claude_code,file_add,1
79,slackhq/astra,2025-11,24311,1,2025-06,1,5,87.0,2.0,4.0,0.0,93.0,43.0,46058.0,46.058,2.019193,1.888923,0.043424,0.086847,0.0,5.093,5.093,0.6297,0.3426,,21,3,246,68,claude_code,file_add,1
79,slackhq/astra,2025-12,24312,1,2025-06,1,6,87.0,2.0,4.0,0.0,93.0,43.0,46058.0,46.058,2.019193,1.888923,0.043424,0.086847,0.0,5.093,5.093,0.6297,0.3426,,17,2,246,68,claude_code,file_add,1
80,wildmountainfarms/solarthing,2024-12,24300,0,2025-06,0,-6,352.0,8.0,18.0,0.0,378.0,190.0,29160.0,29.16,12.962963,12.071331,0.274348,0.617284,0.0,6.8421,6.8421,0.554,0.2881,,15,3,146,80,control,,0
80,wildmountainfarms/solarthing,2025-01,24301,0,2025-06,0,-5,366.0,8.0,13.0,0.0,387.0,201.0,29594.0,29.594,13.076975,12.367372,0.270325,0.439278,0.0,6.9502,6.9502,0.5667,0.2852,,0,0,146,80,control,,0
80,wildmountainfarms/solarthing,2025-02,24302,0,2025-06,0,-4,366.0,8.0,13.0,0.0,387.0,201.0,29594.0,29.594,13.076975,12.367372,0.270325,0.439278,0.0,6.9502,6.9502,0.5667,0.2852,,0,0,146,80,control,,0
80,wildmountainfarms/solarthing,2025-03,24303,0,2025-06,0,-3,366.0,8.0,13.0,0.0,387.0,201.0,29594.0,29.594,13.076975,12.367372,0.270325,0.439278,0.0,6.9502,6.9502,0.5667,0.2852,,0,0,146,80,control,,0
80,wildmountainfarms/solarthing,2025-04,24304,0,2025-06,0,-2,366.0,8.0,13.0,0.0,387.0,201.0,29594.0,29.594,13.076975,12.367372,0.270325,0.439278,0.0,6.9502,6.9502,0.5667,0.2852,,0,0,146,80,control,,0
80,wildmountainfarms/solarthing,2025-05,24305,0,2025-06,0,-1,366.0,8.0,13.0,0.0,387.0,201.0,29594.0,29.594,13.076975,12.367372,0.270325,0.439278,0.0,6.9502,6.9502,0.5667,0.2852,,1,1,146,80,control,,0
80,wildmountainfarms/solarthing,2025-06,24306,0,2025-06,1,0,366.0,8.0,13.0,0.0,387.0,201.0,29594.0,29.594,13.076975,12.367372,0.270325,0.439278,0.0,6.9502,6.9502,0.5667,0.2852,,6,1,146,80,control,,0
80,wildmountainfarms/solarthing,2025-07,24307,0,2025-06,1,1,366.0,8.0,13.0,0.0,387.0,201.0,29341.0,29.341,13.189735,12.474012,0.272656,0.443066,0.0,6.9502,6.9502,0.5667,0.2852,,3,1,146,80,control,,0
80,wildmountainfarms/solarthing,2025-08,24308,0,2025-06,1,2,366.0,8.0,13.0,0.0,387.0,201.0,29343.0,29.343,13.188835,12.473162,0.272637,0.443036,0.0,6.9502,6.9502,0.5667,0.2852,,2,1,146,80,control,,0
80,wildmountainfarms/solarthing,2025-09,24309,0,2025-06,1,3,366.0,8.0,13.0,0.0,387.0,202.0,29409.0,29.409,13.159237,12.44517,0.272026,0.442042,0.0,6.9356,6.9356,0.568,0.2846,,0,0,146,80,control,,0
80,wildmountainfarms/solarthing,2025-10,24310,0,2025-06,1,4,366.0,8.0,13.0,0.0,387.0,202.0,29409.0,29.409,13.159237,12.44517,0.272026,0.442042,0.0,6.9356,6.9356,0.568,0.2846,,0,0,146,80,control,,0
80,wildmountainfarms/solarthing,2025-11,24311,0,2025-06,1,5,366.0,8.0,13.0,0.0,387.0,202.0,29409.0,29.409,13.159237,12.44517,0.272026,0.442042,0.0,6.9356,6.9356,0.568,0.2846,,0,0,146,80,control,,0
80,wildmountainfarms/solarthing,2025-12,24312,0,2025-06,1,6,366.0,8.0,13.0,0.0,387.0,202.0,29409.0,29.409,13.159237,12.44517,0.272026,0.442042,0.0,6.9356,6.9356,0.568,0.2846,,0,0,146,80,control,,0
81,apache/gravitino,2024-12,24300,1,2025-06,0,-6,353.0,3.0,6.0,2.0,364.0,248.0,152986.0,152.986,2.379303,2.307401,0.01961,0.039219,0.013073,7.4073,7.4073,0.6525,0.2746,,139,34,2900,35,copilot,commit_pattern,42
81,apache/gravitino,2025-01,24301,1,2025-06,0,-5,403.0,3.0,9.0,2.0,417.0,265.0,165037.0,165.037,2.526706,2.441877,0.018178,0.054533,0.012118,7.3547,7.3547,0.6555,0.2729,,136,30,2900,35,copilot,commit_pattern,42
81,apache/gravitino,2025-02,24302,1,2025-06,0,-4,384.0,5.0,6.0,3.0,398.0,274.0,171624.0,171.624,2.319023,2.237449,0.029133,0.03496,0.01748,7.3321,7.3321,0.6586,0.2704,,74,25,2900,35,copilot,commit_pattern,42
81,apache/gravitino,2025-03,24303,1,2025-06,0,-3,355.0,5.0,6.0,4.0,370.0,275.0,173319.0,173.319,2.134792,2.048246,0.028849,0.034618,0.023079,7.3745,7.3745,0.6599,0.2714,,77,27,2900,35,copilot,commit_pattern,42
81,apache/gravitino,2025-04,24304,1,2025-06,0,-2,359.0,5.0,8.0,4.0,376.0,280.0,178163.0,178.163,2.110427,2.015009,0.028064,0.044903,0.022451,7.375,7.375,0.6576,0.2723,,106,25,2900,35,copilot,commit_pattern,42
81,apache/gravitino,2025-05,24305,1,2025-06,0,-1,396.0,6.0,10.0,5.0,417.0,286.0,187675.0,187.675,2.221926,2.110031,0.03197,0.053284,0.026642,7.3566,7.3566,0.6539,0.2728,,66,26,2900,35,copilot,commit_pattern,42
81,apache/gravitino,2025-06,24306,1,2025-06,1,0,397.0,6.0,7.0,3.0,413.0,289.0,190602.0,190.602,2.166819,2.082874,0.031479,0.036726,0.01574,7.391,7.391,0.6564,0.277,,56,26,2900,35,copilot,commit_pattern,42
81,apache/gravitino,2025-07,24307,1,2025-06,1,1,389.0,6.0,7.0,3.0,405.0,291.0,194665.0,194.665,2.080497,1.998305,0.030822,0.035959,0.015411,7.4055,7.4055,0.6574,0.2727,,120,43,2900,35,copilot,commit_pattern,42
81,apache/gravitino,2025-08,24308,1,2025-06,1,2,,,,,,,,,,,,,,,,,,,215,54,2900,35,copilot,commit_pattern,42
81,apache/gravitino,2025-09,24309,1,2025-06,1,3,,,,,,,,,,,,,,,,,,,119,40,2900,35,copilot,commit_pattern,42
81,apache/gravitino,2025-10,24310,1,2025-06,1,4,,,,,,,,,,,,,,,,,,,66,22,2900,35,copilot,commit_pattern,42
81,apache/gravitino,2025-11,24311,1,2025-06,1,5,,,,,,,,,,,,,,,,,,,106,26,2900,35,copilot,commit_pattern,42
81,apache/gravitino,2025-12,24312,1,2025-06,1,6,,,,,,,,,,,,,,,,,,,104,30,2900,35,copilot,commit_pattern,42
82,apache/polaris,2024-12,24300,0,2025-06,0,-6,54.0,2.0,5.0,0.0,61.0,46.0,29734.0,29.734,2.051524,1.816103,0.067263,0.168158,0.0,4.3696,4.3696,0.5833,0.2686,,48,14,1869,22,control,,0
82,apache/polaris,2025-01,24301,0,2025-06,0,-5,43.0,1.0,7.0,0.0,51.0,58.0,31240.0,31.24,1.632522,1.37644,0.03201,0.224072,0.0,4.569,4.569,0.6176,0.2963,,232,22,1869,22,control,,0
82,apache/polaris,2025-02,24302,0,2025-06,0,-4,32.0,1.0,6.0,0.0,39.0,73.0,32507.0,32.507,1.199742,0.984403,0.030763,0.184576,0.0,3.3836,3.3836,0.6532,0.2583,,121,16,1869,22,control,,0
82,apache/polaris,2025-03,24303,0,2025-06,0,-3,47.0,1.0,7.0,0.0,55.0,77.0,34476.0,34.476,1.595313,1.363267,0.029006,0.20304,0.0,4.0,4.0,0.6312,0.2778,,133,20,1869,22,control,,0
82,apache/polaris,2025-04,24304,0,2025-06,0,-2,63.0,2.0,6.0,0.0,71.0,96.0,38501.0,38.501,1.844108,1.636321,0.051947,0.15584,0.0,4.1875,4.1875,0.6386,0.2715,,152,25,1869,22,control,,0
82,apache/polaris,2025-05,24305,0,2025-06,0,-1,68.0,1.0,3.0,0.0,72.0,126.0,48308.0,48.308,1.490436,1.407634,0.020701,0.062102,0.0,4.2063,4.2063,0.6315,0.268,,172,25,1869,22,control,,0
82,apache/polaris,2025-06,24306,0,2025-06,1,0,76.0,1.0,8.0,0.0,85.0,136.0,51890.0,51.89,1.638081,1.464637,0.019272,0.154172,0.0,4.2941,4.2941,0.6221,0.2758,,141,30,1869,22,control,,0
82,apache/polaris,2025-07,24307,0,2025-06,1,1,80.0,1.0,4.0,0.0,85.0,136.0,54715.0,54.715,1.553505,1.462122,0.018277,0.073106,0.0,4.375,4.375,0.6261,0.2703,,168,20,1869,22,control,,0
82,apache/polaris,2025-08,24308,0,2025-06,1,2,74.0,1.0,7.0,0.0,82.0,136.0,56142.0,56.142,1.460582,1.318086,0.017812,0.124684,0.0,4.4412,4.4412,0.6134,0.2777,,171,24,1869,22,control,,0
82,apache/polaris,2025-09,24309,0,2025-06,1,3,91.0,3.0,3.0,0.0,97.0,132.0,57603.0,57.603,1.68394,1.579779,0.052081,0.052081,0.0,4.2955,4.2955,0.6136,0.2752,,189,21,1869,22,control,,0
82,apache/polaris,2025-10,24310,0,2025-06,1,4,,,,,,,,,,,,,,,,,,,151,25,1869,22,control,,0
82,apache/polaris,2025-11,24311,0,2025-06,1,5,,,,,,,,,,,,,,,,,,,153,23,1869,22,control,,0
82,apache/polaris,2025-12,24312,0,2025-06,1,6,,,,,,,,,,,,,,,,,,,122,22,1869,22,control,,0
83,SimoneAvogadro/HumanDetection4Tasker,2025-03,24303,1,2025-09,0,-6,6.0,0.0,3.0,0.0,9.0,23.0,13481.0,13.481,0.667606,0.445071,0.0,0.222535,0.0,1.3043,1.3043,0.736,0.249,,8,1,26,20,claude_code,file_add,8
83,SimoneAvogadro/HumanDetection4Tasker,2025-04,24304,1,2025-09,0,-5,0.0,0.0,0.0,0.0,0.0,12.0,657.0,0.657,0.0,0.0,0.0,0.0,0.0,0.75,0.75,0.5833,0.3333,,0,0,26,20,claude_code,file_add,8
83,SimoneAvogadro/HumanDetection4Tasker,2025-05,24305,1,2025-09,0,-4,0.0,0.0,0.0,0.0,0.0,12.0,657.0,0.657,0.0,0.0,0.0,0.0,0.0,0.75,0.75,0.5833,0.3333,,1,1,26,20,claude_code,file_add,8
83,SimoneAvogadro/HumanDetection4Tasker,2025-06,24306,1,2025-09,0,-3,0.0,0.0,0.0,0.0,0.0,12.0,657.0,0.657,0.0,0.0,0.0,0.0,0.0,0.75,0.75,0.5833,0.3333,,0,0,26,20,claude_code,file_add,8
83,SimoneAvogadro/HumanDetection4Tasker,2025-07,24307,1,2025-09,0,-2,0.0,0.0,0.0,0.0,0.0,12.0,657.0,0.657,0.0,0.0,0.0,0.0,0.0,0.75,0.75,0.5833,0.3333,,0,0,26,20,claude_code,file_add,8
83,SimoneAvogadro/HumanDetection4Tasker,2025-08,24308,1,2025-09,0,-1,0.0,0.0,0.0,0.0,0.0,12.0,657.0,0.657,0.0,0.0,0.0,0.0,0.0,0.75,0.75,0.5833,0.3333,,0,0,26,20,claude_code,file_add,8
83,SimoneAvogadro/HumanDetection4Tasker,2025-09,24309,1,2025-09,1,0,0.0,0.0,0.0,0.0,0.0,12.0,657.0,0.657,0.0,0.0,0.0,0.0,0.0,0.75,0.75,0.5833,0.3333,,34,1,26,20,claude_code,file_add,8
83,SimoneAvogadro/HumanDetection4Tasker,2025-10,24310,1,2025-09,1,1,0.0,0.0,0.0,0.0,0.0,13.0,876.0,0.876,0.0,0.0,0.0,0.0,0.0,0.9231,0.9231,0.5962,0.3269,,2,1,26,20,claude_code,file_add,8
83,SimoneAvogadro/HumanDetection4Tasker,2025-11,24311,1,2025-09,1,2,0.0,0.0,0.0,0.0,0.0,13.0,876.0,0.876,0.0,0.0,0.0,0.0,0.0,0.9231,0.9231,0.5962,0.3269,,0,0,26,20,claude_code,file_add,8
83,SimoneAvogadro/HumanDetection4Tasker,2025-12,24312,1,2025-09,1,3,0.0,0.0,0.0,0.0,0.0,13.0,876.0,0.876,0.0,0.0,0.0,0.0,0.0,0.9231,0.9231,0.5962,0.3269,,0,0,26,20,claude_code,file_add,8
83,SimoneAvogadro/HumanDetection4Tasker,2026-01,24313,1,2025-09,1,4,0.0,0.0,0.0,0.0,0.0,13.0,876.0,0.876,0.0,0.0,0.0,0.0,0.0,0.9231,0.9231,0.5962,0.3269,,0,0,26,20,claude_code,file_add,8
83,SimoneAvogadro/HumanDetection4Tasker,2026-02,24314,1,2025-09,1,5,0.0,0.0,0.0,0.0,0.0,13.0,876.0,0.876,0.0,0.0,0.0,0.0,0.0,0.9231,0.9231,0.5962,0.3269,,5,2,26,20,claude_code,file_add,8
83,SimoneAvogadro/HumanDetection4Tasker,2026-03,24315,1,2025-09,1,6,0.0,0.0,0.0,0.0,0.0,13.0,931.0,0.931,0.0,0.0,0.0,0.0,0.0,0.9231,0.9231,0.5962,0.3269,,7,1,26,20,claude_code,file_add,8
84,qm123pz/NightSky-Client,2025-11,24311,0,2025-09,1,2,88.0,4.0,3.0,0.0,95.0,55.0,23193.0,23.193,4.096063,3.794248,0.172466,0.129349,0.0,4.7091,4.7091,0.4213,0.4809,,56,2,20,5,control,,0
84,qm123pz/NightSky-Client,2025-12,24312,0,2025-09,1,3,104.0,4.0,4.0,0.0,112.0,61.0,25554.0,25.554,4.382875,4.069813,0.156531,0.156531,0.0,5.082,5.082,0.4523,0.4615,,26,1,20,5,control,,0
84,qm123pz/NightSky-Client,2026-01,24313,0,2025-09,1,4,109.0,4.0,7.0,0.0,120.0,62.0,28989.0,28.989,4.139501,3.760047,0.137983,0.241471,0.0,5.2097,5.2097,0.463,0.4538,,0,0,20,5,control,,0
84,qm123pz/NightSky-Client,2026-02,24314,0,2025-09,1,5,109.0,4.0,7.0,0.0,120.0,62.0,28989.0,28.989,4.139501,3.760047,0.137983,0.241471,0.0,5.2097,5.2097,0.463,0.4538,,0,0,20,5,control,,0
84,qm123pz/NightSky-Client,2026-03,24315,0,2025-09,1,6,109.0,4.0,7.0,0.0,120.0,62.0,28989.0,28.989,4.139501,3.760047,0.137983,0.241471,0.0,5.2097,5.2097,0.463,0.4538,,0,0,20,5,control,,0
85,wisemapping/wisemapping-open-source,2025-04,24304,1,2025-10,0,-6,18.0,0.0,3.0,0.0,21.0,21.0,4893.0,4.893,4.291845,3.678725,0.0,0.613121,0.0,2.9524,2.9524,0.6145,0.3453,,1,1,240,25,cursor,file_add,1
85,wisemapping/wisemapping-open-source,2025-05,24305,1,2025-10,0,-5,18.0,0.0,3.0,0.0,21.0,21.0,4893.0,4.893,4.291845,3.678725,0.0,0.613121,0.0,2.9524,2.9524,0.6145,0.3453,,0,0,240,25,cursor,file_add,1
85,wisemapping/wisemapping-open-source,2025-06,24306,1,2025-10,0,-4,18.0,0.0,3.0,0.0,21.0,21.0,4893.0,4.893,4.291845,3.678725,0.0,0.613121,0.0,2.9524,2.9524,0.6145,0.3453,,0,0,240,25,cursor,file_add,1
85,wisemapping/wisemapping-open-source,2025-07,24307,1,2025-10,0,-3,18.0,0.0,3.0,0.0,21.0,21.0,4893.0,4.893,4.291845,3.678725,0.0,0.613121,0.0,2.9524,2.9524,0.6145,0.3453,,0,0,240,25,cursor,file_add,1
85,wisemapping/wisemapping-open-source,2025-08,24308,1,2025-10,0,-2,18.0,0.0,3.0,0.0,21.0,21.0,4893.0,4.893,4.291845,3.678725,0.0,0.613121,0.0,2.9524,2.9524,0.6145,0.3453,,15,1,240,25,cursor,file_add,1
85,wisemapping/wisemapping-open-source,2025-09,24309,1,2025-10,0,-1,18.0,0.0,3.0,0.0,21.0,21.0,4909.0,4.909,4.277857,3.666735,0.0,0.611122,0.0,2.9524,2.9524,0.6145,0.3453,,229,1,240,25,cursor,file_add,1
85,wisemapping/wisemapping-open-source,2025-10,24310,1,2025-10,1,0,23.0,1.0,7.0,0.0,31.0,32.0,10829.0,10.829,2.862684,2.123926,0.092345,0.646412,0.0,2.875,2.875,0.6719,0.2956,,254,1,240,25,cursor,file_add,1
85,wisemapping/wisemapping-open-source,2025-11,24311,1,2025-10,1,1,25.0,0.0,6.0,0.0,31.0,29.0,15713.0,15.713,1.972889,1.591039,0.0,0.381849,0.0,2.931,2.931,0.6978,0.2726,,103,1,240,25,cursor,file_add,1
85,wisemapping/wisemapping-open-source,2025-12,24312,1,2025-10,1,2,27.0,1.0,4.0,0.0,32.0,34.0,18198.0,18.198,1.758435,1.48368,0.054951,0.219804,0.0,2.6765,2.6765,0.71,0.2643,,23,2,240,25,cursor,file_add,1
85,wisemapping/wisemapping-open-source,2026-01,24313,1,2025-10,1,3,30.0,1.0,4.0,0.0,35.0,34.0,18691.0,18.691,1.872559,1.605051,0.053502,0.214007,0.0,2.7647,2.7647,0.7102,0.2656,,3,2,240,25,cursor,file_add,1
85,wisemapping/wisemapping-open-source,2026-02,24314,1,2025-10,1,4,30.0,1.0,5.0,0.0,36.0,34.0,17480.0,17.48,2.059497,1.716247,0.057208,0.286041,0.0,2.7647,2.7647,0.7139,0.2613,,15,1,240,25,cursor,file_add,1
85,wisemapping/wisemapping-open-source,2026-03,24315,1,2025-10,1,5,31.0,1.0,5.0,0.0,37.0,34.0,17504.0,17.504,2.113803,1.771024,0.05713,0.285649,0.0,2.8235,2.8235,0.7139,0.2615,,0,0,240,25,cursor,file_add,1
85,wisemapping/wisemapping-open-source,2026-04,24316,1,2025-10,1,6,31.0,1.0,5.0,0.0,37.0,34.0,17504.0,17.504,2.113803,1.771024,0.05713,0.285649,0.0,2.8235,2.8235,0.7139,0.2615,,0,0,240,25,cursor,file_add,1
86,kroxylicious/kroxylicious,2025-04,24304,0,2025-10,0,-6,,,,,,,,,,,,,,,,,,,246,13,259,48,control,,0
86,kroxylicious/kroxylicious,2025-05,24305,0,2025-10,0,-5,,,,,,,,,,,,,,,,,,,274,10,259,48,control,,0
86,kroxylicious/kroxylicious,2025-06,24306,0,2025-10,0,-4,,,,,,,,,,,,,,,,,,,210,13,259,48,control,,0
86,kroxylicious/kroxylicious,2025-07,24307,0,2025-10,0,-3,,,,,,,,,,,,,,,,,,,123,15,259,48,control,,0
86,kroxylicious/kroxylicious,2025-08,24308,0,2025-10,0,-2,,,,,,,,,,,,,,,,,,,116,12,259,48,control,,0
86,kroxylicious/kroxylicious,2025-09,24309,0,2025-10,0,-1,,,,,,,,,,,,,,,,,,,90,9,259,48,control,,0
86,kroxylicious/kroxylicious,2025-10,24310,0,2025-10,1,0,,,,,,,,,,,,,,,,,,,110,13,259,48,control,,0
86,kroxylicious/kroxylicious,2025-11,24311,0,2025-10,1,1,,,,,,,,,,,,,,,,,,,112,12,259,48,control,,0
86,kroxylicious/kroxylicious,2025-12,24312,0,2025-10,1,2,,,,,,,,,,,,,,,,,,,92,15,259,48,control,,0
86,kroxylicious/kroxylicious,2026-01,24313,0,2025-10,1,3,,,,,,,,,,,,,,,,,,,155,12,259,48,control,,0
86,kroxylicious/kroxylicious,2026-02,24314,0,2025-10,1,4,,,,,,,,,,,,,,,,,,,142,11,259,48,control,,0
86,kroxylicious/kroxylicious,2026-03,24315,0,2025-10,1,5,,,,,,,,,,,,,,,,,,,51,9,259,48,control,,0
86,kroxylicious/kroxylicious,2026-04,24316,0,2025-10,1,6,,,,,,,,,,,,,,,,,,,0,0,259,48,control,,0
87,akto-api-security/akto,2024-12,24300,1,2025-06,0,-6,553.0,1.0,3.0,1.0,558.0,191.0,59114.0,59.114,9.439388,9.354806,0.016916,0.050749,0.016916,6.7173,6.7173,0.5608,0.4056,,254,15,1455,38,cursor,commit_pattern,30
87,akto-api-security/akto,2025-01,24301,1,2025-06,0,-5,540.0,1.0,8.0,1.0,550.0,191.0,59981.0,59.981,9.16957,9.002851,0.016672,0.133376,0.016672,6.8377,6.8377,0.5617,0.4048,,364,14,1455,38,cursor,commit_pattern,30
87,akto-api-security/akto,2025-02,24302,1,2025-06,0,-4,550.0,1.0,8.0,1.0,560.0,222.0,65603.0,65.603,8.536195,8.383763,0.015243,0.121946,0.015243,6.2432,6.2432,0.5573,0.4111,,281,17,1455,38,cursor,commit_pattern,30
87,akto-api-security/akto,2025-03,24303,1,2025-06,0,-3,570.0,2.0,9.0,1.0,582.0,224.0,66843.0,66.843,8.70697,8.527445,0.029921,0.134644,0.01496,6.317,6.317,0.5575,0.4113,,375,16,1455,38,cursor,commit_pattern,30
87,akto-api-security/akto,2025-04,24304,1,2025-06,0,-2,572.0,2.0,11.0,1.0,586.0,229.0,69251.0,69.251,8.461972,8.259809,0.02888,0.158842,0.01444,6.3493,6.3493,0.5637,0.4058,,457,17,1455,38,cursor,commit_pattern,30
87,akto-api-security/akto,2025-05,24305,1,2025-06,0,-1,591.0,1.0,6.0,1.0,599.0,240.0,72381.0,72.381,8.275652,8.165126,0.013816,0.082895,0.013816,6.3917,6.3917,0.5652,0.4041,,346,18,1455,38,cursor,commit_pattern,30
87,akto-api-security/akto,2025-06,24306,1,2025-06,1,0,598.0,2.0,9.0,1.0,610.0,247.0,75242.0,75.242,8.107174,7.947689,0.026581,0.119614,0.01329,6.4737,6.4737,0.5668,0.402,,351,17,1455,38,cursor,commit_pattern,30
87,akto-api-security/akto,2025-07,24307,1,2025-06,1,1,572.0,2.0,2.0,1.0,577.0,252.0,76875.0,76.875,7.505691,7.44065,0.026016,0.026016,0.013008,6.504,6.504,0.5732,0.3966,,335,21,1455,38,cursor,commit_pattern,30
87,akto-api-security/akto,2025-08,24308,1,2025-06,1,2,583.0,2.0,5.0,1.0,591.0,254.0,79682.0,79.682,7.416983,7.316583,0.0251,0.062749,0.01255,6.5787,6.5787,0.573,0.3972,,319,19,1455,38,cursor,commit_pattern,30
87,akto-api-security/akto,2025-09,24309,1,2025-06,1,3,582.0,3.0,10.0,1.0,596.0,255.0,81496.0,81.496,7.313242,7.141455,0.036812,0.122705,0.012271,6.6824,6.6824,0.5741,0.3963,,472,23,1455,38,cursor,commit_pattern,30
87,akto-api-security/akto,2025-10,24310,1,2025-06,1,4,595.0,3.0,10.0,1.0,609.0,261.0,85169.0,85.169,7.150489,6.98611,0.035224,0.117414,0.011741,6.6169,6.6169,0.5691,0.402,,384,20,1455,38,cursor,commit_pattern,30
87,akto-api-security/akto,2025-11,24311,1,2025-06,1,5,622.0,3.0,8.0,1.0,634.0,266.0,87841.0,87.841,7.217586,7.080976,0.034153,0.091074,0.011384,6.6917,6.6917,0.5661,0.4041,,372,20,1455,38,cursor,commit_pattern,30
87,akto-api-security/akto,2025-12,24312,1,2025-06,1,6,626.0,4.0,8.0,1.0,639.0,272.0,91202.0,91.202,7.006425,6.863885,0.043859,0.087717,0.010965,6.7169,6.7169,0.5678,0.4032,,416,23,1455,38,cursor,commit_pattern,30
89,knime/knime-python,2025-05,24305,1,2025-11,0,-6,,,,,,,,,,,,,,,,,,,29,5,86,102,copilot,file_add,5
89,knime/knime-python,2025-06,24306,1,2025-11,0,-5,,,,,,,,,,,,,,,,,,,28,4,86,102,copilot,file_add,5
89,knime/knime-python,2025-07,24307,1,2025-11,0,-4,,,,,,,,,,,,,,,,,,,48,9,86,102,copilot,file_add,5
89,knime/knime-python,2025-08,24308,1,2025-11,0,-3,,,,,,,,,,,,,,,,,,,29,11,86,102,copilot,file_add,5
89,knime/knime-python,2025-09,24309,1,2025-11,0,-2,,,,,,,,,,,,,,,,,,,30,9,86,102,copilot,file_add,5
89,knime/knime-python,2025-10,24310,1,2025-11,0,-1,,,,,,,,,,,,,,,,,,,20,8,86,102,copilot,file_add,5
89,knime/knime-python,2025-11,24311,1,2025-11,1,0,,,,,,,,,,,,,,,,,,,22,7,86,102,copilot,file_add,5
89,knime/knime-python,2025-12,24312,1,2025-11,1,1,,,,,,,,,,,,,,,,,,,11,6,86,102,copilot,file_add,5
89,knime/knime-python,2026-01,24313,1,2025-11,1,2,,,,,,,,,,,,,,,,,,,27,10,86,102,copilot,file_add,5
89,knime/knime-python,2026-02,24314,1,2025-11,1,3,,,,,,,,,,,,,,,,,,,22,6,86,102,copilot,file_add,5
89,knime/knime-python,2026-03,24315,1,2025-11,1,4,,,,,,,,,,,,,,,,,,,3,2,86,102,copilot,file_add,5
89,knime/knime-python,2026-04,24316,1,2025-11,1,5,,,,,,,,,,,,,,,,,,,0,0,86,102,copilot,file_add,5
89,knime/knime-python,2026-05,24317,1,2025-11,1,6,,,,,,,,,,,,,,,,,,,0,0,86,102,copilot,file_add,5
90,PANTHEONtech/lighty,2025-05,24305,0,2025-11,0,-6,29.0,2.0,11.0,0.0,42.0,175.0,19682.0,19.682,2.133929,1.473427,0.101616,0.558886,0.0,3.7086,3.7086,0.6237,0.3105,,12,2,143,94,control,,0
90,PANTHEONtech/lighty,2025-06,24306,0,2025-11,0,-5,29.0,2.0,11.0,0.0,42.0,175.0,19682.0,19.682,2.133929,1.473427,0.101616,0.558886,0.0,3.7086,3.7086,0.6237,0.3105,,13,2,143,94,control,,0
90,PANTHEONtech/lighty,2025-07,24307,0,2025-11,0,-4,29.0,2.0,11.0,0.0,42.0,175.0,19663.0,19.663,2.135991,1.474851,0.101714,0.559426,0.0,3.7029,3.7029,0.6237,0.3104,,40,4,143,94,control,,0
90,PANTHEONtech/lighty,2025-08,24308,0,2025-11,0,-3,29.0,2.0,11.0,0.0,42.0,175.0,19642.0,19.642,2.138275,1.476428,0.101823,0.560024,0.0,3.7029,3.7029,0.6237,0.3107,,15,3,143,94,control,,0
90,PANTHEONtech/lighty,2025-09,24309,0,2025-11,0,-2,29.0,2.0,11.0,0.0,42.0,175.0,19636.0,19.636,2.138928,1.476879,0.101854,0.560196,0.0,3.7029,3.7029,0.6237,0.3098,,16,3,143,94,control,,0
90,PANTHEONtech/lighty,2025-10,24310,0,2025-11,0,-1,29.0,2.0,11.0,0.0,42.0,175.0,19651.0,19.651,2.137296,1.475752,0.101776,0.559768,0.0,3.7029,3.7029,0.6237,0.3098,,26,4,143,94,control,,0
90,PANTHEONtech/lighty,2025-11,24311,0,2025-11,1,0,29.0,2.0,12.0,0.0,43.0,184.0,20243.0,20.243,2.124191,1.432594,0.0988,0.592798,0.0,3.7337,3.7337,0.6329,0.3038,,32,3,143,94,control,,0
90,PANTHEONtech/lighty,2025-12,24312,0,2025-11,1,1,29.0,2.0,12.0,0.0,43.0,184.0,20243.0,20.243,2.124191,1.432594,0.0988,0.592798,0.0,3.7337,3.7337,0.6329,0.3038,,9,4,143,94,control,,0
90,PANTHEONtech/lighty,2026-01,24313,0,2025-11,1,2,29.0,2.0,12.0,0.0,43.0,185.0,20485.0,20.485,2.099097,1.41567,0.097632,0.585794,0.0,3.7622,3.7622,0.633,0.3054,,11,3,143,94,control,,0
90,PANTHEONtech/lighty,2026-02,24314,0,2025-11,1,3,29.0,2.0,12.0,0.0,43.0,185.0,20485.0,20.485,2.099097,1.41567,0.097632,0.585794,0.0,3.7622,3.7622,0.633,0.3054,,10,3,143,94,control,,0
90,PANTHEONtech/lighty,2026-03,24315,0,2025-11,1,4,29.0,2.0,12.0,0.0,43.0,185.0,20485.0,20.485,2.099097,1.41567,0.097632,0.585794,0.0,3.7622,3.7622,0.633,0.3054,,0,0,143,94,control,,0
90,PANTHEONtech/lighty,2026-04,24316,0,2025-11,1,5,29.0,2.0,12.0,0.0,43.0,185.0,20477.0,20.477,2.099917,1.416223,0.097671,0.586023,0.0,3.7622,3.7622,0.633,0.3054,,0,0,143,94,control,,0
90,PANTHEONtech/lighty,2026-05,24317,0,2025-11,1,6,29.0,2.0,12.0,0.0,43.0,185.0,20477.0,20.477,2.099917,1.416223,0.097671,0.586023,0.0,3.7622,3.7622,0.633,0.3054,,0,0,143,94,control,,0
91,LianjiaTech/bella-openapi,2025-05,24305,1,2025-06,0,-1,128.0,3.0,5.0,0.0,136.0,52.0,17761.0,17.761,7.657227,7.206801,0.168909,0.281516,0.0,4.6923,4.6923,0.5374,0.3673,,81,29,207,12,claude_code,file_add,22
91,LianjiaTech/bella-openapi,2025-06,24306,1,2025-06,1,0,128.0,3.0,5.0,0.0,136.0,52.0,17863.0,17.863,7.613503,7.16565,0.167945,0.279908,0.0,4.6923,4.6923,0.5374,0.3673,,91,15,207,12,claude_code,file_add,22
91,LianjiaTech/bella-openapi,2025-07,24307,1,2025-06,1,1,131.0,3.0,6.0,0.0,140.0,64.0,20636.0,20.636,6.784261,6.348129,0.145377,0.290754,0.0,4.7031,4.7031,0.5571,0.3584,,35,6,207,12,claude_code,file_add,22
91,LianjiaTech/bella-openapi,2025-08,24308,1,2025-06,1,2,132.0,3.0,6.0,0.0,141.0,71.0,21732.0,21.732,6.488128,6.073992,0.138045,0.276091,0.0,4.5352,4.5352,0.5725,0.3458,,59,6,207,12,claude_code,file_add,22
91,LianjiaTech/bella-openapi,2025-09,24309,1,2025-06,1,3,143.0,3.0,5.0,0.0,151.0,78.0,23870.0,23.87,6.325932,5.990783,0.125681,0.209468,0.0,4.5641,4.5641,0.5638,0.358,,84,8,207,12,claude_code,file_add,22
91,LianjiaTech/bella-openapi,2025-10,24310,1,2025-06,1,4,191.0,4.0,27.0,0.0,222.0,84.0,28573.0,28.573,7.769573,6.684632,0.139992,0.944948,0.0,4.869,4.869,0.5536,0.3663,,78,10,207,12,claude_code,file_add,22
91,LianjiaTech/bella-openapi,2025-11,24311,1,2025-06,1,5,200.0,4.0,11.0,0.0,215.0,87.0,29718.0,29.718,7.234673,6.729928,0.134599,0.370146,0.0,4.7011,4.7011,0.5866,0.3404,,51,9,207,12,claude_code,file_add,22
91,LianjiaTech/bella-openapi,2025-12,24312,1,2025-06,1,6,199.0,4.0,7.0,0.0,210.0,88.0,30334.0,30.334,6.922925,6.560295,0.131865,0.230764,0.0,4.8182,4.8182,0.5869,0.3394,,59,10,207,12,claude_code,file_add,22
92,jonesdevelopment/sonar,2024-12,24300,0,2025-06,0,-6,27.0,0.0,3.0,0.0,30.0,60.0,6646.0,6.646,4.513993,4.062594,0.0,0.451399,0.0,3.9167,3.9167,0.5049,0.3851,,15,3,230,34,control,,0
92,jonesdevelopment/sonar,2025-01,24301,0,2025-06,0,-5,27.0,0.0,3.0,0.0,30.0,60.0,6672.0,6.672,4.496403,4.046763,0.0,0.44964,0.0,3.9,3.9,0.5063,0.3837,,20,4,230,34,control,,0
92,jonesdevelopment/sonar,2025-02,24302,0,2025-06,0,-4,27.0,0.0,3.0,0.0,30.0,60.0,6677.0,6.677,4.493036,4.043732,0.0,0.449304,0.0,3.9,3.9,0.5063,0.3837,,17,3,230,34,control,,0
92,jonesdevelopment/sonar,2025-03,24303,0,2025-06,0,-3,27.0,0.0,3.0,0.0,30.0,60.0,6701.0,6.701,4.476944,4.029249,0.0,0.447694,0.0,3.9,3.9,0.5063,0.3837,,15,3,230,34,control,,0
92,jonesdevelopment/sonar,2025-04,24304,0,2025-06,0,-2,27.0,0.0,3.0,0.0,30.0,61.0,6903.0,6.903,4.345937,3.911343,0.0,0.434594,0.0,3.9344,3.9344,0.509,0.3828,,10,3,230,34,control,,0
92,jonesdevelopment/sonar,2025-05,24305,0,2025-06,0,-1,27.0,0.0,3.0,0.0,30.0,61.0,6906.0,6.906,4.344049,3.909644,0.0,0.434405,0.0,3.9344,3.9344,0.509,0.3828,,10,3,230,34,control,,0
92,jonesdevelopment/sonar,2025-06,24306,0,2025-06,1,0,27.0,0.0,3.0,0.0,30.0,61.0,6913.0,6.913,4.33965,3.905685,0.0,0.433965,0.0,3.9344,3.9344,0.509,0.3828,,16,4,230,34,control,,0
92,jonesdevelopment/sonar,2025-07,24307,0,2025-06,1,1,27.0,0.0,3.0,0.0,30.0,61.0,6935.0,6.935,4.325883,3.893295,0.0,0.432588,0.0,3.9344,3.9344,0.509,0.3828,,15,3,230,34,control,,0
92,jonesdevelopment/sonar,2025-08,24308,0,2025-06,1,2,27.0,0.0,3.0,0.0,30.0,61.0,6932.0,6.932,4.327755,3.89498,0.0,0.432776,0.0,3.9344,3.9344,0.509,0.3828,,7,4,230,34,control,,0
92,jonesdevelopment/sonar,2025-09,24309,0,2025-06,1,3,27.0,0.0,3.0,0.0,30.0,61.0,6932.0,6.932,4.327755,3.89498,0.0,0.432776,0.0,3.9344,3.9344,0.509,0.3828,,14,5,230,34,control,,0
92,jonesdevelopment/sonar,2025-10,24310,0,2025-06,1,4,27.0,0.0,3.0,0.0,30.0,61.0,6945.0,6.945,4.319654,3.887689,0.0,0.431965,0.0,3.9344,3.9344,0.509,0.3828,,11,4,230,34,control,,0
92,jonesdevelopment/sonar,2025-11,24311,0,2025-06,1,5,27.0,0.0,3.0,0.0,30.0,61.0,7004.0,7.004,4.283267,3.85494,0.0,0.428327,0.0,3.9344,3.9344,0.5096,0.3822,,1,1,230,34,control,,0
92,jonesdevelopment/sonar,2025-12,24312,0,2025-06,1,6,27.0,0.0,3.0,0.0,30.0,61.0,7004.0,7.004,4.283267,3.85494,0.0,0.428327,0.0,3.9344,3.9344,0.5096,0.3822,,13,2,230,34,control,,0
93,agoncal/agoncal-application-vintagestore,2025-01,24301,1,2025-07,0,-6,1.0,0.0,2.0,0.0,3.0,9.0,774.0,0.774,3.875969,1.29199,0.0,2.583979,0.0,0.3333,0.3333,0.7778,0.2381,,0,0,6,17,claude_code,file_add,25
93,agoncal/agoncal-application-vintagestore,2025-02,24302,1,2025-07,0,-5,1.0,0.0,2.0,0.0,3.0,9.0,774.0,0.774,3.875969,1.29199,0.0,2.583979,0.0,0.3333,0.3333,0.7778,0.2381,,0,0,6,17,claude_code,file_add,25
93,agoncal/agoncal-application-vintagestore,2025-03,24303,1,2025-07,0,-4,1.0,0.0,2.0,0.0,3.0,9.0,774.0,0.774,3.875969,1.29199,0.0,2.583979,0.0,0.3333,0.3333,0.7778,0.2381,,0,0,6,17,claude_code,file_add,25
93,agoncal/agoncal-application-vintagestore,2025-04,24304,1,2025-07,0,-3,1.0,0.0,2.0,0.0,3.0,9.0,774.0,0.774,3.875969,1.29199,0.0,2.583979,0.0,0.3333,0.3333,0.7778,0.2381,,0,0,6,17,claude_code,file_add,25
93,agoncal/agoncal-application-vintagestore,2025-05,24305,1,2025-07,0,-2,1.0,0.0,2.0,0.0,3.0,9.0,774.0,0.774,3.875969,1.29199,0.0,2.583979,0.0,0.3333,0.3333,0.7778,0.2381,,0,0,6,17,claude_code,file_add,25
93,agoncal/agoncal-application-vintagestore,2025-06,24306,1,2025-07,0,-1,1.0,0.0,2.0,0.0,3.0,9.0,774.0,0.774,3.875969,1.29199,0.0,2.583979,0.0,0.3333,0.3333,0.7778,0.2381,,0,0,6,17,claude_code,file_add,25
93,agoncal/agoncal-application-vintagestore,2025-07,24307,1,2025-07,1,0,1.0,0.0,2.0,0.0,3.0,9.0,774.0,0.774,3.875969,1.29199,0.0,2.583979,0.0,0.3333,0.3333,0.7778,0.2381,,27,1,6,17,claude_code,file_add,25
93,agoncal/agoncal-application-vintagestore,2025-08,24308,1,2025-07,1,1,1.0,0.0,1.0,0.0,2.0,9.0,898.0,0.898,2.227171,1.113586,0.0,1.113586,0.0,0.3333,0.3333,0.6444,0.3694,,71,2,6,17,claude_code,file_add,25
93,agoncal/agoncal-application-vintagestore,2025-09,24309,1,2025-07,1,2,1.0,0.0,1.0,0.0,2.0,12.0,1112.0,1.112,1.798561,0.899281,0.0,0.899281,0.0,0.4167,0.4167,0.5458,0.4403,,21,2,6,17,claude_code,file_add,25
93,agoncal/agoncal-application-vintagestore,2025-10,24310,1,2025-07,1,3,1.0,0.0,1.0,0.0,2.0,12.0,1136.0,1.136,1.760563,0.880282,0.0,0.880282,0.0,0.4167,0.4167,0.5458,0.4403,,42,2,6,17,claude_code,file_add,25
93,agoncal/agoncal-application-vintagestore,2025-11,24311,1,2025-07,1,4,1.0,0.0,1.0,0.0,2.0,13.0,1444.0,1.444,1.385042,0.692521,0.0,0.692521,0.0,0.4615,0.4615,0.5038,0.4833,,17,2,6,17,claude_code,file_add,25
93,agoncal/agoncal-application-vintagestore,2025-12,24312,1,2025-07,1,5,1.0,0.0,1.0,0.0,2.0,13.0,1444.0,1.444,1.385042,0.692521,0.0,0.692521,0.0,0.4615,0.4615,0.5038,0.4833,,32,2,6,17,claude_code,file_add,25
93,agoncal/agoncal-application-vintagestore,2026-01,24313,1,2025-07,1,6,1.0,0.0,1.0,0.0,2.0,13.0,1615.0,1.615,1.23839,0.619195,0.0,0.619195,0.0,0.4615,0.4615,0.5038,0.4833,,8,2,6,17,claude_code,file_add,25
94,nikhilmusale70/DSA,2025-01,24301,0,2025-07,0,-6,1.0,0.0,0.0,0.0,1.0,96.0,10039.0,10.039,0.099612,0.099612,0.0,0.0,0.0,0.3438,0.3438,0.3906,0.593,,8,1,19,32,control,,0
94,nikhilmusale70/DSA,2025-02,24302,0,2025-07,0,-5,1.0,0.0,0.0,0.0,1.0,97.0,10137.0,10.137,0.098649,0.098649,0.0,0.0,0.0,0.3402,0.3402,0.3866,0.5972,,6,1,19,32,control,,0
94,nikhilmusale70/DSA,2025-03,24303,0,2025-07,0,-4,1.0,0.0,0.0,0.0,1.0,98.0,10252.0,10.252,0.097542,0.097542,0.0,0.0,0.0,0.3367,0.3367,0.3827,0.6013,,0,0,19,32,control,,0
94,nikhilmusale70/DSA,2025-04,24304,0,2025-07,0,-3,1.0,0.0,0.0,0.0,1.0,98.0,10252.0,10.252,0.097542,0.097542,0.0,0.0,0.0,0.3367,0.3367,0.3827,0.6013,,0,0,19,32,control,,0
94,nikhilmusale70/DSA,2025-05,24305,0,2025-07,0,-2,1.0,0.0,0.0,0.0,1.0,98.0,10252.0,10.252,0.097542,0.097542,0.0,0.0,0.0,0.3367,0.3367,0.3827,0.6013,,0,0,19,32,control,,0
94,nikhilmusale70/DSA,2025-06,24306,0,2025-07,0,-1,1.0,0.0,0.0,0.0,1.0,98.0,10252.0,10.252,0.097542,0.097542,0.0,0.0,0.0,0.3367,0.3367,0.3827,0.6013,,0,0,19,32,control,,0
94,nikhilmusale70/DSA,2025-07,24307,0,2025-07,1,0,1.0,0.0,0.0,0.0,1.0,98.0,10252.0,10.252,0.097542,0.097542,0.0,0.0,0.0,0.3367,0.3367,0.3827,0.6013,,0,0,19,32,control,,0
94,nikhilmusale70/DSA,2025-08,24308,0,2025-07,1,1,1.0,0.0,0.0,0.0,1.0,98.0,10252.0,10.252,0.097542,0.097542,0.0,0.0,0.0,0.3367,0.3367,0.3827,0.6013,,0,0,19,32,control,,0
94,nikhilmusale70/DSA,2025-09,24309,0,2025-07,1,2,1.0,0.0,0.0,0.0,1.0,98.0,10252.0,10.252,0.097542,0.097542,0.0,0.0,0.0,0.3367,0.3367,0.3827,0.6013,,0,0,19,32,control,,0
94,nikhilmusale70/DSA,2025-10,24310,0,2025-07,1,3,1.0,0.0,0.0,0.0,1.0,98.0,10252.0,10.252,0.097542,0.097542,0.0,0.0,0.0,0.3367,0.3367,0.3827,0.6013,,0,0,19,32,control,,0
94,nikhilmusale70/DSA,2025-11,24311,0,2025-07,1,4,1.0,0.0,0.0,0.0,1.0,98.0,10252.0,10.252,0.097542,0.097542,0.0,0.0,0.0,0.3367,0.3367,0.3827,0.6013,,0,0,19,32,control,,0
94,nikhilmusale70/DSA,2025-12,24312,0,2025-07,1,5,1.0,0.0,0.0,0.0,1.0,98.0,10252.0,10.252,0.097542,0.097542,0.0,0.0,0.0,0.3367,0.3367,0.3827,0.6013,,0,0,19,32,control,,0
94,nikhilmusale70/DSA,2026-01,24313,0,2025-07,1,6,1.0,0.0,0.0,0.0,1.0,98.0,10252.0,10.252,0.097542,0.097542,0.0,0.0,0.0,0.3367,0.3367,0.3827,0.6013,,0,0,19,32,control,,0
95,ArcadeData/arcadedb,2024-04,24292,1,2024-10,0,-6,2204.0,4.0,6.0,2.0,2216.0,114.0,117260.0,117.26,18.898175,18.795838,0.034112,0.051168,0.017056,7.5088,7.5088,0.706,0.2288,,58,5,729,55,claude_code,commit_pattern,43
95,ArcadeData/arcadedb,2024-05,24293,1,2024-10,0,-5,2226.0,4.0,6.0,2.0,2238.0,114.0,117855.0,117.855,18.989436,18.887616,0.03394,0.05091,0.01697,7.5351,7.5351,0.7058,0.2293,,36,5,729,55,claude_code,commit_pattern,43
95,ArcadeData/arcadedb,2024-06,24294,1,2024-10,0,-4,2229.0,4.0,6.0,2.0,2241.0,114.0,117913.0,117.913,19.005538,18.903768,0.033923,0.050885,0.016962,7.5351,7.5351,0.7058,0.2293,,11,3,729,55,claude_code,commit_pattern,43
95,ArcadeData/arcadedb,2024-07,24295,1,2024-10,0,-3,2229.0,4.0,6.0,2.0,2241.0,114.0,117959.0,117.959,18.998126,18.896396,0.03391,0.050865,0.016955,7.5351,7.5351,0.7058,0.2293,,34,5,729,55,claude_code,commit_pattern,43
95,ArcadeData/arcadedb,2024-08,24296,1,2024-10,0,-2,2221.0,4.0,6.0,2.0,2233.0,114.0,118148.0,118.148,18.900024,18.798456,0.033856,0.050784,0.016928,7.5351,7.5351,0.7057,0.2293,,25,3,729,55,claude_code,commit_pattern,43
95,ArcadeData/arcadedb,2024-09,24297,1,2024-10,0,-1,2224.0,4.0,6.0,2.0,2236.0,114.0,118311.0,118.311,18.899342,18.797914,0.033809,0.050714,0.016905,7.5351,7.5351,0.7057,0.2294,,28,5,729,55,claude_code,commit_pattern,43
95,ArcadeData/arcadedb,2024-10,24298,1,2024-10,1,0,2234.0,5.0,6.0,2.0,2247.0,114.0,118598.0,118.598,18.946357,18.836743,0.042159,0.050591,0.016864,7.5439,7.5439,0.7056,0.2296,,87,6,729,55,claude_code,commit_pattern,43
95,ArcadeData/arcadedb,2024-11,24299,1,2024-10,1,1,2236.0,5.0,6.0,2.0,2249.0,114.0,118937.0,118.937,18.90917,18.799869,0.042039,0.050447,0.016816,7.5526,7.5526,0.7053,0.2297,,52,5,729,55,claude_code,commit_pattern,43
95,ArcadeData/arcadedb,2024-12,24300,1,2024-10,1,2,2209.0,6.0,5.0,2.0,2222.0,107.0,118027.0,118.027,18.826201,18.716056,0.050836,0.042363,0.016945,7.8879,7.8879,0.6979,0.2353,,70,6,729,55,claude_code,commit_pattern,43
95,ArcadeData/arcadedb,2025-01,24301,1,2024-10,1,3,2195.0,5.0,7.0,2.0,2209.0,109.0,118868.0,118.868,18.583639,18.465861,0.042063,0.058889,0.016825,7.8991,7.8991,0.7032,0.2364,,70,4,729,55,claude_code,commit_pattern,43
95,ArcadeData/arcadedb,2025-02,24302,1,2024-10,1,4,2195.0,4.0,7.0,2.0,2208.0,109.0,119694.0,119.694,18.44704,18.33843,0.033419,0.058482,0.016709,7.9358,7.9358,0.7036,0.2364,,84,6,729,55,claude_code,commit_pattern,43
95,ArcadeData/arcadedb,2025-03,24303,1,2024-10,1,5,2192.0,6.0,8.0,2.0,2208.0,109.0,120135.0,120.135,18.379323,18.24614,0.049944,0.066592,0.016648,7.9633,7.9633,0.7036,0.237,,80,6,729,55,claude_code,commit_pattern,43
95,ArcadeData/arcadedb,2025-04,24304,1,2024-10,1,6,2226.0,5.0,8.0,2.0,2241.0,113.0,121383.0,121.383,18.462223,18.338647,0.041192,0.065907,0.016477,7.708,7.708,0.7048,0.238,,69,6,729,55,claude_code,commit_pattern,43
96,MCreator/MCreator,2024-04,24292,0,2024-10,0,-6,3039.0,7.0,18.0,1.0,3065.0,158.0,58409.0,58.409,52.47479,52.029653,0.119845,0.308172,0.017121,11.1013,11.1013,0.57,0.3673,,48,6,1125,66,control,,0
96,MCreator/MCreator,2024-05,24293,0,2024-10,0,-5,3040.0,7.0,18.0,1.0,3066.0,158.0,58441.0,58.441,52.463168,52.018275,0.119779,0.308003,0.017111,11.1013,11.1013,0.5701,0.3672,,193,9,1125,66,control,,0
96,MCreator/MCreator,2024-06,24294,0,2024-10,0,-4,2998.0,6.0,9.0,1.0,3014.0,159.0,58341.0,58.341,51.661782,51.387532,0.102844,0.154265,0.017141,11.0063,11.0063,0.5761,0.3611,,101,8,1125,66,control,,0
96,MCreator/MCreator,2024-07,24295,0,2024-10,0,-3,2725.0,6.0,12.0,1.0,2744.0,162.0,58958.0,58.958,46.541606,46.219343,0.101767,0.203535,0.016961,11.0,11.0,0.5813,0.3583,,72,6,1125,66,control,,0
96,MCreator/MCreator,2024-08,24296,0,2024-10,0,-2,2726.0,6.0,12.0,1.0,2745.0,162.0,58996.0,58.996,46.528578,46.206522,0.101702,0.203404,0.01695,11.0123,11.0123,0.5782,0.3614,,170,9,1125,66,control,,0
96,MCreator/MCreator,2024-09,24297,0,2024-10,0,-1,2705.0,9.0,7.0,1.0,2722.0,163.0,59485.0,59.485,45.759435,45.473649,0.151299,0.117677,0.016811,11.0552,11.0552,0.5814,0.3585,,119,10,1125,66,control,,0
96,MCreator/MCreator,2024-10,24298,0,2024-10,1,0,2745.0,8.0,15.0,1.0,2769.0,164.0,60370.0,60.37,45.867153,45.469604,0.132516,0.248468,0.016565,11.0427,11.0427,0.5831,0.357,,59,7,1125,66,control,,0
96,MCreator/MCreator,2024-11,24299,0,2024-10,1,1,2772.0,9.0,10.0,1.0,2792.0,165.0,60765.0,60.765,45.947503,45.618366,0.148112,0.164568,0.016457,11.0485,11.0485,0.5852,0.3555,,95,7,1125,66,control,,0
96,MCreator/MCreator,2024-12,24300,0,2024-10,1,2,3192.0,8.0,12.0,1.0,3213.0,170.0,61960.0,61.96,51.856036,51.517108,0.129116,0.193673,0.016139,10.9412,10.9412,0.5869,0.3525,,57,6,1125,66,control,,0
96,MCreator/MCreator,2025-01,24301,0,2024-10,1,3,3332.0,7.0,20.0,1.0,3360.0,174.0,63208.0,63.208,53.157828,52.714846,0.110745,0.316416,0.015821,10.9828,10.9828,0.5926,0.3468,,223,9,1125,66,control,,0
96,MCreator/MCreator,2025-02,24302,0,2024-10,1,4,3277.0,7.0,7.0,1.0,3292.0,175.0,63368.0,63.368,51.950511,51.713799,0.110466,0.110466,0.015781,10.96,10.96,0.5927,0.3476,,60,8,1125,66,control,,0
96,MCreator/MCreator,2025-03,24303,0,2024-10,1,5,3313.0,7.0,6.0,1.0,3327.0,176.0,63865.0,63.865,52.094261,51.875049,0.109606,0.093948,0.015658,10.9545,10.9545,0.5944,0.3468,,49,5,1125,66,control,,0
96,MCreator/MCreator,2025-04,24304,0,2024-10,1,6,3321.0,7.0,14.0,1.0,3343.0,176.0,63687.0,63.687,52.491089,52.14565,0.109913,0.219825,0.015702,10.9659,10.9659,0.5948,0.3457,,60,9,1125,66,control,,0
97,PacoVK/tapir,2025-05,24305,1,2025-11,0,-6,6.0,0.0,4.0,0.0,10.0,44.0,4151.0,4.151,2.409058,1.445435,0.0,0.963623,0.0,3.4545,3.4545,0.6385,0.3163,,21,1,235,40,claude_code,file_add,4
97,PacoVK/tapir,2025-06,24306,1,2025-11,0,-5,6.0,0.0,4.0,0.0,10.0,44.0,4151.0,4.151,2.409058,1.445435,0.0,0.963623,0.0,3.4545,3.4545,0.6385,0.3163,,18,1,235,40,claude_code,file_add,4
97,PacoVK/tapir,2025-07,24307,1,2025-11,0,-4,6.0,0.0,4.0,0.0,10.0,44.0,4151.0,4.151,2.409058,1.445435,0.0,0.963623,0.0,3.4545,3.4545,0.6385,0.3163,,25,1,235,40,claude_code,file_add,4
97,PacoVK/tapir,2025-08,24308,1,2025-11,0,-3,6.0,0.0,4.0,0.0,10.0,44.0,4151.0,4.151,2.409058,1.445435,0.0,0.963623,0.0,3.4545,3.4545,0.6385,0.3163,,13,1,235,40,claude_code,file_add,4
97,PacoVK/tapir,2025-09,24309,1,2025-11,0,-2,6.0,0.0,4.0,0.0,10.0,44.0,4151.0,4.151,2.409058,1.445435,0.0,0.963623,0.0,3.4545,3.4545,0.6385,0.3163,,2,1,235,40,claude_code,file_add,4
97,PacoVK/tapir,2025-10,24310,1,2025-11,0,-1,6.0,0.0,4.0,0.0,10.0,44.0,4151.0,4.151,2.409058,1.445435,0.0,0.963623,0.0,3.4545,3.4545,0.6385,0.3163,,6,4,235,40,claude_code,file_add,4
97,PacoVK/tapir,2025-11,24311,1,2025-11,1,0,6.0,0.0,4.0,0.0,10.0,44.0,4151.0,4.151,2.409058,1.445435,0.0,0.963623,0.0,3.4545,3.4545,0.6385,0.3163,,44,3,235,40,claude_code,file_add,4
97,PacoVK/tapir,2025-12,24312,1,2025-11,1,1,6.0,0.0,4.0,0.0,10.0,44.0,4262.0,4.262,2.346316,1.40779,0.0,0.938527,0.0,3.4545,3.4545,0.6385,0.3049,,0,0,235,40,claude_code,file_add,4
97,PacoVK/tapir,2026-01,24313,1,2025-11,1,2,6.0,0.0,4.0,0.0,10.0,44.0,4262.0,4.262,2.346316,1.40779,0.0,0.938527,0.0,3.4545,3.4545,0.6385,0.3049,,0,0,235,40,claude_code,file_add,4
97,PacoVK/tapir,2026-02,24314,1,2025-11,1,3,6.0,0.0,4.0,0.0,10.0,44.0,4262.0,4.262,2.346316,1.40779,0.0,0.938527,0.0,3.4545,3.4545,0.6385,0.3049,,2,1,235,40,claude_code,file_add,4
97,PacoVK/tapir,2026-03,24315,1,2025-11,1,4,6.0,0.0,4.0,0.0,10.0,44.0,4266.0,4.266,2.344116,1.40647,0.0,0.937647,0.0,3.4545,3.4545,0.6385,0.3049,,0,0,235,40,claude_code,file_add,4
97,PacoVK/tapir,2026-04,24316,1,2025-11,1,5,6.0,0.0,4.0,0.0,10.0,44.0,4266.0,4.266,2.344116,1.40647,0.0,0.937647,0.0,3.4545,3.4545,0.6385,0.3049,,0,0,235,40,claude_code,file_add,4
97,PacoVK/tapir,2026-05,24317,1,2025-11,1,6,6.0,0.0,4.0,0.0,10.0,44.0,4266.0,4.266,2.344116,1.40647,0.0,0.937647,0.0,3.4545,3.4545,0.6385,0.3049,,0,0,235,40,claude_code,file_add,4
98,smartboot/smart-mqtt,2025-05,24305,0,2025-11,0,-6,43.0,0.0,3.0,0.0,46.0,51.0,7849.0,7.849,5.860619,5.478405,0.0,0.382214,0.0,4.1373,4.1373,0.542,0.3791,,59,1,172,47,control,,0
98,smartboot/smart-mqtt,2025-06,24306,0,2025-11,0,-5,44.0,1.0,3.0,0.0,48.0,46.0,7838.0,7.838,6.124011,5.613677,0.127584,0.382751,0.0,4.4348,4.4348,0.6396,0.3107,,104,1,172,47,control,,0
98,smartboot/smart-mqtt,2025-07,24307,0,2025-11,0,-4,44.0,1.0,6.0,0.0,51.0,45.0,8173.0,8.173,6.240059,5.38358,0.122354,0.734125,0.0,4.3778,4.3778,0.6353,0.3107,,45,1,172,47,control,,0
98,smartboot/smart-mqtt,2025-08,24308,0,2025-11,0,-3,44.0,1.0,6.0,0.0,51.0,45.0,8201.0,8.201,6.218754,5.365199,0.121936,0.731618,0.0,4.3778,4.3778,0.6322,0.3135,,5,1,172,47,control,,0
98,smartboot/smart-mqtt,2025-09,24309,0,2025-11,0,-2,44.0,1.0,6.0,0.0,51.0,45.0,8206.0,8.206,6.214965,5.36193,0.121862,0.731172,0.0,4.3778,4.3778,0.6322,0.3135,,2,1,172,47,control,,0
98,smartboot/smart-mqtt,2025-10,24310,0,2025-11,0,-1,44.0,1.0,6.0,0.0,51.0,45.0,8206.0,8.206,6.214965,5.36193,0.121862,0.731172,0.0,4.3778,4.3778,0.6322,0.3135,,61,1,172,47,control,,0
98,smartboot/smart-mqtt,2025-11,24311,0,2025-11,1,0,44.0,1.0,16.0,0.0,61.0,45.0,8209.0,8.209,7.430869,5.359971,0.121818,1.94908,0.0,4.3556,4.3556,0.6303,0.3159,,22,1,172,47,control,,0
98,smartboot/smart-mqtt,2025-12,24312,0,2025-11,1,1,44.0,1.0,4.0,0.0,49.0,45.0,8241.0,8.241,5.94588,5.339158,0.121344,0.485378,0.0,4.3556,4.3556,0.6301,0.3162,,2,1,172,47,control,,0
98,smartboot/smart-mqtt,2026-01,24313,0,2025-11,1,2,44.0,1.0,4.0,0.0,49.0,45.0,8239.0,8.239,5.947324,5.340454,0.121374,0.485496,0.0,4.3556,4.3556,0.6301,0.3162,,0,0,172,47,control,,0
98,smartboot/smart-mqtt,2026-02,24314,0,2025-11,1,3,44.0,1.0,4.0,0.0,49.0,45.0,8239.0,8.239,5.947324,5.340454,0.121374,0.485496,0.0,4.3556,4.3556,0.6301,0.3162,,87,1,172,47,control,,0
98,smartboot/smart-mqtt,2026-03,24315,0,2025-11,1,4,47.0,1.0,4.0,0.0,52.0,46.0,8740.0,8.74,5.949657,5.377574,0.114416,0.457666,0.0,4.4348,4.4348,0.6188,0.3276,,120,1,172,47,control,,0
98,smartboot/smart-mqtt,2026-04,24316,0,2025-11,1,5,52.0,1.0,3.0,0.0,56.0,49.0,8938.0,8.938,6.265384,5.817856,0.111882,0.335646,0.0,4.2041,4.2041,0.642,0.3075,,0,0,172,47,control,,0
98,smartboot/smart-mqtt,2026-05,24317,0,2025-11,1,6,52.0,1.0,3.0,0.0,56.0,49.0,8938.0,8.938,6.265384,5.817856,0.111882,0.335646,0.0,4.2041,4.2041,0.642,0.3075,,0,0,172,47,control,,0
99,datavane/tis,2025-04,24304,1,2025-10,0,-6,1210.0,20.0,11.0,0.0,1241.0,321.0,78621.0,78.621,15.784587,15.39029,0.254385,0.139912,0.0,6.1963,6.1963,0.6154,0.2974,,34,1,1285,86,claude_code,file_add,1
99,datavane/tis,2025-05,24305,1,2025-10,0,-5,1217.0,22.0,5.0,0.0,1244.0,320.0,79046.0,79.046,15.737672,15.396098,0.278319,0.063254,0.0,6.2375,6.2375,0.6172,0.2982,,17,1,1285,86,claude_code,file_add,1
99,datavane/tis,2025-06,24306,1,2025-10,0,-4,1237.0,22.0,7.0,0.0,1266.0,320.0,79298.0,79.298,15.965094,15.599385,0.277434,0.088275,0.0,6.25,6.25,0.617,0.2981,,10,1,1285,86,claude_code,file_add,1
99,datavane/tis,2025-07,24307,1,2025-10,0,-3,1244.0,22.0,7.0,0.0,1273.0,321.0,79697.0,79.697,15.972998,15.60912,0.276046,0.087833,0.0,6.2617,6.2617,0.6183,0.2974,,8,1,1285,86,claude_code,file_add,1
99,datavane/tis,2025-08,24308,1,2025-10,0,-2,1240.0,21.0,10.0,0.0,1271.0,323.0,80187.0,80.187,15.85045,15.463853,0.261888,0.124708,0.0,6.3158,6.3158,0.6198,0.2962,,16,1,1285,86,claude_code,file_add,1
99,datavane/tis,2025-09,24309,1,2025-10,0,-1,1245.0,21.0,10.0,0.0,1276.0,323.0,80276.0,80.276,15.895162,15.508994,0.261597,0.12457,0.0,6.322,6.322,0.62,0.2962,,1,1,1285,86,claude_code,file_add,1
99,datavane/tis,2025-10,24310,1,2025-10,1,0,1245.0,21.0,10.0,0.0,1276.0,323.0,80273.0,80.273,15.895756,15.509574,0.261607,0.124575,0.0,6.322,6.322,0.62,0.2962,,5,2,1285,86,claude_code,file_add,1
99,datavane/tis,2025-11,24311,1,2025-10,1,1,1255.0,22.0,12.0,0.0,1289.0,332.0,84216.0,84.216,15.30588,14.902156,0.261233,0.142491,0.0,6.5934,6.5934,0.618,0.2951,,22,1,1285,86,claude_code,file_add,1
99,datavane/tis,2025-12,24312,1,2025-10,1,2,1268.0,22.0,4.0,0.0,1294.0,335.0,85490.0,85.49,15.136273,14.832144,0.25734,0.046789,0.0,6.6627,6.6627,0.6194,0.2928,,27,1,1285,86,claude_code,file_add,1
99,datavane/tis,2026-01,24313,1,2025-10,1,3,1284.0,23.0,5.0,0.0,1312.0,338.0,86369.0,86.369,15.190636,14.866445,0.266299,0.057891,0.0,6.6893,6.6893,0.62,0.292,,13,1,1285,86,claude_code,file_add,1
99,datavane/tis,2026-02,24314,1,2025-10,1,4,1336.0,22.0,9.0,0.0,1367.0,342.0,86886.0,86.886,15.73326,15.37647,0.253205,0.103584,0.0,6.7076,6.7076,0.6236,0.2917,,2,1,1285,86,claude_code,file_add,1
99,datavane/tis,2026-03,24315,1,2025-10,1,5,1326.0,22.0,13.0,0.0,1361.0,346.0,88105.0,88.105,15.447477,15.050224,0.249702,0.147551,0.0,6.685,6.685,0.6229,0.2946,,3,1,1285,86,claude_code,file_add,1
99,datavane/tis,2026-04,24316,1,2025-10,1,6,1327.0,22.0,13.0,0.0,1362.0,346.0,88142.0,88.142,15.452338,15.055252,0.249597,0.147489,0.0,6.6676,6.6676,0.6226,0.2945,,0,0,1285,86,claude_code,file_add,1
100,tensorflow/java,2025-04,24304,0,2025-10,0,-6,,,,,,,,,,,,,,,,,,,0,0,920,78,control,,0
100,tensorflow/java,2025-05,24305,0,2025-10,0,-5,,,,,,,,,,,,,,,,,,,1,1,920,78,control,,0
100,tensorflow/java,2025-06,24306,0,2025-10,0,-4,,,,,,,,,,,,,,,,,,,6,4,920,78,control,,0
100,tensorflow/java,2025-07,24307,0,2025-10,0,-3,,,,,,,,,,,,,,,,,,,0,0,920,78,control,,0
100,tensorflow/java,2025-08,24308,0,2025-10,0,-2,,,,,,,,,,,,,,,,,,,1,1,920,78,control,,0
100,tensorflow/java,2025-09,24309,0,2025-10,0,-1,,,,,,,,,,,,,,,,,,,1,1,920,78,control,,0
100,tensorflow/java,2025-10,24310,0,2025-10,1,0,,,,,,,,,,,,,,,,,,,1,1,920,78,control,,0
100,tensorflow/java,2025-11,24311,0,2025-10,1,1,,,,,,,,,,,,,,,,,,,1,1,920,78,control,,0
100,tensorflow/java,2025-12,24312,0,2025-10,1,2,,,,,,,,,,,,,,,,,,,3,2,920,78,control,,0
100,tensorflow/java,2026-01,24313,0,2025-10,1,3,,,,,,,,,,,,,,,,,,,3,2,920,78,control,,0
100,tensorflow/java,2026-02,24314,0,2025-10,1,4,,,,,,,,,,,,,,,,,,,13,3,920,78,control,,0
100,tensorflow/java,2026-03,24315,0,2025-10,1,5,,,,,,,,,,,,,,,,,,,5,2,920,78,control,,0
100,tensorflow/java,2026-04,24316,0,2025-10,1,6,,,,,,,,,,,,,,,,,,,0,0,920,78,control,,0
101,Engineering-Research-and-Development/dsp-true-connector,2025-05,24305,1,2025-11,0,-6,10.0,1.0,3.0,0.0,14.0,70.0,15503.0,15.503,0.903051,0.645036,0.064504,0.193511,0.0,2.4857,2.4857,0.5327,0.4055,,24,3,5,24,copilot,file_add,1
101,Engineering-Research-and-Development/dsp-true-connector,2025-06,24306,1,2025-11,0,-5,17.0,3.0,4.0,0.0,24.0,92.0,27366.0,27.366,0.877001,0.621209,0.109625,0.146167,0.0,3.6522,3.6522,0.5491,0.386,,21,4,5,24,copilot,file_add,1
101,Engineering-Research-and-Development/dsp-true-connector,2025-07,24307,1,2025-11,0,-4,19.0,3.0,5.0,0.0,27.0,98.0,28789.0,28.789,0.937858,0.659974,0.104206,0.173677,0.0,3.6939,3.6939,0.5373,0.3956,,14,3,5,24,copilot,file_add,1
101,Engineering-Research-and-Development/dsp-true-connector,2025-08,24308,1,2025-11,0,-3,19.0,3.0,5.0,0.0,27.0,98.0,28789.0,28.789,0.937858,0.659974,0.104206,0.173677,0.0,3.6939,3.6939,0.5373,0.3956,,8,3,5,24,copilot,file_add,1
101,Engineering-Research-and-Development/dsp-true-connector,2025-09,24309,1,2025-11,0,-2,22.0,3.0,3.0,0.0,28.0,109.0,31569.0,31.569,0.886946,0.696886,0.09503,0.09503,0.0,3.7982,3.7982,0.5624,0.3699,,6,3,5,24,copilot,file_add,1
101,Engineering-Research-and-Development/dsp-true-connector,2025-10,24310,1,2025-11,0,-1,22.0,3.0,3.0,0.0,28.0,109.0,31569.0,31.569,0.886946,0.696886,0.09503,0.09503,0.0,3.7982,3.7982,0.5624,0.3699,,6,2,5,24,copilot,file_add,1
101,Engineering-Research-and-Development/dsp-true-connector,2025-11,24311,1,2025-11,1,0,22.0,3.0,3.0,0.0,28.0,112.0,32118.0,32.118,0.871785,0.684974,0.093406,0.093406,0.0,3.8571,3.8571,0.5571,0.3711,,17,3,5,24,copilot,file_add,1
101,Engineering-Research-and-Development/dsp-true-connector,2025-12,24312,1,2025-11,1,1,21.0,3.0,3.0,0.0,27.0,113.0,33287.0,33.287,0.811127,0.630877,0.090125,0.090125,0.0,3.8584,3.8584,0.5569,0.3696,,2,2,5,24,copilot,file_add,1
101,Engineering-Research-and-Development/dsp-true-connector,2026-01,24313,1,2025-11,1,2,21.0,3.0,3.0,0.0,27.0,113.0,33287.0,33.287,0.811127,0.630877,0.090125,0.090125,0.0,3.8584,3.8584,0.5569,0.3696,,4,2,5,24,copilot,file_add,1
101,Engineering-Research-and-Development/dsp-true-connector,2026-02,24314,1,2025-11,1,3,21.0,3.0,11.0,0.0,35.0,114.0,34034.0,34.034,1.028383,0.61703,0.088147,0.323206,0.0,3.8596,3.8596,0.5567,0.3695,,0,0,5,24,copilot,file_add,1
101,Engineering-Research-and-Development/dsp-true-connector,2026-03,24315,1,2025-11,1,4,21.0,3.0,11.0,0.0,35.0,114.0,34034.0,34.034,1.028383,0.61703,0.088147,0.323206,0.0,3.8596,3.8596,0.5567,0.3695,,5,2,5,24,copilot,file_add,1
101,Engineering-Research-and-Development/dsp-true-connector,2026-04,24316,1,2025-11,1,5,21.0,3.0,11.0,0.0,35.0,114.0,34161.0,34.161,1.02456,0.614736,0.087819,0.322005,0.0,3.8596,3.8596,0.5566,0.3697,,0,0,5,24,copilot,file_add,1
101,Engineering-Research-and-Development/dsp-true-connector,2026-05,24317,1,2025-11,1,6,21.0,3.0,11.0,0.0,35.0,114.0,34161.0,34.161,1.02456,0.614736,0.087819,0.322005,0.0,3.8596,3.8596,0.5566,0.3697,,0,0,5,24,copilot,file_add,1
102,MoonWorm/jsonapi4j,2025-11,24311,0,2025-11,1,0,33.0,4.0,6.0,0.0,43.0,102.0,10924.0,10.924,3.936287,3.020871,0.366166,0.549249,0.0,4.3333,4.3333,0.5189,0.3854,,29,4,20,13,control,,0
102,MoonWorm/jsonapi4j,2025-12,24312,0,2025-11,1,1,43.0,4.0,2.0,0.0,49.0,107.0,11848.0,11.848,4.135719,3.629305,0.33761,0.168805,0.0,4.4019,4.4019,0.5237,0.3875,,23,3,20,13,control,,0
102,MoonWorm/jsonapi4j,2026-01,24313,0,2025-11,1,2,43.0,4.0,2.0,0.0,49.0,107.0,11848.0,11.848,4.135719,3.629305,0.33761,0.168805,0.0,4.4019,4.4019,0.5237,0.3875,,30,1,20,13,control,,0
102,MoonWorm/jsonapi4j,2026-02,24314,0,2025-11,1,3,47.0,3.0,5.0,0.0,55.0,109.0,13053.0,13.053,4.213591,3.600705,0.229832,0.383054,0.0,4.4771,4.4771,0.5624,0.3296,,18,2,20,13,control,,0
102,MoonWorm/jsonapi4j,2026-03,24315,0,2025-11,1,4,47.0,2.0,8.0,0.0,57.0,128.0,13278.0,13.278,4.292815,3.53969,0.150625,0.6025,0.0,4.0469,4.0469,0.5688,0.3381,,11,1,20,13,control,,0
102,MoonWorm/jsonapi4j,2026-04,24316,0,2025-11,1,5,47.0,2.0,7.0,0.0,56.0,127.0,13686.0,13.686,4.091773,3.434166,0.146135,0.511472,0.0,4.2913,4.2913,0.5763,0.321,,0,0,20,13,control,,0
102,MoonWorm/jsonapi4j,2026-05,24317,0,2025-11,1,6,47.0,2.0,7.0,0.0,56.0,127.0,13686.0,13.686,4.091773,3.434166,0.146135,0.511472,0.0,4.2913,4.2913,0.5763,0.321,,0,0,20,13,control,,0
103,xtclang/xvm,2025-03,24303,1,2025-09,0,-6,,,,,,,,,,,,,,,,,,,48,3,210,80,claude_code,file_add,6
103,xtclang/xvm,2025-04,24304,1,2025-09,0,-5,,,,,,,,,,,,,,,,,,,52,2,210,80,claude_code,file_add,6
103,xtclang/xvm,2025-05,24305,1,2025-09,0,-4,,,,,,,,,,,,,,,,,,,35,3,210,80,claude_code,file_add,6
103,xtclang/xvm,2025-06,24306,1,2025-09,0,-3,,,,,,,,,,,,,,,,,,,27,5,210,80,claude_code,file_add,6
103,xtclang/xvm,2025-07,24307,1,2025-09,0,-2,5760.0,4.0,10.0,5.0,5779.0,62.0,134944.0,134.944,42.825172,42.684373,0.029642,0.074105,0.037052,5.4839,5.4839,0.6361,0.2763,,7,2,210,80,claude_code,file_add,6
103,xtclang/xvm,2025-08,24308,1,2025-09,0,-1,,,,,,,,,,,,,,,,,,,23,3,210,80,claude_code,file_add,6
103,xtclang/xvm,2025-09,24309,1,2025-09,1,0,,,,,,,,,,,,,,,,,,,43,5,210,80,claude_code,file_add,6
103,xtclang/xvm,2025-10,24310,1,2025-09,1,1,,,,,,,,,,,,,,,,,,,35,4,210,80,claude_code,file_add,6
103,xtclang/xvm,2025-11,24311,1,2025-09,1,2,,,,,,,,,,,,,,,,,,,14,5,210,80,claude_code,file_add,6
103,xtclang/xvm,2025-12,24312,1,2025-09,1,3,,,,,,,,,,,,,,,,,,,24,4,210,80,claude_code,file_add,6
103,xtclang/xvm,2026-01,24313,1,2025-09,1,4,5509.0,4.0,4.0,4.0,5521.0,74.0,115977.0,115.977,47.604266,47.500798,0.03449,0.03449,0.03449,5.3514,5.3514,0.6323,0.2918,,15,4,210,80,claude_code,file_add,6
103,xtclang/xvm,2026-02,24314,1,2025-09,1,5,5594.0,4.0,11.0,4.0,5613.0,74.0,118120.0,118.12,47.519472,47.358618,0.033864,0.093126,0.033864,5.3514,5.3514,0.6316,0.2891,,20,4,210,80,claude_code,file_add,6
103,xtclang/xvm,2026-03,24315,1,2025-09,1,6,,,,,,,,,,,,,,,,,,,20,4,210,80,claude_code,file_add,6
104,jjazzboss/JJazzLab,2025-03,24303,0,2025-09,0,-6,180.0,7.0,4.0,1.0,192.0,195.0,117501.0,117.501,1.634029,1.531902,0.059574,0.034042,0.008511,8.3077,8.3077,0.646,0.2264,,19,1,520,78,control,,0
104,jjazzboss/JJazzLab,2025-04,24304,0,2025-09,0,-5,180.0,7.0,4.0,1.0,192.0,195.0,117501.0,117.501,1.634029,1.531902,0.059574,0.034042,0.008511,8.3077,8.3077,0.646,0.2264,,98,4,520,78,control,,0
104,jjazzboss/JJazzLab,2025-05,24305,0,2025-09,0,-4,194.0,7.0,7.0,1.0,209.0,199.0,120194.0,120.194,1.738856,1.614057,0.058239,0.058239,0.00832,8.3518,8.3518,0.6498,0.2237,,39,2,520,78,control,,0
104,jjazzboss/JJazzLab,2025-06,24306,0,2025-09,0,-3,193.0,7.0,5.0,1.0,206.0,200.0,120449.0,120.449,1.710267,1.602338,0.058116,0.041511,0.008302,8.3,8.3,0.6504,0.2225,,13,3,520,78,control,,0
104,jjazzboss/JJazzLab,2025-07,24307,0,2025-09,0,-2,201.0,7.0,7.0,1.0,216.0,200.0,120686.0,120.686,1.789768,1.665479,0.058002,0.058002,0.008286,8.305,8.305,0.6502,0.2225,,2,1,520,78,control,,0
104,jjazzboss/JJazzLab,2025-08,24308,0,2025-09,0,-1,201.0,7.0,7.0,1.0,216.0,200.0,120688.0,120.688,1.789739,1.665451,0.058001,0.058001,0.008286,8.305,8.305,0.6502,0.2225,,5,1,520,78,control,,0
104,jjazzboss/JJazzLab,2025-09,24309,0,2025-09,1,0,201.0,7.0,7.0,1.0,216.0,200.0,120688.0,120.688,1.789739,1.665451,0.058001,0.058001,0.008286,8.305,8.305,0.6502,0.2225,,248,3,520,78,control,,0
104,jjazzboss/JJazzLab,2025-10,24310,0,2025-09,1,1,206.0,7.0,6.0,1.0,220.0,202.0,123128.0,123.128,1.786758,1.673056,0.056851,0.04873,0.008122,8.5446,8.5446,0.6509,0.2218,,444,7,520,78,control,,0
104,jjazzboss/JJazzLab,2025-11,24311,0,2025-09,1,2,210.0,7.0,8.0,1.0,226.0,204.0,123378.0,123.378,1.831769,1.702086,0.056736,0.064841,0.008105,8.5539,8.5539,0.6536,0.2201,,212,5,520,78,control,,0
104,jjazzboss/JJazzLab,2025-12,24312,0,2025-09,1,3,211.0,6.0,8.0,1.0,226.0,203.0,123682.0,123.682,1.827267,1.705988,0.048512,0.064682,0.008085,8.7389,8.7389,0.6573,0.2182,,84,3,520,78,control,,0
104,jjazzboss/JJazzLab,2026-01,24313,0,2025-09,1,4,212.0,8.0,9.0,1.0,230.0,204.0,125734.0,125.734,1.829259,1.686099,0.063626,0.07158,0.007953,8.8333,8.8333,0.6559,0.2169,,17,3,520,78,control,,0
104,jjazzboss/JJazzLab,2026-02,24314,0,2025-09,1,5,212.0,8.0,9.0,1.0,230.0,203.0,125810.0,125.81,1.828154,1.685081,0.063588,0.071536,0.007948,8.8473,8.8473,0.6542,0.218,,0,0,520,78,control,,0
104,jjazzboss/JJazzLab,2026-03,24315,0,2025-09,1,6,212.0,8.0,9.0,1.0,230.0,203.0,125810.0,125.81,1.828154,1.685081,0.063588,0.071536,0.007948,8.8473,8.8473,0.6542,0.218,,0,0,520,78,control,,0
105,DIGI-UW/OpenELIS-Global-2,2025-05,24305,1,2025-11,0,-6,1697.0,15.0,6.0,0.0,1718.0,793.0,116288.0,116.288,14.773665,14.593079,0.12899,0.051596,0.0,8.6797,8.6797,0.6618,0.3046,,242,11,205,86,claude_code,file_add,14
105,DIGI-UW/OpenELIS-Global-2,2025-06,24306,1,2025-11,0,-5,1707.0,15.0,7.0,0.0,1729.0,794.0,117434.0,117.434,14.723164,14.535824,0.127731,0.059608,0.0,8.7128,8.7128,0.6612,0.3038,,339,10,205,86,claude_code,file_add,14
105,DIGI-UW/OpenELIS-Global-2,2025-07,24307,1,2025-11,0,-4,1727.0,16.0,10.0,0.0,1753.0,796.0,119951.0,119.951,14.614301,14.397546,0.133388,0.083367,0.0,8.7714,8.7714,0.6593,0.3026,,372,11,205,86,claude_code,file_add,14
105,DIGI-UW/OpenELIS-Global-2,2025-08,24308,1,2025-11,0,-3,1832.0,16.0,10.0,0.0,1858.0,796.0,124851.0,124.851,14.881739,14.673491,0.128153,0.080095,0.0,8.9359,8.9359,0.6557,0.3009,,85,9,205,86,claude_code,file_add,14
105,DIGI-UW/OpenELIS-Global-2,2025-09,24309,1,2025-11,0,-2,1837.0,16.0,10.0,0.0,1863.0,804.0,125842.0,125.842,14.804278,14.59767,0.127144,0.079465,0.0,8.9378,8.9378,0.6553,0.3014,,59,6,205,86,claude_code,file_add,14
105,DIGI-UW/OpenELIS-Global-2,2025-10,24310,1,2025-11,0,-1,1837.0,16.0,10.0,0.0,1863.0,804.0,126089.0,126.089,14.775278,14.569074,0.126894,0.079309,0.0,8.9515,8.9515,0.6552,0.3014,,76,7,205,86,claude_code,file_add,14
105,DIGI-UW/OpenELIS-Global-2,2025-11,24311,1,2025-11,1,0,1841.0,16.0,10.0,0.0,1867.0,814.0,127157.0,127.157,14.682636,14.478165,0.125829,0.078643,0.0,8.9312,8.9312,0.657,0.3007,,63,9,205,86,claude_code,file_add,14
105,DIGI-UW/OpenELIS-Global-2,2025-12,24312,1,2025-11,1,1,1975.0,19.0,3.0,0.0,1997.0,856.0,143918.0,143.918,13.875957,13.723092,0.13202,0.020845,0.0,8.7932,8.7932,0.6564,0.3016,,128,13,205,86,claude_code,file_add,14
105,DIGI-UW/OpenELIS-Global-2,2026-01,24313,1,2025-11,1,2,1996.0,18.0,6.0,0.0,2020.0,870.0,149986.0,149.986,13.467924,13.307909,0.120011,0.040004,0.0,8.7862,8.7862,0.6546,0.3023,,59,14,205,86,claude_code,file_add,14
105,DIGI-UW/OpenELIS-Global-2,2026-02,24314,1,2025-11,1,3,1996.0,18.0,6.0,0.0,2020.0,870.0,150581.0,150.581,13.414707,13.255324,0.119537,0.039846,0.0,8.7839,8.7839,0.6546,0.3025,,74,18,205,86,claude_code,file_add,14
105,DIGI-UW/OpenELIS-Global-2,2026-03,24315,1,2025-11,1,4,1975.0,18.0,9.0,0.0,2002.0,892.0,168361.0,168.361,11.891115,11.730745,0.106913,0.053457,0.0,8.7534,8.7534,0.6542,0.3023,,14,7,205,86,claude_code,file_add,14
105,DIGI-UW/OpenELIS-Global-2,2026-04,24316,1,2025-11,1,5,1990.0,18.0,9.0,1.0,2018.0,895.0,171249.0,171.249,11.78401,11.620506,0.10511,0.052555,0.005839,8.7799,8.7799,0.6554,0.3012,,0,0,205,86,claude_code,file_add,14
105,DIGI-UW/OpenELIS-Global-2,2026-05,24317,1,2025-11,1,6,1990.0,18.0,9.0,1.0,2018.0,895.0,171249.0,171.249,11.78401,11.620506,0.10511,0.052555,0.005839,8.7799,8.7799,0.6554,0.3012,,0,0,205,86,claude_code,file_add,14
106,dhis2/dhis2-core,2025-05,24305,0,2025-11,0,-6,2555.0,17.0,7.0,9.0,2588.0,697.0,490447.0,490.447,5.276819,5.209533,0.034662,0.014273,0.018351,9.9053,9.9053,0.6543,0.2809,,89,17,331,115,control,,0
106,dhis2/dhis2-core,2025-06,24306,0,2025-11,0,-5,,,,,,,,,,,,,,,,,,,83,16,331,115,control,,0
106,dhis2/dhis2-core,2025-07,24307,0,2025-11,0,-4,3004.0,17.0,17.0,9.0,3047.0,709.0,505414.0,505.414,6.028721,5.943642,0.033636,0.033636,0.017807,9.9873,9.9873,0.6545,0.2813,,78,15,331,115,control,,0
106,dhis2/dhis2-core,2025-08,24308,0,2025-11,0,-3,,,,,,,,,,,,,,,,,,,74,14,331,115,control,,0
106,dhis2/dhis2-core,2025-09,24309,0,2025-11,0,-2,3042.0,17.0,9.0,8.0,3076.0,708.0,511987.0,511.987,6.007965,5.941557,0.033204,0.017579,0.015625,10.0494,10.0494,0.6538,0.282,,92,14,331,115,control,,0
106,dhis2/dhis2-core,2025-10,24310,0,2025-11,0,-1,3127.0,18.0,23.0,9.0,3177.0,712.0,515378.0,515.378,6.164407,6.067391,0.034926,0.044627,0.017463,10.0281,10.0281,0.6512,0.285,,96,17,331,115,control,,0
106,dhis2/dhis2-core,2025-11,24311,0,2025-11,1,0,,,,,,,,,,,,,,,,,,,55,14,331,115,control,,0
106,dhis2/dhis2-core,2025-12,24312,0,2025-11,1,1,3061.0,17.0,9.0,9.0,3096.0,716.0,523897.0,523.897,5.909559,5.842752,0.032449,0.017179,0.017179,10.0559,10.0559,0.6503,0.2862,,60,16,331,115,control,,0
106,dhis2/dhis2-core,2026-01,24313,0,2025-11,1,2,,,,,,,,,,,,,,,,,,,74,15,331,115,control,,0
106,dhis2/dhis2-core,2026-02,24314,0,2025-11,1,3,2973.0,17.0,7.0,9.0,3006.0,720.0,536292.0,536.292,5.605155,5.543622,0.031699,0.013053,0.016782,10.1694,10.1694,0.6486,0.288,,119,15,331,115,control,,0
106,dhis2/dhis2-core,2026-03,24315,0,2025-11,1,4,3067.0,17.0,22.0,9.0,3115.0,722.0,550000.0,550.0,5.663636,5.576364,0.030909,0.04,0.016364,10.2562,10.2562,0.65,0.2868,,35,14,331,115,control,,0
106,dhis2/dhis2-core,2026-04,24316,0,2025-11,1,5,,,,,,,,,,,,,,,,,,,0,0,331,115,control,,0
106,dhis2/dhis2-core,2026-05,24317,0,2025-11,1,6,3087.0,17.0,17.0,9.0,3130.0,724.0,555630.0,555.63,5.633245,5.555856,0.030596,0.030596,0.016198,10.3384,10.3384,0.6504,0.2861,,0,0,331,115,control,,0
107,open-telemetry/opentelemetry-java-instrumentation,2025-03,24303,1,2025-09,0,-6,185.0,16.0,10.0,0.0,211.0,983.0,196302.0,196.302,1.074874,0.942425,0.081507,0.050942,0.0,4.9593,4.9593,0.7703,0.1982,,131,23,2479,78,copilot,commit_pattern,47
107,open-telemetry/opentelemetry-java-instrumentation,2025-04,24304,1,2025-09,0,-5,191.0,16.0,10.0,0.0,217.0,992.0,200806.0,200.806,1.080645,0.951167,0.079679,0.049799,0.0,4.9667,4.9667,0.771,0.1982,,103,18,2479,78,copilot,commit_pattern,47
107,open-telemetry/opentelemetry-java-instrumentation,2025-05,24305,1,2025-09,0,-4,193.0,16.0,8.0,0.0,217.0,998.0,204136.0,204.136,1.063017,0.945448,0.078379,0.03919,0.0,4.9649,4.9649,0.7709,0.1984,,94,16,2479,78,copilot,commit_pattern,47
107,open-telemetry/opentelemetry-java-instrumentation,2025-06,24306,1,2025-09,0,-3,195.0,16.0,10.0,0.0,221.0,1012.0,211019.0,211.019,1.047299,0.924087,0.075823,0.047389,0.0,4.9931,4.9931,0.7723,0.1973,,107,14,2479,78,copilot,commit_pattern,47
107,open-telemetry/opentelemetry-java-instrumentation,2025-07,24307,1,2025-09,0,-2,,,,,,,,,,,,,,,,,,,98,15,2479,78,copilot,commit_pattern,47
107,open-telemetry/opentelemetry-java-instrumentation,2025-08,24308,1,2025-09,0,-1,,,,,,,,,,,,,,,,,,,118,12,2479,78,copilot,commit_pattern,47
107,open-telemetry/opentelemetry-java-instrumentation,2025-09,24309,1,2025-09,1,0,,,,,,,,,,,,,,,,,,,176,19,2479,78,copilot,commit_pattern,47
107,open-telemetry/opentelemetry-java-instrumentation,2025-10,24310,1,2025-09,1,1,,,,,,,,,,,,,,,,,,,253,20,2479,78,copilot,commit_pattern,47
107,open-telemetry/opentelemetry-java-instrumentation,2025-11,24311,1,2025-09,1,2,,,,,,,,,,,,,,,,,,,202,10,2479,78,copilot,commit_pattern,47
107,open-telemetry/opentelemetry-java-instrumentation,2025-12,24312,1,2025-09,1,3,226.0,17.0,11.0,0.0,254.0,1095.0,237476.0,237.476,1.069582,0.951675,0.071586,0.04632,0.0,5.189,5.189,0.769,0.1977,,152,16,2479,78,copilot,commit_pattern,47
107,open-telemetry/opentelemetry-java-instrumentation,2026-01,24313,1,2025-09,1,4,229.0,20.0,6.0,0.0,255.0,1114.0,240645.0,240.645,1.059652,0.951609,0.08311,0.024933,0.0,5.1697,5.1697,0.7691,0.1962,,194,12,2479,78,copilot,commit_pattern,47
107,open-telemetry/opentelemetry-java-instrumentation,2026-02,24314,1,2025-09,1,5,237.0,20.0,13.0,0.0,270.0,1120.0,242829.0,242.829,1.111894,0.975995,0.082362,0.053536,0.0,5.192,5.192,0.7692,0.1973,,178,15,2479,78,copilot,commit_pattern,47
107,open-telemetry/opentelemetry-java-instrumentation,2026-03,24315,1,2025-09,1,6,,,,,,,,,,,,,,,,,,,67,14,2479,78,copilot,commit_pattern,47
108,micronaut-projects/micronaut-core,2025-03,24303,0,2025-09,0,-6,,,,,,,,,,,,,,,,,,,71,9,6392,96,control,,0
108,micronaut-projects/micronaut-core,2025-04,24304,0,2025-09,0,-5,,,,,,,,,,,,,,,,,,,60,11,6392,96,control,,0
108,micronaut-projects/micronaut-core,2025-05,24305,0,2025-09,0,-4,,,,,,,,,,,,,,,,,,,18,7,6392,96,control,,0
108,micronaut-projects/micronaut-core,2025-06,24306,0,2025-09,0,-3,,,,,,,,,,,,,,,,,,,86,13,6392,96,control,,0
108,micronaut-projects/micronaut-core,2025-07,24307,0,2025-09,0,-2,,,,,,,,,,,,,,,,,,,46,11,6392,96,control,,0
108,micronaut-projects/micronaut-core,2025-08,24308,0,2025-09,0,-1,,,,,,,,,,,,,,,,,,,21,6,6392,96,control,,0
108,micronaut-projects/micronaut-core,2025-09,24309,0,2025-09,1,0,,,,,,,,,,,,,,,,,,,50,10,6392,96,control,,0
108,micronaut-projects/micronaut-core,2025-10,24310,0,2025-09,1,1,1071.0,6.0,15.0,0.0,1092.0,831.0,143089.0,143.089,7.631614,7.484852,0.041932,0.10483,0.0,5.6438,5.6438,0.7481,0.2313,,72,12,6392,96,control,,0
108,micronaut-projects/micronaut-core,2025-11,24311,0,2025-09,1,2,,,,,,,,,,,,,,,,,,,40,9,6392,96,control,,0
108,micronaut-projects/micronaut-core,2025-12,24312,0,2025-09,1,3,,,,,,,,,,,,,,,,,,,45,11,6392,96,control,,0
108,micronaut-projects/micronaut-core,2026-01,24313,0,2025-09,1,4,,,,,,,,,,,,,,,,,,,56,10,6392,96,control,,0
108,micronaut-projects/micronaut-core,2026-02,24314,0,2025-09,1,5,,,,,,,,,,,,,,,,,,,48,11,6392,96,control,,0
108,micronaut-projects/micronaut-core,2026-03,24315,0,2025-09,1,6,,,,,,,,,,,,,,,,,,,25,9,6392,96,control,,0
109,cygnusx-1-org/Slide,2024-09,24297,1,2025-03,0,-6,581.0,3.0,6.0,1.0,591.0,35.0,47485.0,47.485,12.446036,12.235443,0.063178,0.126356,0.021059,4.4286,4.4286,0.4733,0.458,,0,0,180,15,cursor,file_add,7
109,cygnusx-1-org/Slide,2024-10,24298,1,2025-03,0,-5,581.0,3.0,6.0,1.0,591.0,35.0,47485.0,47.485,12.446036,12.235443,0.063178,0.126356,0.021059,4.4286,4.4286,0.4733,0.458,,0,0,180,15,cursor,file_add,7
109,cygnusx-1-org/Slide,2024-11,24299,1,2025-03,0,-4,581.0,3.0,6.0,1.0,591.0,35.0,47485.0,47.485,12.446036,12.235443,0.063178,0.126356,0.021059,4.4286,4.4286,0.4733,0.458,,0,0,180,15,cursor,file_add,7
109,cygnusx-1-org/Slide,2024-12,24300,1,2025-03,0,-3,581.0,3.0,6.0,1.0,591.0,35.0,47485.0,47.485,12.446036,12.235443,0.063178,0.126356,0.021059,4.4286,4.4286,0.4733,0.458,,90,1,180,15,cursor,file_add,7
109,cygnusx-1-org/Slide,2025-01,24301,1,2025-03,0,-2,578.0,3.0,6.0,1.0,588.0,34.0,46939.0,46.939,12.526897,12.313854,0.063913,0.127825,0.021304,4.5,4.5,0.4867,0.4426,,57,2,180,15,cursor,file_add,7
109,cygnusx-1-org/Slide,2025-02,24302,1,2025-03,0,-1,530.0,3.0,6.0,2.0,541.0,34.0,59239.0,59.239,9.132497,8.946809,0.050642,0.101285,0.033762,4.5,4.5,0.4922,0.4365,,126,1,180,15,cursor,file_add,7
109,cygnusx-1-org/Slide,2025-03,24303,1,2025-03,1,0,538.0,3.0,6.0,2.0,549.0,34.0,59652.0,59.652,9.20338,9.018977,0.050292,0.100583,0.033528,4.5,4.5,0.4917,0.4371,,140,4,180,15,cursor,file_add,7
109,cygnusx-1-org/Slide,2025-04,24304,1,2025-03,1,1,541.0,3.0,6.0,2.0,552.0,34.0,60064.0,60.064,9.190197,9.007059,0.049947,0.099893,0.033298,4.4412,4.4412,0.4983,0.433,,71,1,180,15,cursor,file_add,7
109,cygnusx-1-org/Slide,2025-05,24305,1,2025-03,1,2,543.0,3.0,5.0,2.0,553.0,34.0,60380.0,60.38,9.158662,8.993044,0.049685,0.082809,0.033124,4.4706,4.4706,0.4998,0.4315,,108,3,180,15,cursor,file_add,7
109,cygnusx-1-org/Slide,2025-06,24306,1,2025-03,1,3,643.0,3.0,6.0,2.0,654.0,34.0,59655.0,59.655,10.963037,10.778644,0.050289,0.100578,0.033526,4.5294,4.5294,0.4994,0.4322,,15,1,180,15,cursor,file_add,7
109,cygnusx-1-org/Slide,2025-07,24307,1,2025-03,1,4,643.0,3.0,6.0,2.0,654.0,34.0,59660.0,59.66,10.962119,10.777741,0.050285,0.10057,0.033523,4.5294,4.5294,0.4994,0.4322,,2,1,180,15,cursor,file_add,7
109,cygnusx-1-org/Slide,2025-08,24308,1,2025-03,1,5,643.0,3.0,6.0,2.0,654.0,34.0,59662.0,59.662,10.961751,10.777379,0.050283,0.100567,0.033522,4.5294,4.5294,0.4994,0.4322,,9,1,180,15,cursor,file_add,7
109,cygnusx-1-org/Slide,2025-09,24309,1,2025-03,1,6,643.0,3.0,6.0,2.0,654.0,34.0,59662.0,59.662,10.961751,10.777379,0.050283,0.100567,0.033522,4.5294,4.5294,0.4994,0.4322,,1,1,180,15,cursor,file_add,7
111,snyk/snyk-eclipse-plugin,2025-02,24302,1,2025-08,0,-6,,,,,,,,,,,,,,,,,,,30,3,20,98,cursor,file_add,1
111,snyk/snyk-eclipse-plugin,2025-03,24303,1,2025-08,0,-5,,,,,,,,,,,,,,,,,,,24,6,20,98,cursor,file_add,1
111,snyk/snyk-eclipse-plugin,2025-04,24304,1,2025-08,0,-4,,,,,,,,,,,,,,,,,,,3,3,20,98,cursor,file_add,1
111,snyk/snyk-eclipse-plugin,2025-05,24305,1,2025-08,0,-3,,,,,,,,,,,,,,,,,,,9,5,20,98,cursor,file_add,1
111,snyk/snyk-eclipse-plugin,2025-06,24306,1,2025-08,0,-2,,,,,,,,,,,,,,,,,,,4,3,20,98,cursor,file_add,1
111,snyk/snyk-eclipse-plugin,2025-07,24307,1,2025-08,0,-1,,,,,,,,,,,,,,,,,,,5,4,20,98,cursor,file_add,1
111,snyk/snyk-eclipse-plugin,2025-08,24308,1,2025-08,1,0,,,,,,,,,,,,,,,,,,,4,4,20,98,cursor,file_add,1
111,snyk/snyk-eclipse-plugin,2025-09,24309,1,2025-08,1,1,,,,,,,,,,,,,,,,,,,2,2,20,98,cursor,file_add,1
111,snyk/snyk-eclipse-plugin,2025-10,24310,1,2025-08,1,2,,,,,,,,,,,,,,,,,,,3,3,20,98,cursor,file_add,1
111,snyk/snyk-eclipse-plugin,2025-11,24311,1,2025-08,1,3,,,,,,,,,,,,,,,,,,,4,3,20,98,cursor,file_add,1
111,snyk/snyk-eclipse-plugin,2025-12,24312,1,2025-08,1,4,,,,,,,,,,,,,,,,,,,2,2,20,98,cursor,file_add,1
111,snyk/snyk-eclipse-plugin,2026-01,24313,1,2025-08,1,5,,,,,,,,,,,,,,,,,,,8,5,20,98,cursor,file_add,1
111,snyk/snyk-eclipse-plugin,2026-02,24314,1,2025-08,1,6,,,,,,,,,,,,,,,,,,,1,1,20,98,cursor,file_add,1
112,Spazzinq/FlightControl,2025-02,24302,0,2025-08,0,-6,32.0,0.0,3.0,0.0,35.0,25.0,2884.0,2.884,12.135922,11.0957,0.0,1.040222,0.0,3.12,3.12,0.541,0.2944,,0,0,20,89,control,,0
112,Spazzinq/FlightControl,2025-03,24303,0,2025-08,0,-5,32.0,0.0,3.0,0.0,35.0,25.0,2884.0,2.884,12.135922,11.0957,0.0,1.040222,0.0,3.12,3.12,0.541,0.2944,,0,0,20,89,control,,0
112,Spazzinq/FlightControl,2025-04,24304,0,2025-08,0,-4,32.0,0.0,3.0,0.0,35.0,25.0,2884.0,2.884,12.135922,11.0957,0.0,1.040222,0.0,3.12,3.12,0.541,0.2944,,0,0,20,89,control,,0
112,Spazzinq/FlightControl,2025-05,24305,0,2025-08,0,-3,32.0,0.0,3.0,0.0,35.0,25.0,2884.0,2.884,12.135922,11.0957,0.0,1.040222,0.0,3.12,3.12,0.541,0.2944,,0,0,20,89,control,,0
112,Spazzinq/FlightControl,2025-06,24306,0,2025-08,0,-2,32.0,0.0,3.0,0.0,35.0,25.0,2884.0,2.884,12.135922,11.0957,0.0,1.040222,0.0,3.12,3.12,0.541,0.2944,,0,0,20,89,control,,0
112,Spazzinq/FlightControl,2025-07,24307,0,2025-08,0,-1,32.0,0.0,3.0,0.0,35.0,25.0,2884.0,2.884,12.135922,11.0957,0.0,1.040222,0.0,3.12,3.12,0.541,0.2944,,0,0,20,89,control,,0
112,Spazzinq/FlightControl,2025-08,24308,0,2025-08,1,0,32.0,0.0,3.0,0.0,35.0,25.0,2884.0,2.884,12.135922,11.0957,0.0,1.040222,0.0,3.12,3.12,0.541,0.2944,,0,0,20,89,control,,0
112,Spazzinq/FlightControl,2025-09,24309,0,2025-08,1,1,32.0,0.0,3.0,0.0,35.0,25.0,2884.0,2.884,12.135922,11.0957,0.0,1.040222,0.0,3.12,3.12,0.541,0.2944,,0,0,20,89,control,,0
112,Spazzinq/FlightControl,2025-10,24310,0,2025-08,1,2,32.0,0.0,3.0,0.0,35.0,25.0,2884.0,2.884,12.135922,11.0957,0.0,1.040222,0.0,3.12,3.12,0.541,0.2944,,0,0,20,89,control,,0
112,Spazzinq/FlightControl,2025-11,24311,0,2025-08,1,3,32.0,0.0,3.0,0.0,35.0,25.0,2884.0,2.884,12.135922,11.0957,0.0,1.040222,0.0,3.12,3.12,0.541,0.2944,,0,0,20,89,control,,0
112,Spazzinq/FlightControl,2025-12,24312,0,2025-08,1,4,32.0,0.0,3.0,0.0,35.0,25.0,2884.0,2.884,12.135922,11.0957,0.0,1.040222,0.0,3.12,3.12,0.541,0.2944,,0,0,20,89,control,,0
112,Spazzinq/FlightControl,2026-01,24313,0,2025-08,1,5,32.0,0.0,3.0,0.0,35.0,25.0,2884.0,2.884,12.135922,11.0957,0.0,1.040222,0.0,3.12,3.12,0.541,0.2944,,0,0,20,89,control,,0
112,Spazzinq/FlightControl,2026-02,24314,0,2025-08,1,6,32.0,0.0,3.0,0.0,35.0,25.0,2884.0,2.884,12.135922,11.0957,0.0,1.040222,0.0,3.12,3.12,0.541,0.2944,,0,0,20,89,control,,0
113,zilliztech/vts,2024-12,24300,1,2025-06,0,-6,,,,,,,,,,,,,,,,,,,90,26,113,20,claude_code,file_add,3
113,zilliztech/vts,2025-01,24301,1,2025-06,0,-5,609.0,10.0,14.0,2.0,635.0,1059.0,239414.0,239.414,2.652309,2.543711,0.041769,0.058476,0.008354,6.5515,6.5515,0.6759,0.2882,,70,31,113,20,claude_code,file_add,3
113,zilliztech/vts,2025-02,24302,1,2025-06,0,-4,,,,,,,,,,,,,,,,,,,107,30,113,20,claude_code,file_add,3
113,zilliztech/vts,2025-03,24303,1,2025-06,0,-3,,,,,,,,,,,,,,,,,,,66,25,113,20,claude_code,file_add,3
113,zilliztech/vts,2025-04,24304,1,2025-06,0,-2,,,,,,,,,,,,,,,,,,,17,1,113,20,claude_code,file_add,3
113,zilliztech/vts,2025-05,24305,1,2025-06,0,-1,,,,,,,,,,,,,,,,,,,15,1,113,20,claude_code,file_add,3
113,zilliztech/vts,2025-06,24306,1,2025-06,1,0,498.0,8.0,4.0,1.0,511.0,617.0,170263.0,170.263,3.001239,2.924887,0.046986,0.023493,0.005873,6.3079,6.3079,0.6743,0.2797,,13,1,113,20,claude_code,file_add,3
113,zilliztech/vts,2025-07,24307,1,2025-06,1,1,479.0,7.0,7.0,0.0,493.0,552.0,130431.0,130.431,3.779776,3.67244,0.053668,0.053668,0.0,6.2663,6.2663,0.6467,0.3036,,0,0,113,20,claude_code,file_add,3
113,zilliztech/vts,2025-08,24308,1,2025-06,1,2,479.0,7.0,7.0,0.0,493.0,552.0,130431.0,130.431,3.779776,3.67244,0.053668,0.053668,0.0,6.2663,6.2663,0.6467,0.3036,,13,3,113,20,claude_code,file_add,3
113,zilliztech/vts,2025-09,24309,1,2025-06,1,3,479.0,7.0,7.0,0.0,493.0,557.0,130812.0,130.812,3.768767,3.661744,0.053512,0.053512,0.0,6.2585,6.2585,0.6474,0.303,,24,2,113,20,claude_code,file_add,3
113,zilliztech/vts,2025-10,24310,1,2025-06,1,4,479.0,7.0,7.0,0.0,493.0,563.0,131116.0,131.116,3.760029,3.653254,0.053388,0.053388,0.0,6.2398,6.2398,0.6488,0.3019,,5,1,113,20,claude_code,file_add,3
113,zilliztech/vts,2025-11,24311,1,2025-06,1,5,,,,,,,,,,,,,,,,,,,5,1,113,20,claude_code,file_add,3
113,zilliztech/vts,2025-12,24312,1,2025-06,1,6,478.0,7.0,7.0,0.0,492.0,563.0,131442.0,131.442,3.743096,3.636585,0.053255,0.053255,0.0,6.2469,6.2469,0.6488,0.3019,,7,1,113,20,claude_code,file_add,3
114,LineageOS/android_packages_apps_DocumentsUI,2024-12,24300,0,2025-06,0,-6,288.0,3.0,4.0,1.0,296.0,24.0,39027.0,39.027,7.584493,7.379506,0.07687,0.102493,0.025623,5.2083,5.2083,0.5063,0.3531,,72,12,19,103,control,,0
114,LineageOS/android_packages_apps_DocumentsUI,2025-01,24301,0,2025-06,0,-5,288.0,3.0,4.0,1.0,296.0,24.0,39092.0,39.092,7.571882,7.367236,0.076742,0.102323,0.025581,5.2083,5.2083,0.5063,0.3531,,92,14,19,103,control,,0
114,LineageOS/android_packages_apps_DocumentsUI,2025-02,24302,0,2025-06,0,-4,294.0,3.0,7.0,1.0,305.0,24.0,39491.0,39.491,7.723279,7.444734,0.075967,0.177256,0.025322,5.2083,5.2083,0.5061,0.3538,,148,15,19,103,control,,0
114,LineageOS/android_packages_apps_DocumentsUI,2025-03,24303,0,2025-06,0,-3,296.0,3.0,4.0,1.0,304.0,24.0,39894.0,39.894,7.620194,7.419662,0.075199,0.100266,0.025066,5.2083,5.2083,0.5067,0.3525,,222,13,19,103,control,,0
114,LineageOS/android_packages_apps_DocumentsUI,2025-04,24304,0,2025-06,0,-2,297.0,3.0,7.0,1.0,308.0,24.0,40699.0,40.699,7.567754,7.297477,0.073712,0.171994,0.024571,5.2083,5.2083,0.5065,0.3527,,275,13,19,103,control,,0
114,LineageOS/android_packages_apps_DocumentsUI,2025-05,24305,0,2025-06,0,-1,297.0,3.0,7.0,1.0,308.0,24.0,40699.0,40.699,7.567754,7.297477,0.073712,0.171994,0.024571,5.2083,5.2083,0.5065,0.3527,,183,18,19,103,control,,0
114,LineageOS/android_packages_apps_DocumentsUI,2025-06,24306,0,2025-06,1,0,297.0,3.0,7.0,1.0,308.0,24.0,40699.0,40.699,7.567754,7.297477,0.073712,0.171994,0.024571,5.2083,5.2083,0.5065,0.3527,,223,17,19,103,control,,0
114,LineageOS/android_packages_apps_DocumentsUI,2025-07,24307,0,2025-06,1,1,297.0,3.0,7.0,1.0,308.0,24.0,40699.0,40.699,7.567754,7.297477,0.073712,0.171994,0.024571,5.2083,5.2083,0.5065,0.3527,,220,20,19,103,control,,0
114,LineageOS/android_packages_apps_DocumentsUI,2025-08,24308,0,2025-06,1,2,297.0,3.0,7.0,1.0,308.0,24.0,40890.0,40.89,7.532404,7.26339,0.073368,0.171191,0.024456,5.2083,5.2083,0.5065,0.3527,,166,19,19,103,control,,0
114,LineageOS/android_packages_apps_DocumentsUI,2025-09,24309,0,2025-06,1,3,297.0,3.0,7.0,1.0,308.0,24.0,40890.0,40.89,7.532404,7.26339,0.073368,0.171191,0.024456,5.2083,5.2083,0.5065,0.3527,,50,15,19,103,control,,0
114,LineageOS/android_packages_apps_DocumentsUI,2025-10,24310,0,2025-06,1,4,297.0,3.0,7.0,1.0,308.0,24.0,40889.0,40.889,7.532588,7.263567,0.073369,0.171195,0.024456,5.2083,5.2083,0.5065,0.3527,,4,2,19,103,control,,0
114,LineageOS/android_packages_apps_DocumentsUI,2025-11,24311,0,2025-06,1,5,297.0,3.0,7.0,1.0,308.0,24.0,40889.0,40.889,7.532588,7.263567,0.073369,0.171195,0.024456,5.2083,5.2083,0.5065,0.3527,,1,1,19,103,control,,0
114,LineageOS/android_packages_apps_DocumentsUI,2025-12,24312,0,2025-06,1,6,297.0,2.0,6.0,1.0,306.0,24.0,42847.0,42.847,7.14169,6.93164,0.046678,0.140033,0.023339,5.2083,5.2083,0.5107,0.3487,,1,1,19,103,control,,0
115,kousen/java_8_recipes,2024-12,24300,1,2025-06,0,-6,0.0,0.0,0.0,0.0,0.0,19.0,3722.0,3.722,0.0,0.0,0.0,0.0,0.0,0.0,0.0,0.0,0.9831,,4,2,388,120,claude_code,file_add,2
115,kousen/java_8_recipes,2025-01,24301,1,2025-06,0,-5,0.0,0.0,0.0,0.0,0.0,19.0,3722.0,3.722,0.0,0.0,0.0,0.0,0.0,0.0,0.0,0.0,0.9831,,12,1,388,120,claude_code,file_add,2
115,kousen/java_8_recipes,2025-02,24302,1,2025-06,0,-4,0.0,0.0,0.0,0.0,0.0,19.0,3722.0,3.722,0.0,0.0,0.0,0.0,0.0,0.0,0.0,0.0,0.9831,,0,0,388,120,claude_code,file_add,2
115,kousen/java_8_recipes,2025-03,24303,1,2025-06,0,-3,0.0,0.0,0.0,0.0,0.0,19.0,3722.0,3.722,0.0,0.0,0.0,0.0,0.0,0.0,0.0,0.0,0.9831,,6,1,388,120,claude_code,file_add,2
115,kousen/java_8_recipes,2025-04,24304,1,2025-06,0,-2,0.0,0.0,0.0,0.0,0.0,19.0,3722.0,3.722,0.0,0.0,0.0,0.0,0.0,0.0,0.0,0.0,0.9831,,2,1,388,120,claude_code,file_add,2
115,kousen/java_8_recipes,2025-05,24305,1,2025-06,0,-1,0.0,0.0,0.0,0.0,0.0,19.0,3722.0,3.722,0.0,0.0,0.0,0.0,0.0,0.0,0.0,0.0,0.9831,,4,2,388,120,claude_code,file_add,2
115,kousen/java_8_recipes,2025-06,24306,1,2025-06,1,0,0.0,0.0,0.0,0.0,0.0,19.0,3722.0,3.722,0.0,0.0,0.0,0.0,0.0,0.0,0.0,0.0,0.9831,,5,2,388,120,claude_code,file_add,2
115,kousen/java_8_recipes,2025-07,24307,1,2025-06,1,1,0.0,0.0,0.0,0.0,0.0,19.0,3728.0,3.728,0.0,0.0,0.0,0.0,0.0,0.0,0.0,0.0,0.9831,,0,0,388,120,claude_code,file_add,2
115,kousen/java_8_recipes,2025-08,24308,1,2025-06,1,2,0.0,0.0,0.0,0.0,0.0,19.0,3728.0,3.728,0.0,0.0,0.0,0.0,0.0,0.0,0.0,0.0,0.9831,,4,2,388,120,claude_code,file_add,2
115,kousen/java_8_recipes,2025-09,24309,1,2025-06,1,3,0.0,0.0,0.0,0.0,0.0,19.0,3728.0,3.728,0.0,0.0,0.0,0.0,0.0,0.0,0.0,0.0,0.9831,,8,2,388,120,claude_code,file_add,2
115,kousen/java_8_recipes,2025-10,24310,1,2025-06,1,4,0.0,0.0,0.0,0.0,0.0,19.0,3728.0,3.728,0.0,0.0,0.0,0.0,0.0,0.0,0.0,0.0,0.9831,,0,0,388,120,claude_code,file_add,2
115,kousen/java_8_recipes,2025-11,24311,1,2025-06,1,5,0.0,0.0,0.0,0.0,0.0,19.0,3728.0,3.728,0.0,0.0,0.0,0.0,0.0,0.0,0.0,0.0,0.9831,,0,0,388,120,claude_code,file_add,2
115,kousen/java_8_recipes,2025-12,24312,1,2025-06,1,6,0.0,0.0,0.0,0.0,0.0,19.0,3728.0,3.728,0.0,0.0,0.0,0.0,0.0,0.0,0.0,0.0,0.9831,,0,0,388,120,claude_code,file_add,2
116,maxmind/MaxMind-DB-Reader-java,2024-12,24300,0,2025-06,0,-6,,,,,,,,,,,,,,,,,,,9,2,126,154,control,,0
116,maxmind/MaxMind-DB-Reader-java,2025-01,24301,0,2025-06,0,-5,,,,,,,,,,,,,,,,,,,8,5,126,154,control,,0
116,maxmind/MaxMind-DB-Reader-java,2025-02,24302,0,2025-06,0,-4,,,,,,,,,,,,,,,,,,,10,5,126,154,control,,0
116,maxmind/MaxMind-DB-Reader-java,2025-03,24303,0,2025-06,0,-3,,,,,,,,,,,,,,,,,,,9,4,126,154,control,,0
116,maxmind/MaxMind-DB-Reader-java,2025-04,24304,0,2025-06,0,-2,,,,,,,,,,,,,,,,,,,13,5,126,154,control,,0
116,maxmind/MaxMind-DB-Reader-java,2025-05,24305,0,2025-06,0,-1,,,,,,,,,,,,,,,,,,,26,6,126,154,control,,0
116,maxmind/MaxMind-DB-Reader-java,2025-06,24306,0,2025-06,1,0,,,,,,,,,,,,,,,,,,,19,5,126,154,control,,0
116,maxmind/MaxMind-DB-Reader-java,2025-07,24307,0,2025-06,1,1,,,,,,,,,,,,,,,,,,,20,6,126,154,control,,0
116,maxmind/MaxMind-DB-Reader-java,2025-08,24308,0,2025-06,1,2,,,,,,,,,,,,,,,,,,,23,6,126,154,control,,0
116,maxmind/MaxMind-DB-Reader-java,2025-09,24309,0,2025-06,1,3,,,,,,,,,,,,,,,,,,,53,6,126,154,control,,0
116,maxmind/MaxMind-DB-Reader-java,2025-10,24310,0,2025-06,1,4,,,,,,,,,,,,,,,,,,,67,7,126,154,control,,0
116,maxmind/MaxMind-DB-Reader-java,2025-11,24311,0,2025-06,1,5,,,,,,,,,,,,,,,,,,,17,6,126,154,control,,0
116,maxmind/MaxMind-DB-Reader-java,2025-12,24312,0,2025-06,1,6,,,,,,,,,,,,,,,,,,,26,4,126,154,control,,0
117,e-gleba/cxx-skeleton,2025-05,24305,1,2025-11,0,-6,,,,,,,,,,,,,,,,,,,5,1,7,35,cursor,file_add,1
117,e-gleba/cxx-skeleton,2025-06,24306,1,2025-11,0,-5,,,,,,,,,,,,,,,,,,,28,1,7,35,cursor,file_add,1
117,e-gleba/cxx-skeleton,2025-07,24307,1,2025-11,0,-4,5.0,0.0,2.0,0.0,7.0,6.0,7083.0,7.083,0.988282,0.705916,0.0,0.282366,0.0,0.5,0.5,0.8333,0.1591,,0,0,7,35,cursor,file_add,1
117,e-gleba/cxx-skeleton,2025-08,24308,1,2025-11,0,-3,5.0,0.0,2.0,0.0,7.0,6.0,7083.0,7.083,0.988282,0.705916,0.0,0.282366,0.0,0.5,0.5,0.8333,0.1591,,5,1,7,35,cursor,file_add,1
117,e-gleba/cxx-skeleton,2025-09,24309,1,2025-11,0,-2,5.0,0.0,2.0,0.0,7.0,6.0,7108.0,7.108,0.984806,0.703433,0.0,0.281373,0.0,0.5,0.5,0.8333,0.1591,,19,2,7,35,cursor,file_add,1
117,e-gleba/cxx-skeleton,2025-10,24310,1,2025-11,0,-1,5.0,0.0,2.0,0.0,7.0,6.0,7105.0,7.105,0.985222,0.70373,0.0,0.281492,0.0,0.5,0.5,0.8333,0.1591,,10,2,7,35,cursor,file_add,1
117,e-gleba/cxx-skeleton,2025-11,24311,1,2025-11,1,0,5.0,0.0,2.0,0.0,7.0,6.0,7105.0,7.105,0.985222,0.70373,0.0,0.281492,0.0,0.5,0.5,0.8333,0.1591,,12,1,7,35,cursor,file_add,1
117,e-gleba/cxx-skeleton,2025-12,24312,1,2025-11,1,1,5.0,0.0,2.0,0.0,7.0,6.0,7105.0,7.105,0.985222,0.70373,0.0,0.281492,0.0,0.5,0.5,0.8333,0.1591,,0,0,7,35,cursor,file_add,1
117,e-gleba/cxx-skeleton,2026-01,24313,1,2025-11,1,2,5.0,0.0,2.0,0.0,7.0,6.0,7105.0,7.105,0.985222,0.70373,0.0,0.281492,0.0,0.5,0.5,0.8333,0.1591,,0,0,7,35,cursor,file_add,1
117,e-gleba/cxx-skeleton,2026-02,24314,1,2025-11,1,3,5.0,0.0,2.0,0.0,7.0,6.0,7105.0,7.105,0.985222,0.70373,0.0,0.281492,0.0,0.5,0.5,0.8333,0.1591,,24,1,7,35,cursor,file_add,1
117,e-gleba/cxx-skeleton,2026-03,24315,1,2025-11,1,4,6.0,0.0,1.0,0.0,7.0,6.0,7167.0,7.167,0.976699,0.83717,0.0,0.139528,0.0,0.5,0.5,0.8333,0.1587,,40,1,7,35,cursor,file_add,1
117,e-gleba/cxx-skeleton,2026-04,24316,1,2025-11,1,5,6.0,0.0,1.0,0.0,7.0,6.0,7167.0,7.167,0.976699,0.83717,0.0,0.139528,0.0,0.5,0.5,0.8333,0.1587,,0,0,7,35,cursor,file_add,1
117,e-gleba/cxx-skeleton,2026-05,24317,1,2025-11,1,6,6.0,0.0,1.0,0.0,7.0,6.0,7167.0,7.167,0.976699,0.83717,0.0,0.139528,0.0,0.5,0.5,0.8333,0.1587,,0,0,7,35,cursor,file_add,1
118,exadel-inc/etoolbox-rollout-manager,2025-05,24305,0,2025-11,0,-6,0.0,0.0,0.0,0.0,0.0,10.0,893.0,0.893,0.0,0.0,0.0,0.0,0.0,0.6,0.6,0.7222,0.2222,,0,0,20,53,control,,0
118,exadel-inc/etoolbox-rollout-manager,2025-06,24306,0,2025-11,0,-5,0.0,0.0,0.0,0.0,0.0,10.0,893.0,0.893,0.0,0.0,0.0,0.0,0.0,0.6,0.6,0.7222,0.2222,,14,3,20,53,control,,0
118,exadel-inc/etoolbox-rollout-manager,2025-07,24307,0,2025-11,0,-4,0.0,0.0,0.0,0.0,0.0,10.0,893.0,0.893,0.0,0.0,0.0,0.0,0.0,0.6,0.6,0.7222,0.2222,,22,4,20,53,control,,0
118,exadel-inc/etoolbox-rollout-manager,2025-08,24308,0,2025-11,0,-3,0.0,0.0,0.0,0.0,0.0,10.0,893.0,0.893,0.0,0.0,0.0,0.0,0.0,0.6,0.6,0.7222,0.2222,,16,3,20,53,control,,0
118,exadel-inc/etoolbox-rollout-manager,2025-09,24309,0,2025-11,0,-2,0.0,0.0,0.0,0.0,0.0,10.0,893.0,0.893,0.0,0.0,0.0,0.0,0.0,0.6,0.6,0.7222,0.2222,,10,4,20,53,control,,0
118,exadel-inc/etoolbox-rollout-manager,2025-10,24310,0,2025-11,0,-1,0.0,0.0,0.0,0.0,0.0,10.0,893.0,0.893,0.0,0.0,0.0,0.0,0.0,0.6,0.6,0.7222,0.2222,,58,7,20,53,control,,0
118,exadel-inc/etoolbox-rollout-manager,2025-11,24311,0,2025-11,1,0,0.0,0.0,0.0,0.0,0.0,15.0,1226.0,1.226,0.0,0.0,0.0,0.0,0.0,0.8667,0.8667,0.7159,0.2175,,30,5,20,53,control,,0
118,exadel-inc/etoolbox-rollout-manager,2025-12,24312,0,2025-11,1,1,0.0,0.0,0.0,0.0,0.0,15.0,1225.0,1.225,0.0,0.0,0.0,0.0,0.0,0.8667,0.8667,0.7159,0.2175,,13,3,20,53,control,,0
118,exadel-inc/etoolbox-rollout-manager,2026-01,24313,0,2025-11,1,2,0.0,0.0,1.0,0.0,1.0,15.0,1847.0,1.847,0.541419,0.0,0.0,0.541419,0.0,0.8667,0.8667,0.7148,0.2185,,6,2,20,53,control,,0
118,exadel-inc/etoolbox-rollout-manager,2026-02,24314,0,2025-11,1,3,0.0,0.0,1.0,0.0,1.0,15.0,1847.0,1.847,0.541419,0.0,0.0,0.541419,0.0,0.8667,0.8667,0.7148,0.2185,,0,0,20,53,control,,0
118,exadel-inc/etoolbox-rollout-manager,2026-03,24315,0,2025-11,1,4,0.0,0.0,1.0,0.0,1.0,15.0,1847.0,1.847,0.541419,0.0,0.0,0.541419,0.0,0.8667,0.8667,0.7148,0.2185,,0,0,20,53,control,,0
118,exadel-inc/etoolbox-rollout-manager,2026-04,24316,0,2025-11,1,5,0.0,0.0,1.0,0.0,1.0,15.0,1847.0,1.847,0.541419,0.0,0.0,0.541419,0.0,0.8667,0.8667,0.7148,0.2185,,0,0,20,53,control,,0
118,exadel-inc/etoolbox-rollout-manager,2026-05,24317,0,2025-11,1,6,0.0,0.0,1.0,0.0,1.0,15.0,1847.0,1.847,0.541419,0.0,0.0,0.541419,0.0,0.8667,0.8667,0.7148,0.2185,,0,0,20,53,control,,0
119,hackvertor/hackvertor,2025-01,24301,1,2025-07,0,-6,9.0,0.0,1.0,0.0,10.0,3.0,4550.0,4.55,2.197802,1.978022,0.0,0.21978,0.0,1.3333,1.3333,0.3889,0.6111,,0,0,238,100,claude_code,file_add,1
119,hackvertor/hackvertor,2025-02,24302,1,2025-07,0,-5,9.0,0.0,1.0,0.0,10.0,3.0,4550.0,4.55,2.197802,1.978022,0.0,0.21978,0.0,1.3333,1.3333,0.3889,0.6111,,8,2,238,100,claude_code,file_add,1
119,hackvertor/hackvertor,2025-03,24303,1,2025-07,0,-4,51.0,0.0,3.0,0.0,54.0,9.0,5780.0,5.78,9.342561,8.823529,0.0,0.519031,0.0,3.3333,3.3333,0.4578,0.5422,,4,1,238,100,claude_code,file_add,1
119,hackvertor/hackvertor,2025-04,24304,1,2025-07,0,-3,55.0,0.0,2.0,0.0,57.0,9.0,5821.0,5.821,9.792132,9.448548,0.0,0.343584,0.0,3.4444,3.4444,0.4632,0.5368,,10,1,238,100,claude_code,file_add,1
119,hackvertor/hackvertor,2025-05,24305,1,2025-07,0,-2,55.0,0.0,2.0,0.0,57.0,9.0,5831.0,5.831,9.775339,9.432344,0.0,0.342994,0.0,3.4444,3.4444,0.4632,0.5368,,1,1,238,100,claude_code,file_add,1
119,hackvertor/hackvertor,2025-06,24306,1,2025-07,0,-1,55.0,0.0,2.0,0.0,57.0,9.0,5831.0,5.831,9.775339,9.432344,0.0,0.342994,0.0,3.4444,3.4444,0.4632,0.5368,,9,3,238,100,claude_code,file_add,1
119,hackvertor/hackvertor,2025-07,24307,1,2025-07,1,0,55.0,0.0,2.0,0.0,57.0,9.0,5828.0,5.828,9.780371,9.4372,0.0,0.343171,0.0,3.4444,3.4444,0.4632,0.5368,,22,1,238,100,claude_code,file_add,1
119,hackvertor/hackvertor,2025-08,24308,1,2025-07,1,1,55.0,0.0,3.0,0.0,58.0,10.0,7187.0,7.187,8.070127,7.652706,0.0,0.41742,0.0,3.6,3.6,0.5069,0.5074,,15,1,238,100,claude_code,file_add,1
119,hackvertor/hackvertor,2025-09,24309,1,2025-07,1,2,55.0,0.0,3.0,0.0,58.0,10.0,7329.0,7.329,7.913767,7.504434,0.0,0.409333,0.0,3.6,3.6,0.5069,0.5056,,66,2,238,100,claude_code,file_add,1
119,hackvertor/hackvertor,2025-10,24310,1,2025-07,1,3,56.0,0.0,3.0,0.0,59.0,10.0,8656.0,8.656,6.816081,6.469501,0.0,0.34658,0.0,3.6,3.6,0.5038,0.5087,,22,2,238,100,claude_code,file_add,1
119,hackvertor/hackvertor,2025-11,24311,1,2025-07,1,4,57.0,0.0,3.0,0.0,60.0,10.0,8997.0,8.997,6.66889,6.335445,0.0,0.333444,0.0,3.6,3.6,0.5029,0.5096,,46,2,238,100,claude_code,file_add,1
119,hackvertor/hackvertor,2025-12,24312,1,2025-07,1,5,63.0,0.0,3.0,0.0,66.0,10.0,10874.0,10.874,6.069524,5.793636,0.0,0.275887,0.0,3.6,3.6,0.4911,0.52,,2,1,238,100,claude_code,file_add,1
119,hackvertor/hackvertor,2026-01,24313,1,2025-07,1,6,63.0,0.0,3.0,0.0,66.0,10.0,10909.0,10.909,6.05005,5.775048,0.0,0.275002,0.0,3.6,3.6,0.4911,0.52,,20,2,238,100,claude_code,file_add,1
120,netfishers-onl/Netshot,2025-01,24301,0,2025-07,0,-6,238.0,3.0,7.0,0.0,248.0,25.0,21099.0,21.099,11.754112,11.280155,0.142187,0.331769,0.0,5.24,5.24,0.5977,0.2939,,11,1,273,126,control,,0
120,netfishers-onl/Netshot,2025-02,24302,0,2025-07,0,-5,239.0,3.0,6.0,0.0,248.0,27.0,21981.0,21.981,11.282471,10.873027,0.136482,0.272963,0.0,5.0741,5.0741,0.5984,0.2907,,7,1,273,126,control,,0
120,netfishers-onl/Netshot,2025-03,24303,0,2025-07,0,-4,239.0,3.0,6.0,0.0,248.0,27.0,21981.0,21.981,11.282471,10.873027,0.136482,0.272963,0.0,5.0741,5.0741,0.5984,0.2907,,7,2,273,126,control,,0
120,netfishers-onl/Netshot,2025-04,24304,0,2025-07,0,-3,239.0,3.0,6.0,0.0,248.0,27.0,21981.0,21.981,11.282471,10.873027,0.136482,0.272963,0.0,5.0741,5.0741,0.5984,0.2907,,20,2,273,126,control,,0
120,netfishers-onl/Netshot,2025-05,24305,0,2025-07,0,-2,241.0,3.0,7.0,0.0,251.0,26.0,22383.0,22.383,11.213868,10.7671,0.13403,0.312737,0.0,5.1538,5.1538,0.5821,0.3028,,12,1,273,126,control,,0
120,netfishers-onl/Netshot,2025-06,24306,0,2025-07,0,-1,241.0,3.0,7.0,0.0,251.0,26.0,22427.0,22.427,11.191867,10.745976,0.133767,0.312124,0.0,5.1538,5.1538,0.5821,0.3028,,23,1,273,126,control,,0
120,netfishers-onl/Netshot,2025-07,24307,0,2025-07,1,0,242.0,3.0,7.0,0.0,252.0,27.0,23032.0,23.032,10.941299,10.507121,0.130254,0.303925,0.0,5.0,5.0,0.5687,0.3221,,3,1,273,126,control,,0
120,netfishers-onl/Netshot,2025-08,24308,0,2025-07,1,1,242.0,3.0,7.0,0.0,252.0,27.0,23032.0,23.032,10.941299,10.507121,0.130254,0.303925,0.0,5.0,5.0,0.5687,0.3221,,9,2,273,126,control,,0
120,netfishers-onl/Netshot,2025-09,24309,0,2025-07,1,2,242.0,3.0,7.0,0.0,252.0,27.0,23032.0,23.032,10.941299,10.507121,0.130254,0.303925,0.0,5.0,5.0,0.5687,0.3221,,14,1,273,126,control,,0
120,netfishers-onl/Netshot,2025-10,24310,0,2025-07,1,3,239.0,3.0,7.0,0.0,249.0,25.0,22669.0,22.669,10.984163,10.543032,0.132339,0.308792,0.0,5.44,5.44,0.5314,0.3499,,19,2,273,126,control,,0
120,netfishers-onl/Netshot,2025-11,24311,0,2025-07,1,4,241.0,3.0,6.0,0.0,250.0,24.0,22727.0,22.727,11.000132,10.604127,0.132002,0.264003,0.0,5.625,5.625,0.5515,0.3249,,2,1,273,126,control,,0
120,netfishers-onl/Netshot,2025-12,24312,0,2025-07,1,5,241.0,3.0,4.0,0.0,248.0,24.0,23415.0,23.415,10.591501,10.292548,0.128123,0.170831,0.0,5.625,5.625,0.5487,0.3276,,7,1,273,126,control,,0
120,netfishers-onl/Netshot,2026-01,24313,0,2025-07,1,6,242.0,3.0,4.0,0.0,249.0,24.0,25209.0,25.209,9.877425,9.599746,0.119005,0.158673,0.0,5.7083,5.7083,0.5386,0.3376,,28,2,273,126,control,,0
121,explore-de/rage4j,2025-05,24305,1,2025-11,0,-6,1.0,0.0,2.0,0.0,3.0,14.0,1435.0,1.435,2.090592,0.696864,0.0,1.393728,0.0,2.3571,2.3571,0.5339,0.4159,,47,11,10,15,claude_code,file_add,1
121,explore-de/rage4j,2025-06,24306,1,2025-11,0,-5,2.0,0.0,2.0,0.0,4.0,14.0,1447.0,1.447,2.76434,1.38217,0.0,1.38217,0.0,2.3571,2.3571,0.5336,0.4145,,6,2,10,15,claude_code,file_add,1
121,explore-de/rage4j,2025-07,24307,1,2025-11,0,-4,2.0,0.0,2.0,0.0,4.0,14.0,1447.0,1.447,2.76434,1.38217,0.0,1.38217,0.0,2.3571,2.3571,0.5336,0.4145,,9,1,10,15,claude_code,file_add,1
121,explore-de/rage4j,2025-08,24308,1,2025-11,0,-3,2.0,0.0,2.0,0.0,4.0,14.0,1447.0,1.447,2.76434,1.38217,0.0,1.38217,0.0,2.3571,2.3571,0.5336,0.4145,,1,1,10,15,claude_code,file_add,1
121,explore-de/rage4j,2025-09,24309,1,2025-11,0,-2,2.0,0.0,2.0,0.0,4.0,19.0,1973.0,1.973,2.027369,1.013685,0.0,1.013685,0.0,2.3158,2.3158,0.5023,0.4617,,19,5,10,15,claude_code,file_add,1
121,explore-de/rage4j,2025-10,24310,1,2025-11,0,-1,2.0,0.0,2.0,0.0,4.0,19.0,1973.0,1.973,2.027369,1.013685,0.0,1.013685,0.0,2.3158,2.3158,0.5023,0.4617,,0,0,10,15,claude_code,file_add,1
121,explore-de/rage4j,2025-11,24311,1,2025-11,1,0,2.0,0.0,2.0,0.0,4.0,19.0,1973.0,1.973,2.027369,1.013685,0.0,1.013685,0.0,2.3158,2.3158,0.5023,0.4617,,10,1,10,15,claude_code,file_add,1
121,explore-de/rage4j,2025-12,24312,1,2025-11,1,1,4.0,0.0,2.0,0.0,6.0,22.0,2596.0,2.596,2.311248,1.540832,0.0,0.770416,0.0,2.3182,2.3182,0.5206,0.4365,,10,2,10,15,claude_code,file_add,1
121,explore-de/rage4j,2026-01,24313,1,2025-11,1,2,4.0,0.0,2.0,0.0,6.0,22.0,2596.0,2.596,2.311248,1.540832,0.0,0.770416,0.0,2.3182,2.3182,0.5206,0.4365,,0,0,10,15,claude_code,file_add,1
121,explore-de/rage4j,2026-02,24314,1,2025-11,1,3,4.0,0.0,2.0,0.0,6.0,22.0,2596.0,2.596,2.311248,1.540832,0.0,0.770416,0.0,2.3182,2.3182,0.5206,0.4365,,1,1,10,15,claude_code,file_add,1
121,explore-de/rage4j,2026-03,24315,1,2025-11,1,4,4.0,0.0,2.0,0.0,6.0,22.0,2596.0,2.596,2.311248,1.540832,0.0,0.770416,0.0,2.3182,2.3182,0.5206,0.4365,,0,0,10,15,claude_code,file_add,1
121,explore-de/rage4j,2026-04,24316,1,2025-11,1,5,4.0,0.0,2.0,0.0,6.0,22.0,2596.0,2.596,2.311248,1.540832,0.0,0.770416,0.0,2.3182,2.3182,0.5206,0.4365,,0,0,10,15,claude_code,file_add,1
121,explore-de/rage4j,2026-05,24317,1,2025-11,1,6,4.0,0.0,2.0,0.0,6.0,22.0,2596.0,2.596,2.311248,1.540832,0.0,0.770416,0.0,2.3182,2.3182,0.5206,0.4365,,0,0,10,15,claude_code,file_add,1
122,dasi0227/Agent,2026-01,24313,0,2025-11,1,2,0.0,0.0,0.0,0.0,0.0,6.0,249.0,0.249,0.0,0.0,0.0,0.0,0.0,0.6667,0.6667,0.5556,0.3333,,52,1,20,3,control,,0
122,dasi0227/Agent,2026-02,24314,0,2025-11,1,3,1.0,0.0,3.0,0.0,4.0,82.0,6224.0,6.224,0.642674,0.160668,0.0,0.482005,0.0,2.1463,2.1463,0.587,0.4115,,83,1,20,3,control,,0
122,dasi0227/Agent,2026-03,24315,0,2025-11,1,4,1.0,0.0,4.0,0.0,5.0,101.0,8416.0,8.416,0.594106,0.118821,0.0,0.475285,0.0,2.505,2.505,0.557,0.427,,0,0,20,3,control,,0
122,dasi0227/Agent,2026-04,24316,0,2025-11,1,5,1.0,0.0,4.0,0.0,5.0,101.0,8416.0,8.416,0.594106,0.118821,0.0,0.475285,0.0,2.505,2.505,0.557,0.427,,0,0,20,3,control,,0
122,dasi0227/Agent,2026-05,24317,0,2025-11,1,6,1.0,0.0,4.0,0.0,5.0,101.0,8416.0,8.416,0.594106,0.118821,0.0,0.475285,0.0,2.505,2.505,0.557,0.427,,0,0,20,3,control,,0
123,msgpack/msgpack-java,2025-01,24301,1,2025-07,0,-6,20.0,0.0,2.0,0.0,22.0,11.0,7939.0,7.939,2.77113,2.519209,0.0,0.251921,0.0,1.5455,1.5455,0.7068,0.1771,,1,1,1466,177,claude_code,file_add,15
123,msgpack/msgpack-java,2025-02,24302,1,2025-07,0,-5,20.0,0.0,2.0,0.0,22.0,11.0,8146.0,8.146,2.700712,2.455193,0.0,0.245519,0.0,1.5455,1.5455,0.7081,0.1758,,4,2,1466,177,claude_code,file_add,15
123,msgpack/msgpack-java,2025-03,24303,1,2025-07,0,-4,20.0,0.0,2.0,0.0,22.0,11.0,8238.0,8.238,2.670551,2.427774,0.0,0.242777,0.0,1.5455,1.5455,0.7081,0.1758,,0,0,1466,177,claude_code,file_add,15
123,msgpack/msgpack-java,2025-04,24304,1,2025-07,0,-3,20.0,0.0,2.0,0.0,22.0,11.0,8238.0,8.238,2.670551,2.427774,0.0,0.242777,0.0,1.5455,1.5455,0.7081,0.1758,,0,0,1466,177,claude_code,file_add,15
123,msgpack/msgpack-java,2025-05,24305,1,2025-07,0,-2,20.0,0.0,2.0,0.0,22.0,11.0,8238.0,8.238,2.670551,2.427774,0.0,0.242777,0.0,1.5455,1.5455,0.7081,0.1758,,0,0,1466,177,claude_code,file_add,15
123,msgpack/msgpack-java,2025-06,24306,1,2025-07,0,-1,20.0,0.0,2.0,0.0,22.0,11.0,8238.0,8.238,2.670551,2.427774,0.0,0.242777,0.0,1.5455,1.5455,0.7081,0.1758,,0,0,1466,177,claude_code,file_add,15
123,msgpack/msgpack-java,2025-07,24307,1,2025-07,1,0,20.0,0.0,2.0,0.0,22.0,11.0,8238.0,8.238,2.670551,2.427774,0.0,0.242777,0.0,1.5455,1.5455,0.7081,0.1758,,16,2,1466,177,claude_code,file_add,15
123,msgpack/msgpack-java,2025-08,24308,1,2025-07,1,1,20.0,0.0,2.0,0.0,22.0,11.0,8264.0,8.264,2.662149,2.420136,0.0,0.242014,0.0,1.5455,1.5455,0.7081,0.1758,,6,2,1466,177,claude_code,file_add,15
123,msgpack/msgpack-java,2025-09,24309,1,2025-07,1,2,20.0,0.0,2.0,0.0,22.0,11.0,8264.0,8.264,2.662149,2.420136,0.0,0.242014,0.0,1.5455,1.5455,0.7081,0.1758,,4,1,1466,177,claude_code,file_add,15
123,msgpack/msgpack-java,2025-10,24310,1,2025-07,1,3,20.0,0.0,2.0,0.0,22.0,11.0,8264.0,8.264,2.662149,2.420136,0.0,0.242014,0.0,1.5455,1.5455,0.7081,0.1758,,0,0,1466,177,claude_code,file_add,15
123,msgpack/msgpack-java,2025-11,24311,1,2025-07,1,4,20.0,0.0,2.0,0.0,22.0,11.0,8264.0,8.264,2.662149,2.420136,0.0,0.242014,0.0,1.5455,1.5455,0.7081,0.1758,,5,1,1466,177,claude_code,file_add,15
123,msgpack/msgpack-java,2025-12,24312,1,2025-07,1,5,20.0,0.0,2.0,0.0,22.0,11.0,8264.0,8.264,2.662149,2.420136,0.0,0.242014,0.0,1.5455,1.5455,0.7081,0.1758,,0,0,1466,177,claude_code,file_add,15
123,msgpack/msgpack-java,2026-01,24313,1,2025-07,1,6,20.0,0.0,2.0,0.0,22.0,11.0,8264.0,8.264,2.662149,2.420136,0.0,0.242014,0.0,1.5455,1.5455,0.7081,0.1758,,8,3,1466,177,claude_code,file_add,15
124,jacoco/jacoco,2025-01,24301,0,2025-07,0,-6,46.0,0.0,4.0,0.0,50.0,68.0,27956.0,27.956,1.788525,1.645443,0.0,0.143082,0.0,3.4559,3.4559,0.5099,0.4313,,14,3,4502,164,control,,0
124,jacoco/jacoco,2025-02,24302,0,2025-07,0,-5,45.0,0.0,4.0,0.0,49.0,68.0,28177.0,28.177,1.739007,1.597047,0.0,0.14196,0.0,3.4706,3.4706,0.51,0.4313,,2,2,4502,164,control,,0
124,jacoco/jacoco,2025-03,24303,0,2025-07,0,-4,45.0,0.0,4.0,0.0,49.0,68.0,28181.0,28.181,1.73876,1.596821,0.0,0.14194,0.0,3.4706,3.4706,0.5099,0.4313,,7,1,4502,164,control,,0
124,jacoco/jacoco,2025-04,24304,0,2025-07,0,-3,45.0,0.0,4.0,0.0,49.0,68.0,28181.0,28.181,1.73876,1.596821,0.0,0.14194,0.0,3.4706,3.4706,0.5099,0.4313,,13,4,4502,164,control,,0
124,jacoco/jacoco,2025-05,24305,0,2025-07,0,-2,45.0,0.0,4.0,0.0,49.0,68.0,28494.0,28.494,1.71966,1.57928,0.0,0.14038,0.0,3.4706,3.4706,0.5085,0.4328,,2,2,4502,164,control,,0
124,jacoco/jacoco,2025-06,24306,0,2025-07,0,-1,45.0,0.0,4.0,0.0,49.0,68.0,28559.0,28.559,1.715746,1.575685,0.0,0.140061,0.0,3.4706,3.4706,0.5085,0.4328,,6,3,4502,164,control,,0
124,jacoco/jacoco,2025-07,24307,0,2025-07,1,0,45.0,0.0,4.0,0.0,49.0,68.0,28563.0,28.563,1.715506,1.575465,0.0,0.140041,0.0,3.4706,3.4706,0.5085,0.4328,,6,2,4502,164,control,,0
124,jacoco/jacoco,2025-08,24308,0,2025-07,1,1,45.0,0.0,4.0,0.0,49.0,68.0,28563.0,28.563,1.715506,1.575465,0.0,0.140041,0.0,3.4706,3.4706,0.5085,0.4328,,6,2,4502,164,control,,0
124,jacoco/jacoco,2025-09,24309,0,2025-07,1,2,45.0,0.0,4.0,0.0,49.0,68.0,28646.0,28.646,1.710536,1.5709,0.0,0.139636,0.0,3.4706,3.4706,0.5084,0.4328,,15,3,4502,164,control,,0
124,jacoco/jacoco,2025-10,24310,0,2025-07,1,3,45.0,0.0,4.0,0.0,49.0,68.0,28829.0,28.829,1.699677,1.560928,0.0,0.138749,0.0,3.4706,3.4706,0.5084,0.4329,,22,4,4502,164,control,,0
124,jacoco/jacoco,2025-11,24311,0,2025-07,1,4,45.0,0.0,4.0,0.0,49.0,68.0,29213.0,29.213,1.677335,1.54041,0.0,0.136925,0.0,3.4706,3.4706,0.5082,0.4331,,9,4,4502,164,control,,0
124,jacoco/jacoco,2025-12,24312,0,2025-07,1,5,45.0,0.0,4.0,0.0,49.0,68.0,29223.0,29.223,1.676761,1.539883,0.0,0.136878,0.0,3.4706,3.4706,0.5082,0.4332,,14,2,4502,164,control,,0
124,jacoco/jacoco,2026-01,24313,0,2025-07,1,6,45.0,0.0,4.0,0.0,49.0,68.0,29231.0,29.231,1.676303,1.539462,0.0,0.136841,0.0,3.4706,3.4706,0.5081,0.4333,,14,3,4502,164,control,,0
125,yennanliu/CS_basics,2025-04,24304,1,2025-10,0,-6,24.0,0.0,1.0,0.0,25.0,374.0,69630.0,69.63,0.359041,0.344679,0.0,0.014362,0.0,0.3182,0.3182,0.3333,0.6602,,248,4,131,115,claude_code,file_add,69
125,yennanliu/CS_basics,2025-05,24305,1,2025-10,0,-5,,,,,,,,,,,,,,,,,,,246,2,131,115,claude_code,file_add,69
125,yennanliu/CS_basics,2025-06,24306,1,2025-10,0,-4,24.0,0.0,1.0,1.0,26.0,374.0,76884.0,76.884,0.338172,0.312159,0.0,0.013007,0.013007,0.3209,0.3209,0.336,0.6575,,101,2,131,115,claude_code,file_add,69
125,yennanliu/CS_basics,2025-07,24307,1,2025-10,0,-3,24.0,0.0,1.0,1.0,26.0,374.0,78231.0,78.231,0.332349,0.306784,0.0,0.012783,0.012783,0.3209,0.3209,0.336,0.6575,,36,3,131,115,claude_code,file_add,69
125,yennanliu/CS_basics,2025-08,24308,1,2025-10,0,-2,24.0,0.0,1.0,1.0,26.0,374.0,78600.0,78.6,0.330789,0.305344,0.0,0.012723,0.012723,0.3209,0.3209,0.336,0.6575,,103,2,131,115,claude_code,file_add,69
125,yennanliu/CS_basics,2025-09,24309,1,2025-10,0,-1,24.0,0.0,1.0,1.0,26.0,374.0,79908.0,79.908,0.325374,0.300345,0.0,0.012514,0.012514,0.3209,0.3209,0.336,0.6575,,168,2,131,115,claude_code,file_add,69
125,yennanliu/CS_basics,2025-10,24310,1,2025-10,1,0,24.0,0.0,1.0,1.0,26.0,376.0,82805.0,82.805,0.313991,0.289838,0.0,0.012077,0.012077,0.3218,0.3218,0.3342,0.6593,,190,2,131,115,claude_code,file_add,69
125,yennanliu/CS_basics,2025-11,24311,1,2025-10,1,1,24.0,0.0,1.0,1.0,26.0,376.0,86653.0,86.653,0.300047,0.276967,0.0,0.01154,0.01154,0.3351,0.3351,0.3369,0.6566,,272,2,131,115,claude_code,file_add,69
125,yennanliu/CS_basics,2025-12,24312,1,2025-10,1,2,24.0,0.0,1.0,1.0,26.0,376.0,91332.0,91.332,0.284676,0.262778,0.0,0.010949,0.010949,0.3484,0.3484,0.3449,0.6487,,251,2,131,115,claude_code,file_add,69
125,yennanliu/CS_basics,2026-01,24313,1,2025-10,1,3,24.0,0.0,1.0,1.0,26.0,376.0,96157.0,96.157,0.270391,0.249592,0.0,0.0104,0.0104,0.3457,0.3457,0.3449,0.6487,,223,3,131,115,claude_code,file_add,69
125,yennanliu/CS_basics,2026-02,24314,1,2025-10,1,4,24.0,0.0,1.0,0.0,25.0,376.0,88109.0,88.109,0.283739,0.27239,0.0,0.01135,0.0,0.3431,0.3431,0.3449,0.6487,,276,2,131,115,claude_code,file_add,69
125,yennanliu/CS_basics,2026-03,24315,1,2025-10,1,5,24.0,0.0,1.0,0.0,25.0,376.0,88220.0,88.22,0.283382,0.272047,0.0,0.011335,0.0,0.3404,0.3404,0.3422,0.6513,,102,2,131,115,claude_code,file_add,69
125,yennanliu/CS_basics,2026-04,24316,1,2025-10,1,6,24.0,0.0,1.0,0.0,25.0,377.0,89374.0,89.374,0.279723,0.268534,0.0,0.011189,0.0,0.3422,0.3422,0.3439,0.6496,,0,0,131,115,claude_code,file_add,69
126,swift-lang/swift-t,2025-04,24304,0,2025-10,0,-6,111.0,3.0,5.0,0.0,119.0,22.0,29470.0,29.47,4.038005,3.766542,0.101798,0.169664,0.0,5.0909,5.0909,0.5664,0.3954,,113,1,56,141,control,,0
126,swift-lang/swift-t,2025-05,24305,0,2025-10,0,-5,111.0,3.0,5.0,0.0,119.0,22.0,29470.0,29.47,4.038005,3.766542,0.101798,0.169664,0.0,5.0909,5.0909,0.5664,0.3954,,48,1,56,141,control,,0
126,swift-lang/swift-t,2025-06,24306,0,2025-10,0,-4,111.0,3.0,5.0,0.0,119.0,22.0,29470.0,29.47,4.038005,3.766542,0.101798,0.169664,0.0,5.0909,5.0909,0.5664,0.3954,,59,1,56,141,control,,0
126,swift-lang/swift-t,2025-07,24307,0,2025-10,0,-3,111.0,3.0,5.0,0.0,119.0,22.0,29470.0,29.47,4.038005,3.766542,0.101798,0.169664,0.0,5.0909,5.0909,0.5664,0.3954,,26,1,56,141,control,,0
126,swift-lang/swift-t,2025-08,24308,0,2025-10,0,-2,111.0,3.0,5.0,0.0,119.0,22.0,29470.0,29.47,4.038005,3.766542,0.101798,0.169664,0.0,5.0909,5.0909,0.5664,0.3954,,4,1,56,141,control,,0
126,swift-lang/swift-t,2025-09,24309,0,2025-10,0,-1,111.0,3.0,5.0,0.0,119.0,22.0,29470.0,29.47,4.038005,3.766542,0.101798,0.169664,0.0,5.0909,5.0909,0.5664,0.3954,,4,2,56,141,control,,0
126,swift-lang/swift-t,2025-10,24310,0,2025-10,1,0,111.0,3.0,5.0,0.0,119.0,22.0,29470.0,29.47,4.038005,3.766542,0.101798,0.169664,0.0,5.0909,5.0909,0.5664,0.3954,,17,1,56,141,control,,0
126,swift-lang/swift-t,2025-11,24311,0,2025-10,1,1,111.0,3.0,5.0,0.0,119.0,22.0,29470.0,29.47,4.038005,3.766542,0.101798,0.169664,0.0,5.0909,5.0909,0.5664,0.3954,,10,1,56,141,control,,0
126,swift-lang/swift-t,2025-12,24312,0,2025-10,1,2,111.0,3.0,5.0,0.0,119.0,22.0,29470.0,29.47,4.038005,3.766542,0.101798,0.169664,0.0,5.0909,5.0909,0.5664,0.3954,,21,1,56,141,control,,0
126,swift-lang/swift-t,2026-01,24313,0,2025-10,1,3,111.0,3.0,5.0,0.0,119.0,22.0,29470.0,29.47,4.038005,3.766542,0.101798,0.169664,0.0,5.0909,5.0909,0.5664,0.3954,,3,2,56,141,control,,0
126,swift-lang/swift-t,2026-02,24314,0,2025-10,1,4,111.0,3.0,5.0,0.0,119.0,22.0,29470.0,29.47,4.038005,3.766542,0.101798,0.169664,0.0,5.0909,5.0909,0.5664,0.3954,,0,0,56,141,control,,0
126,swift-lang/swift-t,2026-03,24315,0,2025-10,1,5,111.0,3.0,5.0,0.0,119.0,22.0,29470.0,29.47,4.038005,3.766542,0.101798,0.169664,0.0,5.0909,5.0909,0.5664,0.3954,,14,1,56,141,control,,0
126,swift-lang/swift-t,2026-04,24316,0,2025-10,1,6,111.0,3.0,5.0,0.0,119.0,22.0,29470.0,29.47,4.038005,3.766542,0.101798,0.169664,0.0,5.0909,5.0909,0.5664,0.3954,,0,0,56,141,control,,0
127,OpenFeign/feign,2024-04,24292,1,2024-10,0,-6,20.0,0.0,9.0,1.0,30.0,63.0,25410.0,25.41,1.180638,0.787092,0.0,0.354191,0.039355,2.3016,2.3016,0.755,0.2493,,32,6,9791,153,codex,commit_pattern,10
127,OpenFeign/feign,2024-05,24293,1,2024-10,0,-5,20.0,0.0,9.0,1.0,30.0,65.0,25578.0,25.578,1.172883,0.781922,0.0,0.351865,0.039096,2.3077,2.3077,0.7609,0.2433,,26,5,9791,153,codex,commit_pattern,10
127,OpenFeign/feign,2024-06,24294,1,2024-10,0,-4,20.0,0.0,9.0,1.0,30.0,66.0,25853.0,25.853,1.160407,0.773605,0.0,0.348122,0.03868,2.3333,2.3333,0.7625,0.2396,,32,10,9791,153,codex,commit_pattern,10
127,OpenFeign/feign,2024-07,24295,1,2024-10,0,-3,20.0,0.0,9.0,1.0,30.0,66.0,25928.0,25.928,1.15705,0.771367,0.0,0.347115,0.038568,2.3333,2.3333,0.7625,0.2396,,25,5,9791,153,codex,commit_pattern,10
127,OpenFeign/feign,2024-08,24296,1,2024-10,0,-2,20.0,0.0,9.0,1.0,30.0,66.0,26019.0,26.019,1.153004,0.768669,0.0,0.345901,0.038433,2.3333,2.3333,0.7625,0.2396,,27,3,9791,153,codex,commit_pattern,10
127,OpenFeign/feign,2024-09,24297,1,2024-10,0,-1,20.0,0.0,9.0,1.0,30.0,66.0,26063.0,26.063,1.151057,0.767371,0.0,0.345317,0.038369,2.3333,2.3333,0.7626,0.2397,,56,7,9791,153,codex,commit_pattern,10
127,OpenFeign/feign,2024-10,24298,1,2024-10,1,0,21.0,0.0,5.0,1.0,27.0,76.0,27581.0,27.581,0.978935,0.761394,0.0,0.181284,0.036257,2.3158,2.3158,0.7548,0.2467,,105,9,9791,153,codex,commit_pattern,10
127,OpenFeign/feign,2024-11,24299,1,2024-10,1,1,21.0,0.0,5.0,1.0,27.0,76.0,27624.0,27.624,0.977411,0.760209,0.0,0.181002,0.0362,2.3158,2.3158,0.7548,0.2467,,79,7,9791,153,codex,commit_pattern,10
127,OpenFeign/feign,2024-12,24300,1,2024-10,1,2,24.0,1.0,5.0,1.0,31.0,79.0,29182.0,29.182,1.062299,0.822425,0.034268,0.171338,0.034268,2.3291,2.3291,0.7339,0.2626,,45,3,9791,153,codex,commit_pattern,10
127,OpenFeign/feign,2025-01,24301,1,2024-10,1,3,24.0,1.0,5.0,1.0,31.0,79.0,29182.0,29.182,1.062299,0.822425,0.034268,0.171338,0.034268,2.3291,2.3291,0.7339,0.2626,,68,4,9791,153,codex,commit_pattern,10
127,OpenFeign/feign,2025-02,24302,1,2024-10,1,4,24.0,1.0,5.0,1.0,31.0,79.0,29274.0,29.274,1.05896,0.81984,0.03416,0.1708,0.03416,2.3291,2.3291,0.7339,0.2626,,65,4,9791,153,codex,commit_pattern,10
127,OpenFeign/feign,2025-03,24303,1,2024-10,1,5,24.0,1.0,5.0,1.0,31.0,79.0,29274.0,29.274,1.05896,0.81984,0.03416,0.1708,0.03416,2.3291,2.3291,0.7339,0.2626,,56,5,9791,153,codex,commit_pattern,10
127,OpenFeign/feign,2025-04,24304,1,2024-10,1,6,24.0,1.0,5.0,1.0,31.0,79.0,29277.0,29.277,1.058852,0.819756,0.034157,0.170783,0.034157,2.3291,2.3291,0.7339,0.2626,,64,5,9791,153,codex,commit_pattern,10
128,spockframework/spock,2024-04,24292,0,2024-10,0,-6,138.0,2.0,6.0,0.0,146.0,77.0,17306.0,17.306,8.43638,7.974113,0.115567,0.346701,0.0,2.5714,2.5714,0.5796,0.3856,,15,4,3626,183,control,,0
128,spockframework/spock,2024-05,24293,0,2024-10,0,-5,164.0,2.0,6.0,0.0,172.0,77.0,17723.0,17.723,9.704903,9.253512,0.112848,0.338543,0.0,2.5714,2.5714,0.5797,0.3861,,10,3,3626,183,control,,0
128,spockframework/spock,2024-06,24294,0,2024-10,0,-4,164.0,2.0,6.0,0.0,172.0,77.0,17741.0,17.741,9.695057,9.244124,0.112733,0.3382,0.0,2.5714,2.5714,0.5797,0.3861,,3,1,3626,183,control,,0
128,spockframework/spock,2024-07,24295,0,2024-10,0,-3,164.0,2.0,6.0,0.0,172.0,77.0,17741.0,17.741,9.695057,9.244124,0.112733,0.3382,0.0,2.5714,2.5714,0.5797,0.3861,,5,1,3626,183,control,,0
128,spockframework/spock,2024-08,24296,0,2024-10,0,-2,164.0,2.0,6.0,0.0,172.0,77.0,17741.0,17.741,9.695057,9.244124,0.112733,0.3382,0.0,2.5714,2.5714,0.5797,0.3861,,14,4,3626,183,control,,0
128,spockframework/spock,2024-09,24297,0,2024-10,0,-1,164.0,2.0,6.0,0.0,172.0,77.0,17794.0,17.794,9.66618,9.21659,0.112397,0.337192,0.0,2.5714,2.5714,0.5798,0.3863,,14,3,3626,183,control,,0
128,spockframework/spock,2024-10,24298,0,2024-10,1,0,164.0,2.0,4.0,0.0,170.0,77.0,17863.0,17.863,9.516878,9.180989,0.111963,0.223927,0.0,2.6234,2.6234,0.5928,0.3841,,20,5,3626,183,control,,0
128,spockframework/spock,2024-11,24299,0,2024-10,1,1,164.0,2.0,4.0,0.0,170.0,77.0,17875.0,17.875,9.51049,9.174825,0.111888,0.223776,0.0,2.6234,2.6234,0.5928,0.3835,,8,3,3626,183,control,,0
128,spockframework/spock,2024-12,24300,0,2024-10,1,2,164.0,2.0,4.0,0.0,170.0,77.0,17878.0,17.878,9.508894,9.173286,0.111869,0.223739,0.0,2.6234,2.6234,0.5928,0.3834,,27,7,3626,183,control,,0
128,spockframework/spock,2025-01,24301,0,2024-10,1,3,182.0,2.0,7.0,0.0,191.0,77.0,18226.0,18.226,10.479535,9.985735,0.109733,0.384067,0.0,2.7013,2.7013,0.5931,0.3815,,26,6,3626,183,control,,0
128,spockframework/spock,2025-02,24302,0,2024-10,1,4,182.0,2.0,7.0,0.0,191.0,77.0,18244.0,18.244,10.469195,9.975882,0.109625,0.383688,0.0,2.7013,2.7013,0.5931,0.3815,,15,6,3626,183,control,,0
128,spockframework/spock,2025-03,24303,0,2024-10,1,5,182.0,2.0,7.0,0.0,191.0,77.0,18247.0,18.247,10.467474,9.974242,0.109607,0.383625,0.0,2.7013,2.7013,0.5931,0.3815,,14,3,3626,183,control,,0
128,spockframework/spock,2025-04,24304,0,2024-10,1,6,206.0,2.0,8.0,0.0,216.0,78.0,18433.0,18.433,11.718114,11.175609,0.108501,0.434004,0.0,2.7179,2.7179,0.5923,0.3766,,19,3,3626,183,control,,0
129,portfolio-performance/portfolio,2025-01,24301,1,2025-07,0,-6,,,,,,,,,,,,,,,,,,,65,11,3713,168,claude_code,file_add,2
129,portfolio-performance/portfolio,2025-02,24302,1,2025-07,0,-5,,,,,,,,,,,,,,,,,,,44,12,3713,168,claude_code,file_add,2
129,portfolio-performance/portfolio,2025-03,24303,1,2025-07,0,-4,,,,,,,,,,,,,,,,,,,66,9,3713,168,claude_code,file_add,2
129,portfolio-performance/portfolio,2025-04,24304,1,2025-07,0,-3,,,,,,,,,,,,,,,,,,,91,13,3713,168,claude_code,file_add,2
129,portfolio-performance/portfolio,2025-05,24305,1,2025-07,0,-2,,,,,,,,,,,,,,,,,,,107,10,3713,168,claude_code,file_add,2
129,portfolio-performance/portfolio,2025-06,24306,1,2025-07,0,-1,,,,,,,,,,,,,,,,,,,104,9,3713,168,claude_code,file_add,2
129,portfolio-performance/portfolio,2025-07,24307,1,2025-07,1,0,,,,,,,,,,,,,,,,,,,51,9,3713,168,claude_code,file_add,2
129,portfolio-performance/portfolio,2025-08,24308,1,2025-07,1,1,,,,,,,,,,,,,,,,,,,81,6,3713,168,claude_code,file_add,2
129,portfolio-performance/portfolio,2025-09,24309,1,2025-07,1,2,,,,,,,,,,,,,,,,,,,89,10,3713,168,claude_code,file_add,2
129,portfolio-performance/portfolio,2025-10,24310,1,2025-07,1,3,,,,,,,,,,,,,,,,,,,71,10,3713,168,claude_code,file_add,2
129,portfolio-performance/portfolio,2025-11,24311,1,2025-07,1,4,,,,,,,,,,,,,,,,,,,69,11,3713,168,claude_code,file_add,2
129,portfolio-performance/portfolio,2025-12,24312,1,2025-07,1,5,,,,,,,,,,,,,,,,,,,101,14,3713,168,claude_code,file_add,2
129,portfolio-performance/portfolio,2026-01,24313,1,2025-07,1,6,,,,,,,,,,,,,,,,,,,107,19,3713,168,claude_code,file_add,2
130,pac4j/pac4j,2025-01,24301,0,2025-07,0,-6,177.0,2.0,9.0,0.0,188.0,229.0,31005.0,31.005,6.063538,5.708757,0.064506,0.290276,0.0,6.6026,6.6026,0.6711,0.2598,,85,4,2514,170,control,,0
130,pac4j/pac4j,2025-02,24302,0,2025-07,0,-5,177.0,2.0,9.0,0.0,188.0,229.0,31005.0,31.005,6.063538,5.708757,0.064506,0.290276,0.0,6.6026,6.6026,0.6711,0.2598,,79,5,2514,170,control,,0
130,pac4j/pac4j,2025-03,24303,0,2025-07,0,-4,177.0,2.0,9.0,0.0,188.0,229.0,31033.0,31.033,6.058067,5.703606,0.064448,0.290014,0.0,6.607,6.607,0.6712,0.2597,,86,4,2514,170,control,,0
130,pac4j/pac4j,2025-04,24304,0,2025-07,0,-3,178.0,2.0,8.0,0.0,188.0,229.0,31314.0,31.314,6.003704,5.684358,0.063869,0.255477,0.0,6.6026,6.6026,0.6708,0.2603,,78,5,2514,170,control,,0
130,pac4j/pac4j,2025-05,24305,0,2025-07,0,-2,180.0,2.0,3.0,0.0,185.0,229.0,31344.0,31.344,5.902246,5.742726,0.063808,0.095712,0.0,6.6201,6.6201,0.6704,0.2607,,80,3,2514,170,control,,0
130,pac4j/pac4j,2025-06,24306,0,2025-07,0,-1,180.0,2.0,3.0,0.0,185.0,229.0,31344.0,31.344,5.902246,5.742726,0.063808,0.095712,0.0,6.6201,6.6201,0.6704,0.2607,,67,4,2514,170,control,,0
130,pac4j/pac4j,2025-07,24307,0,2025-07,1,0,181.0,3.0,3.0,0.0,187.0,229.0,31398.0,31.398,5.955793,5.764698,0.095547,0.095547,0.0,6.6245,6.6245,0.6706,0.2605,,67,3,2514,170,control,,0
130,pac4j/pac4j,2025-08,24308,0,2025-07,1,1,181.0,3.0,3.0,0.0,187.0,229.0,31417.0,31.417,5.952191,5.761212,0.09549,0.09549,0.0,6.6245,6.6245,0.6707,0.2605,,82,4,2514,170,control,,0
130,pac4j/pac4j,2025-09,24309,0,2025-07,1,2,181.0,3.0,3.0,0.0,187.0,229.0,31456.0,31.456,5.944812,5.754069,0.095371,0.095371,0.0,6.6245,6.6245,0.6707,0.2605,,99,6,2514,170,control,,0
130,pac4j/pac4j,2025-10,24310,0,2025-07,1,3,181.0,3.0,3.0,0.0,187.0,229.0,31509.0,31.509,5.934812,5.74439,0.095211,0.095211,0.0,6.6245,6.6245,0.6705,0.2601,,75,4,2514,170,control,,0
130,pac4j/pac4j,2025-11,24311,0,2025-07,1,4,181.0,3.0,3.0,0.0,187.0,229.0,31615.0,31.615,5.914914,5.72513,0.094892,0.094892,0.0,6.6245,6.6245,0.6706,0.26,,82,4,2514,170,control,,0
130,pac4j/pac4j,2025-12,24312,0,2025-07,1,5,183.0,3.0,3.0,0.0,189.0,229.0,31675.0,31.675,5.966851,5.777427,0.094712,0.094712,0.0,6.6201,6.6201,0.6706,0.2601,,74,3,2514,170,control,,0
130,pac4j/pac4j,2026-01,24313,0,2025-07,1,6,183.0,3.0,3.0,0.0,189.0,229.0,31675.0,31.675,5.966851,5.777427,0.094712,0.094712,0.0,6.6201,6.6201,0.6706,0.2601,,44,2,2514,170,control,,0
131,domaframework/doma,2024-12,24300,1,2025-06,0,-6,,,,,,,,,,,,,,,,,,,59,4,494,144,claude_code,file_add,43
131,domaframework/doma,2025-01,24301,1,2025-06,0,-5,,,,,,,,,,,,,,,,,,,54,5,494,144,claude_code,file_add,43
131,domaframework/doma,2025-02,24302,1,2025-06,0,-4,,,,,,,,,,,,,,,,,,,71,3,494,144,claude_code,file_add,43
131,domaframework/doma,2025-03,24303,1,2025-06,0,-3,,,,,,,,,,,,,,,,,,,42,3,494,144,claude_code,file_add,43
131,domaframework/doma,2025-04,24304,1,2025-06,0,-2,,,,,,,,,,,,,,,,,,,26,2,494,144,claude_code,file_add,43
131,domaframework/doma,2025-05,24305,1,2025-06,0,-1,,,,,,,,,,,,,,,,,,,84,5,494,144,claude_code,file_add,43
131,domaframework/doma,2025-06,24306,1,2025-06,1,0,,,,,,,,,,,,,,,,,,,41,3,494,144,claude_code,file_add,43
131,domaframework/doma,2025-07,24307,1,2025-06,1,1,,,,,,,,,,,,,,,,,,,56,3,494,144,claude_code,file_add,43
131,domaframework/doma,2025-08,24308,1,2025-06,1,2,,,,,,,,,,,,,,,,,,,16,2,494,144,claude_code,file_add,43
131,domaframework/doma,2025-09,24309,1,2025-06,1,3,,,,,,,,,,,,,,,,,,,21,2,494,144,claude_code,file_add,43
131,domaframework/doma,2025-10,24310,1,2025-06,1,4,,,,,,,,,,,,,,,,,,,46,2,494,144,claude_code,file_add,43
131,domaframework/doma,2025-11,24311,1,2025-06,1,5,,,,,,,,,,,,,,,,,,,21,5,494,144,claude_code,file_add,43
131,domaframework/doma,2025-12,24312,1,2025-06,1,6,,,,,,,,,,,,,,,,,,,23,2,494,144,claude_code,file_add,43
132,omnifaces/omnifaces,2024-12,24300,0,2025-06,0,-6,75.0,1.0,8.0,0.0,84.0,106.0,18676.0,18.676,4.497751,4.015849,0.053545,0.428357,0.0,2.1698,2.1698,0.7855,0.1652,,13,1,301,144,control,,0
132,omnifaces/omnifaces,2025-01,24301,0,2025-06,0,-5,75.0,1.0,8.0,0.0,84.0,106.0,18679.0,18.679,4.497029,4.015204,0.053536,0.428288,0.0,2.1698,2.1698,0.7855,0.1652,,3,1,301,144,control,,0
132,omnifaces/omnifaces,2025-02,24302,0,2025-06,0,-4,75.0,1.0,8.0,0.0,84.0,106.0,18683.0,18.683,4.496066,4.014345,0.053525,0.428197,0.0,2.1698,2.1698,0.7855,0.1652,,5,2,301,144,control,,0
132,omnifaces/omnifaces,2025-03,24303,0,2025-06,0,-3,75.0,1.0,8.0,0.0,84.0,106.0,18739.0,18.739,4.48263,4.002348,0.053365,0.426917,0.0,2.1698,2.1698,0.7855,0.1668,,4,1,301,144,control,,0
132,omnifaces/omnifaces,2025-04,24304,0,2025-06,0,-2,75.0,1.0,8.0,0.0,84.0,106.0,18739.0,18.739,4.48263,4.002348,0.053365,0.426917,0.0,2.1698,2.1698,0.7855,0.1668,,12,2,301,144,control,,0
132,omnifaces/omnifaces,2025-05,24305,0,2025-06,0,-1,75.0,1.0,8.0,0.0,84.0,106.0,18749.0,18.749,4.480239,4.000213,0.053336,0.426689,0.0,2.1698,2.1698,0.7855,0.1668,,27,3,301,144,control,,0
132,omnifaces/omnifaces,2025-06,24306,0,2025-06,1,0,75.0,1.0,8.0,0.0,84.0,106.0,18788.0,18.788,4.470939,3.99191,0.053225,0.425804,0.0,2.1698,2.1698,0.7855,0.1668,,70,1,301,144,control,,0
132,omnifaces/omnifaces,2025-07,24307,0,2025-06,1,1,75.0,1.0,8.0,0.0,84.0,106.0,18789.0,18.789,4.470701,3.991697,0.053223,0.425781,0.0,2.1698,2.1698,0.7855,0.1668,,6,1,301,144,control,,0
132,omnifaces/omnifaces,2025-08,24308,0,2025-06,1,2,75.0,1.0,8.0,0.0,84.0,106.0,18797.0,18.797,4.468798,3.989998,0.0532,0.4256,0.0,2.1698,2.1698,0.7855,0.1668,,15,1,301,144,control,,0
132,omnifaces/omnifaces,2025-09,24309,0,2025-06,1,3,75.0,1.0,8.0,0.0,84.0,107.0,18881.0,18.881,4.448917,3.972247,0.052963,0.423706,0.0,2.1589,2.1589,0.7873,0.1638,,9,1,301,144,control,,0
132,omnifaces/omnifaces,2025-10,24310,0,2025-06,1,4,76.0,1.0,8.0,0.0,85.0,108.0,19011.0,19.011,4.471096,3.997686,0.052601,0.420809,0.0,2.1574,2.1574,0.7882,0.1648,,7,1,301,144,control,,0
132,omnifaces/omnifaces,2025-11,24311,0,2025-06,1,5,72.0,1.0,8.0,0.0,81.0,109.0,19059.0,19.059,4.249961,3.777743,0.052469,0.419749,0.0,2.1743,2.1743,0.7909,0.1601,,31,1,301,144,control,,0
132,omnifaces/omnifaces,2025-12,24312,0,2025-06,1,6,72.0,1.0,9.0,0.0,82.0,109.0,19226.0,19.226,4.265058,3.744929,0.052013,0.468116,0.0,2.1743,2.1743,0.7909,0.1601,,57,1,301,144,control,,0
133,microsoft/gctoolkit,2025-05,24305,1,2025-11,0,-6,,,,,,,,,,,,,,,,,,,1,1,1282,56,copilot,file_add,4
133,microsoft/gctoolkit,2025-06,24306,1,2025-11,0,-5,,,,,,,,,,,,,,,,,,,3,3,1282,56,copilot,file_add,4
133,microsoft/gctoolkit,2025-07,24307,1,2025-11,0,-4,,,,,,,,,,,,,,,,,,,0,0,1282,56,copilot,file_add,4
133,microsoft/gctoolkit,2025-08,24308,1,2025-11,0,-3,,,,,,,,,,,,,,,,,,,3,1,1282,56,copilot,file_add,4
133,microsoft/gctoolkit,2025-09,24309,1,2025-11,0,-2,,,,,,,,,,,,,,,,,,,2,2,1282,56,copilot,file_add,4
133,microsoft/gctoolkit,2025-10,24310,1,2025-11,0,-1,,,,,,,,,,,,,,,,,,,2,2,1282,56,copilot,file_add,4
133,microsoft/gctoolkit,2025-11,24311,1,2025-11,1,0,,,,,,,,,,,,,,,,,,,8,5,1282,56,copilot,file_add,4
133,microsoft/gctoolkit,2025-12,24312,1,2025-11,1,1,,,,,,,,,,,,,,,,,,,4,1,1282,56,copilot,file_add,4
133,microsoft/gctoolkit,2026-01,24313,1,2025-11,1,2,,,,,,,,,,,,,,,,,,,5,1,1282,56,copilot,file_add,4
133,microsoft/gctoolkit,2026-02,24314,1,2025-11,1,3,,,,,,,,,,,,,,,,,,,4,1,1282,56,copilot,file_add,4
133,microsoft/gctoolkit,2026-03,24315,1,2025-11,1,4,,,,,,,,,,,,,,,,,,,1,1,1282,56,copilot,file_add,4
133,microsoft/gctoolkit,2026-04,24316,1,2025-11,1,5,,,,,,,,,,,,,,,,,,,0,0,1282,56,copilot,file_add,4
133,microsoft/gctoolkit,2026-05,24317,1,2025-11,1,6,,,,,,,,,,,,,,,,,,,0,0,1282,56,copilot,file_add,4
134,protomaps/basemaps,2025-05,24305,0,2025-11,0,-6,3.0,0.0,1.0,0.0,4.0,9.0,4943.0,4.943,0.809225,0.606919,0.0,0.202306,0.0,1.3333,1.3333,0.5204,0.4743,,10,4,608,71,control,,0
134,protomaps/basemaps,2025-06,24306,0,2025-11,0,-5,2.0,0.0,1.0,0.0,3.0,9.0,4971.0,4.971,0.6035,0.402334,0.0,0.201167,0.0,1.2222,1.2222,0.4815,0.5132,,7,3,608,71,control,,0
134,protomaps/basemaps,2025-07,24307,0,2025-11,0,-4,2.0,0.0,1.0,0.0,3.0,9.0,4970.0,4.97,0.603622,0.402414,0.0,0.201207,0.0,1.2222,1.2222,0.4815,0.5132,,4,2,608,71,control,,0
134,protomaps/basemaps,2025-08,24308,0,2025-11,0,-3,2.0,0.0,1.0,0.0,3.0,9.0,4970.0,4.97,0.603622,0.402414,0.0,0.201207,0.0,1.2222,1.2222,0.4815,0.5132,,0,0,608,71,control,,0
134,protomaps/basemaps,2025-09,24309,0,2025-11,0,-2,2.0,0.0,1.0,0.0,3.0,9.0,4970.0,4.97,0.603622,0.402414,0.0,0.201207,0.0,1.2222,1.2222,0.4815,0.5132,,2,1,608,71,control,,0
134,protomaps/basemaps,2025-10,24310,0,2025-11,0,-1,2.0,0.0,1.0,0.0,3.0,9.0,4970.0,4.97,0.603622,0.402414,0.0,0.201207,0.0,1.2222,1.2222,0.4815,0.5132,,4,2,608,71,control,,0
134,protomaps/basemaps,2025-11,24311,0,2025-11,1,0,2.0,0.0,2.0,0.0,4.0,9.0,5064.0,5.064,0.789889,0.394945,0.0,0.394945,0.0,1.3333,1.3333,0.5059,0.4888,,3,1,608,71,control,,0
134,protomaps/basemaps,2025-12,24312,0,2025-11,1,1,2.0,0.0,2.0,0.0,4.0,9.0,5064.0,5.064,0.789889,0.394945,0.0,0.394945,0.0,1.3333,1.3333,0.5059,0.4888,,11,7,608,71,control,,0
134,protomaps/basemaps,2026-01,24313,0,2025-11,1,2,2.0,0.0,2.0,0.0,4.0,9.0,5914.0,5.914,0.676361,0.338181,0.0,0.338181,0.0,1.3333,1.3333,0.5059,0.4888,,5,2,608,71,control,,0
134,protomaps/basemaps,2026-02,24314,0,2025-11,1,3,2.0,0.0,2.0,0.0,4.0,9.0,6128.0,6.128,0.652742,0.326371,0.0,0.326371,0.0,1.3333,1.3333,0.5059,0.4888,,15,6,608,71,control,,0
134,protomaps/basemaps,2026-03,24315,0,2025-11,1,4,2.0,0.0,2.0,0.0,4.0,9.0,6133.0,6.133,0.652209,0.326105,0.0,0.326105,0.0,1.3333,1.3333,0.5059,0.4888,,10,4,608,71,control,,0
134,protomaps/basemaps,2026-04,24316,0,2025-11,1,5,2.0,0.0,2.0,0.0,4.0,10.0,9589.0,9.589,0.417145,0.208572,0.0,0.208572,0.0,1.3,1.3,0.4564,0.5396,,0,0,608,71,control,,0
134,protomaps/basemaps,2026-05,24317,0,2025-11,1,6,2.0,0.0,2.0,0.0,4.0,10.0,9589.0,9.589,0.417145,0.208572,0.0,0.208572,0.0,1.3,1.3,0.4564,0.5396,,0,0,608,71,control,,0
135,grafioschtrader/grafioschtrader,2025-06,24306,1,2025-12,0,-6,139.0,1.0,7.0,0.0,147.0,135.0,37181.0,37.181,3.953632,3.738469,0.026895,0.188268,0.0,5.8296,5.8296,0.6305,0.2767,,5,1,23,74,claude_code,commit_pattern,2
135,grafioschtrader/grafioschtrader,2025-07,24307,1,2025-12,0,-5,139.0,1.0,7.0,0.0,147.0,139.0,37821.0,37.821,3.88673,3.675207,0.02644,0.185082,0.0,5.7338,5.7338,0.6338,0.2859,,5,1,23,74,claude_code,commit_pattern,2
135,grafioschtrader/grafioschtrader,2025-08,24308,1,2025-12,0,-4,139.0,1.0,8.0,0.0,148.0,139.0,38361.0,38.361,3.858085,3.623472,0.026068,0.208545,0.0,5.7338,5.7338,0.6343,0.2856,,0,0,23,74,claude_code,commit_pattern,2
135,grafioschtrader/grafioschtrader,2025-09,24309,1,2025-12,0,-3,139.0,1.0,8.0,0.0,148.0,139.0,38361.0,38.361,3.858085,3.623472,0.026068,0.208545,0.0,5.7338,5.7338,0.6343,0.2856,,1,1,23,74,claude_code,commit_pattern,2
135,grafioschtrader/grafioschtrader,2025-10,24310,1,2025-12,0,-2,139.0,1.0,8.0,0.0,148.0,139.0,38372.0,38.372,3.856979,3.622433,0.026061,0.208485,0.0,5.7338,5.7338,0.6343,0.2856,,2,1,23,74,claude_code,commit_pattern,2
135,grafioschtrader/grafioschtrader,2025-11,24311,1,2025-12,0,-1,139.0,1.0,5.0,0.0,145.0,139.0,38399.0,38.399,3.77614,3.619886,0.026042,0.130212,0.0,5.7338,5.7338,0.6344,0.2858,,6,1,23,74,claude_code,commit_pattern,2
135,grafioschtrader/grafioschtrader,2025-12,24312,1,2025-12,1,0,139.0,1.0,5.0,0.0,145.0,139.0,38439.0,38.439,3.772211,3.616119,0.026015,0.130076,0.0,5.7338,5.7338,0.6354,0.2849,,53,2,23,74,claude_code,commit_pattern,2
135,grafioschtrader/grafioschtrader,2026-01,24313,1,2025-12,1,1,203.0,1.0,12.0,0.0,216.0,142.0,41715.0,41.715,5.177994,4.866355,0.023972,0.287666,0.0,5.9437,5.9437,0.6367,0.2876,,115,1,23,74,claude_code,commit_pattern,2
135,grafioschtrader/grafioschtrader,2026-02,24314,1,2025-12,1,2,235.0,2.0,7.0,0.0,244.0,151.0,47905.0,47.905,5.093414,4.905542,0.041749,0.146123,0.0,6.053,6.053,0.6371,0.2941,,42,1,23,74,claude_code,commit_pattern,2
135,grafioschtrader/grafioschtrader,2026-03,24315,1,2025-12,1,3,256.0,2.0,9.0,0.0,267.0,156.0,55204.0,55.204,4.836606,4.637345,0.036229,0.163032,0.0,6.1795,6.1795,0.6459,0.2878,,1,1,23,74,claude_code,commit_pattern,2
135,grafioschtrader/grafioschtrader,2026-04,24316,1,2025-12,1,4,256.0,2.0,9.0,0.0,267.0,156.0,55204.0,55.204,4.836606,4.637345,0.036229,0.163032,0.0,6.1795,6.1795,0.6459,0.2878,,0,0,23,74,claude_code,commit_pattern,2
135,grafioschtrader/grafioschtrader,2026-05,24317,1,2025-12,1,5,256.0,2.0,9.0,0.0,267.0,156.0,55204.0,55.204,4.836606,4.637345,0.036229,0.163032,0.0,6.1795,6.1795,0.6459,0.2878,,0,0,23,74,claude_code,commit_pattern,2
135,grafioschtrader/grafioschtrader,2026-06,24318,1,2025-12,1,6,256.0,2.0,9.0,0.0,267.0,156.0,55204.0,55.204,4.836606,4.637345,0.036229,0.163032,0.0,6.1795,6.1795,0.6459,0.2878,,0,0,23,74,claude_code,commit_pattern,2
136,powsybl/powsybl-open-rao,2025-06,24306,0,2025-12,0,-6,108.0,1.0,5.0,1.0,115.0,120.0,71373.0,71.373,1.611254,1.513177,0.014011,0.070055,0.014011,7.7417,7.7417,0.6262,0.2743,,9,3,29,88,control,,0
136,powsybl/powsybl-open-rao,2025-07,24307,0,2025-12,0,-5,,,,,,,,,,,,,,,,,,,20,7,29,88,control,,0
136,powsybl/powsybl-open-rao,2025-08,24308,0,2025-12,0,-4,108.0,1.0,6.0,1.0,116.0,120.0,71720.0,71.72,1.617401,1.505856,0.013943,0.083659,0.013943,7.7667,7.7667,0.6264,0.2756,,9,4,29,88,control,,0
136,powsybl/powsybl-open-rao,2025-09,24309,0,2025-12,0,-3,108.0,1.0,6.0,1.0,116.0,120.0,71935.0,71.935,1.612567,1.501355,0.013901,0.083409,0.013901,7.8083,7.8083,0.6251,0.277,,12,4,29,88,control,,0
136,powsybl/powsybl-open-rao,2025-10,24310,0,2025-12,0,-2,,,,,,,,,,,,,,,,,,,16,4,29,88,control,,0
136,powsybl/powsybl-open-rao,2025-11,24311,0,2025-12,0,-1,114.0,1.0,11.0,1.0,127.0,125.0,73767.0,73.767,1.721637,1.545406,0.013556,0.149118,0.013556,7.928,7.928,0.6276,0.2783,,13,3,29,88,control,,0
136,powsybl/powsybl-open-rao,2025-12,24312,0,2025-12,1,0,117.0,1.0,5.0,1.0,124.0,127.0,74817.0,74.817,1.657377,1.563816,0.013366,0.06683,0.013366,8.0,8.0,0.6311,0.2762,,14,4,29,88,control,,0
136,powsybl/powsybl-open-rao,2026-01,24313,0,2025-12,1,1,117.0,1.0,5.0,1.0,124.0,127.0,75025.0,75.025,1.652782,1.55948,0.013329,0.066644,0.013329,8.0,8.0,0.6311,0.2762,,17,6,29,88,control,,0
136,powsybl/powsybl-open-rao,2026-02,24314,0,2025-12,1,2,118.0,1.0,7.0,1.0,127.0,127.0,75240.0,75.24,1.687932,1.568315,0.013291,0.093036,0.013291,8.0551,8.0551,0.6296,0.2777,,17,7,29,88,control,,0
136,powsybl/powsybl-open-rao,2026-03,24315,0,2025-12,1,3,,,,,,,,,,,,,,,,,,,6,5,29,88,control,,0
136,powsybl/powsybl-open-rao,2026-04,24316,0,2025-12,1,4,122.0,1.0,5.0,1.0,129.0,129.0,77967.0,77.967,1.654546,1.564765,0.012826,0.06413,0.012826,8.1705,8.1705,0.6298,0.2778,,0,0,29,88,control,,0
136,powsybl/powsybl-open-rao,2026-05,24317,0,2025-12,1,5,122.0,1.0,5.0,1.0,129.0,129.0,77967.0,77.967,1.654546,1.564765,0.012826,0.06413,0.012826,8.1705,8.1705,0.6298,0.2778,,0,0,29,88,control,,0
136,powsybl/powsybl-open-rao,2026-06,24318,0,2025-12,1,6,122.0,1.0,5.0,1.0,129.0,129.0,77967.0,77.967,1.654546,1.564765,0.012826,0.06413,0.012826,8.1705,8.1705,0.6298,0.2778,,0,0,29,88,control,,0
137,smithy-lang/smithy-java,2024-12,24300,1,2025-06,0,-6,,,,,,,,,,,,,,,,,,,50,7,49,24,claude_code,file_add,2
137,smithy-lang/smithy-java,2025-01,24301,1,2025-06,0,-5,,,,,,,,,,,,,,,,,,,21,6,49,24,claude_code,file_add,2
137,smithy-lang/smithy-java,2025-02,24302,1,2025-06,0,-4,,,,,,,,,,,,,,,,,,,26,6,49,24,claude_code,file_add,2
137,smithy-lang/smithy-java,2025-03,24303,1,2025-06,0,-3,,,,,,,,,,,,,,,,,,,18,5,49,24,claude_code,file_add,2
137,smithy-lang/smithy-java,2025-04,24304,1,2025-06,0,-2,,,,,,,,,,,,,,,,,,,55,9,49,24,claude_code,file_add,2
137,smithy-lang/smithy-java,2025-05,24305,1,2025-06,0,-1,,,,,,,,,,,,,,,,,,,74,8,49,24,claude_code,file_add,2
137,smithy-lang/smithy-java,2025-06,24306,1,2025-06,1,0,,,,,,,,,,,,,,,,,,,81,13,49,24,claude_code,file_add,2
137,smithy-lang/smithy-java,2025-07,24307,1,2025-06,1,1,,,,,,,,,,,,,,,,,,,34,10,49,24,claude_code,file_add,2
137,smithy-lang/smithy-java,2025-08,24308,1,2025-06,1,2,,,,,,,,,,,,,,,,,,,25,7,49,24,claude_code,file_add,2
137,smithy-lang/smithy-java,2025-09,24309,1,2025-06,1,3,,,,,,,,,,,,,,,,,,,31,7,49,24,claude_code,file_add,2
137,smithy-lang/smithy-java,2025-10,24310,1,2025-06,1,4,,,,,,,,,,,,,,,,,,,24,5,49,24,claude_code,file_add,2
137,smithy-lang/smithy-java,2025-11,24311,1,2025-06,1,5,,,,,,,,,,,,,,,,,,,40,6,49,24,claude_code,file_add,2
137,smithy-lang/smithy-java,2025-12,24312,1,2025-06,1,6,,,,,,,,,,,,,,,,,,,52,7,49,24,claude_code,file_add,2
138,onixary/shape-shifter-curse-fabric,2025-02,24302,0,2025-06,0,-4,2.0,0.0,0.0,0.0,2.0,5.0,34.0,0.034,58.823529,58.823529,0.0,0.0,0.0,0.4,0.4,0.6,0.4,,26,1,47,11,control,,0
138,onixary/shape-shifter-curse-fabric,2025-03,24303,0,2025-06,0,-3,71.0,0.0,4.0,0.0,75.0,44.0,6412.0,6.412,11.696818,11.072988,0.0,0.62383,0.0,3.4091,3.4091,0.5743,0.4008,,11,1,47,11,control,,0
138,onixary/shape-shifter-curse-fabric,2025-04,24304,0,2025-06,0,-2,80.0,1.0,6.0,0.0,87.0,47.0,7689.0,7.689,11.314865,10.404474,0.130056,0.780336,0.0,3.8936,3.8936,0.5914,0.3892,,19,2,47,11,control,,0
138,onixary/shape-shifter-curse-fabric,2025-05,24305,0,2025-06,0,-1,82.0,3.0,3.0,0.0,88.0,49.0,9674.0,9.674,9.096547,8.476328,0.31011,0.31011,0.0,4.0408,4.0408,0.5719,0.403,,13,1,47,11,control,,0
138,onixary/shape-shifter-curse-fabric,2025-06,24306,0,2025-06,1,0,82.0,3.0,3.0,0.0,88.0,50.0,10683.0,10.683,8.237387,7.675747,0.28082,0.28082,0.0,4.06,4.06,0.5839,0.396,,16,2,47,11,control,,0
138,onixary/shape-shifter-curse-fabric,2025-07,24307,0,2025-06,1,1,82.0,3.0,2.0,0.0,87.0,54.0,11899.0,11.899,7.311539,6.891335,0.252122,0.168081,0.0,3.9444,3.9444,0.5768,0.4246,,26,2,47,11,control,,0
138,onixary/shape-shifter-curse-fabric,2025-08,24308,0,2025-06,1,2,103.0,1.0,8.0,0.0,112.0,56.0,12734.0,12.734,8.795351,8.088582,0.07853,0.628239,0.0,4.1429,4.1429,0.5534,0.4482,,19,2,47,11,control,,0
138,onixary/shape-shifter-curse-fabric,2025-09,24309,0,2025-06,1,3,96.0,2.0,7.0,0.0,105.0,59.0,14253.0,14.253,7.36687,6.735424,0.140321,0.491125,0.0,4.0339,4.0339,0.5391,0.4671,,231,4,47,11,control,,0
138,onixary/shape-shifter-curse-fabric,2025-10,24310,0,2025-06,1,4,158.0,1.0,4.0,0.0,163.0,64.0,14997.0,14.997,10.86884,10.53544,0.06668,0.26672,0.0,4.125,4.125,0.5554,0.4344,,168,3,47,11,control,,0
138,onixary/shape-shifter-curse-fabric,2025-11,24311,0,2025-06,1,5,155.0,2.0,4.0,0.0,161.0,65.0,15808.0,15.808,10.184717,9.805162,0.126518,0.253036,0.0,4.2,4.2,0.5452,0.4462,,179,5,47,11,control,,0
138,onixary/shape-shifter-curse-fabric,2025-12,24312,0,2025-06,1,6,175.0,2.0,7.0,0.0,184.0,68.0,17403.0,17.403,10.57289,10.055738,0.114923,0.40223,0.0,4.4412,4.4412,0.5591,0.4259,,134,3,47,11,control,,0
139,maxmind/GeoIP2-java,2025-02,24302,1,2025-08,0,-6,,,,,,,,,,,,,,,,,,,16,5,857,155,claude_code,commit_pattern,38
139,maxmind/GeoIP2-java,2025-03,24303,1,2025-08,0,-5,,,,,,,,,,,,,,,,,,,12,4,857,155,claude_code,commit_pattern,38
139,maxmind/GeoIP2-java,2025-04,24304,1,2025-08,0,-4,,,,,,,,,,,,,,,,,,,31,6,857,155,claude_code,commit_pattern,38
139,maxmind/GeoIP2-java,2025-05,24305,1,2025-08,0,-3,,,,,,,,,,,,,,,,,,,27,5,857,155,claude_code,commit_pattern,38
139,maxmind/GeoIP2-java,2025-06,24306,1,2025-08,0,-2,,,,,,,,,,,,,,,,,,,27,6,857,155,claude_code,commit_pattern,38
139,maxmind/GeoIP2-java,2025-07,24307,1,2025-08,0,-1,,,,,,,,,,,,,,,,,,,23,6,857,155,claude_code,commit_pattern,38
139,maxmind/GeoIP2-java,2025-08,24308,1,2025-08,1,0,,,,,,,,,,,,,,,,,,,30,6,857,155,claude_code,commit_pattern,38
139,maxmind/GeoIP2-java,2025-09,24309,1,2025-08,1,1,,,,,,,,,,,,,,,,,,,32,7,857,155,claude_code,commit_pattern,38
139,maxmind/GeoIP2-java,2025-10,24310,1,2025-08,1,2,,,,,,,,,,,,,,,,,,,43,6,857,155,claude_code,commit_pattern,38
139,maxmind/GeoIP2-java,2025-11,24311,1,2025-08,1,3,,,,,,,,,,,,,,,,,,,28,5,857,155,claude_code,commit_pattern,38
139,maxmind/GeoIP2-java,2025-12,24312,1,2025-08,1,4,,,,,,,,,,,,,,,,,,,29,5,857,155,claude_code,commit_pattern,38
139,maxmind/GeoIP2-java,2026-01,24313,1,2025-08,1,5,,,,,,,,,,,,,,,,,,,41,5,857,155,claude_code,commit_pattern,38
139,maxmind/GeoIP2-java,2026-02,24314,1,2025-08,1,6,,,,,,,,,,,,,,,,,,,16,4,857,155,claude_code,commit_pattern,38
140,google/caliper,2025-02,24302,0,2025-08,0,-6,24.0,0.0,4.0,0.0,28.0,29.0,10893.0,10.893,2.570458,2.20325,0.0,0.367208,0.0,4.6207,4.6207,0.5413,0.3274,,0,0,821,130,control,,0
140,google/caliper,2025-03,24303,0,2025-08,0,-5,24.0,0.0,4.0,0.0,28.0,29.0,10893.0,10.893,2.570458,2.20325,0.0,0.367208,0.0,4.6207,4.6207,0.5413,0.3274,,7,2,821,130,control,,0
140,google/caliper,2025-04,24304,0,2025-08,0,-4,24.0,0.0,4.0,0.0,28.0,29.0,10893.0,10.893,2.570458,2.20325,0.0,0.367208,0.0,4.6207,4.6207,0.5413,0.3274,,5,2,821,130,control,,0
140,google/caliper,2025-05,24305,0,2025-08,0,-3,24.0,0.0,4.0,0.0,28.0,29.0,10893.0,10.893,2.570458,2.20325,0.0,0.367208,0.0,4.6207,4.6207,0.5413,0.3274,,1,1,821,130,control,,0
140,google/caliper,2025-06,24306,0,2025-08,0,-2,24.0,0.0,4.0,0.0,28.0,29.0,10893.0,10.893,2.570458,2.20325,0.0,0.367208,0.0,4.6207,4.6207,0.5413,0.3274,,0,0,821,130,control,,0
140,google/caliper,2025-07,24307,0,2025-08,0,-1,24.0,0.0,4.0,0.0,28.0,29.0,10893.0,10.893,2.570458,2.20325,0.0,0.367208,0.0,4.6207,4.6207,0.5413,0.3274,,2,2,821,130,control,,0
140,google/caliper,2025-08,24308,0,2025-08,1,0,24.0,0.0,4.0,0.0,28.0,29.0,10893.0,10.893,2.570458,2.20325,0.0,0.367208,0.0,4.6207,4.6207,0.5413,0.3274,,3,2,821,130,control,,0
140,google/caliper,2025-09,24309,0,2025-08,1,1,24.0,0.0,4.0,0.0,28.0,29.0,10893.0,10.893,2.570458,2.20325,0.0,0.367208,0.0,4.6207,4.6207,0.5413,0.3274,,7,2,821,130,control,,0
140,google/caliper,2025-10,24310,0,2025-08,1,2,24.0,0.0,4.0,0.0,28.0,29.0,10893.0,10.893,2.570458,2.20325,0.0,0.367208,0.0,4.6207,4.6207,0.5413,0.3274,,1,1,821,130,control,,0
140,google/caliper,2025-11,24311,0,2025-08,1,3,24.0,0.0,4.0,0.0,28.0,29.0,10893.0,10.893,2.570458,2.20325,0.0,0.367208,0.0,4.6207,4.6207,0.5413,0.3274,,4,3,821,130,control,,0
140,google/caliper,2025-12,24312,0,2025-08,1,4,24.0,0.0,4.0,0.0,28.0,29.0,10904.0,10.904,2.567865,2.201027,0.0,0.366838,0.0,4.6207,4.6207,0.5413,0.3274,,2,1,821,130,control,,0
140,google/caliper,2026-01,24313,0,2025-08,1,5,24.0,0.0,4.0,0.0,28.0,29.0,10904.0,10.904,2.567865,2.201027,0.0,0.366838,0.0,4.6207,4.6207,0.5413,0.3274,,2,1,821,130,control,,0
140,google/caliper,2026-02,24314,0,2025-08,1,6,24.0,0.0,4.0,0.0,28.0,29.0,10904.0,10.904,2.567865,2.201027,0.0,0.366838,0.0,4.6207,4.6207,0.5413,0.3274,,2,1,821,130,control,,0
141,bytechefhq/bytechef,2025-02,24302,1,2025-08,0,-6,,,,,,,,,,,,,,,,,,,505,9,737,54,claude_code,file_add,483
141,bytechefhq/bytechef,2025-03,24303,1,2025-08,0,-5,,,,,,,,,,,,,,,,,,,322,9,737,54,claude_code,file_add,483
141,bytechefhq/bytechef,2025-04,24304,1,2025-08,0,-4,216.0,17.0,13.0,0.0,246.0,1710.0,169638.0,169.638,1.450147,1.2733,0.100213,0.076634,0.0,4.1099,4.1099,0.7038,0.2822,,346,8,737,54,claude_code,file_add,483
141,bytechefhq/bytechef,2025-05,24305,1,2025-08,0,-3,,,,,,,,,,,,,,,,,,,425,9,737,54,claude_code,file_add,483
141,bytechefhq/bytechef,2025-06,24306,1,2025-08,0,-2,227.0,18.0,8.0,0.0,253.0,1865.0,187062.0,187.062,1.352493,1.213501,0.096225,0.042767,0.0,4.059,4.059,0.7066,0.2807,,464,9,737,54,claude_code,file_add,483
141,bytechefhq/bytechef,2025-07,24307,1,2025-08,0,-1,215.0,18.0,7.0,0.0,240.0,1906.0,202281.0,202.281,1.186468,1.062878,0.088985,0.034605,0.0,4.0698,4.0698,0.707,0.2795,,264,10,737,54,claude_code,file_add,483
141,bytechefhq/bytechef,2025-08,24308,1,2025-08,1,0,,,,,,,,,,,,,,,,,,,317,8,737,54,claude_code,file_add,483
141,bytechefhq/bytechef,2025-09,24309,1,2025-08,1,1,241.0,18.0,5.0,0.0,264.0,2019.0,218666.0,218.666,1.207321,1.102138,0.082317,0.022866,0.0,4.0054,4.0054,0.7102,0.2777,,378,9,737,54,claude_code,file_add,483
141,bytechefhq/bytechef,2025-10,24310,1,2025-08,1,2,253.0,18.0,13.0,0.0,284.0,2101.0,230987.0,230.987,1.229506,1.0953,0.077926,0.05628,0.0,4.0571,4.0571,0.7114,0.2781,,359,18,737,54,claude_code,file_add,483
141,bytechefhq/bytechef,2025-11,24311,1,2025-08,1,3,256.0,18.0,12.0,0.0,286.0,2134.0,236542.0,236.542,1.209088,1.08226,0.076096,0.050731,0.0,4.0562,4.0562,0.7114,0.2779,,456,11,737,54,claude_code,file_add,483
141,bytechefhq/bytechef,2025-12,24312,1,2025-08,1,4,252.0,17.0,8.0,0.0,277.0,2165.0,241863.0,241.863,1.145276,1.041912,0.070288,0.033077,0.0,4.1155,4.1155,0.7092,0.2786,,477,13,737,54,claude_code,file_add,483
141,bytechefhq/bytechef,2026-01,24313,1,2025-08,1,5,255.0,19.0,16.0,0.0,290.0,2191.0,246429.0,246.429,1.17681,1.034781,0.077101,0.064927,0.0,4.1068,4.1068,0.7091,0.2784,,468,13,737,54,claude_code,file_add,483
141,bytechefhq/bytechef,2026-02,24314,1,2025-08,1,6,,,,,,,,,,,,,,,,,,,1027,13,737,54,claude_code,file_add,483
143,wso2-extensions/identity-organization-management,2025-02,24302,1,2025-08,0,-6,20.0,1.0,5.0,0.0,26.0,118.0,14747.0,14.747,1.76307,1.356208,0.06781,0.339052,0.0,2.0085,2.0085,0.5644,0.4104,,201,17,6,51,copilot,file_add,2
143,wso2-extensions/identity-organization-management,2025-03,24303,1,2025-08,0,-5,19.0,1.0,6.0,0.0,26.0,118.0,16095.0,16.095,1.615409,1.180491,0.062131,0.372787,0.0,2.0339,2.0339,0.562,0.4133,,91,12,6,51,copilot,file_add,2
143,wso2-extensions/identity-organization-management,2025-04,24304,1,2025-08,0,-4,20.0,1.0,6.0,0.0,27.0,118.0,16993.0,16.993,1.58889,1.176955,0.058848,0.353087,0.0,2.0339,2.0339,0.5602,0.4143,,33,9,6,51,copilot,file_add,2
143,wso2-extensions/identity-organization-management,2025-05,24305,1,2025-08,0,-3,20.0,1.0,6.0,0.0,27.0,118.0,16975.0,16.975,1.590574,1.178203,0.05891,0.353461,0.0,2.0339,2.0339,0.5602,0.4143,,65,12,6,51,copilot,file_add,2
143,wso2-extensions/identity-organization-management,2025-06,24306,1,2025-08,0,-2,21.0,1.0,8.0,0.0,30.0,128.0,18205.0,18.205,1.647899,1.153529,0.05493,0.43944,0.0,1.9766,1.9766,0.5742,0.4042,,30,10,6,51,copilot,file_add,2
143,wso2-extensions/identity-organization-management,2025-07,24307,1,2025-08,0,-1,21.0,1.0,8.0,0.0,30.0,128.0,18226.0,18.226,1.646,1.1522,0.054867,0.438933,0.0,1.9766,1.9766,0.5742,0.4042,,94,12,6,51,copilot,file_add,2
143,wso2-extensions/identity-organization-management,2025-08,24308,1,2025-08,1,0,22.0,3.0,7.0,0.0,32.0,132.0,21366.0,21.366,1.497707,1.029673,0.14041,0.327623,0.0,2.3712,2.3712,0.5724,0.4089,,76,15,6,51,copilot,file_add,2
143,wso2-extensions/identity-organization-management,2025-09,24309,1,2025-08,1,1,22.0,3.0,6.0,0.0,31.0,132.0,22112.0,22.112,1.401954,0.994935,0.135673,0.271346,0.0,2.3788,2.3788,0.5714,0.4094,,30,10,6,51,copilot,file_add,2
143,wso2-extensions/identity-organization-management,2025-10,24310,1,2025-08,1,2,22.0,3.0,7.0,0.0,32.0,132.0,22453.0,22.453,1.425199,0.979825,0.133612,0.311762,0.0,2.3864,2.3864,0.5707,0.41,,12,4,6,51,copilot,file_add,2
143,wso2-extensions/identity-organization-management,2025-11,24311,1,2025-08,1,3,22.0,3.0,7.0,0.0,32.0,132.0,22455.0,22.455,1.425072,0.979737,0.133601,0.311735,0.0,2.3864,2.3864,0.5707,0.41,,2,2,6,51,copilot,file_add,2
143,wso2-extensions/identity-organization-management,2025-12,24312,1,2025-08,1,4,22.0,3.0,7.0,0.0,32.0,132.0,22455.0,22.455,1.425072,0.979737,0.133601,0.311735,0.0,2.3864,2.3864,0.5707,0.41,,42,9,6,51,copilot,file_add,2
143,wso2-extensions/identity-organization-management,2026-01,24313,1,2025-08,1,5,22.0,2.0,7.0,0.0,31.0,132.0,22972.0,22.972,1.349469,0.957688,0.087063,0.304719,0.0,2.3864,2.3864,0.5714,0.4103,,33,7,6,51,copilot,file_add,2
143,wso2-extensions/identity-organization-management,2026-02,24314,1,2025-08,1,6,22.0,2.0,7.0,0.0,31.0,132.0,22972.0,22.972,1.349469,0.957688,0.087063,0.304719,0.0,2.3864,2.3864,0.5714,0.4103,,40,10,6,51,copilot,file_add,2
144,eclipse-tractusx/tractusx-edc,2025-02,24302,0,2025-08,0,-6,13.0,4.0,4.0,0.0,21.0,142.0,14693.0,14.693,1.429252,0.884775,0.272238,0.272238,0.0,2.1056,2.1056,0.6362,0.2682,,32,7,82,39,control,,0
144,eclipse-tractusx/tractusx-edc,2025-03,24303,0,2025-08,0,-5,13.0,4.0,3.0,0.0,20.0,145.0,14963.0,14.963,1.33663,0.86881,0.267326,0.200495,0.0,2.0897,2.0897,0.6367,0.2698,,36,10,82,39,control,,0
144,eclipse-tractusx/tractusx-edc,2025-04,24304,0,2025-08,0,-4,13.0,4.0,4.0,0.0,21.0,155.0,15083.0,15.083,1.392296,0.861898,0.265199,0.265199,0.0,2.0839,2.0839,0.6468,0.2624,,39,5,82,39,control,,0
144,eclipse-tractusx/tractusx-edc,2025-05,24305,0,2025-08,0,-3,13.0,4.0,4.0,0.0,21.0,156.0,15161.0,15.161,1.385133,0.857463,0.263835,0.263835,0.0,2.0962,2.0962,0.6492,0.2611,,41,8,82,39,control,,0
144,eclipse-tractusx/tractusx-edc,2025-06,24306,0,2025-08,0,-2,13.0,4.0,3.0,0.0,20.0,157.0,15301.0,15.301,1.307104,0.849618,0.261421,0.196066,0.0,2.0701,2.0701,0.6442,0.2663,,45,10,82,39,control,,0
144,eclipse-tractusx/tractusx-edc,2025-07,24307,0,2025-08,0,-1,13.0,4.0,4.0,0.0,21.0,156.0,15411.0,15.411,1.362663,0.843553,0.259555,0.259555,0.0,2.0705,2.0705,0.6356,0.2722,,47,11,82,39,control,,0
144,eclipse-tractusx/tractusx-edc,2025-08,24308,0,2025-08,1,0,15.0,3.0,4.0,0.0,22.0,184.0,17965.0,17.965,1.224603,0.834957,0.166991,0.222655,0.0,1.9239,1.9239,0.6569,0.2436,,53,13,82,39,control,,0
144,eclipse-tractusx/tractusx-edc,2025-09,24309,0,2025-08,1,1,16.0,2.0,5.0,0.0,23.0,213.0,22887.0,22.887,1.004937,0.699087,0.087386,0.218465,0.0,2.0939,2.0939,0.6578,0.2428,,51,8,82,39,control,,0
144,eclipse-tractusx/tractusx-edc,2025-10,24310,0,2025-08,1,2,17.0,4.0,5.0,0.0,26.0,220.0,24121.0,24.121,1.077899,0.70478,0.165831,0.207288,0.0,2.1682,2.1682,0.6571,0.2449,,43,8,82,39,control,,0
144,eclipse-tractusx/tractusx-edc,2025-11,24311,0,2025-08,1,3,17.0,4.0,5.0,0.0,26.0,220.0,24148.0,24.148,1.076694,0.703992,0.165645,0.207056,0.0,2.1682,2.1682,0.6571,0.2449,,56,7,82,39,control,,0
144,eclipse-tractusx/tractusx-edc,2025-12,24312,0,2025-08,1,4,17.0,3.0,7.0,0.0,27.0,220.0,24133.0,24.133,1.1188,0.70443,0.124311,0.290059,0.0,2.25,2.25,0.6509,0.2493,,46,10,82,39,control,,0
144,eclipse-tractusx/tractusx-edc,2026-01,24313,0,2025-08,1,5,17.0,3.0,8.0,0.0,28.0,224.0,25006.0,25.006,1.119731,0.679837,0.119971,0.319923,0.0,2.2455,2.2455,0.6427,0.2564,,38,8,82,39,control,,0
144,eclipse-tractusx/tractusx-edc,2026-02,24314,0,2025-08,1,6,17.0,3.0,8.0,0.0,28.0,232.0,25763.0,25.763,1.08683,0.659861,0.116446,0.310523,0.0,2.2198,2.2198,0.6507,0.2476,,47,6,82,39,control,,0
145,mixpanel/mixpanel-android,2024-12,24300,1,2025-06,0,-6,1.0,0.0,1.0,0.0,2.0,8.0,4315.0,4.315,0.463499,0.23175,0.0,0.23175,0.0,0.5,0.5,0.7375,0.2056,,1,1,1045,187,cursor,file_add,9
145,mixpanel/mixpanel-android,2025-01,24301,1,2025-06,0,-5,1.0,0.0,1.0,0.0,2.0,8.0,4315.0,4.315,0.463499,0.23175,0.0,0.23175,0.0,0.5,0.5,0.7375,0.2056,,5,2,1045,187,cursor,file_add,9
145,mixpanel/mixpanel-android,2025-02,24302,1,2025-06,0,-4,1.0,0.0,1.0,0.0,2.0,8.0,4348.0,4.348,0.459982,0.229991,0.0,0.229991,0.0,0.5,0.5,0.7375,0.2056,,2,2,1045,187,cursor,file_add,9
145,mixpanel/mixpanel-android,2025-03,24303,1,2025-06,0,-3,1.0,0.0,1.0,0.0,2.0,8.0,4348.0,4.348,0.459982,0.229991,0.0,0.229991,0.0,0.5,0.5,0.7375,0.2056,,3,1,1045,187,cursor,file_add,9
145,mixpanel/mixpanel-android,2025-04,24304,1,2025-06,0,-2,1.0,0.0,1.0,0.0,2.0,8.0,4350.0,4.35,0.45977,0.229885,0.0,0.229885,0.0,0.5,0.5,0.7375,0.2056,,0,0,1045,187,cursor,file_add,9
145,mixpanel/mixpanel-android,2025-05,24305,1,2025-06,0,-1,1.0,0.0,1.0,0.0,2.0,8.0,4350.0,4.35,0.45977,0.229885,0.0,0.229885,0.0,0.5,0.5,0.7375,0.2056,,7,2,1045,187,cursor,file_add,9
145,mixpanel/mixpanel-android,2025-06,24306,1,2025-06,1,0,2.0,0.0,1.0,0.0,3.0,8.0,5656.0,5.656,0.53041,0.353607,0.0,0.176803,0.0,0.625,0.625,0.7377,0.1934,,1,1,1045,187,cursor,file_add,9
145,mixpanel/mixpanel-android,2025-07,24307,1,2025-06,1,1,2.0,0.0,1.0,0.0,3.0,8.0,5656.0,5.656,0.53041,0.353607,0.0,0.176803,0.0,0.625,0.625,0.7377,0.1934,,0,0,1045,187,cursor,file_add,9
145,mixpanel/mixpanel-android,2025-08,24308,1,2025-06,1,2,2.0,0.0,1.0,0.0,3.0,8.0,5656.0,5.656,0.53041,0.353607,0.0,0.176803,0.0,0.625,0.625,0.7377,0.1934,,9,4,1045,187,cursor,file_add,9
145,mixpanel/mixpanel-android,2025-09,24309,1,2025-06,1,3,2.0,0.0,1.0,0.0,3.0,8.0,7008.0,7.008,0.428082,0.285388,0.0,0.142694,0.0,0.625,0.625,0.7373,0.1983,,10,3,1045,187,cursor,file_add,9
145,mixpanel/mixpanel-android,2025-10,24310,1,2025-06,1,4,2.0,0.0,1.0,0.0,3.0,8.0,7210.0,7.21,0.416089,0.277393,0.0,0.138696,0.0,0.625,0.625,0.7373,0.1983,,0,0,1045,187,cursor,file_add,9
145,mixpanel/mixpanel-android,2025-11,24311,1,2025-06,1,5,2.0,0.0,1.0,0.0,3.0,8.0,7210.0,7.21,0.416089,0.277393,0.0,0.138696,0.0,0.625,0.625,0.7373,0.1983,,0,0,1045,187,cursor,file_add,9
145,mixpanel/mixpanel-android,2025-12,24312,1,2025-06,1,6,2.0,0.0,1.0,0.0,3.0,8.0,7210.0,7.21,0.416089,0.277393,0.0,0.138696,0.0,0.625,0.625,0.7373,0.1983,,0,0,1045,187,cursor,file_add,9
146,internetarchive/heritrix3,2024-12,24300,0,2025-06,0,-6,100.0,1.0,6.0,0.0,107.0,59.0,34122.0,34.122,3.135807,2.930661,0.029307,0.17584,0.0,4.9153,4.9153,0.5825,0.3205,,4,1,3200,173,control,,0
146,internetarchive/heritrix3,2025-01,24301,0,2025-06,0,-5,100.0,1.0,6.0,0.0,107.0,59.0,34179.0,34.179,3.130577,2.925773,0.029258,0.175546,0.0,4.9153,4.9153,0.5825,0.3209,,10,1,3200,173,control,,0
146,internetarchive/heritrix3,2025-02,24302,0,2025-06,0,-4,100.0,1.0,6.0,0.0,107.0,59.0,34200.0,34.2,3.128655,2.923977,0.02924,0.175439,0.0,4.9153,4.9153,0.5825,0.3209,,11,1,3200,173,control,,0
146,internetarchive/heritrix3,2025-03,24303,0,2025-06,0,-3,100.0,1.0,6.0,0.0,107.0,59.0,34200.0,34.2,3.128655,2.923977,0.02924,0.175439,0.0,4.9153,4.9153,0.5825,0.3209,,23,2,3200,173,control,,0
146,internetarchive/heritrix3,2025-04,24304,0,2025-06,0,-2,100.0,1.0,6.0,0.0,107.0,59.0,34105.0,34.105,3.13737,2.932121,0.029321,0.175927,0.0,4.9153,4.9153,0.5825,0.3208,,24,2,3200,173,control,,0
146,internetarchive/heritrix3,2025-05,24305,0,2025-06,0,-1,101.0,1.0,6.0,0.0,108.0,59.0,34102.0,34.102,3.16697,2.961703,0.029324,0.175943,0.0,4.9153,4.9153,0.5835,0.3199,,34,2,3200,173,control,,0
146,internetarchive/heritrix3,2025-06,24306,0,2025-06,1,0,102.0,1.0,3.0,0.0,106.0,59.0,34546.0,34.546,3.068373,2.952585,0.028947,0.086841,0.0,4.8983,4.8983,0.5822,0.3215,,39,3,3200,173,control,,0
146,internetarchive/heritrix3,2025-07,24307,0,2025-06,1,1,102.0,1.0,8.0,0.0,111.0,61.0,35669.0,35.669,3.111946,2.859626,0.028036,0.224284,0.0,4.9344,4.9344,0.576,0.3226,,15,1,3200,173,control,,0
146,internetarchive/heritrix3,2025-08,24308,0,2025-06,1,2,102.0,1.0,8.0,0.0,111.0,61.0,35672.0,35.672,3.111684,2.859386,0.028033,0.224266,0.0,4.9344,4.9344,0.576,0.3226,,24,2,3200,173,control,,0
146,internetarchive/heritrix3,2025-09,24309,0,2025-06,1,3,102.0,1.0,8.0,0.0,111.0,61.0,35696.0,35.696,3.109592,2.857463,0.028014,0.224115,0.0,4.9344,4.9344,0.576,0.3226,,18,2,3200,173,control,,0
146,internetarchive/heritrix3,2025-10,24310,0,2025-06,1,4,102.0,1.0,8.0,0.0,111.0,61.0,35721.0,35.721,3.107416,2.855463,0.027995,0.223958,0.0,4.9344,4.9344,0.576,0.3226,,30,4,3200,173,control,,0
146,internetarchive/heritrix3,2025-11,24311,0,2025-06,1,5,102.0,1.0,8.0,0.0,111.0,61.0,35938.0,35.938,3.088653,2.838221,0.027826,0.222606,0.0,4.9508,4.9508,0.576,0.3228,,6,4,3200,173,control,,0
146,internetarchive/heritrix3,2025-12,24312,0,2025-06,1,6,102.0,1.0,8.0,0.0,111.0,61.0,35901.0,35.901,3.091836,2.841146,0.027854,0.222835,0.0,4.9508,4.9508,0.576,0.3228,,31,5,3200,173,control,,0
147,open-telemetry/opentelemetry-java-contrib,2025-02,24302,1,2025-08,0,-6,46.0,1.0,6.0,0.0,53.0,100.0,36758.0,36.758,1.441863,1.251428,0.027205,0.16323,0.0,1.06,1.06,0.4409,0.4771,,75,11,258,67,copilot,file_add,11
147,open-telemetry/opentelemetry-java-contrib,2025-03,24303,1,2025-08,0,-5,45.0,1.0,6.0,0.0,52.0,94.0,36747.0,36.747,1.415082,1.22459,0.027213,0.163279,0.0,1.1277,1.1277,0.4383,0.4731,,43,8,258,67,copilot,file_add,11
147,open-telemetry/opentelemetry-java-contrib,2025-04,24304,1,2025-08,0,-4,47.0,1.0,6.0,0.0,54.0,95.0,36913.0,36.913,1.462899,1.273264,0.027091,0.162544,0.0,1.1368,1.1368,0.4404,0.4686,,38,8,258,67,copilot,file_add,11
147,open-telemetry/opentelemetry-java-contrib,2025-05,24305,1,2025-08,0,-3,47.0,1.0,6.0,0.0,54.0,96.0,37019.0,37.019,1.45871,1.269618,0.027013,0.162079,0.0,1.125,1.125,0.4358,0.4741,,43,13,258,67,copilot,file_add,11
147,open-telemetry/opentelemetry-java-contrib,2025-06,24306,1,2025-08,0,-2,48.0,2.0,4.0,0.0,54.0,100.0,37572.0,37.572,1.43724,1.277547,0.053231,0.106462,0.0,1.07,1.07,0.4477,0.4665,,44,10,258,67,copilot,file_add,11
147,open-telemetry/opentelemetry-java-contrib,2025-07,24307,1,2025-08,0,-1,45.0,2.0,2.0,0.0,49.0,106.0,38194.0,38.194,1.282924,1.178196,0.052364,0.052364,0.0,1.0094,1.0094,0.4388,0.4672,,49,12,258,67,copilot,file_add,11
147,open-telemetry/opentelemetry-java-contrib,2025-08,24308,1,2025-08,1,0,49.0,2.0,2.0,0.0,53.0,113.0,40031.0,40.031,1.323974,1.224051,0.049961,0.049961,0.0,1.1062,1.1062,0.4428,0.4532,,83,17,258,67,copilot,file_add,11
147,open-telemetry/opentelemetry-java-contrib,2025-09,24309,1,2025-08,1,1,50.0,1.0,7.0,0.0,58.0,124.0,43567.0,43.567,1.331283,1.147658,0.022953,0.160672,0.0,1.2177,1.2177,0.4564,0.4463,,102,13,258,67,copilot,file_add,11
147,open-telemetry/opentelemetry-java-contrib,2025-10,24310,1,2025-08,1,2,53.0,1.0,5.0,0.0,59.0,126.0,43848.0,43.848,1.345557,1.208721,0.022806,0.11403,0.0,1.2698,1.2698,0.4622,0.4398,,73,14,258,67,copilot,file_add,11
147,open-telemetry/opentelemetry-java-contrib,2025-11,24311,1,2025-08,1,3,51.0,1.0,9.0,0.0,61.0,128.0,45677.0,45.677,1.335464,1.116536,0.021893,0.197036,0.0,1.2109,1.2109,0.4654,0.4305,,67,10,258,67,copilot,file_add,11
147,open-telemetry/opentelemetry-java-contrib,2025-12,24312,1,2025-08,1,4,51.0,1.0,9.0,0.0,61.0,129.0,45796.0,45.796,1.331994,1.113634,0.021836,0.196524,0.0,1.2016,1.2016,0.4618,0.4351,,41,5,258,67,copilot,file_add,11
147,open-telemetry/opentelemetry-java-contrib,2026-01,24313,1,2025-08,1,5,51.0,1.0,9.0,0.0,61.0,129.0,45831.0,45.831,1.330977,1.112784,0.021819,0.196374,0.0,1.2016,1.2016,0.4618,0.4351,,50,11,258,67,copilot,file_add,11
147,open-telemetry/opentelemetry-java-contrib,2026-02,24314,1,2025-08,1,6,51.0,1.0,9.0,0.0,61.0,129.0,45970.0,45.97,1.326952,1.109419,0.021753,0.19578,0.0,1.2016,1.2016,0.4618,0.4351,,44,8,258,67,copilot,file_add,11
148,atlassian/data-center-helm-charts,2025-02,24302,0,2025-08,0,-6,3.0,0.0,0.0,0.0,3.0,8.0,5275.0,5.275,0.56872,0.56872,0.0,0.0,0.0,0.875,0.875,0.6345,0.3655,,10,2,176,64,control,,0
148,atlassian/data-center-helm-charts,2025-03,24303,0,2025-08,0,-5,3.0,0.0,0.0,0.0,3.0,8.0,5405.0,5.405,0.555042,0.555042,0.0,0.0,0.0,0.875,0.875,0.6342,0.3658,,11,5,176,64,control,,0
148,atlassian/data-center-helm-charts,2025-04,24304,0,2025-08,0,-4,3.0,0.0,0.0,0.0,3.0,8.0,5421.0,5.421,0.553403,0.553403,0.0,0.0,0.0,0.875,0.875,0.6342,0.3658,,25,4,176,64,control,,0
148,atlassian/data-center-helm-charts,2025-05,24305,0,2025-08,0,-3,3.0,0.0,0.0,0.0,3.0,8.0,5482.0,5.482,0.547246,0.547246,0.0,0.0,0.0,0.875,0.875,0.6342,0.3658,,8,2,176,64,control,,0
148,atlassian/data-center-helm-charts,2025-06,24306,0,2025-08,0,-2,3.0,0.0,0.0,0.0,3.0,8.0,5482.0,5.482,0.547246,0.547246,0.0,0.0,0.0,0.875,0.875,0.6342,0.3658,,7,3,176,64,control,,0
148,atlassian/data-center-helm-charts,2025-07,24307,0,2025-08,0,-1,3.0,0.0,0.0,0.0,3.0,8.0,5482.0,5.482,0.547246,0.547246,0.0,0.0,0.0,0.875,0.875,0.6342,0.3658,,5,3,176,64,control,,0
148,atlassian/data-center-helm-charts,2025-08,24308,0,2025-08,1,0,3.0,0.0,0.0,0.0,3.0,8.0,5482.0,5.482,0.547246,0.547246,0.0,0.0,0.0,0.875,0.875,0.6342,0.3658,,12,4,176,64,control,,0
148,atlassian/data-center-helm-charts,2025-09,24309,0,2025-08,1,1,3.0,0.0,0.0,0.0,3.0,8.0,5514.0,5.514,0.54407,0.54407,0.0,0.0,0.0,0.875,0.875,0.6341,0.3659,,1,1,176,64,control,,0
148,atlassian/data-center-helm-charts,2025-10,24310,0,2025-08,1,2,3.0,0.0,0.0,0.0,3.0,8.0,5514.0,5.514,0.54407,0.54407,0.0,0.0,0.0,0.875,0.875,0.6341,0.3659,,3,2,176,64,control,,0
148,atlassian/data-center-helm-charts,2025-11,24311,0,2025-08,1,3,3.0,0.0,0.0,0.0,3.0,8.0,5514.0,5.514,0.54407,0.54407,0.0,0.0,0.0,0.875,0.875,0.6341,0.3659,,14,4,176,64,control,,0
148,atlassian/data-center-helm-charts,2025-12,24312,0,2025-08,1,4,3.0,0.0,0.0,0.0,3.0,8.0,5524.0,5.524,0.543085,0.543085,0.0,0.0,0.0,0.875,0.875,0.6341,0.3659,,7,2,176,64,control,,0
148,atlassian/data-center-helm-charts,2026-01,24313,0,2025-08,1,5,3.0,0.0,0.0,0.0,3.0,8.0,5524.0,5.524,0.543085,0.543085,0.0,0.0,0.0,0.875,0.875,0.6341,0.3659,,3,2,176,64,control,,0
148,atlassian/data-center-helm-charts,2026-02,24314,0,2025-08,1,6,3.0,0.0,0.0,0.0,3.0,8.0,5524.0,5.524,0.543085,0.543085,0.0,0.0,0.0,0.875,0.875,0.6341,0.3659,,4,2,176,64,control,,0
149,schmave/demschooltools,2025-05,24305,1,2025-11,0,-6,48.0,0.0,2.0,1.0,51.0,19.0,13033.0,13.033,3.913144,3.682959,0.0,0.153457,0.076728,2.6316,2.6316,0.6738,0.283,,15,1,7,128,copilot,file_add,2
149,schmave/demschooltools,2025-06,24306,1,2025-11,0,-5,48.0,0.0,2.0,1.0,51.0,19.0,13033.0,13.033,3.913144,3.682959,0.0,0.153457,0.076728,2.6316,2.6316,0.6738,0.283,,2,1,7,128,copilot,file_add,2
149,schmave/demschooltools,2025-07,24307,1,2025-11,0,-4,48.0,0.0,2.0,1.0,51.0,19.0,13033.0,13.033,3.913144,3.682959,0.0,0.153457,0.076728,2.6316,2.6316,0.6738,0.283,,22,2,7,128,copilot,file_add,2
149,schmave/demschooltools,2025-08,24308,1,2025-11,0,-3,48.0,0.0,2.0,1.0,51.0,19.0,13036.0,13.036,3.912243,3.682111,0.0,0.153421,0.076711,2.6316,2.6316,0.6738,0.283,,21,1,7,128,copilot,file_add,2
149,schmave/demschooltools,2025-09,24309,1,2025-11,0,-2,48.0,0.0,2.0,1.0,51.0,19.0,12756.0,12.756,3.998119,3.762935,0.0,0.156789,0.078394,2.6316,2.6316,0.6736,0.2832,,23,2,7,128,copilot,file_add,2
149,schmave/demschooltools,2025-10,24310,1,2025-11,0,-1,48.0,0.0,2.0,1.0,51.0,19.0,12756.0,12.756,3.998119,3.762935,0.0,0.156789,0.078394,2.6316,2.6316,0.6736,0.2832,,53,2,7,128,copilot,file_add,2
149,schmave/demschooltools,2025-11,24311,1,2025-11,1,0,48.0,0.0,2.0,1.0,51.0,19.0,12756.0,12.756,3.998119,3.762935,0.0,0.156789,0.078394,2.6316,2.6316,0.6736,0.2832,,50,3,7,128,copilot,file_add,2
149,schmave/demschooltools,2025-12,24312,1,2025-11,1,1,48.0,0.0,2.0,1.0,51.0,19.0,12757.0,12.757,3.997805,3.76264,0.0,0.156777,0.078388,2.6316,2.6316,0.6736,0.2832,,4,1,7,128,copilot,file_add,2
149,schmave/demschooltools,2026-01,24313,1,2025-11,1,2,48.0,0.0,2.0,1.0,51.0,19.0,12757.0,12.757,3.997805,3.76264,0.0,0.156777,0.078388,2.6316,2.6316,0.6736,0.2832,,0,0,7,128,copilot,file_add,2
149,schmave/demschooltools,2026-02,24314,1,2025-11,1,3,48.0,0.0,2.0,1.0,51.0,19.0,12757.0,12.757,3.997805,3.76264,0.0,0.156777,0.078388,2.6316,2.6316,0.6736,0.2832,,4,1,7,128,copilot,file_add,2
149,schmave/demschooltools,2026-03,24315,1,2025-11,1,4,48.0,0.0,2.0,1.0,51.0,19.0,12757.0,12.757,3.997805,3.76264,0.0,0.156777,0.078388,2.6316,2.6316,0.6736,0.2832,,0,0,7,128,copilot,file_add,2
149,schmave/demschooltools,2026-04,24316,1,2025-11,1,5,48.0,0.0,2.0,1.0,51.0,19.0,12757.0,12.757,3.997805,3.76264,0.0,0.156777,0.078388,2.6316,2.6316,0.6736,0.2832,,0,0,7,128,copilot,file_add,2
149,schmave/demschooltools,2026-05,24317,1,2025-11,1,6,48.0,0.0,2.0,1.0,51.0,19.0,12757.0,12.757,3.997805,3.76264,0.0,0.156777,0.078388,2.6316,2.6316,0.6736,0.2832,,0,0,7,128,copilot,file_add,2
150,SmartTools/smartactors-core,2025-05,24305,0,2025-11,0,-6,27.0,1.0,8.0,0.0,36.0,719.0,58281.0,58.281,0.617697,0.463273,0.017158,0.137266,0.0,9.5688,9.5688,0.6475,0.3013,,0,0,20,120,control,,0
150,SmartTools/smartactors-core,2025-06,24306,0,2025-11,0,-5,27.0,1.0,8.0,0.0,36.0,719.0,58281.0,58.281,0.617697,0.463273,0.017158,0.137266,0.0,9.5688,9.5688,0.6475,0.3013,,0,0,20,120,control,,0
150,SmartTools/smartactors-core,2025-07,24307,0,2025-11,0,-4,27.0,1.0,8.0,0.0,36.0,719.0,58281.0,58.281,0.617697,0.463273,0.017158,0.137266,0.0,9.5688,9.5688,0.6475,0.3013,,1,1,20,120,control,,0
150,SmartTools/smartactors-core,2025-08,24308,0,2025-11,0,-3,36.0,1.0,8.0,0.0,45.0,679.0,51273.0,51.273,0.877655,0.702124,0.019503,0.156028,0.0,7.8247,7.8247,0.6345,0.3078,,0,0,20,120,control,,0
150,SmartTools/smartactors-core,2025-09,24309,0,2025-11,0,-2,36.0,1.0,8.0,0.0,45.0,679.0,51273.0,51.273,0.877655,0.702124,0.019503,0.156028,0.0,7.8247,7.8247,0.6345,0.3078,,0,0,20,120,control,,0
150,SmartTools/smartactors-core,2025-10,24310,0,2025-11,0,-1,36.0,1.0,8.0,0.0,45.0,679.0,51273.0,51.273,0.877655,0.702124,0.019503,0.156028,0.0,7.8247,7.8247,0.6345,0.3078,,0,0,20,120,control,,0
150,SmartTools/smartactors-core,2025-11,24311,0,2025-11,1,0,36.0,1.0,8.0,0.0,45.0,679.0,51273.0,51.273,0.877655,0.702124,0.019503,0.156028,0.0,7.8247,7.8247,0.6345,0.3078,,0,0,20,120,control,,0
150,SmartTools/smartactors-core,2025-12,24312,0,2025-11,1,1,36.0,1.0,8.0,0.0,45.0,679.0,51273.0,51.273,0.877655,0.702124,0.019503,0.156028,0.0,7.8247,7.8247,0.6345,0.3078,,0,0,20,120,control,,0
150,SmartTools/smartactors-core,2026-01,24313,0,2025-11,1,2,36.0,1.0,8.0,0.0,45.0,679.0,51273.0,51.273,0.877655,0.702124,0.019503,0.156028,0.0,7.8247,7.8247,0.6345,0.3078,,0,0,20,120,control,,0
150,SmartTools/smartactors-core,2026-02,24314,0,2025-11,1,3,36.0,1.0,8.0,0.0,45.0,679.0,51273.0,51.273,0.877655,0.702124,0.019503,0.156028,0.0,7.8247,7.8247,0.6345,0.3078,,0,0,20,120,control,,0
150,SmartTools/smartactors-core,2026-03,24315,0,2025-11,1,4,36.0,1.0,8.0,0.0,45.0,679.0,51273.0,51.273,0.877655,0.702124,0.019503,0.156028,0.0,7.8247,7.8247,0.6345,0.3078,,0,0,20,120,control,,0
150,SmartTools/smartactors-core,2026-04,24316,0,2025-11,1,5,36.0,1.0,8.0,0.0,45.0,679.0,51273.0,51.273,0.877655,0.702124,0.019503,0.156028,0.0,7.8247,7.8247,0.6345,0.3078,,0,0,20,120,control,,0
150,SmartTools/smartactors-core,2026-05,24317,0,2025-11,1,6,36.0,1.0,8.0,0.0,45.0,679.0,51273.0,51.273,0.877655,0.702124,0.019503,0.156028,0.0,7.8247,7.8247,0.6345,0.3078,,0,0,20,120,control,,0
151,dadoonet/fscrawler,2025-03,24303,1,2025-09,0,-6,0.0,0.0,3.0,0.0,3.0,28.0,10453.0,10.453,0.286999,0.0,0.0,0.286999,0.0,3.0714,3.0714,0.6711,0.2355,,92,4,1434,165,cursor,file_add,4
151,dadoonet/fscrawler,2025-04,24304,1,2025-09,0,-5,0.0,0.0,3.0,0.0,3.0,30.0,10815.0,10.815,0.277393,0.0,0.0,0.277393,0.0,2.9,2.9,0.6646,0.2316,,72,3,1434,165,cursor,file_add,4
151,dadoonet/fscrawler,2025-05,24305,1,2025-09,0,-4,0.0,0.0,3.0,0.0,3.0,30.0,9979.0,9.979,0.300631,0.0,0.0,0.300631,0.0,2.8333,2.8333,0.674,0.2348,,22,4,1434,165,cursor,file_add,4
151,dadoonet/fscrawler,2025-06,24306,1,2025-09,0,-3,0.0,0.0,3.0,0.0,3.0,30.0,9986.0,9.986,0.300421,0.0,0.0,0.300421,0.0,2.8333,2.8333,0.674,0.2348,,29,4,1434,165,cursor,file_add,4
151,dadoonet/fscrawler,2025-07,24307,1,2025-09,0,-2,0.0,0.0,3.0,0.0,3.0,30.0,9987.0,9.987,0.300391,0.0,0.0,0.300391,0.0,2.8333,2.8333,0.674,0.2348,,40,4,1434,165,cursor,file_add,4
151,dadoonet/fscrawler,2025-08,24308,1,2025-09,0,-1,0.0,0.0,4.0,0.0,4.0,30.0,10042.0,10.042,0.398327,0.0,0.0,0.398327,0.0,2.8333,2.8333,0.6737,0.2349,,66,5,1434,165,cursor,file_add,4
151,dadoonet/fscrawler,2025-09,24309,1,2025-09,1,0,0.0,0.0,4.0,0.0,4.0,30.0,10042.0,10.042,0.398327,0.0,0.0,0.398327,0.0,2.8333,2.8333,0.6737,0.2349,,100,8,1434,165,cursor,file_add,4
151,dadoonet/fscrawler,2025-10,24310,1,2025-09,1,1,0.0,0.0,4.0,0.0,4.0,30.0,9652.0,9.652,0.414422,0.0,0.0,0.414422,0.0,2.8333,2.8333,0.6735,0.2359,,86,7,1434,165,cursor,file_add,4
151,dadoonet/fscrawler,2025-11,24311,1,2025-09,1,2,0.0,0.0,4.0,0.0,4.0,30.0,9779.0,9.779,0.40904,0.0,0.0,0.40904,0.0,3.1333,3.1333,0.6765,0.2351,,77,7,1434,165,cursor,file_add,4
151,dadoonet/fscrawler,2025-12,24312,1,2025-09,1,3,0.0,1.0,4.0,0.0,5.0,30.0,10073.0,10.073,0.496376,0.0,0.099275,0.397101,0.0,3.1,3.1,0.6755,0.2342,,22,4,1434,165,cursor,file_add,4
151,dadoonet/fscrawler,2026-01,24313,1,2025-09,1,4,0.0,1.0,4.0,0.0,5.0,30.0,10073.0,10.073,0.496376,0.0,0.099275,0.397101,0.0,3.1,3.1,0.6755,0.2342,,93,7,1434,165,cursor,file_add,4
151,dadoonet/fscrawler,2026-02,24314,1,2025-09,1,5,0.0,1.0,2.0,0.0,3.0,30.0,10749.0,10.749,0.279096,0.0,0.093032,0.186064,0.0,3.1333,3.1333,0.6794,0.2305,,106,5,1434,165,cursor,file_add,4
151,dadoonet/fscrawler,2026-03,24315,1,2025-09,1,6,4.0,1.0,5.0,0.0,10.0,29.0,11087.0,11.087,0.901957,0.360783,0.090196,0.450979,0.0,3.1034,3.1034,0.7104,0.2183,,88,4,1434,165,cursor,file_add,4
152,linkedin/rest.li,2025-03,24303,0,2025-09,0,-6,,,,,,,,,,,,,,,,,,,7,3,2532,160,control,,0
152,linkedin/rest.li,2025-04,24304,0,2025-09,0,-5,508.0,14.0,10.0,3.0,535.0,320.0,297748.0,297.748,1.796821,1.706141,0.04702,0.033585,0.010076,9.7719,9.7719,0.6404,0.2683,,5,4,2532,160,control,,0
152,linkedin/rest.li,2025-05,24305,0,2025-09,0,-4,,,,,,,,,,,,,,,,,,,10,5,2532,160,control,,0
152,linkedin/rest.li,2025-06,24306,0,2025-09,0,-3,506.0,14.0,10.0,3.0,533.0,320.0,298172.0,298.172,1.787559,1.697007,0.046953,0.033538,0.010061,9.7688,9.7688,0.6403,0.2683,,3,3,2532,160,control,,0
152,linkedin/rest.li,2025-07,24307,0,2025-09,0,-2,,,,,,,,,,,,,,,,,,,4,3,2532,160,control,,0
152,linkedin/rest.li,2025-08,24308,0,2025-09,0,-1,506.0,14.0,10.0,3.0,533.0,320.0,298325.0,298.325,1.786642,1.696137,0.046929,0.03352,0.010056,9.7688,9.7688,0.6403,0.2683,,13,5,2532,160,control,,0
152,linkedin/rest.li,2025-09,24309,0,2025-09,1,0,506.0,14.0,10.0,3.0,533.0,320.0,298568.0,298.568,1.785188,1.694756,0.04689,0.033493,0.010048,9.7688,9.7688,0.6403,0.2684,,10,6,2532,160,control,,0
152,linkedin/rest.li,2025-10,24310,0,2025-09,1,1,509.0,15.0,10.0,3.0,537.0,320.0,299778.0,299.778,1.791326,1.697923,0.050037,0.033358,0.010007,9.7844,9.7844,0.64,0.2686,,9,5,2532,160,control,,0
152,linkedin/rest.li,2025-11,24311,0,2025-09,1,2,,,,,,,,,,,,,,,,,,,2,2,2532,160,control,,0
152,linkedin/rest.li,2025-12,24312,0,2025-09,1,3,510.0,15.0,10.0,3.0,538.0,320.0,300449.0,300.449,1.790653,1.697459,0.049925,0.033284,0.009985,9.8,9.8,0.64,0.2692,,0,0,2532,160,control,,0
152,linkedin/rest.li,2026-01,24313,0,2025-09,1,4,,,,,,,,,,,,,,,,,,,4,2,2532,160,control,,0
152,linkedin/rest.li,2026-02,24314,0,2025-09,1,5,,,,,,,,,,,,,,,,,,,9,6,2532,160,control,,0
152,linkedin/rest.li,2026-03,24315,0,2025-09,1,6,510.0,15.0,10.0,3.0,538.0,320.0,301826.0,301.826,1.782484,1.689715,0.049698,0.033132,0.00994,9.8,9.8,0.6399,0.2693,,1,1,2532,160,control,,0
153,axonivy-market/portal,2024-11,24299,1,2025-05,0,-6,407.0,9.0,13.0,0.0,429.0,245.0,51334.0,51.334,8.357034,7.928468,0.175322,0.253243,0.0,4.3388,4.3388,0.6166,0.3611,,152,15,12,40,copilot,commit_pattern,6
153,axonivy-market/portal,2024-12,24300,1,2025-05,0,-5,404.0,10.0,6.0,0.0,420.0,246.0,51778.0,51.778,8.111553,7.802542,0.193132,0.115879,0.0,4.4431,4.4431,0.6171,0.3606,,83,15,12,40,copilot,commit_pattern,6
153,axonivy-market/portal,2025-01,24301,1,2025-05,0,-4,402.0,10.0,6.0,0.0,418.0,246.0,52069.0,52.069,8.027809,7.720525,0.192053,0.115232,0.0,4.4472,4.4472,0.6169,0.3608,,65,14,12,40,copilot,commit_pattern,6
153,axonivy-market/portal,2025-02,24302,1,2025-05,0,-3,407.0,10.0,4.0,0.0,421.0,246.0,52182.0,52.182,8.067916,7.799624,0.191637,0.076655,0.0,4.4634,4.4634,0.6168,0.3607,,125,13,12,40,copilot,commit_pattern,6
153,axonivy-market/portal,2025-03,24303,1,2025-05,0,-2,398.0,9.0,6.0,0.0,413.0,246.0,52827.0,52.827,7.817972,7.534026,0.170367,0.113578,0.0,4.439,4.439,0.617,0.3605,,116,14,12,40,copilot,commit_pattern,6
153,axonivy-market/portal,2025-04,24304,1,2025-05,0,-1,386.0,10.0,14.0,0.0,410.0,246.0,52481.0,52.481,7.812351,7.355043,0.190545,0.266763,0.0,4.2967,4.2967,0.6158,0.3618,,66,11,12,40,copilot,commit_pattern,6
153,axonivy-market/portal,2025-05,24305,1,2025-05,1,0,386.0,10.0,14.0,0.0,410.0,246.0,52570.0,52.57,7.799125,7.342591,0.190223,0.266312,0.0,4.2967,4.2967,0.6159,0.3617,,144,17,12,40,copilot,commit_pattern,6
153,axonivy-market/portal,2025-06,24306,1,2025-05,1,1,434.0,9.0,6.0,0.0,449.0,225.0,53038.0,53.038,8.465628,8.182812,0.16969,0.113126,0.0,4.8533,4.8533,0.6407,0.3458,,58,11,12,40,copilot,commit_pattern,6
153,axonivy-market/portal,2025-07,24307,1,2025-05,1,2,436.0,9.0,6.0,0.0,451.0,230.0,53718.0,53.718,8.395696,8.11646,0.167542,0.111694,0.0,4.8522,4.8522,0.6414,0.3459,,39,12,12,40,copilot,commit_pattern,6
153,axonivy-market/portal,2025-08,24308,1,2025-05,1,3,437.0,9.0,6.0,0.0,452.0,230.0,54331.0,54.331,8.319376,8.04329,0.165651,0.110434,0.0,4.9043,4.9043,0.6426,0.3446,,27,11,12,40,copilot,commit_pattern,6
153,axonivy-market/portal,2025-09,24309,1,2025-05,1,4,437.0,9.0,6.0,0.0,452.0,230.0,54812.0,54.812,8.246369,7.972707,0.164198,0.109465,0.0,4.9087,4.9087,0.6426,0.3446,,65,9,12,40,copilot,commit_pattern,6
153,axonivy-market/portal,2025-10,24310,1,2025-05,1,5,475.0,9.0,6.0,0.0,490.0,228.0,55252.0,55.252,8.868457,8.596974,0.16289,0.108593,0.0,4.9605,4.9605,0.6439,0.3435,,59,11,12,40,copilot,commit_pattern,6
153,axonivy-market/portal,2025-11,24311,1,2025-05,1,6,487.0,9.0,6.0,0.0,502.0,228.0,55597.0,55.597,9.029264,8.759465,0.161879,0.107919,0.0,5.0263,5.0263,0.6463,0.3405,,62,14,12,40,copilot,commit_pattern,6
154,averbraeck/opentrafficsim,2024-11,24299,0,2025-05,0,-6,,,,,,,,,,,,,,,,,,,49,2,56,43,control,,0
154,averbraeck/opentrafficsim,2024-12,24300,0,2025-05,0,-5,327.0,7.0,18.0,1.0,353.0,156.0,93539.0,93.539,3.773827,3.495868,0.074835,0.192433,0.010691,9.0321,9.0321,0.6174,0.2825,,41,2,56,43,control,,0
154,averbraeck/opentrafficsim,2025-01,24301,0,2025-05,0,-4,,,,,,,,,,,,,,,,,,,14,1,56,43,control,,0
154,averbraeck/opentrafficsim,2025-02,24302,0,2025-05,0,-3,412.0,7.0,8.0,1.0,428.0,160.0,104691.0,104.691,4.088222,3.935391,0.066863,0.076415,0.009552,8.9625,8.9625,0.6169,0.2868,,39,2,56,43,control,,0
154,averbraeck/opentrafficsim,2025-03,24303,0,2025-05,0,-2,,,,,,,,,,,,,,,,,,,12,3,56,43,control,,0
154,averbraeck/opentrafficsim,2025-04,24304,0,2025-05,0,-1,,,,,,,,,,,,,,,,,,,6,3,56,43,control,,0
154,averbraeck/opentrafficsim,2025-05,24305,0,2025-05,1,0,404.0,7.0,5.0,1.0,417.0,151.0,104352.0,104.352,3.99609,3.871512,0.067081,0.047915,0.009583,9.3046,9.3046,0.599,0.2999,,3,1,56,43,control,,0
154,averbraeck/opentrafficsim,2025-06,24306,0,2025-05,1,1,404.0,7.0,5.0,1.0,417.0,151.0,104145.0,104.145,4.004033,3.879207,0.067214,0.04801,0.009602,9.2848,9.2848,0.5999,0.2982,,0,0,56,43,control,,0
154,averbraeck/opentrafficsim,2025-07,24307,0,2025-05,1,2,404.0,7.0,5.0,1.0,417.0,151.0,104145.0,104.145,4.004033,3.879207,0.067214,0.04801,0.009602,9.2848,9.2848,0.5999,0.2982,,0,0,56,43,control,,0
154,averbraeck/opentrafficsim,2025-08,24308,0,2025-05,1,3,404.0,7.0,5.0,1.0,417.0,151.0,104145.0,104.145,4.004033,3.879207,0.067214,0.04801,0.009602,9.2848,9.2848,0.5999,0.2982,,23,4,56,43,control,,0
154,averbraeck/opentrafficsim,2025-09,24309,0,2025-05,1,4,,,,,,,,,,,,,,,,,,,35,1,56,43,control,,0
154,averbraeck/opentrafficsim,2025-10,24310,0,2025-05,1,5,426.0,8.0,13.0,1.0,448.0,149.0,101940.0,101.94,4.394742,4.178929,0.078478,0.127526,0.00981,9.5436,9.5436,0.5982,0.2953,,45,2,56,43,control,,0
154,averbraeck/opentrafficsim,2025-11,24311,0,2025-05,1,6,,,,,,,,,,,,,,,,,,,25,1,56,43,control,,0
155,AlexProgrammerDE/SoulFire,2025-04,24304,1,2025-10,0,-6,,,,,,,,,,,,,,,,,,,110,2,488,56,claude_code,file_add,130
155,AlexProgrammerDE/SoulFire,2025-05,24305,1,2025-10,0,-5,,,,,,,,,,,,,,,,,,,31,2,488,56,claude_code,file_add,130
155,AlexProgrammerDE/SoulFire,2025-06,24306,1,2025-10,0,-4,,,,,,,,,,,,,,,,,,,72,2,488,56,claude_code,file_add,130
155,AlexProgrammerDE/SoulFire,2025-07,24307,1,2025-10,0,-3,,,,,,,,,,,,,,,,,,,107,2,488,56,claude_code,file_add,130
155,AlexProgrammerDE/SoulFire,2025-08,24308,1,2025-10,0,-2,,,,,,,,,,,,,,,,,,,57,2,488,56,claude_code,file_add,130
155,AlexProgrammerDE/SoulFire,2025-09,24309,1,2025-10,0,-1,,,,,,,,,,,,,,,,,,,43,2,488,56,claude_code,file_add,130
155,AlexProgrammerDE/SoulFire,2025-10,24310,1,2025-10,1,0,,,,,,,,,,,,,,,,,,,76,2,488,56,claude_code,file_add,130
155,AlexProgrammerDE/SoulFire,2025-11,24311,1,2025-10,1,1,,,,,,,,,,,,,,,,,,,36,2,488,56,claude_code,file_add,130
155,AlexProgrammerDE/SoulFire,2025-12,24312,1,2025-10,1,2,,,,,,,,,,,,,,,,,,,69,3,488,56,claude_code,file_add,130
155,AlexProgrammerDE/SoulFire,2026-01,24313,1,2025-10,1,3,,,,,,,,,,,,,,,,,,,140,2,488,56,claude_code,file_add,130
155,AlexProgrammerDE/SoulFire,2026-02,24314,1,2025-10,1,4,,,,,,,,,,,,,,,,,,,197,4,488,56,claude_code,file_add,130
155,AlexProgrammerDE/SoulFire,2026-03,24315,1,2025-10,1,5,,,,,,,,,,,,,,,,,,,15,2,488,56,claude_code,file_add,130
155,AlexProgrammerDE/SoulFire,2026-04,24316,1,2025-10,1,6,,,,,,,,,,,,,,,,,,,0,0,488,56,claude_code,file_add,130
156,lakernote/EasyPostman,2025-07,24307,0,2025-10,0,-3,37.0,1.0,3.0,0.0,41.0,31.0,6392.0,6.392,6.414268,5.788486,0.156446,0.469337,0.0,3.3548,3.3548,0.565,0.4081,,236,1,581,9,control,,0
156,lakernote/EasyPostman,2025-08,24308,0,2025-10,0,-2,85.0,2.0,2.0,0.0,89.0,47.0,9676.0,9.676,9.198016,8.784622,0.206697,0.206697,0.0,4.1915,4.1915,0.5747,0.3934,,102,1,581,9,control,,0
156,lakernote/EasyPostman,2025-09,24309,0,2025-10,0,-1,101.0,3.0,6.0,0.0,110.0,46.0,12283.0,12.283,8.955467,8.222747,0.24424,0.48848,0.0,4.9348,4.9348,0.5979,0.3695,,330,1,581,9,control,,0
156,lakernote/EasyPostman,2025-10,24310,0,2025-10,1,0,131.0,3.0,3.0,0.0,137.0,53.0,19251.0,19.251,7.116513,6.804841,0.155836,0.155836,0.0,5.2264,5.2264,0.5864,0.3762,,243,2,581,9,control,,0
156,lakernote/EasyPostman,2025-11,24311,0,2025-10,1,1,134.0,3.0,5.0,0.0,142.0,56.0,26150.0,26.15,5.43021,5.124283,0.114723,0.191205,0.0,5.2857,5.2857,0.6267,0.3454,,213,3,581,9,control,,0
156,lakernote/EasyPostman,2025-12,24312,0,2025-10,1,2,194.0,2.0,5.0,0.0,201.0,69.0,32211.0,32.211,6.240104,6.022787,0.062091,0.155226,0.0,5.8551,5.8551,0.6477,0.3213,,98,4,581,9,control,,0
156,lakernote/EasyPostman,2026-01,24313,0,2025-10,1,3,244.0,4.0,3.0,0.0,251.0,71.0,33725.0,33.725,7.44255,7.234989,0.118606,0.088955,0.0,6.0141,6.0141,0.6262,0.3391,,405,3,581,9,control,,0
156,lakernote/EasyPostman,2026-02,24314,0,2025-10,1,4,331.0,4.0,4.0,0.0,339.0,75.0,42433.0,42.433,7.989065,7.800533,0.094266,0.094266,0.0,6.5067,6.5067,0.6455,0.3211,,164,2,581,9,control,,0
156,lakernote/EasyPostman,2026-03,24315,0,2025-10,1,5,348.0,4.0,2.0,0.0,354.0,77.0,46927.0,46.927,7.543632,7.415773,0.085239,0.042619,0.0,6.6104,6.6104,0.6412,0.3237,,65,1,581,9,control,,0
156,lakernote/EasyPostman,2026-04,24316,0,2025-10,1,6,353.0,4.0,3.0,0.0,360.0,77.0,51997.0,51.997,6.923476,6.788853,0.076928,0.057696,0.0,6.6494,6.6494,0.6403,0.3247,,0,0,581,9,control,,0
157,hyperledger/besu,2025-01,24301,1,2025-07,0,-6,,,,,,,,,,,,,,,,,,,61,19,1775,78,copilot,commit_pattern,28
157,hyperledger/besu,2025-02,24302,1,2025-07,0,-5,,,,,,,,,,,,,,,,,,,83,16,1775,78,copilot,commit_pattern,28
157,hyperledger/besu,2025-03,24303,1,2025-07,0,-4,,,,,,,,,,,,,,,,,,,65,16,1775,78,copilot,commit_pattern,28
157,hyperledger/besu,2025-04,24304,1,2025-07,0,-3,,,,,,,,,,,,,,,,,,,55,20,1775,78,copilot,commit_pattern,28
157,hyperledger/besu,2025-05,24305,1,2025-07,0,-2,,,,,,,,,,,,,,,,,,,73,19,1775,78,copilot,commit_pattern,28
157,hyperledger/besu,2025-06,24306,1,2025-07,0,-1,,,,,,,,,,,,,,,,,,,68,16,1775,78,copilot,commit_pattern,28
157,hyperledger/besu,2025-07,24307,1,2025-07,1,0,,,,,,,,,,,,,,,,,,,68,18,1775,78,copilot,commit_pattern,28
157,hyperledger/besu,2025-08,24308,1,2025-07,1,1,,,,,,,,,,,,,,,,,,,59,16,1775,78,copilot,commit_pattern,28
157,hyperledger/besu,2025-09,24309,1,2025-07,1,2,,,,,,,,,,,,,,,,,,,65,14,1775,78,copilot,commit_pattern,28
157,hyperledger/besu,2025-10,24310,1,2025-07,1,3,,,,,,,,,,,,,,,,,,,91,22,1775,78,copilot,commit_pattern,28
157,hyperledger/besu,2025-11,24311,1,2025-07,1,4,,,,,,,,,,,,,,,,,,,76,17,1775,78,copilot,commit_pattern,28
157,hyperledger/besu,2025-12,24312,1,2025-07,1,5,,,,,,,,,,,,,,,,,,,49,17,1775,78,copilot,commit_pattern,28
157,hyperledger/besu,2026-01,24313,1,2025-07,1,6,,,,,,,,,,,,,,,,,,,65,18,1775,78,copilot,commit_pattern,28
158,micrometer-metrics/micrometer,2025-01,24301,0,2025-07,0,-6,129.0,3.0,4.0,0.0,136.0,159.0,59512.0,59.512,2.285253,2.16763,0.05041,0.067213,0.0,6.3333,6.3333,0.7438,0.1843,,90,12,4824,107,control,,0
158,micrometer-metrics/micrometer,2025-02,24302,0,2025-07,0,-5,125.0,3.0,4.0,0.0,132.0,159.0,59825.0,59.825,2.206435,2.089427,0.050146,0.066862,0.0,6.3522,6.3522,0.7441,0.1845,,182,9,4824,107,control,,0
158,micrometer-metrics/micrometer,2025-03,24303,0,2025-07,0,-4,125.0,3.0,4.0,0.0,132.0,159.0,60365.0,60.365,2.186698,2.070736,0.049698,0.066264,0.0,6.3899,6.3899,0.744,0.1845,,94,6,4824,107,control,,0
158,micrometer-metrics/micrometer,2025-04,24304,0,2025-07,0,-3,124.0,3.0,4.0,0.0,131.0,159.0,60613.0,60.613,2.161253,2.045766,0.049494,0.065992,0.0,6.3899,6.3899,0.7439,0.1846,,116,5,4824,107,control,,0
158,micrometer-metrics/micrometer,2025-05,24305,0,2025-07,0,-2,123.0,4.0,4.0,0.0,131.0,150.0,60266.0,60.266,2.173697,2.040952,0.066372,0.066372,0.0,6.6,6.6,0.742,0.1813,,152,6,4824,107,control,,0
158,micrometer-metrics/micrometer,2025-06,24306,0,2025-07,0,-1,123.0,4.0,5.0,0.0,132.0,151.0,60216.0,60.216,2.192108,2.042646,0.066428,0.083034,0.0,6.298,6.298,0.7358,0.1815,,194,13,4824,107,control,,0
158,micrometer-metrics/micrometer,2025-07,24307,0,2025-07,1,0,124.0,3.0,2.0,0.0,129.0,158.0,60753.0,60.753,2.123352,2.041051,0.04938,0.03292,0.0,5.8924,5.8924,0.7506,0.1746,,99,7,4824,107,control,,0
158,micrometer-metrics/micrometer,2025-08,24308,0,2025-07,1,1,124.0,3.0,2.0,0.0,129.0,158.0,60897.0,60.897,2.118331,2.036225,0.049264,0.032842,0.0,5.9051,5.9051,0.7506,0.1746,,97,11,4824,107,control,,0
158,micrometer-metrics/micrometer,2025-09,24309,0,2025-07,1,2,126.0,3.0,2.0,0.0,131.0,161.0,61747.0,61.747,2.121561,2.040585,0.048585,0.03239,0.0,5.8634,5.8634,0.7448,0.1818,,84,6,4824,107,control,,0
158,micrometer-metrics/micrometer,2025-10,24310,0,2025-07,1,3,127.0,3.0,1.0,0.0,131.0,164.0,62242.0,62.242,2.104688,2.040423,0.048199,0.016066,0.0,5.8415,5.8415,0.7397,0.1852,,73,5,4824,107,control,,0
158,micrometer-metrics/micrometer,2025-11,24311,0,2025-07,1,4,129.0,3.0,2.0,0.0,134.0,164.0,62908.0,62.908,2.130095,2.050614,0.047689,0.031792,0.0,5.878,5.878,0.7373,0.189,,100,10,4824,107,control,,0
158,micrometer-metrics/micrometer,2025-12,24312,0,2025-07,1,5,132.0,4.0,2.0,0.0,138.0,165.0,63311.0,63.311,2.179716,2.084946,0.06318,0.03159,0.0,5.8788,5.8788,0.7384,0.1883,,92,7,4824,107,control,,0
158,micrometer-metrics/micrometer,2026-01,24313,0,2025-07,1,6,132.0,4.0,2.0,0.0,138.0,165.0,63414.0,63.414,2.176176,2.081559,0.063078,0.031539,0.0,5.8848,5.8848,0.7321,0.1945,,116,8,4824,107,control,,0
159,TimefoldAI/timefold-solver,2025-02,24302,1,2025-08,0,-6,,,,,,,,,,,,,,,,,,,28,11,1589,36,copilot,commit_pattern,4
159,TimefoldAI/timefold-solver,2025-03,24303,1,2025-08,0,-5,,,,,,,,,,,,,,,,,,,41,8,1589,36,copilot,commit_pattern,4
159,TimefoldAI/timefold-solver,2025-04,24304,1,2025-08,0,-4,,,,,,,,,,,,,,,,,,,44,9,1589,36,copilot,commit_pattern,4
159,TimefoldAI/timefold-solver,2025-05,24305,1,2025-08,0,-3,,,,,,,,,,,,,,,,,,,28,9,1589,36,copilot,commit_pattern,4
159,TimefoldAI/timefold-solver,2025-06,24306,1,2025-08,0,-2,,,,,,,,,,,,,,,,,,,35,6,1589,36,copilot,commit_pattern,4
159,TimefoldAI/timefold-solver,2025-07,24307,1,2025-08,0,-1,,,,,,,,,,,,,,,,,,,29,6,1589,36,copilot,commit_pattern,4
159,TimefoldAI/timefold-solver,2025-08,24308,1,2025-08,1,0,,,,,,,,,,,,,,,,,,,33,6,1589,36,copilot,commit_pattern,4
159,TimefoldAI/timefold-solver,2025-09,24309,1,2025-08,1,1,,,,,,,,,,,,,,,,,,,54,8,1589,36,copilot,commit_pattern,4
159,TimefoldAI/timefold-solver,2025-10,24310,1,2025-08,1,2,,,,,,,,,,,,,,,,,,,41,8,1589,36,copilot,commit_pattern,4
159,TimefoldAI/timefold-solver,2025-11,24311,1,2025-08,1,3,,,,,,,,,,,,,,,,,,,30,7,1589,36,copilot,commit_pattern,4
159,TimefoldAI/timefold-solver,2025-12,24312,1,2025-08,1,4,,,,,,,,,,,,,,,,,,,32,5,1589,36,copilot,commit_pattern,4
159,TimefoldAI/timefold-solver,2026-01,24313,1,2025-08,1,5,,,,,,,,,,,,,,,,,,,50,7,1589,36,copilot,commit_pattern,4
159,TimefoldAI/timefold-solver,2026-02,24314,1,2025-08,1,6,,,,,,,,,,,,,,,,,,,60,7,1589,36,copilot,commit_pattern,4
160,AutoMQ/automq,2025-02,24302,0,2025-08,0,-6,,,,,,,,,,,,,,,,,,,23,4,9581,31,control,,0
160,AutoMQ/automq,2025-03,24303,0,2025-08,0,-5,,,,,,,,,,,,,,,,,,,22,13,9581,31,control,,0
160,AutoMQ/automq,2025-04,24304,0,2025-08,0,-4,,,,,,,,,,,,,,,,,,,39,16,9581,31,control,,0
160,AutoMQ/automq,2025-05,24305,0,2025-08,0,-3,1660.0,9.0,4.0,4.0,1677.0,422.0,608005.0,608.005,2.758201,2.730241,0.014803,0.006579,0.006579,8.519,8.519,0.6059,0.3212,,49,14,9581,31,control,,0
160,AutoMQ/automq,2025-06,24306,0,2025-08,0,-2,,,,,,,,,,,,,,,,,,,22,11,9581,31,control,,0
160,AutoMQ/automq,2025-07,24307,0,2025-08,0,-1,1676.0,8.0,12.0,3.0,1699.0,448.0,616217.0,616.217,2.757146,2.719821,0.012982,0.019474,0.004868,8.375,8.375,0.6082,0.3194,,28,11,9581,31,control,,0
160,AutoMQ/automq,2025-08,24308,0,2025-08,1,0,1676.0,8.0,12.0,3.0,1699.0,448.0,616565.0,616.565,2.755589,2.718286,0.012975,0.019463,0.004866,8.3772,8.3772,0.6082,0.3195,,30,7,9581,31,control,,0
160,AutoMQ/automq,2025-09,24309,0,2025-08,1,1,,,,,,,,,,,,,,,,,,,59,8,9581,31,control,,0
160,AutoMQ/automq,2025-10,24310,0,2025-08,1,2,,,,,,,,,,,,,,,,,,,23,6,9581,31,control,,0
160,AutoMQ/automq,2025-11,24311,0,2025-08,1,3,,,,,,,,,,,,,,,,,,,37,8,9581,31,control,,0
160,AutoMQ/automq,2025-12,24312,0,2025-08,1,4,1682.0,9.0,8.0,16.0,1715.0,464.0,625556.0,625.556,2.741561,2.688808,0.014387,0.012789,0.025577,8.3384,8.3384,0.5982,0.3248,,20,9,9581,31,control,,0
160,AutoMQ/automq,2026-01,24313,0,2025-08,1,5,1680.0,9.0,4.0,2.0,1695.0,464.0,626220.0,626.22,2.706716,2.682763,0.014372,0.006388,0.003194,8.347,8.347,0.598,0.325,,21,10,9581,31,control,,0
160,AutoMQ/automq,2026-02,24314,0,2025-08,1,6,,,,,,,,,,,,,,,,,,,13,5,9581,31,control,,0
161,Angular2Guy/MovieManager,2025-01,24301,1,2025-07,0,-6,3.0,0.0,1.0,0.0,4.0,28.0,4104.0,4.104,0.974659,0.730994,0.0,0.243665,0.0,1.6429,1.6429,0.6286,0.3811,,1,1,35,96,copilot,file_add,1
161,Angular2Guy/MovieManager,2025-02,24302,1,2025-07,0,-5,3.0,0.0,1.0,0.0,4.0,28.0,4133.0,4.133,0.96782,0.725865,0.0,0.241955,0.0,1.6429,1.6429,0.6286,0.3811,,2,1,35,96,copilot,file_add,1
161,Angular2Guy/MovieManager,2025-03,24303,1,2025-07,0,-4,3.0,0.0,1.0,0.0,4.0,28.0,4127.0,4.127,0.969227,0.72692,0.0,0.242307,0.0,1.6429,1.6429,0.6286,0.3811,,4,2,35,96,copilot,file_add,1
161,Angular2Guy/MovieManager,2025-04,24304,1,2025-07,0,-3,3.0,0.0,1.0,0.0,4.0,28.0,4232.0,4.232,0.94518,0.708885,0.0,0.236295,0.0,1.6429,1.6429,0.6299,0.3816,,5,1,35,96,copilot,file_add,1
161,Angular2Guy/MovieManager,2025-05,24305,1,2025-07,0,-2,3.0,0.0,1.0,0.0,4.0,28.0,4259.0,4.259,0.939188,0.704391,0.0,0.234797,0.0,1.6429,1.6429,0.6299,0.3816,,1,1,35,96,copilot,file_add,1
161,Angular2Guy/MovieManager,2025-06,24306,1,2025-07,0,-1,3.0,0.0,1.0,0.0,4.0,28.0,4259.0,4.259,0.939188,0.704391,0.0,0.234797,0.0,1.6429,1.6429,0.6299,0.3816,,5,1,35,96,copilot,file_add,1
161,Angular2Guy/MovieManager,2025-07,24307,1,2025-07,1,0,3.0,0.0,1.0,0.0,4.0,28.0,4259.0,4.259,0.939188,0.704391,0.0,0.234797,0.0,1.6429,1.6429,0.6299,0.3816,,3,2,35,96,copilot,file_add,1
161,Angular2Guy/MovieManager,2025-08,24308,1,2025-07,1,1,3.0,0.0,1.0,0.0,4.0,28.0,4259.0,4.259,0.939188,0.704391,0.0,0.234797,0.0,1.6429,1.6429,0.6299,0.3816,,0,0,35,96,copilot,file_add,1
161,Angular2Guy/MovieManager,2025-09,24309,1,2025-07,1,2,3.0,0.0,1.0,0.0,4.0,28.0,4259.0,4.259,0.939188,0.704391,0.0,0.234797,0.0,1.6429,1.6429,0.6299,0.3816,,0,0,35,96,copilot,file_add,1
161,Angular2Guy/MovieManager,2025-10,24310,1,2025-07,1,3,3.0,0.0,1.0,0.0,4.0,28.0,4259.0,4.259,0.939188,0.704391,0.0,0.234797,0.0,1.6429,1.6429,0.6299,0.3816,,2,1,35,96,copilot,file_add,1
161,Angular2Guy/MovieManager,2025-11,24311,1,2025-07,1,4,3.0,0.0,1.0,0.0,4.0,28.0,4259.0,4.259,0.939188,0.704391,0.0,0.234797,0.0,1.6429,1.6429,0.6299,0.3816,,15,2,35,96,copilot,file_add,1
161,Angular2Guy/MovieManager,2025-12,24312,1,2025-07,1,5,3.0,0.0,1.0,0.0,4.0,28.0,4257.0,4.257,0.939629,0.704722,0.0,0.234907,0.0,1.6429,1.6429,0.6299,0.3816,,25,1,35,96,copilot,file_add,1
161,Angular2Guy/MovieManager,2026-01,24313,1,2025-07,1,6,3.0,0.0,1.0,0.0,4.0,28.0,4257.0,4.257,0.939629,0.704722,0.0,0.234907,0.0,1.6429,1.6429,0.6299,0.3816,,1,1,35,96,copilot,file_add,1
162,sekelsta/horse-colors,2025-01,24301,0,2025-07,0,-6,56.0,1.0,3.0,0.0,60.0,13.0,4887.0,4.887,12.277471,11.458973,0.204625,0.613874,0.0,3.7692,3.7692,0.5885,0.3769,,0,0,20,80,control,,0
162,sekelsta/horse-colors,2025-02,24302,0,2025-07,0,-5,56.0,1.0,3.0,0.0,60.0,13.0,4887.0,4.887,12.277471,11.458973,0.204625,0.613874,0.0,3.7692,3.7692,0.5885,0.3769,,0,0,20,80,control,,0
162,sekelsta/horse-colors,2025-03,24303,0,2025-07,0,-4,56.0,1.0,3.0,0.0,60.0,13.0,4887.0,4.887,12.277471,11.458973,0.204625,0.613874,0.0,3.7692,3.7692,0.5885,0.3769,,0,0,20,80,control,,0
162,sekelsta/horse-colors,2025-04,24304,0,2025-07,0,-3,56.0,1.0,3.0,0.0,60.0,13.0,4887.0,4.887,12.277471,11.458973,0.204625,0.613874,0.0,3.7692,3.7692,0.5885,0.3769,,0,0,20,80,control,,0
162,sekelsta/horse-colors,2025-05,24305,0,2025-07,0,-2,56.0,1.0,3.0,0.0,60.0,13.0,4887.0,4.887,12.277471,11.458973,0.204625,0.613874,0.0,3.7692,3.7692,0.5885,0.3769,,2,1,20,80,control,,0
162,sekelsta/horse-colors,2025-06,24306,0,2025-07,0,-1,56.0,1.0,3.0,0.0,60.0,13.0,4887.0,4.887,12.277471,11.458973,0.204625,0.613874,0.0,3.7692,3.7692,0.5885,0.3769,,0,0,20,80,control,,0
162,sekelsta/horse-colors,2025-07,24307,0,2025-07,1,0,56.0,1.0,3.0,0.0,60.0,13.0,4887.0,4.887,12.277471,11.458973,0.204625,0.613874,0.0,3.7692,3.7692,0.5885,0.3769,,0,0,20,80,control,,0
162,sekelsta/horse-colors,2025-08,24308,0,2025-07,1,1,56.0,1.0,3.0,0.0,60.0,13.0,4887.0,4.887,12.277471,11.458973,0.204625,0.613874,0.0,3.7692,3.7692,0.5885,0.3769,,0,0,20,80,control,,0
162,sekelsta/horse-colors,2025-09,24309,0,2025-07,1,2,56.0,1.0,3.0,0.0,60.0,13.0,4887.0,4.887,12.277471,11.458973,0.204625,0.613874,0.0,3.7692,3.7692,0.5885,0.3769,,0,0,20,80,control,,0
162,sekelsta/horse-colors,2025-10,24310,0,2025-07,1,3,56.0,1.0,3.0,0.0,60.0,13.0,4887.0,4.887,12.277471,11.458973,0.204625,0.613874,0.0,3.7692,3.7692,0.5885,0.3769,,0,0,20,80,control,,0
162,sekelsta/horse-colors,2025-11,24311,0,2025-07,1,4,56.0,1.0,3.0,0.0,60.0,13.0,4887.0,4.887,12.277471,11.458973,0.204625,0.613874,0.0,3.7692,3.7692,0.5885,0.3769,,0,0,20,80,control,,0
162,sekelsta/horse-colors,2025-12,24312,0,2025-07,1,5,56.0,1.0,3.0,0.0,60.0,13.0,4887.0,4.887,12.277471,11.458973,0.204625,0.613874,0.0,3.7692,3.7692,0.5885,0.3769,,0,0,20,80,control,,0
162,sekelsta/horse-colors,2026-01,24313,0,2025-07,1,6,56.0,1.0,3.0,0.0,60.0,13.0,4887.0,4.887,12.277471,11.458973,0.204625,0.613874,0.0,3.7692,3.7692,0.5885,0.3769,,0,0,20,80,control,,0
163,Women-Coding-Community/wcc-backend,2025-05,24305,1,2025-11,0,-6,18.0,0.0,6.0,0.0,24.0,29.0,4700.0,4.7,5.106383,3.829787,0.0,1.276596,0.0,3.6207,3.6207,0.5035,0.4758,,17,10,19,22,claude_code,file_add,1
163,Women-Coding-Community/wcc-backend,2025-06,24306,1,2025-11,0,-5,18.0,0.0,6.0,0.0,24.0,28.0,4541.0,4.541,5.285179,3.963885,0.0,1.321295,0.0,3.2857,3.2857,0.5041,0.4738,,8,5,19,22,claude_code,file_add,1
163,Women-Coding-Community/wcc-backend,2025-07,24307,1,2025-11,0,-4,18.0,0.0,6.0,0.0,24.0,28.0,4620.0,4.62,5.194805,3.896104,0.0,1.298701,0.0,3.2857,3.2857,0.505,0.4729,,5,3,19,22,claude_code,file_add,1
163,Women-Coding-Community/wcc-backend,2025-08,24308,1,2025-11,0,-3,19.0,0.0,6.0,0.0,25.0,29.0,5083.0,5.083,4.918355,3.73795,0.0,1.180405,0.0,3.4483,3.4483,0.5191,0.4584,,6,2,19,22,claude_code,file_add,1
163,Women-Coding-Community/wcc-backend,2025-09,24309,1,2025-11,0,-2,23.0,0.0,3.0,0.0,26.0,37.0,6915.0,6.915,3.759942,3.326103,0.0,0.433839,0.0,4.3243,4.3243,0.4945,0.4927,,16,2,19,22,claude_code,file_add,1
163,Women-Coding-Community/wcc-backend,2025-10,24310,1,2025-11,0,-1,27.0,0.0,17.0,0.0,44.0,38.0,7794.0,7.794,5.645368,3.464203,0.0,2.181165,0.0,4.4737,4.4737,0.5069,0.479,,10,3,19,22,claude_code,file_add,1
163,Women-Coding-Community/wcc-backend,2025-11,24311,1,2025-11,1,0,48.0,0.0,4.0,0.0,52.0,45.0,10493.0,10.493,4.955685,4.574478,0.0,0.381207,0.0,5.2222,5.2222,0.515,0.4726,,1,1,19,22,claude_code,file_add,1
163,Women-Coding-Community/wcc-backend,2025-12,24312,1,2025-11,1,1,48.0,0.0,4.0,0.0,52.0,45.0,10589.0,10.589,4.910756,4.533006,0.0,0.37775,0.0,5.2222,5.2222,0.515,0.4726,,0,0,19,22,claude_code,file_add,1
163,Women-Coding-Community/wcc-backend,2026-01,24313,1,2025-11,1,2,48.0,0.0,4.0,0.0,52.0,45.0,10589.0,10.589,4.910756,4.533006,0.0,0.37775,0.0,5.2222,5.2222,0.515,0.4726,,36,9,19,22,claude_code,file_add,1
163,Women-Coding-Community/wcc-backend,2026-02,24314,1,2025-11,1,3,55.0,0.0,4.0,0.0,59.0,48.0,16459.0,16.459,3.584665,3.341637,0.0,0.243028,0.0,5.4792,5.4792,0.508,0.4799,,40,9,19,22,claude_code,file_add,1
163,Women-Coding-Community/wcc-backend,2026-03,24315,1,2025-11,1,4,101.0,0.0,3.0,0.0,104.0,48.0,17629.0,17.629,5.89937,5.729196,0.0,0.170174,0.0,5.5208,5.5208,0.5104,0.4777,,5,2,19,22,claude_code,file_add,1
163,Women-Coding-Community/wcc-backend,2026-04,24316,1,2025-11,1,5,101.0,0.0,3.0,0.0,104.0,48.0,18540.0,18.54,5.609493,5.447681,0.0,0.161812,0.0,5.5208,5.5208,0.5107,0.4774,,0,0,19,22,claude_code,file_add,1
163,Women-Coding-Community/wcc-backend,2026-05,24317,1,2025-11,1,6,101.0,0.0,3.0,0.0,104.0,48.0,18540.0,18.54,5.609493,5.447681,0.0,0.161812,0.0,5.5208,5.5208,0.5107,0.4774,,0,0,19,22,claude_code,file_add,1
164,opensearch-project/flow-framework,2025-05,24305,0,2025-11,0,-6,14.0,1.0,5.0,0.0,20.0,13.0,21065.0,21.065,0.949442,0.66461,0.047472,0.237361,0.0,4.0769,4.0769,0.5213,0.4496,,16,4,51,31,control,,0
164,opensearch-project/flow-framework,2025-06,24306,0,2025-11,0,-5,14.0,1.0,5.0,0.0,20.0,13.0,21218.0,21.218,0.942596,0.659817,0.04713,0.235649,0.0,4.0769,4.0769,0.5219,0.449,,8,5,51,31,control,,0
164,opensearch-project/flow-framework,2025-07,24307,0,2025-11,0,-4,14.0,1.0,5.0,0.0,20.0,13.0,21218.0,21.218,0.942596,0.659817,0.04713,0.235649,0.0,4.0769,4.0769,0.5219,0.449,,15,6,51,31,control,,0
164,opensearch-project/flow-framework,2025-08,24308,0,2025-11,0,-3,14.0,1.0,5.0,0.0,20.0,13.0,22608.0,22.608,0.884643,0.61925,0.044232,0.221161,0.0,4.0769,4.0769,0.5219,0.449,,4,3,51,31,control,,0
164,opensearch-project/flow-framework,2025-09,24309,0,2025-11,0,-2,17.0,1.0,5.0,0.0,23.0,13.0,22641.0,22.641,1.015856,0.75085,0.044168,0.220838,0.0,4.1538,4.1538,0.5221,0.4488,,9,3,51,31,control,,0
164,opensearch-project/flow-framework,2025-10,24310,0,2025-11,0,-1,17.0,1.0,5.0,0.0,23.0,13.0,22644.0,22.644,1.015722,0.750751,0.044162,0.220809,0.0,4.1538,4.1538,0.5221,0.4488,,3,3,51,31,control,,0
164,opensearch-project/flow-framework,2025-11,24311,0,2025-11,1,0,17.0,1.0,5.0,0.0,23.0,13.0,22644.0,22.644,1.015722,0.750751,0.044162,0.220809,0.0,4.1538,4.1538,0.5221,0.4488,,17,7,51,31,control,,0
164,opensearch-project/flow-framework,2025-12,24312,0,2025-11,1,1,17.0,1.0,5.0,0.0,23.0,16.0,23529.0,23.529,0.977517,0.722513,0.042501,0.212504,0.0,3.375,3.375,0.6153,0.3629,,8,3,51,31,control,,0
164,opensearch-project/flow-framework,2026-01,24313,0,2025-11,1,2,17.0,1.0,5.0,0.0,23.0,16.0,23530.0,23.53,0.977476,0.722482,0.042499,0.212495,0.0,3.375,3.375,0.6153,0.3629,,14,5,51,31,control,,0
164,opensearch-project/flow-framework,2026-02,24314,0,2025-11,1,3,17.0,1.0,6.0,0.0,24.0,16.0,23620.0,23.62,1.016088,0.719729,0.042337,0.254022,0.0,3.375,3.375,0.6208,0.3574,,9,3,51,31,control,,0
164,opensearch-project/flow-framework,2026-03,24315,0,2025-11,1,4,17.0,1.0,6.0,0.0,24.0,16.0,23620.0,23.62,1.016088,0.719729,0.042337,0.254022,0.0,3.375,3.375,0.6208,0.3574,,3,1,51,31,control,,0
164,opensearch-project/flow-framework,2026-04,24316,0,2025-11,1,5,17.0,1.0,6.0,0.0,24.0,16.0,23620.0,23.62,1.016088,0.719729,0.042337,0.254022,0.0,3.375,3.375,0.6208,0.3574,,0,0,51,31,control,,0
164,opensearch-project/flow-framework,2026-05,24317,0,2025-11,1,6,17.0,1.0,6.0,0.0,24.0,16.0,23620.0,23.62,1.016088,0.719729,0.042337,0.254022,0.0,3.375,3.375,0.6208,0.3574,,0,0,51,31,control,,0
165,tradestreamhq/tradestream,2024-12,24300,1,2025-06,0,-6,,,,,,,,,,,,,,,,,,,527,2,5,16,cursor,file_add,138
165,tradestreamhq/tradestream,2025-01,24301,1,2025-06,0,-5,0.0,0.0,0.0,0.0,0.0,5.0,1869.0,1.869,0.0,0.0,0.0,0.0,0.0,0.2,0.2,0.8,0.1333,,263,3,5,16,cursor,file_add,138
165,tradestreamhq/tradestream,2025-02,24302,1,2025-06,0,-4,0.0,0.0,0.0,0.0,0.0,5.0,1869.0,1.869,0.0,0.0,0.0,0.0,0.0,0.2,0.2,0.8,0.1333,,227,2,5,16,cursor,file_add,138
165,tradestreamhq/tradestream,2025-03,24303,1,2025-06,0,-3,2.0,0.0,0.0,0.0,2.0,18.0,5238.0,5.238,0.381825,0.381825,0.0,0.0,0.0,0.9444,0.9444,0.3981,0.4473,,259,2,5,16,cursor,file_add,138
165,tradestreamhq/tradestream,2025-04,24304,1,2025-06,0,-2,2.0,0.0,1.0,0.0,3.0,25.0,6420.0,6.42,0.46729,0.311526,0.0,0.155763,0.0,1.16,1.16,0.629,0.3034,,82,2,5,16,cursor,file_add,138
165,tradestreamhq/tradestream,2025-05,24305,1,2025-06,0,-1,2.0,0.0,1.0,0.0,3.0,25.0,6420.0,6.42,0.46729,0.311526,0.0,0.155763,0.0,1.16,1.16,0.629,0.3034,,287,2,5,16,cursor,file_add,138
165,tradestreamhq/tradestream,2025-06,24306,1,2025-06,1,0,2.0,0.0,1.0,0.0,3.0,25.0,6420.0,6.42,0.46729,0.311526,0.0,0.155763,0.0,1.16,1.16,0.629,0.3034,,462,3,5,16,cursor,file_add,138
165,tradestreamhq/tradestream,2025-07,24307,1,2025-06,1,1,1.0,0.0,0.0,0.0,1.0,78.0,12689.0,12.689,0.078808,0.078808,0.0,0.0,0.0,1.6154,1.6154,0.891,0.0792,,45,3,5,16,cursor,file_add,138
165,tradestreamhq/tradestream,2025-08,24308,1,2025-06,1,2,1.0,0.0,0.0,0.0,1.0,77.0,11837.0,11.837,0.084481,0.084481,0.0,0.0,0.0,1.6234,1.6234,0.8961,0.0749,,1,1,5,16,cursor,file_add,138
165,tradestreamhq/tradestream,2025-09,24309,1,2025-06,1,3,1.0,0.0,0.0,0.0,1.0,77.0,11837.0,11.837,0.084481,0.084481,0.0,0.0,0.0,1.6234,1.6234,0.8961,0.0749,,0,0,5,16,cursor,file_add,138
165,tradestreamhq/tradestream,2025-10,24310,1,2025-06,1,4,1.0,0.0,0.0,0.0,1.0,77.0,11837.0,11.837,0.084481,0.084481,0.0,0.0,0.0,1.6234,1.6234,0.8961,0.0749,,0,0,5,16,cursor,file_add,138
165,tradestreamhq/tradestream,2025-11,24311,1,2025-06,1,5,1.0,0.0,0.0,0.0,1.0,77.0,11837.0,11.837,0.084481,0.084481,0.0,0.0,0.0,1.6234,1.6234,0.8961,0.0749,,0,0,5,16,cursor,file_add,138
165,tradestreamhq/tradestream,2025-12,24312,1,2025-06,1,6,1.0,0.0,0.0,0.0,1.0,77.0,11837.0,11.837,0.084481,0.084481,0.0,0.0,0.0,1.6234,1.6234,0.8961,0.0749,,0,0,5,16,cursor,file_add,138
166,Hydraheads/RoundaboutMod,2024-12,24300,0,2025-06,0,-6,168.0,2.0,3.0,1.0,174.0,46.0,35148.0,35.148,4.950495,4.779788,0.056902,0.085353,0.028451,5.6957,5.6957,0.5071,0.4454,,63,3,34,31,control,,0
166,Hydraheads/RoundaboutMod,2025-01,24301,0,2025-06,0,-5,179.0,2.0,6.0,1.0,188.0,47.0,36414.0,36.414,5.162849,4.915692,0.054924,0.164772,0.027462,5.8723,5.8723,0.5018,0.4524,,21,2,34,31,control,,0
166,Hydraheads/RoundaboutMod,2025-02,24302,0,2025-06,0,-4,183.0,2.0,4.0,1.0,190.0,47.0,37192.0,37.192,5.108626,4.920413,0.053775,0.10755,0.026888,5.9362,5.9362,0.5051,0.4493,,69,1,34,31,control,,0
166,Hydraheads/RoundaboutMod,2025-03,24303,0,2025-06,0,-3,182.0,2.0,4.0,1.0,189.0,47.0,39056.0,39.056,4.839205,4.659975,0.051209,0.102417,0.025604,6.1915,6.1915,0.5124,0.4428,,261,3,34,31,control,,0
166,Hydraheads/RoundaboutMod,2025-04,24304,0,2025-06,0,-2,296.0,4.0,5.0,1.0,306.0,50.0,44563.0,44.563,6.866683,6.642282,0.089761,0.112201,0.02244,6.6,6.6,0.5349,0.4374,,386,3,34,31,control,,0
166,Hydraheads/RoundaboutMod,2025-05,24305,0,2025-06,0,-1,377.0,7.0,4.0,2.0,390.0,55.0,54893.0,54.893,7.104731,6.867907,0.127521,0.072869,0.036435,7.1273,7.1273,0.5222,0.4433,,376,3,34,31,control,,0
166,Hydraheads/RoundaboutMod,2025-06,24306,0,2025-06,1,0,412.0,6.0,7.0,2.0,427.0,64.0,63596.0,63.596,6.714259,6.478395,0.094346,0.11007,0.031449,7.0312,7.0312,0.5264,0.411,,359,3,34,31,control,,0
166,Hydraheads/RoundaboutMod,2025-07,24307,0,2025-06,1,1,616.0,11.0,12.0,1.0,640.0,99.0,71334.0,71.334,8.971879,8.635433,0.154204,0.168223,0.014019,7.2424,7.2424,0.5319,0.4009,,511,8,34,31,control,,0
166,Hydraheads/RoundaboutMod,2025-08,24308,0,2025-06,1,2,656.0,9.0,8.0,3.0,676.0,121.0,79399.0,79.399,8.513961,8.262069,0.113352,0.100757,0.037784,6.7025,6.7025,0.6018,0.4208,,281,4,34,31,control,,0
166,Hydraheads/RoundaboutMod,2025-09,24309,0,2025-06,1,3,670.0,8.0,7.0,2.0,687.0,138.0,84110.0,84.11,8.167875,7.965759,0.095114,0.083224,0.023778,6.2609,6.2609,0.6272,0.4427,,262,5,34,31,control,,0
166,Hydraheads/RoundaboutMod,2025-10,24310,0,2025-06,1,4,699.0,7.0,5.0,2.0,713.0,140.0,87115.0,87.115,8.184584,8.023876,0.080354,0.057395,0.022958,6.2714,6.2714,0.6184,0.4442,,325,6,34,31,control,,0
166,Hydraheads/RoundaboutMod,2025-11,24311,0,2025-06,1,5,774.0,9.0,16.0,2.0,801.0,147.0,93765.0,93.765,8.542633,8.254679,0.095985,0.170639,0.02133,6.551,6.551,0.6165,0.4564,,220,4,34,31,control,,0
166,Hydraheads/RoundaboutMod,2025-12,24312,0,2025-06,1,6,855.0,10.0,18.0,2.0,885.0,149.0,100164.0,100.164,8.83551,8.536001,0.099836,0.179705,0.019967,6.6846,6.6846,0.6221,0.4628,,336,6,34,31,control,,0
167,quarkiverse/quarkus-hivemq-client,2025-04,24304,1,2025-10,0,-6,0.0,0.0,1.0,0.0,1.0,14.0,1250.0,1.25,0.8,0.0,0.0,0.8,0.0,0.2857,0.2857,0.5459,0.4283,,20,2,6,60,claude_code,file_add,10
167,quarkiverse/quarkus-hivemq-client,2025-05,24305,1,2025-10,0,-5,0.0,0.0,1.0,0.0,1.0,14.0,1260.0,1.26,0.793651,0.0,0.0,0.793651,0.0,0.2857,0.2857,0.5459,0.4283,,8,2,6,60,claude_code,file_add,10
167,quarkiverse/quarkus-hivemq-client,2025-06,24306,1,2025-10,0,-4,0.0,0.0,1.0,0.0,1.0,14.0,1260.0,1.26,0.793651,0.0,0.0,0.793651,0.0,0.2857,0.2857,0.5459,0.4283,,1,1,6,60,claude_code,file_add,10
167,quarkiverse/quarkus-hivemq-client,2025-07,24307,1,2025-10,0,-3,0.0,0.0,1.0,0.0,1.0,14.0,1260.0,1.26,0.793651,0.0,0.0,0.793651,0.0,0.2857,0.2857,0.5459,0.4283,,2,1,6,60,claude_code,file_add,10
167,quarkiverse/quarkus-hivemq-client,2025-08,24308,1,2025-10,0,-2,0.0,0.0,1.0,0.0,1.0,14.0,1260.0,1.26,0.793651,0.0,0.0,0.793651,0.0,0.2857,0.2857,0.5459,0.4283,,0,0,6,60,claude_code,file_add,10
167,quarkiverse/quarkus-hivemq-client,2025-09,24309,1,2025-10,0,-1,0.0,0.0,1.0,0.0,1.0,14.0,1260.0,1.26,0.793651,0.0,0.0,0.793651,0.0,0.2857,0.2857,0.5459,0.4283,,5,1,6,60,claude_code,file_add,10
167,quarkiverse/quarkus-hivemq-client,2025-10,24310,1,2025-10,1,0,0.0,0.0,1.0,0.0,1.0,14.0,1260.0,1.26,0.793651,0.0,0.0,0.793651,0.0,0.2857,0.2857,0.5459,0.4283,,40,3,6,60,claude_code,file_add,10
167,quarkiverse/quarkus-hivemq-client,2025-11,24311,1,2025-10,1,1,0.0,0.0,1.0,0.0,1.0,14.0,1530.0,1.53,0.653595,0.0,0.0,0.653595,0.0,0.4286,0.4286,0.4864,0.4342,,4,2,6,60,claude_code,file_add,10
167,quarkiverse/quarkus-hivemq-client,2025-12,24312,1,2025-10,1,2,0.0,0.0,1.0,0.0,1.0,14.0,1530.0,1.53,0.653595,0.0,0.0,0.653595,0.0,0.4286,0.4286,0.4864,0.4342,,4,2,6,60,claude_code,file_add,10
167,quarkiverse/quarkus-hivemq-client,2026-01,24313,1,2025-10,1,3,0.0,0.0,1.0,0.0,1.0,14.0,1530.0,1.53,0.653595,0.0,0.0,0.653595,0.0,0.4286,0.4286,0.4864,0.4342,,5,1,6,60,claude_code,file_add,10
167,quarkiverse/quarkus-hivemq-client,2026-02,24314,1,2025-10,1,4,0.0,0.0,1.0,0.0,1.0,14.0,1530.0,1.53,0.653595,0.0,0.0,0.653595,0.0,0.4286,0.4286,0.4864,0.4342,,10,3,6,60,claude_code,file_add,10
167,quarkiverse/quarkus-hivemq-client,2026-03,24315,1,2025-10,1,5,0.0,0.0,1.0,0.0,1.0,14.0,1530.0,1.53,0.653595,0.0,0.0,0.653595,0.0,0.4286,0.4286,0.4864,0.4342,,0,0,6,60,claude_code,file_add,10
167,quarkiverse/quarkus-hivemq-client,2026-04,24316,1,2025-10,1,6,0.0,0.0,1.0,0.0,1.0,14.0,1530.0,1.53,0.653595,0.0,0.0,0.653595,0.0,0.4286,0.4286,0.4864,0.4342,,0,0,6,60,claude_code,file_add,10
168,micronaut-projects/micronaut-elasticsearch,2025-04,24304,0,2025-10,0,-6,0.0,0.0,0.0,0.0,0.0,10.0,306.0,0.306,0.0,0.0,0.0,0.0,0.0,0.3,0.3,0.55,0.4767,,5,1,19,88,control,,0
168,micronaut-projects/micronaut-elasticsearch,2025-05,24305,0,2025-10,0,-5,0.0,0.0,0.0,0.0,0.0,10.0,306.0,0.306,0.0,0.0,0.0,0.0,0.0,0.3,0.3,0.55,0.4767,,2,1,19,88,control,,0
168,micronaut-projects/micronaut-elasticsearch,2025-06,24306,0,2025-10,0,-4,0.0,0.0,0.0,0.0,0.0,10.0,306.0,0.306,0.0,0.0,0.0,0.0,0.0,0.3,0.3,0.55,0.4767,,23,4,19,88,control,,0
168,micronaut-projects/micronaut-elasticsearch,2025-07,24307,0,2025-10,0,-3,0.0,0.0,0.0,0.0,0.0,10.0,306.0,0.306,0.0,0.0,0.0,0.0,0.0,0.3,0.3,0.55,0.4767,,0,0,19,88,control,,0
168,micronaut-projects/micronaut-elasticsearch,2025-08,24308,0,2025-10,0,-2,0.0,0.0,0.0,0.0,0.0,10.0,306.0,0.306,0.0,0.0,0.0,0.0,0.0,0.3,0.3,0.55,0.4767,,0,0,19,88,control,,0
168,micronaut-projects/micronaut-elasticsearch,2025-09,24309,0,2025-10,0,-1,0.0,0.0,0.0,0.0,0.0,10.0,306.0,0.306,0.0,0.0,0.0,0.0,0.0,0.3,0.3,0.55,0.4767,,1,1,19,88,control,,0
168,micronaut-projects/micronaut-elasticsearch,2025-10,24310,0,2025-10,1,0,0.0,0.0,0.0,0.0,0.0,10.0,306.0,0.306,0.0,0.0,0.0,0.0,0.0,0.3,0.3,0.55,0.4767,,24,4,19,88,control,,0
168,micronaut-projects/micronaut-elasticsearch,2025-11,24311,0,2025-10,1,1,0.0,0.0,0.0,0.0,0.0,10.0,306.0,0.306,0.0,0.0,0.0,0.0,0.0,0.3,0.3,0.55,0.4767,,5,3,19,88,control,,0
168,micronaut-projects/micronaut-elasticsearch,2025-12,24312,0,2025-10,1,2,0.0,0.0,0.0,0.0,0.0,10.0,306.0,0.306,0.0,0.0,0.0,0.0,0.0,0.3,0.3,0.55,0.4767,,21,5,19,88,control,,0
168,micronaut-projects/micronaut-elasticsearch,2026-01,24313,0,2025-10,1,3,0.0,0.0,0.0,0.0,0.0,10.0,332.0,0.332,0.0,0.0,0.0,0.0,0.0,0.5,0.5,0.55,0.4833,,0,0,19,88,control,,0
168,micronaut-projects/micronaut-elasticsearch,2026-02,24314,0,2025-10,1,4,0.0,0.0,0.0,0.0,0.0,10.0,332.0,0.332,0.0,0.0,0.0,0.0,0.0,0.5,0.5,0.55,0.4833,,6,2,19,88,control,,0
168,micronaut-projects/micronaut-elasticsearch,2026-03,24315,0,2025-10,1,5,0.0,0.0,0.0,0.0,0.0,10.0,332.0,0.332,0.0,0.0,0.0,0.0,0.0,0.5,0.5,0.55,0.4833,,0,0,19,88,control,,0
168,micronaut-projects/micronaut-elasticsearch,2026-04,24316,0,2025-10,1,6,0.0,0.0,0.0,0.0,0.0,10.0,332.0,0.332,0.0,0.0,0.0,0.0,0.0,0.5,0.5,0.55,0.4833,,0,0,19,88,control,,0
169,top-logic/tl-engine,2025-04,24304,1,2025-10,0,-6,,,,,,,,,,,,,,,,,,,198,8,8,33,claude_code,file_add,7
169,top-logic/tl-engine,2025-05,24305,1,2025-10,0,-5,,,,,,,,,,,,,,,,,,,183,6,8,33,claude_code,file_add,7
169,top-logic/tl-engine,2025-06,24306,1,2025-10,0,-4,,,,,,,,,,,,,,,,,,,135,7,8,33,claude_code,file_add,7
169,top-logic/tl-engine,2025-07,24307,1,2025-10,0,-3,,,,,,,,,,,,,,,,,,,210,8,8,33,claude_code,file_add,7
169,top-logic/tl-engine,2025-08,24308,1,2025-10,0,-2,,,,,,,,,,,,,,,,,,,223,7,8,33,claude_code,file_add,7
169,top-logic/tl-engine,2025-09,24309,1,2025-10,0,-1,,,,,,,,,,,,,,,,,,,342,11,8,33,claude_code,file_add,7
169,top-logic/tl-engine,2025-10,24310,1,2025-10,1,0,,,,,,,,,,,,,,,,,,,200,8,8,33,claude_code,file_add,7
169,top-logic/tl-engine,2025-11,24311,1,2025-10,1,1,,,,,,,,,,,,,,,,,,,202,9,8,33,claude_code,file_add,7
169,top-logic/tl-engine,2025-12,24312,1,2025-10,1,2,,,,,,,,,,,,,,,,,,,152,6,8,33,claude_code,file_add,7
169,top-logic/tl-engine,2026-01,24313,1,2025-10,1,3,,,,,,,,,,,,,,,,,,,139,6,8,33,claude_code,file_add,7
169,top-logic/tl-engine,2026-02,24314,1,2025-10,1,4,,,,,,,,,,,,,,,,,,,191,5,8,33,claude_code,file_add,7
169,top-logic/tl-engine,2026-03,24315,1,2025-10,1,5,,,,,,,,,,,,,,,,,,,23,4,8,33,claude_code,file_add,7
169,top-logic/tl-engine,2026-04,24316,1,2025-10,1,6,,,,,,,,,,,,,,,,,,,0,0,8,33,claude_code,file_add,7
170,fanruan/intelli-swift-core,2025-04,24304,0,2025-10,0,-6,798.0,10.0,20.0,2.0,830.0,281.0,64502.0,64.502,12.867818,12.371709,0.155034,0.310068,0.031007,7.1886,7.1886,0.5091,0.3068,,0,0,20,89,control,,0
170,fanruan/intelli-swift-core,2025-05,24305,0,2025-10,0,-5,798.0,10.0,20.0,2.0,830.0,281.0,64502.0,64.502,12.867818,12.371709,0.155034,0.310068,0.031007,7.1886,7.1886,0.5091,0.3068,,0,0,20,89,control,,0
170,fanruan/intelli-swift-core,2025-06,24306,0,2025-10,0,-4,798.0,10.0,20.0,2.0,830.0,281.0,64502.0,64.502,12.867818,12.371709,0.155034,0.310068,0.031007,7.1886,7.1886,0.5091,0.3068,,0,0,20,89,control,,0
170,fanruan/intelli-swift-core,2025-07,24307,0,2025-10,0,-3,798.0,10.0,20.0,2.0,830.0,281.0,64502.0,64.502,12.867818,12.371709,0.155034,0.310068,0.031007,7.1886,7.1886,0.5091,0.3068,,0,0,20,89,control,,0
170,fanruan/intelli-swift-core,2025-08,24308,0,2025-10,0,-2,798.0,10.0,20.0,2.0,830.0,281.0,64502.0,64.502,12.867818,12.371709,0.155034,0.310068,0.031007,7.1886,7.1886,0.5091,0.3068,,0,0,20,89,control,,0
170,fanruan/intelli-swift-core,2025-09,24309,0,2025-10,0,-1,798.0,10.0,20.0,2.0,830.0,281.0,64502.0,64.502,12.867818,12.371709,0.155034,0.310068,0.031007,7.1886,7.1886,0.5091,0.3068,,0,0,20,89,control,,0
170,fanruan/intelli-swift-core,2025-10,24310,0,2025-10,1,0,798.0,10.0,20.0,2.0,830.0,281.0,64502.0,64.502,12.867818,12.371709,0.155034,0.310068,0.031007,7.1886,7.1886,0.5091,0.3068,,0,0,20,89,control,,0
170,fanruan/intelli-swift-core,2025-11,24311,0,2025-10,1,1,798.0,10.0,20.0,2.0,830.0,281.0,64502.0,64.502,12.867818,12.371709,0.155034,0.310068,0.031007,7.1886,7.1886,0.5091,0.3068,,0,0,20,89,control,,0
170,fanruan/intelli-swift-core,2025-12,24312,0,2025-10,1,2,798.0,10.0,20.0,2.0,830.0,281.0,64502.0,64.502,12.867818,12.371709,0.155034,0.310068,0.031007,7.1886,7.1886,0.5091,0.3068,,0,0,20,89,control,,0
170,fanruan/intelli-swift-core,2026-01,24313,0,2025-10,1,3,798.0,10.0,20.0,2.0,830.0,281.0,64502.0,64.502,12.867818,12.371709,0.155034,0.310068,0.031007,7.1886,7.1886,0.5091,0.3068,,0,0,20,89,control,,0
170,fanruan/intelli-swift-core,2026-02,24314,0,2025-10,1,4,798.0,10.0,20.0,2.0,830.0,281.0,64502.0,64.502,12.867818,12.371709,0.155034,0.310068,0.031007,7.1886,7.1886,0.5091,0.3068,,0,0,20,89,control,,0
170,fanruan/intelli-swift-core,2026-03,24315,0,2025-10,1,5,798.0,10.0,20.0,2.0,830.0,281.0,64502.0,64.502,12.867818,12.371709,0.155034,0.310068,0.031007,7.1886,7.1886,0.5091,0.3068,,0,0,20,89,control,,0
170,fanruan/intelli-swift-core,2026-04,24316,0,2025-10,1,6,798.0,10.0,20.0,2.0,830.0,281.0,64502.0,64.502,12.867818,12.371709,0.155034,0.310068,0.031007,7.1886,7.1886,0.5091,0.3068,,0,0,20,89,control,,0
171,SistrScarlet/LittleMaidReBirth-Architectury,2025-01,24301,1,2025-07,0,-6,39.0,1.0,6.0,0.0,46.0,29.0,5406.0,5.406,8.509064,7.214206,0.18498,1.109878,0.0,2.6897,2.6897,0.5167,0.4455,,8,1,63,64,claude_code,file_add,91
171,SistrScarlet/LittleMaidReBirth-Architectury,2025-02,24302,1,2025-07,0,-5,39.0,1.0,6.0,0.0,46.0,29.0,5424.0,5.424,8.480826,7.190265,0.184366,1.106195,0.0,2.6897,2.6897,0.5167,0.4455,,0,0,63,64,claude_code,file_add,91
171,SistrScarlet/LittleMaidReBirth-Architectury,2025-03,24303,1,2025-07,0,-4,39.0,1.0,6.0,0.0,46.0,29.0,5424.0,5.424,8.480826,7.190265,0.184366,1.106195,0.0,2.6897,2.6897,0.5167,0.4455,,4,1,63,64,claude_code,file_add,91
171,SistrScarlet/LittleMaidReBirth-Architectury,2025-04,24304,1,2025-07,0,-3,51.0,1.0,6.0,0.0,58.0,30.0,6006.0,6.006,9.65701,8.491508,0.1665,0.999001,0.0,2.9,2.9,0.5221,0.4415,,7,1,63,64,claude_code,file_add,91
171,SistrScarlet/LittleMaidReBirth-Architectury,2025-05,24305,1,2025-07,0,-2,51.0,1.0,3.0,0.0,55.0,30.0,6035.0,6.035,9.113505,8.450704,0.1657,0.4971,0.0,2.9,2.9,0.5223,0.4417,,2,1,63,64,claude_code,file_add,91
171,SistrScarlet/LittleMaidReBirth-Architectury,2025-06,24306,1,2025-07,0,-1,51.0,1.0,3.0,0.0,55.0,30.0,6035.0,6.035,9.113505,8.450704,0.1657,0.4971,0.0,2.9,2.9,0.5223,0.4417,,0,0,63,64,claude_code,file_add,91
171,SistrScarlet/LittleMaidReBirth-Architectury,2025-07,24307,1,2025-07,1,0,51.0,1.0,3.0,0.0,55.0,30.0,6035.0,6.035,9.113505,8.450704,0.1657,0.4971,0.0,2.9,2.9,0.5223,0.4417,,7,1,63,64,claude_code,file_add,91
171,SistrScarlet/LittleMaidReBirth-Architectury,2025-08,24308,1,2025-07,1,1,54.0,2.0,3.0,0.0,59.0,30.0,6535.0,6.535,9.028309,8.263198,0.306044,0.459067,0.0,3.0,3.0,0.5267,0.4504,,7,1,63,64,claude_code,file_add,91
171,SistrScarlet/LittleMaidReBirth-Architectury,2025-09,24309,1,2025-07,1,2,54.0,2.0,3.0,0.0,59.0,33.0,6881.0,6.881,8.574335,7.847697,0.290655,0.435983,0.0,2.9091,2.9091,0.5562,0.42,,6,1,63,64,claude_code,file_add,91
171,SistrScarlet/LittleMaidReBirth-Architectury,2025-10,24310,1,2025-07,1,3,54.0,2.0,3.0,0.0,59.0,33.0,6882.0,6.882,8.573089,7.846556,0.290613,0.43592,0.0,2.9091,2.9091,0.5562,0.42,,0,0,63,64,claude_code,file_add,91
171,SistrScarlet/LittleMaidReBirth-Architectury,2025-11,24311,1,2025-07,1,4,54.0,2.0,3.0,0.0,59.0,33.0,6882.0,6.882,8.573089,7.846556,0.290613,0.43592,0.0,2.9091,2.9091,0.5562,0.42,,0,0,63,64,claude_code,file_add,91
171,SistrScarlet/LittleMaidReBirth-Architectury,2025-12,24312,1,2025-07,1,5,54.0,2.0,3.0,0.0,59.0,33.0,6882.0,6.882,8.573089,7.846556,0.290613,0.43592,0.0,2.9091,2.9091,0.5562,0.42,,0,0,63,64,claude_code,file_add,91
171,SistrScarlet/LittleMaidReBirth-Architectury,2026-01,24313,1,2025-07,1,6,54.0,2.0,3.0,0.0,59.0,33.0,6882.0,6.882,8.573089,7.846556,0.290613,0.43592,0.0,2.9091,2.9091,0.5562,0.42,,0,0,63,64,claude_code,file_add,91
172,fantahund/VoxelMap,2025-01,24301,0,2025-07,0,-6,92.0,1.0,5.0,0.0,98.0,13.0,11274.0,11.274,8.692567,8.160369,0.0887,0.443498,0.0,2.9231,2.9231,0.6342,0.2656,,11,4,44,51,control,,0
172,fantahund/VoxelMap,2025-02,24302,0,2025-07,0,-5,92.0,1.0,5.0,0.0,98.0,13.0,11342.0,11.342,8.640451,8.111444,0.088168,0.440839,0.0,2.9231,2.9231,0.6342,0.2656,,11,4,44,51,control,,0
172,fantahund/VoxelMap,2025-03,24303,0,2025-07,0,-4,91.0,1.0,5.0,0.0,97.0,13.0,11230.0,11.23,8.637578,8.103295,0.089047,0.445236,0.0,2.9231,2.9231,0.6363,0.2695,,32,1,44,51,control,,0
172,fantahund/VoxelMap,2025-04,24304,0,2025-07,0,-3,97.0,1.0,3.0,0.0,101.0,15.0,11166.0,11.166,9.045316,8.687086,0.089558,0.268673,0.0,2.8,2.8,0.6256,0.2754,,19,4,44,51,control,,0
172,fantahund/VoxelMap,2025-05,24305,0,2025-07,0,-2,100.0,1.0,3.0,0.0,104.0,17.0,10189.0,10.189,10.207086,9.814506,0.098145,0.294435,0.0,2.6471,2.6471,0.671,0.2735,,5,2,44,51,control,,0
172,fantahund/VoxelMap,2025-06,24306,0,2025-07,0,-1,100.0,1.0,3.0,0.0,104.0,17.0,10177.0,10.177,10.219122,9.826078,0.098261,0.294782,0.0,2.6471,2.6471,0.671,0.2735,,40,3,44,51,control,,0
172,fantahund/VoxelMap,2025-07,24307,0,2025-07,1,0,101.0,1.0,4.0,0.0,106.0,17.0,10345.0,10.345,10.246496,9.763171,0.096665,0.38666,0.0,2.7059,2.7059,0.6797,0.2704,,21,4,44,51,control,,0
172,fantahund/VoxelMap,2025-08,24308,0,2025-07,1,1,101.0,1.0,4.0,0.0,106.0,17.0,10366.0,10.366,10.225738,9.743392,0.096469,0.385877,0.0,2.7059,2.7059,0.6813,0.2742,,0,0,44,51,control,,0
172,fantahund/VoxelMap,2025-09,24309,0,2025-07,1,2,101.0,1.0,4.0,0.0,106.0,17.0,10366.0,10.366,10.225738,9.743392,0.096469,0.385877,0.0,2.7059,2.7059,0.6813,0.2742,,2,1,44,51,control,,0
172,fantahund/VoxelMap,2025-10,24310,0,2025-07,1,3,101.0,1.0,4.0,0.0,106.0,17.0,10374.0,10.374,10.217852,9.735878,0.096395,0.385579,0.0,2.7059,2.7059,0.6813,0.2742,,39,4,44,51,control,,0
172,fantahund/VoxelMap,2025-11,24311,0,2025-07,1,4,105.0,1.0,3.0,0.0,109.0,17.0,10632.0,10.632,10.252069,9.875847,0.094056,0.282167,0.0,2.6471,2.6471,0.6807,0.2696,,6,4,44,51,control,,0
172,fantahund/VoxelMap,2025-12,24312,0,2025-07,1,5,106.0,1.0,5.0,0.0,112.0,17.0,10672.0,10.672,10.494753,9.932534,0.093703,0.468516,0.0,2.7647,2.7647,0.6572,0.2503,,10,1,44,51,control,,0
172,fantahund/VoxelMap,2026-01,24313,0,2025-07,1,6,106.0,1.0,5.0,0.0,112.0,17.0,10692.0,10.692,10.475122,9.913954,0.093528,0.467639,0.0,2.7647,2.7647,0.6572,0.2503,,47,4,44,51,control,,0
173,modlix-india/nocode-saas,2025-06,24306,1,2025-12,0,-6,306.0,6.0,7.0,0.0,319.0,205.0,46456.0,46.456,6.866713,6.586878,0.129154,0.15068,0.0,4.3171,4.3171,0.4776,0.4322,,247,5,9,43,cursor,file_add,2
173,modlix-india/nocode-saas,2025-07,24307,1,2025-12,0,-5,342.0,7.0,4.0,0.0,353.0,217.0,51369.0,51.369,6.871849,6.657712,0.136269,0.077868,0.0,4.6544,4.6544,0.4774,0.4391,,308,8,9,43,cursor,file_add,2
173,modlix-india/nocode-saas,2025-08,24308,1,2025-12,0,-4,346.0,6.0,7.0,0.0,359.0,218.0,53228.0,53.228,6.744571,6.500338,0.112723,0.13151,0.0,4.6651,4.6651,0.4804,0.4395,,301,7,9,43,cursor,file_add,2
173,modlix-india/nocode-saas,2025-09,24309,1,2025-12,0,-3,457.0,16.0,14.0,0.0,487.0,381.0,69158.0,69.158,7.041846,6.608057,0.231354,0.202435,0.0,5.0814,5.0814,0.526,0.4243,,378,5,9,43,cursor,file_add,2
173,modlix-india/nocode-saas,2025-10,24310,1,2025-12,0,-2,442.0,18.0,15.0,0.0,475.0,431.0,76474.0,76.474,6.211261,5.779742,0.235374,0.196145,0.0,4.7123,4.7123,0.5215,0.4308,,273,6,9,43,cursor,file_add,2
173,modlix-india/nocode-saas,2025-11,24311,1,2025-12,0,-1,498.0,18.0,21.0,0.0,537.0,452.0,82847.0,82.847,6.481828,6.011081,0.217268,0.253479,0.0,4.7633,4.7633,0.5242,0.4317,,295,6,9,43,cursor,file_add,2
173,modlix-india/nocode-saas,2025-12,24312,1,2025-12,1,0,515.0,21.0,17.0,0.0,553.0,456.0,83593.0,83.593,6.615386,6.160803,0.251217,0.203366,0.0,4.8794,4.8794,0.5238,0.4272,,389,10,9,43,cursor,file_add,2
173,modlix-india/nocode-saas,2026-01,24313,1,2025-12,1,1,523.0,21.0,7.0,0.0,551.0,466.0,88426.0,88.426,6.231199,5.91455,0.237487,0.079162,0.0,4.9399,4.9399,0.5213,0.427,,285,7,9,43,cursor,file_add,2
173,modlix-india/nocode-saas,2026-02,24314,1,2025-12,1,2,,,,,,,,,,,,,,,,,,,156,8,9,43,cursor,file_add,2
173,modlix-india/nocode-saas,2026-03,24315,1,2025-12,1,3,,,,,,,,,,,,,,,,,,,31,3,9,43,cursor,file_add,2
173,modlix-india/nocode-saas,2026-04,24316,1,2025-12,1,4,546.0,21.0,17.0,3.0,587.0,483.0,132543.0,132.543,4.428751,4.119418,0.158439,0.12826,0.022634,5.0518,5.0518,0.5261,0.4209,,0,0,9,43,cursor,file_add,2
173,modlix-india/nocode-saas,2026-05,24317,1,2025-12,1,5,546.0,21.0,17.0,3.0,587.0,483.0,132543.0,132.543,4.428751,4.119418,0.158439,0.12826,0.022634,5.0518,5.0518,0.5261,0.4209,,0,0,9,43,cursor,file_add,2
173,modlix-india/nocode-saas,2026-06,24318,1,2025-12,1,6,,,,,,,,,,,,,,,,,,,0,0,9,43,cursor,file_add,2
174,koupleless/runtime,2025-06,24306,0,2025-12,0,-6,30.0,4.0,5.0,0.0,39.0,116.0,12814.0,12.814,3.043546,2.341189,0.312159,0.390198,0.0,2.8103,2.8103,0.5697,0.3849,,0,0,20,24,control,,0
174,koupleless/runtime,2025-07,24307,0,2025-12,0,-5,30.0,4.0,5.0,0.0,39.0,116.0,12814.0,12.814,3.043546,2.341189,0.312159,0.390198,0.0,2.8103,2.8103,0.5697,0.3849,,0,0,20,24,control,,0
174,koupleless/runtime,2025-08,24308,0,2025-12,0,-4,30.0,4.0,5.0,0.0,39.0,116.0,12814.0,12.814,3.043546,2.341189,0.312159,0.390198,0.0,2.8103,2.8103,0.5697,0.3849,,2,1,20,24,control,,0
174,koupleless/runtime,2025-09,24309,0,2025-12,0,-3,30.0,4.0,5.0,0.0,39.0,116.0,12814.0,12.814,3.043546,2.341189,0.312159,0.390198,0.0,2.8103,2.8103,0.5697,0.3849,,5,2,20,24,control,,0
174,koupleless/runtime,2025-10,24310,0,2025-12,0,-2,30.0,4.0,5.0,0.0,39.0,116.0,13000.0,13.0,3.0,2.307692,0.307692,0.384615,0.0,2.819,2.819,0.5687,0.386,,0,0,20,24,control,,0
174,koupleless/runtime,2025-11,24311,0,2025-12,0,-1,30.0,4.0,5.0,0.0,39.0,116.0,13000.0,13.0,3.0,2.307692,0.307692,0.384615,0.0,2.819,2.819,0.5687,0.386,,0,0,20,24,control,,0
174,koupleless/runtime,2025-12,24312,0,2025-12,1,0,30.0,4.0,5.0,0.0,39.0,116.0,13000.0,13.0,3.0,2.307692,0.307692,0.384615,0.0,2.819,2.819,0.5687,0.386,,0,0,20,24,control,,0
174,koupleless/runtime,2026-01,24313,0,2025-12,1,1,30.0,4.0,5.0,0.0,39.0,116.0,13000.0,13.0,3.0,2.307692,0.307692,0.384615,0.0,2.819,2.819,0.5687,0.386,,0,0,20,24,control,,0
174,koupleless/runtime,2026-02,24314,0,2025-12,1,2,30.0,4.0,5.0,0.0,39.0,116.0,13000.0,13.0,3.0,2.307692,0.307692,0.384615,0.0,2.819,2.819,0.5687,0.386,,0,0,20,24,control,,0
174,koupleless/runtime,2026-03,24315,0,2025-12,1,3,30.0,4.0,5.0,0.0,39.0,116.0,13000.0,13.0,3.0,2.307692,0.307692,0.384615,0.0,2.819,2.819,0.5687,0.386,,0,0,20,24,control,,0
174,koupleless/runtime,2026-04,24316,0,2025-12,1,4,30.0,4.0,5.0,0.0,39.0,116.0,13000.0,13.0,3.0,2.307692,0.307692,0.384615,0.0,2.819,2.819,0.5687,0.386,,0,0,20,24,control,,0
174,koupleless/runtime,2026-05,24317,0,2025-12,1,5,30.0,4.0,5.0,0.0,39.0,116.0,13000.0,13.0,3.0,2.307692,0.307692,0.384615,0.0,2.819,2.819,0.5687,0.386,,0,0,20,24,control,,0
174,koupleless/runtime,2026-06,24318,0,2025-12,1,6,30.0,4.0,5.0,0.0,39.0,116.0,13000.0,13.0,3.0,2.307692,0.307692,0.384615,0.0,2.819,2.819,0.5687,0.386,,0,0,20,24,control,,0
175,plantuml/plantuml,2025-06,24306,1,2025-12,0,-6,,,,,,,,,,,,,,,,,,,75,10,12766,184,copilot,commit_pattern,5
175,plantuml/plantuml,2025-07,24307,1,2025-12,0,-5,,,,,,,,,,,,,,,,,,,20,4,12766,184,copilot,commit_pattern,5
175,plantuml/plantuml,2025-08,24308,1,2025-12,0,-4,5729.0,12.0,5.0,1.0,5747.0,263.0,189177.0,189.177,30.378957,30.283808,0.063433,0.02643,0.005286,9.8099,9.8099,0.6508,0.2804,,44,4,12766,184,copilot,commit_pattern,5
175,plantuml/plantuml,2025-09,24309,1,2025-12,0,-3,,,,,,,,,,,,,,,,,,,47,5,12766,184,copilot,commit_pattern,5
175,plantuml/plantuml,2025-10,24310,1,2025-12,0,-2,,,,,,,,,,,,,,,,,,,41,6,12766,184,copilot,commit_pattern,5
175,plantuml/plantuml,2025-11,24311,1,2025-12,0,-1,4752.0,12.0,11.0,1.0,4776.0,269.0,192924.0,192.924,24.755862,24.631461,0.062201,0.057017,0.005183,9.7621,9.7621,0.6492,0.2833,,48,8,12766,184,copilot,commit_pattern,5
175,plantuml/plantuml,2025-12,24312,1,2025-12,1,0,,,,,,,,,,,,,,,,,,,27,5,12766,184,copilot,commit_pattern,5
175,plantuml/plantuml,2026-01,24313,1,2025-12,1,1,4771.0,12.0,11.0,1.0,4795.0,272.0,195788.0,195.788,24.490776,24.368194,0.061291,0.056183,0.005108,9.8934,9.8934,0.6487,0.2845,,49,6,12766,184,copilot,commit_pattern,5
175,plantuml/plantuml,2026-02,24314,1,2025-12,1,2,4802.0,13.0,11.0,1.0,4827.0,274.0,198150.0,198.15,24.360333,24.234166,0.065607,0.055513,0.005047,9.9307,9.9307,0.6502,0.2841,,101,6,12766,184,copilot,commit_pattern,5
175,plantuml/plantuml,2026-03,24315,1,2025-12,1,3,5101.0,14.0,9.0,1.0,5125.0,277.0,201326.0,201.326,25.456225,25.337016,0.069539,0.044704,0.004967,10.2635,10.2635,0.6499,0.2833,,37,5,12766,184,copilot,commit_pattern,5
175,plantuml/plantuml,2026-04,24316,1,2025-12,1,4,5060.0,16.0,11.0,1.0,5088.0,273.0,201171.0,201.171,25.291916,25.152731,0.079534,0.05468,0.004971,10.2821,10.2821,0.6499,0.2825,,0,0,12766,184,copilot,commit_pattern,5
175,plantuml/plantuml,2026-05,24317,1,2025-12,1,5,,,,,,,,,,,,,,,,,,,0,0,12766,184,copilot,commit_pattern,5
175,plantuml/plantuml,2026-06,24318,1,2025-12,1,6,,,,,,,,,,,,,,,,,,,0,0,12766,184,copilot,commit_pattern,5
176,oshi/oshi,2025-06,24306,0,2025-12,0,-6,,,,,,,,,,,,,,,,,,,16,4,5192,169,control,,0
176,oshi/oshi,2025-07,24307,0,2025-12,0,-5,,,,,,,,,,,,,,,,,,,13,6,5192,169,control,,0
176,oshi/oshi,2025-08,24308,0,2025-12,0,-4,,,,,,,,,,,,,,,,,,,22,5,5192,169,control,,0
176,oshi/oshi,2025-09,24309,0,2025-12,0,-3,,,,,,,,,,,,,,,,,,,31,6,5192,169,control,,0
176,oshi/oshi,2025-10,24310,0,2025-12,0,-2,,,,,,,,,,,,,,,,,,,25,6,5192,169,control,,0
176,oshi/oshi,2025-11,24311,0,2025-12,0,-1,,,,,,,,,,,,,,,,,,,12,2,5192,169,control,,0
176,oshi/oshi,2025-12,24312,0,2025-12,1,0,,,,,,,,,,,,,,,,,,,18,4,5192,169,control,,0
176,oshi/oshi,2026-01,24313,0,2025-12,1,1,,,,,,,,,,,,,,,,,,,26,4,5192,169,control,,0
176,oshi/oshi,2026-02,24314,0,2025-12,1,2,,,,,,,,,,,,,,,,,,,13,2,5192,169,control,,0
176,oshi/oshi,2026-03,24315,0,2025-12,1,3,,,,,,,,,,,,,,,,,,,6,3,5192,169,control,,0
176,oshi/oshi,2026-04,24316,0,2025-12,1,4,,,,,,,,,,,,,,,,,,,0,0,5192,169,control,,0
176,oshi/oshi,2026-05,24317,0,2025-12,1,5,,,,,,,,,,,,,,,,,,,0,0,5192,169,control,,0
176,oshi/oshi,2026-06,24318,0,2025-12,1,6,,,,,,,,,,,,,,,,,,,0,0,5192,169,control,,0
177,MindsIgnited/continuum-framework,2025-02,24302,1,2025-08,0,-6,36.0,0.0,2.0,0.0,38.0,77.0,9030.0,9.03,4.208195,3.986711,0.0,0.221484,0.0,2.5714,2.5714,0.659,0.2439,,7,1,7,56,cursor,file_add,1
177,MindsIgnited/continuum-framework,2025-03,24303,1,2025-08,0,-5,36.0,0.0,2.0,0.0,38.0,77.0,9028.0,9.028,4.209127,3.987594,0.0,0.221533,0.0,2.5714,2.5714,0.659,0.2439,,15,2,7,56,cursor,file_add,1
177,MindsIgnited/continuum-framework,2025-04,24304,1,2025-08,0,-4,36.0,0.0,2.0,0.0,38.0,77.0,9049.0,9.049,4.199359,3.97834,0.0,0.221019,0.0,2.5714,2.5714,0.659,0.2439,,6,1,7,56,cursor,file_add,1
177,MindsIgnited/continuum-framework,2025-05,24305,1,2025-08,0,-3,36.0,0.0,2.0,0.0,38.0,77.0,9049.0,9.049,4.199359,3.97834,0.0,0.221019,0.0,2.5714,2.5714,0.659,0.2439,,5,1,7,56,cursor,file_add,1
177,MindsIgnited/continuum-framework,2025-06,24306,1,2025-08,0,-2,36.0,0.0,2.0,0.0,38.0,77.0,9061.0,9.061,4.193798,3.973071,0.0,0.220726,0.0,2.5584,2.5584,0.6602,0.2427,,0,0,7,56,cursor,file_add,1
177,MindsIgnited/continuum-framework,2025-07,24307,1,2025-08,0,-1,36.0,0.0,2.0,0.0,38.0,77.0,9061.0,9.061,4.193798,3.973071,0.0,0.220726,0.0,2.5584,2.5584,0.6602,0.2427,,0,0,7,56,cursor,file_add,1
177,MindsIgnited/continuum-framework,2025-08,24308,1,2025-08,1,0,36.0,0.0,2.0,0.0,38.0,77.0,9061.0,9.061,4.193798,3.973071,0.0,0.220726,0.0,2.5584,2.5584,0.6602,0.2427,,19,3,7,56,cursor,file_add,1
177,MindsIgnited/continuum-framework,2025-09,24309,1,2025-08,1,1,36.0,0.0,2.0,0.0,38.0,78.0,9066.0,9.066,4.191485,3.97088,0.0,0.220604,0.0,2.4872,2.4872,0.6518,0.2397,,17,3,7,56,cursor,file_add,1
177,MindsIgnited/continuum-framework,2025-10,24310,1,2025-08,1,2,36.0,0.0,2.0,0.0,38.0,78.0,9069.0,9.069,4.190098,3.969567,0.0,0.220531,0.0,2.4872,2.4872,0.6518,0.2397,,10,1,7,56,cursor,file_add,1
177,MindsIgnited/continuum-framework,2025-11,24311,1,2025-08,1,3,36.0,0.0,2.0,0.0,38.0,78.0,9074.0,9.074,4.187789,3.967379,0.0,0.22041,0.0,2.4872,2.4872,0.6518,0.2397,,10,1,7,56,cursor,file_add,1
177,MindsIgnited/continuum-framework,2025-12,24312,1,2025-08,1,4,36.0,0.0,2.0,0.0,38.0,78.0,9198.0,9.198,4.131333,3.913894,0.0,0.217439,0.0,2.4872,2.4872,0.6521,0.2436,,12,2,7,56,cursor,file_add,1
177,MindsIgnited/continuum-framework,2026-01,24313,1,2025-08,1,5,35.0,0.0,4.0,0.0,39.0,71.0,8687.0,8.687,4.489467,4.029009,0.0,0.460458,0.0,2.507,2.507,0.6213,0.2708,,46,3,7,56,cursor,file_add,1
177,MindsIgnited/continuum-framework,2026-02,24314,1,2025-08,1,6,35.0,0.0,4.0,0.0,39.0,71.0,8701.0,8.701,4.482243,4.022526,0.0,0.459717,0.0,2.507,2.507,0.6213,0.2708,,7,1,7,56,cursor,file_add,1
178,css4j/css4j,2025-02,24302,0,2025-08,0,-6,,,,,,,,,,,,,,,,,,,19,1,20,80,control,,0
178,css4j/css4j,2025-03,24303,0,2025-08,0,-5,,,,,,,,,,,,,,,,,,,27,1,20,80,control,,0
178,css4j/css4j,2025-04,24304,0,2025-08,0,-4,,,,,,,,,,,,,,,,,,,17,1,20,80,control,,0
178,css4j/css4j,2025-05,24305,0,2025-08,0,-3,,,,,,,,,,,,,,,,,,,47,1,20,80,control,,0
178,css4j/css4j,2025-06,24306,0,2025-08,0,-2,,,,,,,,,,,,,,,,,,,29,1,20,80,control,,0
178,css4j/css4j,2025-07,24307,0,2025-08,0,-1,,,,,,,,,,,,,,,,,,,4,1,20,80,control,,0
178,css4j/css4j,2025-08,24308,0,2025-08,1,0,,,,,,,,,,,,,,,,,,,6,1,20,80,control,,0
178,css4j/css4j,2025-09,24309,0,2025-08,1,1,,,,,,,,,,,,,,,,,,,2,1,20,80,control,,0
178,css4j/css4j,2025-10,24310,0,2025-08,1,2,,,,,,,,,,,,,,,,,,,10,2,20,80,control,,0
178,css4j/css4j,2025-11,24311,0,2025-08,1,3,,,,,,,,,,,,,,,,,,,4,1,20,80,control,,0
178,css4j/css4j,2025-12,24312,0,2025-08,1,4,,,,,,,,,,,,,,,,,,,6,1,20,80,control,,0
178,css4j/css4j,2026-01,24313,0,2025-08,1,5,,,,,,,,,,,,,,,,,,,3,1,20,80,control,,0
178,css4j/css4j,2026-02,24314,0,2025-08,1,6,,,,,,,,,,,,,,,,,,,1,1,20,80,control,,0
179,hmcts/finrem-case-orchestration-service,2025-02,24302,1,2025-08,0,-6,262.0,4.0,10.0,1.0,277.0,196.0,115929.0,115.929,2.389394,2.260004,0.034504,0.08626,0.008626,5.6633,5.6633,0.6462,0.3254,,51,6,8,91,copilot,file_add,1
179,hmcts/finrem-case-orchestration-service,2025-03,24303,1,2025-08,0,-5,268.0,3.0,10.0,1.0,282.0,198.0,117492.0,117.492,2.400163,2.281006,0.025534,0.085112,0.008511,5.7525,5.7525,0.642,0.3296,,48,6,8,91,copilot,file_add,1
179,hmcts/finrem-case-orchestration-service,2025-04,24304,1,2025-08,0,-4,,,,,,,,,,,,,,,,,,,34,7,8,91,copilot,file_add,1
179,hmcts/finrem-case-orchestration-service,2025-05,24305,1,2025-08,0,-3,,,,,,,,,,,,,,,,,,,43,5,8,91,copilot,file_add,1
179,hmcts/finrem-case-orchestration-service,2025-06,24306,1,2025-08,0,-2,,,,,,,,,,,,,,,,,,,55,6,8,91,copilot,file_add,1
179,hmcts/finrem-case-orchestration-service,2025-07,24307,1,2025-08,0,-1,288.0,3.0,10.0,2.0,303.0,210.0,125275.0,125.275,2.418679,2.298942,0.023947,0.079824,0.015965,5.9667,5.9667,0.6402,0.3329,,72,7,8,91,copilot,file_add,1
179,hmcts/finrem-case-orchestration-service,2025-08,24308,1,2025-08,1,0,293.0,5.0,9.0,2.0,309.0,213.0,128212.0,128.212,2.410071,2.285278,0.038998,0.070196,0.015599,6.1315,6.1315,0.6445,0.329,,52,7,8,91,copilot,file_add,1
179,hmcts/finrem-case-orchestration-service,2025-09,24309,1,2025-08,1,1,282.0,4.0,11.0,2.0,299.0,220.0,129965.0,129.965,2.300619,2.169815,0.030778,0.084638,0.015389,6.2818,6.2818,0.65,0.3239,,75,7,8,91,copilot,file_add,1
179,hmcts/finrem-case-orchestration-service,2025-10,24310,1,2025-08,1,2,288.0,4.0,8.0,2.0,302.0,224.0,132668.0,132.668,2.276359,2.170832,0.03015,0.060301,0.015075,6.3348,6.3348,0.6481,0.3263,,47,7,8,91,copilot,file_add,1
179,hmcts/finrem-case-orchestration-service,2025-11,24311,1,2025-08,1,3,293.0,5.0,13.0,1.0,312.0,225.0,133964.0,133.964,2.328984,2.187155,0.037323,0.097041,0.007465,6.3778,6.3778,0.6458,0.3287,,42,7,8,91,copilot,file_add,1
179,hmcts/finrem-case-orchestration-service,2025-12,24312,1,2025-08,1,4,239.0,4.0,10.0,3.0,256.0,225.0,133107.0,133.107,1.923265,1.795548,0.030051,0.075128,0.022538,6.3467,6.3467,0.6435,0.331,,26,5,8,91,copilot,file_add,1
179,hmcts/finrem-case-orchestration-service,2026-01,24313,1,2025-08,1,5,243.0,4.0,11.0,1.0,259.0,226.0,134176.0,134.176,1.930301,1.811054,0.029812,0.081982,0.007453,6.4381,6.4381,0.6419,0.3319,,37,6,8,91,copilot,file_add,1
179,hmcts/finrem-case-orchestration-service,2026-02,24314,1,2025-08,1,6,,,,,,,,,,,,,,,,,,,35,8,8,91,copilot,file_add,1
180,ManaZeak/ManaZeak,2025-02,24302,0,2025-08,0,-6,89.0,9.0,4.0,0.0,102.0,221.0,10492.0,10.492,9.721693,8.482653,0.857796,0.381243,0.0,4.3348,4.3348,0.6048,0.3276,,0,0,20,102,control,,0
180,ManaZeak/ManaZeak,2025-03,24303,0,2025-08,0,-5,89.0,9.0,4.0,0.0,102.0,221.0,10492.0,10.492,9.721693,8.482653,0.857796,0.381243,0.0,4.3348,4.3348,0.6048,0.3276,,0,0,20,102,control,,0
180,ManaZeak/ManaZeak,2025-04,24304,0,2025-08,0,-4,89.0,9.0,4.0,0.0,102.0,221.0,10492.0,10.492,9.721693,8.482653,0.857796,0.381243,0.0,4.3348,4.3348,0.6048,0.3276,,0,0,20,102,control,,0
180,ManaZeak/ManaZeak,2025-05,24305,0,2025-08,0,-3,89.0,9.0,4.0,0.0,102.0,221.0,10492.0,10.492,9.721693,8.482653,0.857796,0.381243,0.0,4.3348,4.3348,0.6048,0.3276,,2,1,20,102,control,,0
180,ManaZeak/ManaZeak,2025-06,24306,0,2025-08,0,-2,89.0,9.0,4.0,0.0,102.0,221.0,10492.0,10.492,9.721693,8.482653,0.857796,0.381243,0.0,4.3348,4.3348,0.6048,0.3276,,0,0,20,102,control,,0
180,ManaZeak/ManaZeak,2025-07,24307,0,2025-08,0,-1,89.0,9.0,4.0,0.0,102.0,221.0,10492.0,10.492,9.721693,8.482653,0.857796,0.381243,0.0,4.3348,4.3348,0.6048,0.3276,,0,0,20,102,control,,0
180,ManaZeak/ManaZeak,2025-08,24308,0,2025-08,1,0,89.0,9.0,4.0,0.0,102.0,221.0,10492.0,10.492,9.721693,8.482653,0.857796,0.381243,0.0,4.3348,4.3348,0.6048,0.3276,,0,0,20,102,control,,0
180,ManaZeak/ManaZeak,2025-09,24309,0,2025-08,1,1,89.0,9.0,4.0,0.0,102.0,221.0,10492.0,10.492,9.721693,8.482653,0.857796,0.381243,0.0,4.3348,4.3348,0.6048,0.3276,,0,0,20,102,control,,0
180,ManaZeak/ManaZeak,2025-10,24310,0,2025-08,1,2,89.0,9.0,4.0,0.0,102.0,221.0,10492.0,10.492,9.721693,8.482653,0.857796,0.381243,0.0,4.3348,4.3348,0.6048,0.3276,,0,0,20,102,control,,0
180,ManaZeak/ManaZeak,2025-11,24311,0,2025-08,1,3,89.0,9.0,4.0,0.0,102.0,221.0,10492.0,10.492,9.721693,8.482653,0.857796,0.381243,0.0,4.3348,4.3348,0.6048,0.3276,,0,0,20,102,control,,0
180,ManaZeak/ManaZeak,2025-12,24312,0,2025-08,1,4,89.0,9.0,4.0,0.0,102.0,221.0,10492.0,10.492,9.721693,8.482653,0.857796,0.381243,0.0,4.3348,4.3348,0.6048,0.3276,,11,2,20,102,control,,0
180,ManaZeak/ManaZeak,2026-01,24313,0,2025-08,1,5,89.0,9.0,4.0,0.0,102.0,221.0,10491.0,10.491,9.722619,8.483462,0.857878,0.381279,0.0,4.3303,4.3303,0.6047,0.3277,,0,0,20,102,control,,0
180,ManaZeak/ManaZeak,2026-02,24314,0,2025-08,1,6,89.0,9.0,4.0,0.0,102.0,221.0,10491.0,10.491,9.722619,8.483462,0.857878,0.381279,0.0,4.3303,4.3303,0.6047,0.3277,,0,0,20,102,control,,0
