repo_id,repo_name,month,month_id,is_treatment,first_treat_month,post,time_to_event,cd_count,ud_count,hl_count,gc_count,total_smells,num_packages,loc,kloc,asd,cd_density,ud_density,hl_density,gc_density,ce_mean,ca_mean,instability_mean,distance_mean,modularity_q,monthly_commits,monthly_contributors,stars,repo_age_months,tool_type,adoption_signal,total_ai_events
1,devonfw/IDEasy,2025-01,24301,1,2025-07,0,-6,181.0,4.0,3.0,0.0,188.0,78.0,15274.0,15.274,12.308498,11.850203,0.261883,0.196412,0.0,6.7179,6.7179,0.6184,0.3074,,64,13,34,30,copilot,file_add,1
1,devonfw/IDEasy,2025-02,24302,1,2025-07,0,-5,216.0,3.0,4.0,0.0,223.0,78.0,16390.0,16.39,13.605857,13.178768,0.183038,0.244051,0.0,6.9359,6.9359,0.6221,0.3032,,53,10,34,30,copilot,file_add,1
1,devonfw/IDEasy,2025-03,24303,1,2025-07,0,-4,302.0,4.0,2.0,0.0,308.0,80.0,17622.0,17.622,17.478152,17.137669,0.226989,0.113494,0.0,7.0125,7.0125,0.6256,0.2997,,57,13,34,30,copilot,file_add,1
1,devonfw/IDEasy,2025-04,24304,1,2025-07,0,-3,153.0,2.0,3.0,0.0,158.0,109.0,18046.0,18.046,8.755403,8.478333,0.110828,0.166242,0.0,5.2844,5.2844,0.6681,0.2744,,44,11,34,30,copilot,file_add,1
1,devonfw/IDEasy,2025-05,24305,1,2025-07,0,-2,158.0,2.0,3.0,0.0,163.0,111.0,18531.0,18.531,8.796071,8.526253,0.107927,0.161891,0.0,5.3423,5.3423,0.6679,0.2752,,34,11,34,30,copilot,file_add,1
1,devonfw/IDEasy,2025-06,24306,1,2025-07,0,-1,154.0,1.0,3.0,0.0,158.0,111.0,18990.0,18.99,8.320169,8.109531,0.052659,0.157978,0.0,5.3874,5.3874,0.6668,0.2761,,38,7,34,30,copilot,file_add,1
1,devonfw/IDEasy,2025-07,24307,1,2025-07,1,0,119.0,2.0,3.0,0.0,124.0,111.0,19435.0,19.435,6.380242,6.122974,0.102907,0.154361,0.0,5.4595,5.4595,0.6662,0.276,,15,6,34,30,copilot,file_add,1
1,devonfw/IDEasy,2025-08,24308,1,2025-07,1,1,120.0,1.0,3.0,0.0,124.0,111.0,19574.0,19.574,6.334934,6.130581,0.051088,0.153265,0.0,5.4775,5.4775,0.6662,0.2758,,23,7,34,30,copilot,file_add,1
1,devonfw/IDEasy,2025-09,24309,1,2025-07,1,2,129.0,4.0,3.0,0.0,136.0,118.0,20862.0,20.862,6.51903,6.183492,0.191736,0.143802,0.0,5.4322,5.4322,0.6847,0.2514,,32,4,34,30,copilot,file_add,1
1,devonfw/IDEasy,2025-10,24310,1,2025-07,1,3,143.0,4.0,3.0,0.0,150.0,121.0,21463.0,21.463,6.988771,6.662629,0.186367,0.139775,0.0,5.4793,5.4793,0.6796,0.2575,,27,5,34,30,copilot,file_add,1
1,devonfw/IDEasy,2025-11,24311,1,2025-07,1,4,147.0,3.0,4.0,0.0,154.0,124.0,21804.0,21.804,7.062924,6.741882,0.137589,0.183453,0.0,5.4919,5.4919,0.6815,0.256,,41,6,34,30,copilot,file_add,1
1,devonfw/IDEasy,2025-12,24312,1,2025-07,1,5,147.0,3.0,1.0,0.0,151.0,125.0,22848.0,22.848,6.608894,6.433824,0.131303,0.043768,0.0,5.464,5.464,0.6812,0.2562,,29,7,34,30,copilot,file_add,1
1,devonfw/IDEasy,2026-01,24313,1,2025-07,1,6,168.0,4.0,2.0,0.0,174.0,126.0,23656.0,23.656,7.355428,7.101792,0.16909,0.084545,0.0,5.6111,5.6111,0.679,0.2576,,43,8,34,30,copilot,file_add,1
2,TerraFirmaGreg-Team/Core-Modern,2025-01,24301,0,2025-07,0,-6,5.0,0.0,1.0,0.0,6.0,37.0,2795.0,2.795,2.146691,1.788909,0.0,0.357782,0.0,1.0541,1.0541,0.5025,0.4029,,3,2,20,32,control,,0
2,TerraFirmaGreg-Team/Core-Modern,2025-02,24302,0,2025-07,0,-5,5.0,0.0,1.0,0.0,6.0,37.0,2795.0,2.795,2.146691,1.788909,0.0,0.357782,0.0,1.0541,1.0541,0.5025,0.4029,,4,3,20,32,control,,0
2,TerraFirmaGreg-Team/Core-Modern,2025-03,24303,0,2025-07,0,-4,5.0,0.0,1.0,0.0,6.0,37.0,2734.0,2.734,2.194587,1.828822,0.0,0.365764,0.0,1.0541,1.0541,0.5025,0.4029,,0,0,20,32,control,,0
2,TerraFirmaGreg-Team/Core-Modern,2025-04,24304,0,2025-07,0,-3,5.0,0.0,1.0,0.0,6.0,37.0,2734.0,2.734,2.194587,1.828822,0.0,0.365764,0.0,1.0541,1.0541,0.5025,0.4029,,58,7,20,32,control,,0
2,TerraFirmaGreg-Team/Core-Modern,2025-05,24305,0,2025-07,0,-2,5.0,0.0,1.0,0.0,6.0,41.0,2658.0,2.658,2.257336,1.881114,0.0,0.376223,0.0,1.2195,1.2195,0.4907,0.5215,,61,9,20,32,control,,0
2,TerraFirmaGreg-Team/Core-Modern,2025-06,24306,0,2025-07,0,-1,4.0,0.0,1.0,0.0,5.0,42.0,2808.0,2.808,1.780627,1.424501,0.0,0.356125,0.0,1.2381,1.2381,0.487,0.5103,,120,9,20,32,control,,0
2,TerraFirmaGreg-Team/Core-Modern,2025-07,24307,0,2025-07,1,0,6.0,1.0,2.0,0.0,9.0,57.0,5590.0,5.59,1.610018,1.073345,0.178891,0.357782,0.0,1.4737,1.4737,0.4919,0.4843,,124,8,20,32,control,,0
2,TerraFirmaGreg-Team/Core-Modern,2025-08,24308,0,2025-07,1,1,8.0,0.0,3.0,0.0,11.0,59.0,6624.0,6.624,1.660628,1.207729,0.0,0.452899,0.0,1.5763,1.5763,0.4862,0.489,,135,9,20,32,control,,0
2,TerraFirmaGreg-Team/Core-Modern,2025-09,24309,0,2025-07,1,2,31.0,1.0,2.0,0.0,34.0,77.0,10453.0,10.453,3.252655,2.965656,0.095666,0.191333,0.0,2.1429,2.1429,0.5157,0.4753,,128,11,20,32,control,,0
2,TerraFirmaGreg-Team/Core-Modern,2025-10,24310,0,2025-07,1,3,10.0,1.0,3.0,0.0,14.0,79.0,12741.0,12.741,1.098815,0.784868,0.078487,0.23546,0.0,2.038,2.038,0.5304,0.486,,80,7,20,32,control,,0
2,TerraFirmaGreg-Team/Core-Modern,2025-11,24311,0,2025-07,1,4,12.0,1.0,1.0,0.0,14.0,82.0,14477.0,14.477,0.967051,0.828901,0.069075,0.069075,0.0,2.1585,2.1585,0.5448,0.4744,,28,8,20,32,control,,0
2,TerraFirmaGreg-Team/Core-Modern,2025-12,24312,0,2025-07,1,5,12.0,3.0,1.0,0.0,16.0,88.0,15500.0,15.5,1.032258,0.774194,0.193548,0.064516,0.0,2.3523,2.3523,0.5523,0.4644,,79,8,20,32,control,,0
2,TerraFirmaGreg-Team/Core-Modern,2026-01,24313,0,2025-07,1,6,15.0,1.0,1.0,0.0,17.0,88.0,16845.0,16.845,1.009202,0.890472,0.059365,0.059365,0.0,2.1705,2.1705,0.5591,0.4698,,97,8,20,32,control,,0
3,TrueLayer/truelayer-java,2024-12,24300,1,2025-06,0,-6,43.0,1.0,2.0,0.0,46.0,64.0,11460.0,11.46,4.013962,3.752182,0.08726,0.17452,0.0,4.3594,4.3594,0.4865,0.3777,,2,2,10,52,claude_code,commit_pattern,6
3,TrueLayer/truelayer-java,2025-01,24301,1,2025-06,0,-5,43.0,1.0,2.0,0.0,46.0,65.0,11812.0,11.812,3.894345,3.640366,0.08466,0.169319,0.0,4.4,4.4,0.4885,0.3831,,2,1,10,52,claude_code,commit_pattern,6
3,TrueLayer/truelayer-java,2025-02,24302,1,2025-06,0,-4,43.0,1.0,2.0,0.0,46.0,65.0,12141.0,12.141,3.788815,3.541718,0.082366,0.164731,0.0,4.4923,4.4923,0.497,0.3859,,0,0,10,52,claude_code,commit_pattern,6
3,TrueLayer/truelayer-java,2025-03,24303,1,2025-06,0,-3,43.0,1.0,2.0,0.0,46.0,65.0,12141.0,12.141,3.788815,3.541718,0.082366,0.164731,0.0,4.4923,4.4923,0.497,0.3859,,2,1,10,52,claude_code,commit_pattern,6
3,TrueLayer/truelayer-java,2025-04,24304,1,2025-06,0,-2,43.0,1.0,2.0,0.0,46.0,65.0,12217.0,12.217,3.765245,3.519686,0.081853,0.163706,0.0,4.4923,4.4923,0.497,0.3874,,1,1,10,52,claude_code,commit_pattern,6
3,TrueLayer/truelayer-java,2025-05,24305,1,2025-06,0,-1,43.0,1.0,2.0,0.0,46.0,65.0,12230.0,12.23,3.761243,3.515944,0.081766,0.163532,0.0,4.4923,4.4923,0.497,0.3874,,0,0,10,52,claude_code,commit_pattern,6
3,TrueLayer/truelayer-java,2025-06,24306,1,2025-06,1,0,43.0,1.0,2.0,0.0,46.0,65.0,12230.0,12.23,3.761243,3.515944,0.081766,0.163532,0.0,4.4923,4.4923,0.497,0.3874,,3,2,10,52,claude_code,commit_pattern,6
3,TrueLayer/truelayer-java,2025-07,24307,1,2025-06,1,1,45.0,2.0,2.0,0.0,49.0,66.0,12537.0,12.537,3.908431,3.589375,0.159528,0.159528,0.0,4.5152,4.5152,0.4943,0.3883,,0,0,10,52,claude_code,commit_pattern,6
3,TrueLayer/truelayer-java,2025-08,24308,1,2025-06,1,2,45.0,2.0,2.0,0.0,49.0,66.0,12537.0,12.537,3.908431,3.589375,0.159528,0.159528,0.0,4.5152,4.5152,0.4943,0.3883,,3,2,10,52,claude_code,commit_pattern,6
3,TrueLayer/truelayer-java,2025-09,24309,1,2025-06,1,3,49.0,2.0,2.0,0.0,53.0,66.0,12549.0,12.549,4.223444,3.904694,0.159375,0.159375,0.0,4.5455,4.5455,0.4939,0.3888,,0,0,10,52,claude_code,commit_pattern,6
3,TrueLayer/truelayer-java,2025-10,24310,1,2025-06,1,4,49.0,2.0,2.0,0.0,53.0,66.0,12549.0,12.549,4.223444,3.904694,0.159375,0.159375,0.0,4.5455,4.5455,0.4939,0.3888,,2,2,10,52,claude_code,commit_pattern,6
3,TrueLayer/truelayer-java,2025-11,24311,1,2025-06,1,5,52.0,2.0,2.0,0.0,56.0,67.0,13126.0,13.126,4.266342,3.961603,0.152369,0.152369,0.0,4.597,4.597,0.4942,0.3882,,0,0,10,52,claude_code,commit_pattern,6
3,TrueLayer/truelayer-java,2025-12,24312,1,2025-06,1,6,52.0,2.0,2.0,0.0,56.0,67.0,13126.0,13.126,4.266342,3.961603,0.152369,0.152369,0.0,4.597,4.597,0.4942,0.3882,,0,0,10,52,claude_code,commit_pattern,6
4,anboralabs/ks-explorer,2024-12,24300,0,2025-06,0,-6,6.0,0.0,1.0,0.0,7.0,46.0,12991.0,12.991,0.538835,0.461858,0.0,0.076976,0.0,2.7609,2.7609,0.5861,0.3841,,0,0,20,51,control,,0
4,anboralabs/ks-explorer,2025-01,24301,0,2025-06,0,-5,6.0,0.0,1.0,0.0,7.0,46.0,12991.0,12.991,0.538835,0.461858,0.0,0.076976,0.0,2.7609,2.7609,0.5861,0.3841,,2,1,20,51,control,,0
4,anboralabs/ks-explorer,2025-02,24302,0,2025-06,0,-4,6.0,0.0,1.0,0.0,7.0,46.0,12991.0,12.991,0.538835,0.461858,0.0,0.076976,0.0,2.7609,2.7609,0.5861,0.3841,,0,0,20,51,control,,0
4,anboralabs/ks-explorer,2025-03,24303,0,2025-06,0,-3,6.0,0.0,1.0,0.0,7.0,46.0,12991.0,12.991,0.538835,0.461858,0.0,0.076976,0.0,2.7609,2.7609,0.5861,0.3841,,2,1,20,51,control,,0
4,anboralabs/ks-explorer,2025-04,24304,0,2025-06,0,-2,6.0,0.0,1.0,0.0,7.0,46.0,12991.0,12.991,0.538835,0.461858,0.0,0.076976,0.0,2.7609,2.7609,0.5861,0.3841,,0,0,20,51,control,,0
4,anboralabs/ks-explorer,2025-05,24305,0,2025-06,0,-1,6.0,0.0,1.0,0.0,7.0,46.0,12991.0,12.991,0.538835,0.461858,0.0,0.076976,0.0,2.7609,2.7609,0.5861,0.3841,,2,1,20,51,control,,0
4,anboralabs/ks-explorer,2025-06,24306,0,2025-06,1,0,6.0,0.0,1.0,0.0,7.0,46.0,12991.0,12.991,0.538835,0.461858,0.0,0.076976,0.0,2.7609,2.7609,0.5861,0.3841,,0,0,20,51,control,,0
4,anboralabs/ks-explorer,2025-07,24307,0,2025-06,1,1,6.0,0.0,1.0,0.0,7.0,46.0,12991.0,12.991,0.538835,0.461858,0.0,0.076976,0.0,2.7609,2.7609,0.5861,0.3841,,0,0,20,51,control,,0
4,anboralabs/ks-explorer,2025-08,24308,0,2025-06,1,2,6.0,0.0,1.0,0.0,7.0,46.0,12991.0,12.991,0.538835,0.461858,0.0,0.076976,0.0,2.7609,2.7609,0.5861,0.3841,,6,2,20,51,control,,0
4,anboralabs/ks-explorer,2025-09,24309,0,2025-06,1,3,6.0,0.0,1.0,0.0,7.0,46.0,12991.0,12.991,0.538835,0.461858,0.0,0.076976,0.0,2.7609,2.7609,0.5861,0.3841,,6,2,20,51,control,,0
4,anboralabs/ks-explorer,2025-10,24310,0,2025-06,1,4,6.0,0.0,1.0,0.0,7.0,46.0,12991.0,12.991,0.538835,0.461858,0.0,0.076976,0.0,2.7609,2.7609,0.5861,0.3841,,17,2,20,51,control,,0
4,anboralabs/ks-explorer,2025-11,24311,0,2025-06,1,5,6.0,0.0,1.0,0.0,7.0,46.0,12991.0,12.991,0.538835,0.461858,0.0,0.076976,0.0,2.7609,2.7609,0.5861,0.3841,,10,3,20,51,control,,0
4,anboralabs/ks-explorer,2025-12,24312,0,2025-06,1,6,6.0,0.0,1.0,0.0,7.0,46.0,12991.0,12.991,0.538835,0.461858,0.0,0.076976,0.0,2.7609,2.7609,0.5861,0.3841,,0,0,20,51,control,,0
5,kousen/java_latest,2024-09,24297,1,2025-03,0,-6,0.0,0.0,0.0,0.0,0.0,28.0,1914.0,1.914,0.0,0.0,0.0,0.0,0.0,0.0357,0.0357,0.1429,0.8503,,0,0,126,73,claude_code,commit_pattern,50
5,kousen/java_latest,2024-10,24298,1,2025-03,0,-5,0.0,0.0,0.0,0.0,0.0,28.0,1914.0,1.914,0.0,0.0,0.0,0.0,0.0,0.0357,0.0357,0.1429,0.8503,,0,0,126,73,claude_code,commit_pattern,50
5,kousen/java_latest,2024-11,24299,1,2025-03,0,-4,0.0,0.0,0.0,0.0,0.0,28.0,1914.0,1.914,0.0,0.0,0.0,0.0,0.0,0.0357,0.0357,0.1429,0.8503,,5,1,126,73,claude_code,commit_pattern,50
5,kousen/java_latest,2024-12,24300,1,2025-03,0,-3,0.0,0.0,0.0,0.0,0.0,28.0,1916.0,1.916,0.0,0.0,0.0,0.0,0.0,0.0357,0.0357,0.1429,0.8503,,1,1,126,73,claude_code,commit_pattern,50
5,kousen/java_latest,2025-01,24301,1,2025-03,0,-2,0.0,0.0,0.0,0.0,0.0,28.0,1918.0,1.918,0.0,0.0,0.0,0.0,0.0,0.0357,0.0357,0.1429,0.8503,,2,1,126,73,claude_code,commit_pattern,50
5,kousen/java_latest,2025-02,24302,1,2025-03,0,-1,0.0,0.0,0.0,0.0,0.0,30.0,1925.0,1.925,0.0,0.0,0.0,0.0,0.0,0.0667,0.0667,0.1667,0.8269,,5,1,126,73,claude_code,commit_pattern,50
5,kousen/java_latest,2025-03,24303,1,2025-03,1,0,0.0,0.0,0.0,0.0,0.0,30.0,1985.0,1.985,0.0,0.0,0.0,0.0,0.0,0.0667,0.0667,0.1667,0.8269,,4,1,126,73,claude_code,commit_pattern,50
5,kousen/java_latest,2025-04,24304,1,2025-03,1,1,0.0,0.0,0.0,0.0,0.0,30.0,2203.0,2.203,0.0,0.0,0.0,0.0,0.0,0.0667,0.0667,0.1667,0.8269,,0,0,126,73,claude_code,commit_pattern,50
5,kousen/java_latest,2025-05,24305,1,2025-03,1,2,0.0,0.0,0.0,0.0,0.0,30.0,2203.0,2.203,0.0,0.0,0.0,0.0,0.0,0.0667,0.0667,0.1667,0.8269,,0,0,126,73,claude_code,commit_pattern,50
5,kousen/java_latest,2025-06,24306,1,2025-03,1,3,0.0,0.0,0.0,0.0,0.0,30.0,2203.0,2.203,0.0,0.0,0.0,0.0,0.0,0.0667,0.0667,0.1667,0.8269,,0,0,126,73,claude_code,commit_pattern,50
5,kousen/java_latest,2025-07,24307,1,2025-03,1,4,0.0,0.0,0.0,0.0,0.0,30.0,2203.0,2.203,0.0,0.0,0.0,0.0,0.0,0.0667,0.0667,0.1667,0.8269,,33,1,126,73,claude_code,commit_pattern,50
5,kousen/java_latest,2025-08,24308,1,2025-03,1,5,0.0,0.0,0.0,0.0,0.0,32.0,3547.0,3.547,0.0,0.0,0.0,0.0,0.0,0.0625,0.0625,0.1875,0.8065,,4,1,126,73,claude_code,commit_pattern,50
5,kousen/java_latest,2025-09,24309,1,2025-03,1,6,0.0,0.0,0.0,0.0,0.0,32.0,3548.0,3.548,0.0,0.0,0.0,0.0,0.0,0.0625,0.0625,0.1875,0.8065,,0,0,126,73,claude_code,commit_pattern,50
6,cmu-sei/kaiju,2024-09,24297,0,2025-03,0,-6,44.0,1.0,3.0,0.0,48.0,49.0,14954.0,14.954,3.209844,2.942357,0.066872,0.200615,0.0,3.7143,3.7143,0.5238,0.3892,,2,2,136,61,control,,0
6,cmu-sei/kaiju,2024-10,24298,0,2025-03,0,-5,44.0,1.0,3.0,0.0,48.0,49.0,14954.0,14.954,3.209844,2.942357,0.066872,0.200615,0.0,3.7143,3.7143,0.5238,0.3892,,0,0,136,61,control,,0
6,cmu-sei/kaiju,2024-11,24299,0,2025-03,0,-4,44.0,1.0,3.0,0.0,48.0,49.0,14954.0,14.954,3.209844,2.942357,0.066872,0.200615,0.0,3.7143,3.7143,0.5238,0.3892,,34,4,136,61,control,,0
6,cmu-sei/kaiju,2024-12,24300,0,2025-03,0,-3,44.0,1.0,3.0,0.0,48.0,49.0,14953.0,14.953,3.210058,2.942553,0.066876,0.200629,0.0,3.7143,3.7143,0.5238,0.3892,,8,2,136,61,control,,0
6,cmu-sei/kaiju,2025-01,24301,0,2025-03,0,-2,44.0,1.0,3.0,0.0,48.0,49.0,14953.0,14.953,3.210058,2.942553,0.066876,0.200629,0.0,3.7143,3.7143,0.5238,0.3892,,0,0,136,61,control,,0
6,cmu-sei/kaiju,2025-02,24302,0,2025-03,0,-1,44.0,1.0,3.0,0.0,48.0,49.0,14953.0,14.953,3.210058,2.942553,0.066876,0.200629,0.0,3.7143,3.7143,0.5238,0.3892,,3,2,136,61,control,,0
6,cmu-sei/kaiju,2025-03,24303,0,2025-03,1,0,44.0,1.0,3.0,0.0,48.0,49.0,14953.0,14.953,3.210058,2.942553,0.066876,0.200629,0.0,3.7143,3.7143,0.5238,0.3892,,1,1,136,61,control,,0
6,cmu-sei/kaiju,2025-04,24304,0,2025-03,1,1,44.0,1.0,3.0,0.0,48.0,49.0,14953.0,14.953,3.210058,2.942553,0.066876,0.200629,0.0,3.7143,3.7143,0.5238,0.3892,,3,2,136,61,control,,0
6,cmu-sei/kaiju,2025-05,24305,0,2025-03,1,2,44.0,1.0,3.0,0.0,48.0,49.0,14953.0,14.953,3.210058,2.942553,0.066876,0.200629,0.0,3.7143,3.7143,0.5238,0.3892,,0,0,136,61,control,,0
6,cmu-sei/kaiju,2025-06,24306,0,2025-03,1,3,44.0,1.0,3.0,0.0,48.0,49.0,14953.0,14.953,3.210058,2.942553,0.066876,0.200629,0.0,3.7143,3.7143,0.5238,0.3892,,3,2,136,61,control,,0
6,cmu-sei/kaiju,2025-07,24307,0,2025-03,1,4,44.0,1.0,3.0,0.0,48.0,49.0,14953.0,14.953,3.210058,2.942553,0.066876,0.200629,0.0,3.7143,3.7143,0.5238,0.3892,,2,2,136,61,control,,0
6,cmu-sei/kaiju,2025-08,24308,0,2025-03,1,5,44.0,1.0,3.0,0.0,48.0,49.0,14953.0,14.953,3.210058,2.942553,0.066876,0.200629,0.0,3.7143,3.7143,0.5238,0.3892,,1,1,136,61,control,,0
6,cmu-sei/kaiju,2025-09,24309,0,2025-03,1,6,44.0,1.0,3.0,0.0,48.0,49.0,14953.0,14.953,3.210058,2.942553,0.066876,0.200629,0.0,3.7143,3.7143,0.5238,0.3892,,0,0,136,61,control,,0
7,phax/ph-commons,2025-02,24302,1,2025-08,0,-6,351.0,2.0,8.0,0.0,361.0,235.0,144218.0,144.218,2.503155,2.433815,0.013868,0.055472,0.0,9.0681,9.0681,0.7123,0.2292,,10,1,40,139,claude_code,file_add,3
7,phax/ph-commons,2025-03,24303,1,2025-08,0,-5,351.0,2.0,2.0,0.0,355.0,237.0,145062.0,145.062,2.447229,2.419655,0.013787,0.013787,0.0,9.1181,9.1181,0.7124,0.2274,,4,1,40,139,claude_code,file_add,3
7,phax/ph-commons,2025-04,24304,1,2025-08,0,-4,351.0,2.0,2.0,0.0,355.0,237.0,145087.0,145.087,2.446808,2.419238,0.013785,0.013785,0.0,9.1181,9.1181,0.7124,0.2272,,9,1,40,139,claude_code,file_add,3
7,phax/ph-commons,2025-05,24305,1,2025-08,0,-3,351.0,2.0,2.0,0.0,355.0,237.0,145302.0,145.302,2.443187,2.415658,0.013764,0.013764,0.0,9.135,9.135,0.712,0.2266,,27,1,40,139,claude_code,file_add,3
7,phax/ph-commons,2025-06,24306,1,2025-08,0,-2,352.0,2.0,2.0,0.0,356.0,237.0,145376.0,145.376,2.448822,2.421308,0.013757,0.013757,0.0,9.1477,9.1477,0.712,0.2267,,8,2,40,139,claude_code,file_add,3
7,phax/ph-commons,2025-07,24307,1,2025-08,0,-1,352.0,2.0,2.0,0.0,356.0,237.0,145427.0,145.427,2.447964,2.420458,0.013753,0.013753,0.0,9.1477,9.1477,0.7119,0.2268,,0,0,40,139,claude_code,file_add,3
7,phax/ph-commons,2025-08,24308,1,2025-08,1,0,352.0,2.0,2.0,0.0,356.0,237.0,145427.0,145.427,2.447964,2.420458,0.013753,0.013753,0.0,9.1477,9.1477,0.7119,0.2268,,68,2,40,139,claude_code,file_add,3
7,phax/ph-commons,2025-09,24309,1,2025-08,1,1,107.0,2.0,3.0,0.0,112.0,328.0,153665.0,153.665,0.728858,0.69632,0.013015,0.019523,0.0,9.5091,9.5091,0.7023,0.234,,21,1,40,139,claude_code,file_add,3
7,phax/ph-commons,2025-10,24310,1,2025-08,1,2,107.0,2.0,3.0,0.0,112.0,328.0,153715.0,153.715,0.728621,0.696093,0.013011,0.019517,0.0,9.5122,9.5122,0.7023,0.234,,12,1,40,139,claude_code,file_add,3
7,phax/ph-commons,2025-11,24311,1,2025-08,1,3,107.0,2.0,3.0,0.0,112.0,328.0,153792.0,153.792,0.728256,0.695745,0.013005,0.019507,0.0,9.5122,9.5122,0.7023,0.234,,20,1,40,139,claude_code,file_add,3
7,phax/ph-commons,2025-12,24312,1,2025-08,1,4,110.0,3.0,3.0,0.0,116.0,328.0,153694.0,153.694,0.754746,0.715708,0.019519,0.019519,0.0,9.5335,9.5335,0.703,0.2325,,21,1,40,139,claude_code,file_add,3
7,phax/ph-commons,2026-01,24313,1,2025-08,1,5,110.0,3.0,3.0,0.0,116.0,328.0,153843.0,153.843,0.754015,0.715015,0.0195,0.0195,0.0,9.5305,9.5305,0.703,0.2325,,14,1,40,139,claude_code,file_add,3
7,phax/ph-commons,2026-02,24314,1,2025-08,1,6,110.0,3.0,1.0,0.0,114.0,329.0,153959.0,153.959,0.740457,0.714476,0.019486,0.006495,0.0,9.5106,9.5106,0.704,0.2317,,10,1,40,139,claude_code,file_add,3
8,BenCodez/AdvancedCore,2025-02,24302,0,2025-08,0,-6,57.0,2.0,2.0,0.0,61.0,70.0,12994.0,12.994,4.694474,4.38664,0.153917,0.153917,0.0,3.4143,3.4143,0.4717,0.4704,,17,1,60,115,control,,0
8,BenCodez/AdvancedCore,2025-03,24303,0,2025-08,0,-5,57.0,1.0,3.0,0.0,61.0,71.0,13425.0,13.425,4.543762,4.24581,0.074488,0.223464,0.0,3.4648,3.4648,0.4675,0.4661,,20,2,60,115,control,,0
8,BenCodez/AdvancedCore,2025-04,24304,0,2025-08,0,-4,57.0,1.0,3.0,0.0,61.0,71.0,13443.0,13.443,4.537678,4.240125,0.074388,0.223164,0.0,3.4648,3.4648,0.4675,0.4661,,12,2,60,115,control,,0
8,BenCodez/AdvancedCore,2025-05,24305,0,2025-08,0,-3,57.0,1.0,3.0,0.0,61.0,71.0,13534.0,13.534,4.507167,4.211615,0.073888,0.221664,0.0,3.507,3.507,0.4658,0.4678,,15,1,60,115,control,,0
8,BenCodez/AdvancedCore,2025-06,24306,0,2025-08,0,-2,54.0,1.0,2.0,0.0,57.0,59.0,12211.0,12.211,4.667922,4.422242,0.081893,0.163787,0.0,3.4915,3.4915,0.4891,0.4447,,15,2,60,115,control,,0
8,BenCodez/AdvancedCore,2025-07,24307,0,2025-08,0,-1,54.0,1.0,2.0,0.0,57.0,59.0,12252.0,12.252,4.652302,4.407444,0.081619,0.163239,0.0,3.4915,3.4915,0.4889,0.4449,,11,2,60,115,control,,0
8,BenCodez/AdvancedCore,2025-08,24308,0,2025-08,1,0,54.0,1.0,2.0,0.0,57.0,59.0,12271.0,12.271,4.645098,4.400619,0.081493,0.162986,0.0,3.4915,3.4915,0.4889,0.4449,,12,2,60,115,control,,0
8,BenCodez/AdvancedCore,2025-09,24309,0,2025-08,1,1,54.0,1.0,2.0,0.0,57.0,59.0,12271.0,12.271,4.645098,4.400619,0.081493,0.162986,0.0,3.4915,3.4915,0.4889,0.4449,,6,2,60,115,control,,0
8,BenCodez/AdvancedCore,2025-10,24310,0,2025-08,1,2,54.0,1.0,2.0,0.0,57.0,59.0,12316.0,12.316,4.628126,4.38454,0.081195,0.16239,0.0,3.4915,3.4915,0.4889,0.4449,,21,2,60,115,control,,0
8,BenCodez/AdvancedCore,2025-11,24311,0,2025-08,1,3,54.0,1.0,2.0,0.0,57.0,59.0,12489.0,12.489,4.564016,4.323805,0.08007,0.160141,0.0,3.5254,3.5254,0.5024,0.4315,,9,2,60,115,control,,0
8,BenCodez/AdvancedCore,2025-12,24312,0,2025-08,1,4,54.0,1.0,2.0,0.0,57.0,59.0,12561.0,12.561,4.537855,4.299021,0.079611,0.159223,0.0,3.5254,3.5254,0.5024,0.4315,,14,2,60,115,control,,0
8,BenCodez/AdvancedCore,2026-01,24313,0,2025-08,1,5,54.0,1.0,2.0,0.0,57.0,58.0,12575.0,12.575,4.532803,4.294235,0.079523,0.159046,0.0,3.5345,3.5345,0.5052,0.4275,,29,2,60,115,control,,0
8,BenCodez/AdvancedCore,2026-02,24314,0,2025-08,1,6,53.0,1.0,2.0,0.0,56.0,59.0,12918.0,12.918,4.335036,4.102802,0.077411,0.154823,0.0,3.5085,3.5085,0.5021,0.4326,,36,3,60,115,control,,0
9,4Soft-de/harness-model,2025-02,24302,1,2025-08,0,-6,,,,,,,,,,,,,,,,,,,27,3,9,45,copilot,file_add,2
9,4Soft-de/harness-model,2025-03,24303,1,2025-08,0,-5,,,,,,,,,,,,,,,,,,,37,4,9,45,copilot,file_add,2
9,4Soft-de/harness-model,2025-04,24304,1,2025-08,0,-4,,,,,,,,,,,,,,,,,,,14,2,9,45,copilot,file_add,2
9,4Soft-de/harness-model,2025-05,24305,1,2025-08,0,-3,,,,,,,,,,,,,,,,,,,27,5,9,45,copilot,file_add,2
9,4Soft-de/harness-model,2025-06,24306,1,2025-08,0,-2,,,,,,,,,,,,,,,,,,,6,3,9,45,copilot,file_add,2
9,4Soft-de/harness-model,2025-07,24307,1,2025-08,0,-1,,,,,,,,,,,,,,,,,,,30,4,9,45,copilot,file_add,2
9,4Soft-de/harness-model,2025-08,24308,1,2025-08,1,0,,,,,,,,,,,,,,,,,,,20,3,9,45,copilot,file_add,2
9,4Soft-de/harness-model,2025-09,24309,1,2025-08,1,1,,,,,,,,,,,,,,,,,,,79,6,9,45,copilot,file_add,2
9,4Soft-de/harness-model,2025-10,24310,1,2025-08,1,2,,,,,,,,,,,,,,,,,,,29,4,9,45,copilot,file_add,2
9,4Soft-de/harness-model,2025-11,24311,1,2025-08,1,3,,,,,,,,,,,,,,,,,,,42,6,9,45,copilot,file_add,2
9,4Soft-de/harness-model,2025-12,24312,1,2025-08,1,4,,,,,,,,,,,,,,,,,,,15,3,9,45,copilot,file_add,2
9,4Soft-de/harness-model,2026-01,24313,1,2025-08,1,5,,,,,,,,,,,,,,,,,,,27,2,9,45,copilot,file_add,2
9,4Soft-de/harness-model,2026-02,24314,1,2025-08,1,6,,,,,,,,,,,,,,,,,,,12,3,9,45,copilot,file_add,2
10,ttoklip/BackEnd,2025-02,24302,0,2025-08,0,-6,69.0,4.0,1.0,0.0,74.0,229.0,16542.0,16.542,4.473461,4.171201,0.241809,0.060452,0.0,4.7293,4.7293,0.6799,0.3064,,1,1,19,26,control,,0
10,ttoklip/BackEnd,2025-03,24303,0,2025-08,0,-5,69.0,4.0,1.0,0.0,74.0,229.0,16542.0,16.542,4.473461,4.171201,0.241809,0.060452,0.0,4.7293,4.7293,0.6799,0.3064,,0,0,19,26,control,,0
10,ttoklip/BackEnd,2025-04,24304,0,2025-08,0,-4,69.0,4.0,1.0,0.0,74.0,229.0,16542.0,16.542,4.473461,4.171201,0.241809,0.060452,0.0,4.7293,4.7293,0.6799,0.3064,,0,0,19,26,control,,0
10,ttoklip/BackEnd,2025-05,24305,0,2025-08,0,-3,69.0,4.0,1.0,0.0,74.0,229.0,16542.0,16.542,4.473461,4.171201,0.241809,0.060452,0.0,4.7293,4.7293,0.6799,0.3064,,0,0,19,26,control,,0
10,ttoklip/BackEnd,2025-06,24306,0,2025-08,0,-2,69.0,4.0,1.0,0.0,74.0,229.0,16542.0,16.542,4.473461,4.171201,0.241809,0.060452,0.0,4.7293,4.7293,0.6799,0.3064,,0,0,19,26,control,,0
10,ttoklip/BackEnd,2025-07,24307,0,2025-08,0,-1,69.0,4.0,1.0,0.0,74.0,229.0,16542.0,16.542,4.473461,4.171201,0.241809,0.060452,0.0,4.7293,4.7293,0.6799,0.3064,,0,0,19,26,control,,0
10,ttoklip/BackEnd,2025-08,24308,0,2025-08,1,0,69.0,4.0,1.0,0.0,74.0,229.0,16542.0,16.542,4.473461,4.171201,0.241809,0.060452,0.0,4.7293,4.7293,0.6799,0.3064,,0,0,19,26,control,,0
10,ttoklip/BackEnd,2025-09,24309,0,2025-08,1,1,69.0,4.0,1.0,0.0,74.0,229.0,16542.0,16.542,4.473461,4.171201,0.241809,0.060452,0.0,4.7293,4.7293,0.6799,0.3064,,0,0,19,26,control,,0
10,ttoklip/BackEnd,2025-10,24310,0,2025-08,1,2,69.0,4.0,1.0,0.0,74.0,229.0,16542.0,16.542,4.473461,4.171201,0.241809,0.060452,0.0,4.7293,4.7293,0.6799,0.3064,,0,0,19,26,control,,0
10,ttoklip/BackEnd,2025-11,24311,0,2025-08,1,3,69.0,4.0,1.0,0.0,74.0,229.0,16542.0,16.542,4.473461,4.171201,0.241809,0.060452,0.0,4.7293,4.7293,0.6799,0.3064,,0,0,19,26,control,,0
10,ttoklip/BackEnd,2025-12,24312,0,2025-08,1,4,69.0,4.0,1.0,0.0,74.0,229.0,16542.0,16.542,4.473461,4.171201,0.241809,0.060452,0.0,4.7293,4.7293,0.6799,0.3064,,0,0,19,26,control,,0
10,ttoklip/BackEnd,2026-01,24313,0,2025-08,1,5,69.0,4.0,1.0,0.0,74.0,229.0,16542.0,16.542,4.473461,4.171201,0.241809,0.060452,0.0,4.7293,4.7293,0.6799,0.3064,,0,0,19,26,control,,0
10,ttoklip/BackEnd,2026-02,24314,0,2025-08,1,6,69.0,4.0,1.0,0.0,74.0,229.0,16542.0,16.542,4.473461,4.171201,0.241809,0.060452,0.0,4.7293,4.7293,0.6799,0.3064,,0,0,19,26,control,,0
11,alibaba/spring-ai-alibaba,2024-12,24300,1,2025-06,0,-6,10.0,2.0,2.0,0.0,14.0,92.0,7825.0,7.825,1.789137,1.277955,0.255591,0.255591,0.0,1.4565,1.4565,0.5222,0.4446,,320,39,8644,18,claude_code,commit_pattern,29
11,alibaba/spring-ai-alibaba,2025-01,24301,1,2025-06,0,-5,8.0,1.0,2.0,0.0,11.0,78.0,9133.0,9.133,1.204424,0.875944,0.109493,0.218986,0.0,1.2949,1.2949,0.4729,0.4858,,190,27,8644,18,claude_code,commit_pattern,29
11,alibaba/spring-ai-alibaba,2025-02,24302,1,2025-06,0,-4,8.0,1.0,2.0,0.0,11.0,101.0,12652.0,12.652,0.869428,0.632311,0.079039,0.158078,0.0,1.1386,1.1386,0.464,0.5041,,104,13,8644,18,claude_code,commit_pattern,29
11,alibaba/spring-ai-alibaba,2025-03,24303,1,2025-06,0,-3,4.0,0.0,1.0,0.0,5.0,106.0,16976.0,16.976,0.294533,0.235627,0.0,0.058907,0.0,0.7075,0.7075,0.4469,0.5208,,276,26,8644,18,claude_code,commit_pattern,29
11,alibaba/spring-ai-alibaba,2025-04,24304,1,2025-06,0,-2,17.0,2.0,1.0,0.0,20.0,185.0,28543.0,28.543,0.700697,0.595593,0.07007,0.035035,0.0,1.5892,1.5892,0.462,0.4814,,512,44,8644,18,claude_code,commit_pattern,29
11,alibaba/spring-ai-alibaba,2025-05,24305,1,2025-06,0,-1,25.0,3.0,2.0,0.0,30.0,244.0,35314.0,35.314,0.849521,0.707935,0.084952,0.056635,0.0,1.8525,1.8525,0.5044,0.4482,,380,46,8644,18,claude_code,commit_pattern,29
11,alibaba/spring-ai-alibaba,2025-06,24306,1,2025-06,1,0,33.0,3.0,4.0,0.0,40.0,318.0,48156.0,48.156,0.830634,0.685273,0.062298,0.083063,0.0,2.1509,2.1509,0.5535,0.4055,,211,52,8644,18,claude_code,commit_pattern,29
11,alibaba/spring-ai-alibaba,2025-07,24307,1,2025-06,1,1,,,,,,,,,,,,,,,,,,,252,53,8644,18,claude_code,commit_pattern,29
11,alibaba/spring-ai-alibaba,2025-08,24308,1,2025-06,1,2,,,,,,,,,,,,,,,,,,,160,40,8644,18,claude_code,commit_pattern,29
11,alibaba/spring-ai-alibaba,2025-09,24309,1,2025-06,1,3,137.0,12.0,5.0,0.0,154.0,551.0,110510.0,110.51,1.393539,1.239707,0.108587,0.045245,0.0,3.2414,3.2414,0.5413,0.3942,,100,41,8644,18,claude_code,commit_pattern,29
11,alibaba/spring-ai-alibaba,2025-10,24310,1,2025-06,1,4,,,,,,,,,,,,,,,,,,,49,18,8644,18,claude_code,commit_pattern,29
11,alibaba/spring-ai-alibaba,2025-11,24311,1,2025-06,1,5,39.0,0.0,3.0,0.0,42.0,117.0,21784.0,21.784,1.928021,1.790305,0.0,0.137716,0.0,2.8291,2.8291,0.613,0.3069,,76,16,8644,18,claude_code,commit_pattern,29
11,alibaba/spring-ai-alibaba,2025-12,24312,1,2025-06,1,6,61.0,2.0,1.0,0.0,64.0,147.0,37033.0,37.033,1.728188,1.64718,0.054006,0.027003,0.0,3.6871,3.6871,0.6139,0.3117,,58,19,8644,18,claude_code,commit_pattern,29
12,ReVanced/revanced-patches,2024-12,24300,0,2025-06,0,-6,57.0,4.0,3.0,0.0,64.0,129.0,11276.0,11.276,5.675772,5.054984,0.354736,0.266052,0.0,1.8682,1.8682,0.7613,0.2217,,193,9,5453,27,control,,0
12,ReVanced/revanced-patches,2025-01,24301,0,2025-06,0,-5,26.0,4.0,1.0,0.0,31.0,133.0,11870.0,11.87,2.611626,2.190396,0.336984,0.084246,0.0,1.797,1.797,0.7519,0.2317,,68,7,5453,27,control,,0
12,ReVanced/revanced-patches,2025-02,24302,0,2025-06,0,-4,26.0,4.0,1.0,0.0,31.0,133.0,12055.0,12.055,2.571547,2.156781,0.331813,0.082953,0.0,1.8045,1.8045,0.7518,0.2317,,93,9,5453,27,control,,0
12,ReVanced/revanced-patches,2025-03,24303,0,2025-06,0,-3,26.0,4.0,1.0,0.0,31.0,135.0,12177.0,12.177,2.545783,2.135173,0.328488,0.082122,0.0,1.8,1.8,0.7481,0.2357,,91,8,5453,27,control,,0
12,ReVanced/revanced-patches,2025-04,24304,0,2025-06,0,-2,28.0,4.0,1.0,0.0,33.0,148.0,12350.0,12.35,2.672065,2.267206,0.323887,0.080972,0.0,1.6284,1.6284,0.7482,0.234,,121,20,5453,27,control,,0
12,ReVanced/revanced-patches,2025-05,24305,0,2025-06,0,-1,30.0,5.0,4.0,0.0,39.0,161.0,12491.0,12.491,3.122248,2.401729,0.400288,0.320231,0.0,1.5466,1.5466,0.7461,0.2366,,108,15,5453,27,control,,0
12,ReVanced/revanced-patches,2025-06,24306,0,2025-06,1,0,28.0,5.0,1.0,0.0,34.0,178.0,14399.0,14.399,2.361275,1.944579,0.347246,0.069449,0.0,1.573,1.573,0.7316,0.2297,,132,16,5453,27,control,,0
12,ReVanced/revanced-patches,2025-07,24307,0,2025-06,1,1,29.0,5.0,1.0,0.0,35.0,181.0,15545.0,15.545,2.251528,1.865552,0.321647,0.064329,0.0,1.5635,1.5635,0.738,0.2236,,131,18,5453,27,control,,0
12,ReVanced/revanced-patches,2025-08,24308,0,2025-06,1,2,29.0,6.0,1.0,0.0,36.0,194.0,16462.0,16.462,2.186855,1.761633,0.364476,0.060746,0.0,1.5103,1.5103,0.74,0.2139,,73,8,5453,27,control,,0
12,ReVanced/revanced-patches,2025-09,24309,0,2025-06,1,3,31.0,7.0,1.0,0.0,39.0,197.0,16698.0,16.698,2.335609,1.85651,0.419212,0.059887,0.0,1.5584,1.5584,0.7385,0.211,,207,14,5453,27,control,,0
12,ReVanced/revanced-patches,2025-10,24310,0,2025-06,1,4,33.0,5.0,2.0,0.0,40.0,213.0,17114.0,17.114,2.337268,1.928246,0.292158,0.116863,0.0,1.662,1.662,0.7444,0.2061,,113,15,5453,27,control,,0
12,ReVanced/revanced-patches,2025-11,24311,0,2025-06,1,5,37.0,4.0,3.0,0.0,44.0,228.0,17252.0,17.252,2.550429,2.144679,0.231857,0.173893,0.0,1.6535,1.6535,0.7566,0.1972,,58,9,5453,27,control,,0
12,ReVanced/revanced-patches,2025-12,24312,0,2025-06,1,6,38.0,4.0,2.0,0.0,44.0,228.0,17602.0,17.602,2.499716,2.158846,0.227247,0.113623,0.0,1.6798,1.6798,0.757,0.197,,45,16,5453,27,control,,0
13,deltazefiro/Amarok-Hider,2024-08,24296,1,2025-02,0,-6,10.0,1.0,1.0,0.0,12.0,11.0,2904.0,2.904,4.132231,3.443526,0.344353,0.344353,0.0,2.5455,2.5455,0.5695,0.3781,,2,1,2879,50,cursor,file_add,4
13,deltazefiro/Amarok-Hider,2024-09,24297,1,2025-02,0,-5,10.0,1.0,1.0,0.0,12.0,11.0,2921.0,2.921,4.108182,3.423485,0.342349,0.342349,0.0,2.5455,2.5455,0.5695,0.3781,,0,0,2879,50,cursor,file_add,4
13,deltazefiro/Amarok-Hider,2024-10,24298,1,2025-02,0,-4,10.0,1.0,1.0,0.0,12.0,11.0,2921.0,2.921,4.108182,3.423485,0.342349,0.342349,0.0,2.5455,2.5455,0.5695,0.3781,,6,3,2879,50,cursor,file_add,4
13,deltazefiro/Amarok-Hider,2024-11,24299,1,2025-02,0,-3,10.0,1.0,1.0,0.0,12.0,11.0,2921.0,2.921,4.108182,3.423485,0.342349,0.342349,0.0,2.5455,2.5455,0.5695,0.3781,,1,1,2879,50,cursor,file_add,4
13,deltazefiro/Amarok-Hider,2024-12,24300,1,2025-02,0,-2,10.0,1.0,1.0,0.0,12.0,11.0,2921.0,2.921,4.108182,3.423485,0.342349,0.342349,0.0,2.5455,2.5455,0.5695,0.3781,,0,0,2879,50,cursor,file_add,4
13,deltazefiro/Amarok-Hider,2025-01,24301,1,2025-02,0,-1,10.0,1.0,1.0,0.0,12.0,11.0,2921.0,2.921,4.108182,3.423485,0.342349,0.342349,0.0,2.5455,2.5455,0.5695,0.3781,,9,2,2879,50,cursor,file_add,4
13,deltazefiro/Amarok-Hider,2025-02,24302,1,2025-02,1,0,10.0,1.0,1.0,0.0,12.0,11.0,2972.0,2.972,4.037685,3.364738,0.336474,0.336474,0.0,2.5455,2.5455,0.5673,0.3803,,7,1,2879,50,cursor,file_add,4
13,deltazefiro/Amarok-Hider,2025-03,24303,1,2025-02,1,1,10.0,1.0,1.0,0.0,12.0,12.0,3004.0,3.004,3.994674,3.328895,0.332889,0.332889,0.0,2.4167,2.4167,0.605,0.3469,,1,1,2879,50,cursor,file_add,4
13,deltazefiro/Amarok-Hider,2025-04,24304,1,2025-02,1,2,10.0,1.0,1.0,0.0,12.0,12.0,3004.0,3.004,3.994674,3.328895,0.332889,0.332889,0.0,2.4167,2.4167,0.605,0.3469,,0,0,2879,50,cursor,file_add,4
13,deltazefiro/Amarok-Hider,2025-05,24305,1,2025-02,1,3,10.0,1.0,1.0,0.0,12.0,12.0,3004.0,3.004,3.994674,3.328895,0.332889,0.332889,0.0,2.4167,2.4167,0.605,0.3469,,4,2,2879,50,cursor,file_add,4
13,deltazefiro/Amarok-Hider,2025-06,24306,1,2025-02,1,4,10.0,1.0,1.0,0.0,12.0,12.0,3051.0,3.051,3.933137,3.277614,0.327761,0.327761,0.0,2.4167,2.4167,0.605,0.3469,,6,1,2879,50,cursor,file_add,4
13,deltazefiro/Amarok-Hider,2025-07,24307,1,2025-02,1,5,10.0,1.0,1.0,0.0,12.0,12.0,3051.0,3.051,3.933137,3.277614,0.327761,0.327761,0.0,2.4167,2.4167,0.605,0.3469,,1,1,2879,50,cursor,file_add,4
13,deltazefiro/Amarok-Hider,2025-08,24308,1,2025-02,1,6,10.0,1.0,1.0,0.0,12.0,12.0,3086.0,3.086,3.888529,3.240441,0.324044,0.324044,0.0,2.4167,2.4167,0.6061,0.3459,,0,0,2879,50,cursor,file_add,4
14,redis/redis-om-spring,2024-08,24296,0,2025-02,0,-6,80.0,4.0,1.0,0.0,85.0,90.0,30594.0,30.594,2.778323,2.614892,0.130745,0.032686,0.0,4.3444,4.3444,0.6567,0.2953,,8,2,647,53,control,,0
14,redis/redis-om-spring,2024-09,24297,0,2025-02,0,-5,80.0,4.0,1.0,0.0,85.0,90.0,30580.0,30.58,2.779595,2.616089,0.130804,0.032701,0.0,4.3444,4.3444,0.6566,0.2954,,4,2,647,53,control,,0
14,redis/redis-om-spring,2024-10,24298,0,2025-02,0,-4,80.0,4.0,1.0,0.0,85.0,90.0,30585.0,30.585,2.77914,2.615661,0.130783,0.032696,0.0,4.3444,4.3444,0.6566,0.2954,,8,2,647,53,control,,0
14,redis/redis-om-spring,2024-11,24299,0,2025-02,0,-3,80.0,4.0,1.0,0.0,85.0,90.0,30701.0,30.701,2.768639,2.605778,0.130289,0.032572,0.0,4.3444,4.3444,0.6564,0.2956,,0,0,647,53,control,,0
14,redis/redis-om-spring,2024-12,24300,0,2025-02,0,-2,80.0,4.0,1.0,0.0,85.0,90.0,30701.0,30.701,2.768639,2.605778,0.130289,0.032572,0.0,4.3444,4.3444,0.6564,0.2956,,5,1,647,53,control,,0
14,redis/redis-om-spring,2025-01,24301,0,2025-02,0,-1,80.0,4.0,1.0,0.0,85.0,90.0,30721.0,30.721,2.766837,2.604082,0.130204,0.032551,0.0,4.3444,4.3444,0.6563,0.2961,,3,1,647,53,control,,0
14,redis/redis-om-spring,2025-02,24302,0,2025-02,1,0,83.0,4.0,5.0,0.0,92.0,91.0,31816.0,31.816,2.891627,2.60875,0.125723,0.157154,0.0,4.3736,4.3736,0.6494,0.3035,,14,2,647,53,control,,0
14,redis/redis-om-spring,2025-03,24303,0,2025-02,1,1,84.0,4.0,5.0,0.0,93.0,91.0,32412.0,32.412,2.869308,2.591633,0.123411,0.154264,0.0,4.3846,4.3846,0.6494,0.3046,,6,1,647,53,control,,0
14,redis/redis-om-spring,2025-04,24304,0,2025-02,1,2,84.0,4.0,5.0,0.0,93.0,91.0,32682.0,32.682,2.845603,2.570222,0.122392,0.152989,0.0,4.3956,4.3956,0.6496,0.3045,,18,4,647,53,control,,0
14,redis/redis-om-spring,2025-05,24305,0,2025-02,1,3,88.0,4.0,3.0,0.0,95.0,96.0,33875.0,33.875,2.804428,2.597786,0.118081,0.088561,0.0,4.3542,4.3542,0.6576,0.3034,,30,6,647,53,control,,0
14,redis/redis-om-spring,2025-06,24306,0,2025-02,1,4,106.0,5.0,3.0,0.0,114.0,119.0,37979.0,37.979,3.001659,2.791016,0.131652,0.078991,0.0,3.9832,3.9832,0.6601,0.3162,,0,0,647,53,control,,0
14,redis/redis-om-spring,2025-07,24307,0,2025-02,1,5,106.0,5.0,3.0,0.0,114.0,119.0,37979.0,37.979,3.001659,2.791016,0.131652,0.078991,0.0,3.9832,3.9832,0.6601,0.3162,,17,2,647,53,control,,0
14,redis/redis-om-spring,2025-08,24308,0,2025-02,1,6,111.0,4.0,3.0,0.0,118.0,127.0,41326.0,41.326,2.855345,2.68596,0.096791,0.072594,0.0,4.0709,4.0709,0.6654,0.3195,,31,4,647,53,control,,0
15,openrewrite/rewrite,2024-12,24300,1,2025-06,0,-6,196.0,6.0,6.0,2.0,210.0,155.0,187507.0,187.507,1.119958,1.045294,0.031999,0.031999,0.010666,4.9806,4.9806,0.6531,0.2873,,82,24,3333,70,claude_code,file_add,48
15,openrewrite/rewrite,2025-01,24301,1,2025-06,0,-5,196.0,6.0,5.0,2.0,209.0,157.0,191000.0,191.0,1.094241,1.026178,0.031414,0.026178,0.010471,4.9809,4.9809,0.653,0.2882,,134,26,3333,70,claude_code,file_add,48
15,openrewrite/rewrite,2025-02,24302,1,2025-06,0,-4,202.0,6.0,1.0,1.0,210.0,163.0,199274.0,199.274,1.053825,1.01368,0.030109,0.005018,0.005018,5.0245,5.0245,0.6428,0.2981,,141,24,3333,70,claude_code,file_add,48
15,openrewrite/rewrite,2025-03,24303,1,2025-06,0,-3,,,,,,,,,,,,,,,,,,,138,21,3333,70,claude_code,file_add,48
15,openrewrite/rewrite,2025-04,24304,1,2025-06,0,-2,227.0,7.0,1.0,1.0,236.0,150.0,229690.0,229.69,1.027472,0.988289,0.030476,0.004354,0.004354,6.2333,6.2333,0.6363,0.2982,,125,24,3333,70,claude_code,file_add,48
15,openrewrite/rewrite,2025-05,24305,1,2025-06,0,-1,,,,,,,,,,,,,,,,,,,177,29,3333,70,claude_code,file_add,48
15,openrewrite/rewrite,2025-06,24306,1,2025-06,1,0,,,,,,,,,,,,,,,,,,,157,23,3333,70,claude_code,file_add,48
15,openrewrite/rewrite,2025-07,24307,1,2025-06,1,1,229.0,8.0,7.0,1.0,245.0,162.0,250608.0,250.608,0.977622,0.913778,0.031922,0.027932,0.00399,6.3148,6.3148,0.6577,0.2806,,132,25,3333,70,claude_code,file_add,48
15,openrewrite/rewrite,2025-08,24308,1,2025-06,1,2,229.0,8.0,7.0,1.0,245.0,162.0,253009.0,253.009,0.968345,0.905106,0.031619,0.027667,0.003952,6.3272,6.3272,0.657,0.2813,,114,25,3333,70,claude_code,file_add,48
15,openrewrite/rewrite,2025-09,24309,1,2025-06,1,3,,,,,,,,,,,,,,,,,,,116,21,3333,70,claude_code,file_add,48
15,openrewrite/rewrite,2025-10,24310,1,2025-06,1,4,236.0,7.0,1.0,1.0,245.0,165.0,272805.0,272.805,0.898077,0.865087,0.025659,0.003666,0.003666,6.5091,6.5091,0.6472,0.2834,,148,17,3333,70,claude_code,file_add,48
15,openrewrite/rewrite,2025-11,24311,1,2025-06,1,5,,,,,,,,,,,,,,,,,,,125,20,3333,70,claude_code,file_add,48
15,openrewrite/rewrite,2025-12,24312,1,2025-06,1,6,,,,,,,,,,,,,,,,,,,158,23,3333,70,claude_code,file_add,48
16,apache/iotdb,2024-12,24300,0,2025-06,0,-6,4430.0,52.0,4.0,8.0,4494.0,1197.0,637263.0,637.263,7.052033,6.951604,0.081599,0.006277,0.012554,10.807,10.807,0.5971,0.3275,,190,37,6292,88,control,,0
16,apache/iotdb,2025-01,24301,0,2025-06,0,-5,,,,,,,,,,,,,,,,,,,105,32,6292,88,control,,0
16,apache/iotdb,2025-02,24302,0,2025-06,0,-4,,,,,,,,,,,,,,,,,,,135,30,6292,88,control,,0
16,apache/iotdb,2025-03,24303,0,2025-06,0,-3,,,,,,,,,,,,,,,,,,,148,33,6292,88,control,,0
16,apache/iotdb,2025-04,24304,0,2025-06,0,-2,,,,,,,,,,,,,,,,,,,142,29,6292,88,control,,0
16,apache/iotdb,2025-05,24305,0,2025-06,0,-1,,,,,,,,,,,,,,,,,,,128,31,6292,88,control,,0
16,apache/iotdb,2025-06,24306,0,2025-06,1,0,,,,,,,,,,,,,,,,,,,120,26,6292,88,control,,0
16,apache/iotdb,2025-07,24307,0,2025-06,1,1,,,,,,,,,,,,,,,,,,,130,23,6292,88,control,,0
16,apache/iotdb,2025-08,24308,0,2025-06,1,2,,,,,,,,,,,,,,,,,,,146,26,6292,88,control,,0
16,apache/iotdb,2025-09,24309,0,2025-06,1,3,,,,,,,,,,,,,,,,,,,133,25,6292,88,control,,0
16,apache/iotdb,2025-10,24310,0,2025-06,1,4,,,,,,,,,,,,,,,,,,,97,20,6292,88,control,,0
16,apache/iotdb,2025-11,24311,0,2025-06,1,5,,,,,,,,,,,,,,,,,,,71,18,6292,88,control,,0
16,apache/iotdb,2025-12,24312,0,2025-06,1,6,,,,,,,,,,,,,,,,,,,77,18,6292,88,control,,0
17,Haehnchen/idea-php-symfony2-plugin,2025-05,24305,1,2025-11,0,-6,324.0,10.0,5.0,0.0,339.0,306.0,52904.0,52.904,6.407833,6.124301,0.189022,0.094511,0.0,4.3464,4.3464,0.7369,0.2219,,4,2,928,155,claude_code,file_add,2
17,Haehnchen/idea-php-symfony2-plugin,2025-06,24306,1,2025-11,0,-5,324.0,10.0,5.0,0.0,339.0,306.0,53085.0,53.085,6.385985,6.103419,0.188377,0.094189,0.0,4.3464,4.3464,0.7369,0.2219,,14,2,928,155,claude_code,file_add,2
17,Haehnchen/idea-php-symfony2-plugin,2025-07,24307,1,2025-11,0,-4,324.0,10.0,5.0,0.0,339.0,306.0,53180.0,53.18,6.374577,6.092516,0.188041,0.09402,0.0,4.3464,4.3464,0.7369,0.2219,,1,1,928,155,claude_code,file_add,2
17,Haehnchen/idea-php-symfony2-plugin,2025-08,24308,1,2025-11,0,-3,324.0,10.0,5.0,0.0,339.0,306.0,53180.0,53.18,6.374577,6.092516,0.188041,0.09402,0.0,4.3464,4.3464,0.7369,0.2219,,1,1,928,155,claude_code,file_add,2
17,Haehnchen/idea-php-symfony2-plugin,2025-09,24309,1,2025-11,0,-2,324.0,10.0,5.0,0.0,339.0,306.0,53180.0,53.18,6.374577,6.092516,0.188041,0.09402,0.0,4.3464,4.3464,0.7369,0.2219,,1,1,928,155,claude_code,file_add,2
17,Haehnchen/idea-php-symfony2-plugin,2025-10,24310,1,2025-11,0,-1,324.0,10.0,5.0,0.0,339.0,306.0,53180.0,53.18,6.374577,6.092516,0.188041,0.09402,0.0,4.3464,4.3464,0.7369,0.2219,,0,0,928,155,claude_code,file_add,2
17,Haehnchen/idea-php-symfony2-plugin,2025-11,24311,1,2025-11,1,0,324.0,10.0,5.0,0.0,339.0,306.0,53180.0,53.18,6.374577,6.092516,0.188041,0.09402,0.0,4.3464,4.3464,0.7369,0.2219,,14,1,928,155,claude_code,file_add,2
17,Haehnchen/idea-php-symfony2-plugin,2025-12,24312,1,2025-11,1,1,326.0,10.0,5.0,0.0,341.0,306.0,53852.0,53.852,6.33217,6.053628,0.185694,0.092847,0.0,4.3529,4.3529,0.7367,0.2221,,57,1,928,155,claude_code,file_add,2
17,Haehnchen/idea-php-symfony2-plugin,2026-01,24313,1,2025-11,1,2,326.0,10.0,1.0,0.0,337.0,303.0,56907.0,56.907,5.921943,5.728645,0.175725,0.017573,0.0,4.3927,4.3927,0.7364,0.222,,32,1,928,155,claude_code,file_add,2
17,Haehnchen/idea-php-symfony2-plugin,2026-02,24314,1,2025-11,1,3,330.0,10.0,1.0,0.0,341.0,308.0,59077.0,59.077,5.772128,5.58593,0.169271,0.016927,0.0,4.3929,4.3929,0.7364,0.2228,,39,1,928,155,claude_code,file_add,2
17,Haehnchen/idea-php-symfony2-plugin,2026-03,24315,1,2025-11,1,4,337.0,10.0,1.0,0.0,348.0,310.0,61857.0,61.857,5.625879,5.44805,0.161663,0.016166,0.0,4.4161,4.4161,0.7371,0.2225,,24,1,928,155,claude_code,file_add,2
17,Haehnchen/idea-php-symfony2-plugin,2026-04,24316,1,2025-11,1,5,339.0,10.0,2.0,0.0,351.0,327.0,64261.0,64.261,5.4621,5.275361,0.155615,0.031123,0.0,4.3517,4.3517,0.7437,0.218,,0,0,928,155,claude_code,file_add,2
17,Haehnchen/idea-php-symfony2-plugin,2026-05,24317,1,2025-11,1,6,339.0,10.0,2.0,0.0,351.0,327.0,64261.0,64.261,5.4621,5.275361,0.155615,0.031123,0.0,4.3517,4.3517,0.7437,0.218,,0,0,928,155,claude_code,file_add,2
18,SonarSource/sonar-php,2025-05,24305,0,2025-11,0,-6,152.0,2.0,2.0,1.0,157.0,72.0,45137.0,45.137,3.478299,3.367526,0.04431,0.04431,0.022155,6.9028,6.9028,0.5773,0.2742,,10,6,424,165,control,,0
18,SonarSource/sonar-php,2025-06,24306,0,2025-11,0,-5,152.0,2.0,2.0,1.0,157.0,72.0,45137.0,45.137,3.478299,3.367526,0.04431,0.04431,0.022155,6.9028,6.9028,0.5773,0.2742,,6,4,424,165,control,,0
18,SonarSource/sonar-php,2025-07,24307,0,2025-11,0,-4,152.0,2.0,2.0,1.0,157.0,72.0,45140.0,45.14,3.478068,3.367302,0.044307,0.044307,0.022153,6.9028,6.9028,0.5773,0.2742,,9,2,424,165,control,,0
18,SonarSource/sonar-php,2025-08,24308,0,2025-11,0,-3,152.0,2.0,2.0,1.0,157.0,72.0,45140.0,45.14,3.478068,3.367302,0.044307,0.044307,0.022153,6.9028,6.9028,0.5773,0.2742,,19,6,424,165,control,,0
18,SonarSource/sonar-php,2025-09,24309,0,2025-11,0,-2,152.0,2.0,2.0,1.0,157.0,72.0,45161.0,45.161,3.476451,3.365736,0.044286,0.044286,0.022143,6.9028,6.9028,0.5773,0.2742,,28,5,424,165,control,,0
18,SonarSource/sonar-php,2025-10,24310,0,2025-11,0,-1,153.0,2.0,1.0,1.0,157.0,72.0,45152.0,45.152,3.477144,3.388554,0.044295,0.022147,0.022147,6.9167,6.9167,0.5772,0.2743,,30,10,424,165,control,,0
18,SonarSource/sonar-php,2025-11,24311,0,2025-11,1,0,153.0,2.0,1.0,1.0,157.0,72.0,45262.0,45.262,3.468693,3.380319,0.044187,0.022094,0.022094,6.9167,6.9167,0.577,0.2745,,22,7,424,165,control,,0
18,SonarSource/sonar-php,2025-12,24312,0,2025-11,1,1,153.0,2.0,2.0,1.0,158.0,73.0,44870.0,44.87,3.521284,3.409851,0.044573,0.044573,0.022287,6.863,6.863,0.5853,0.2685,,11,4,424,165,control,,0
18,SonarSource/sonar-php,2026-01,24313,0,2025-11,1,2,153.0,2.0,2.0,1.0,158.0,73.0,44974.0,44.974,3.513141,3.401966,0.04447,0.04447,0.022235,6.863,6.863,0.5858,0.2679,,7,4,424,165,control,,0
18,SonarSource/sonar-php,2026-02,24314,0,2025-11,1,3,153.0,2.0,2.0,1.0,158.0,73.0,44978.0,44.978,3.512828,3.401663,0.044466,0.044466,0.022233,6.863,6.863,0.5858,0.2679,,17,4,424,165,control,,0
18,SonarSource/sonar-php,2026-03,24315,0,2025-11,1,4,153.0,2.0,2.0,1.0,158.0,73.0,45058.0,45.058,3.506592,3.395623,0.044387,0.044387,0.022194,6.863,6.863,0.5857,0.2681,,8,4,424,165,control,,0
18,SonarSource/sonar-php,2026-04,24316,0,2025-11,1,5,153.0,2.0,2.0,1.0,158.0,73.0,45058.0,45.058,3.506592,3.395623,0.044387,0.044387,0.022194,6.863,6.863,0.5857,0.2681,,0,0,424,165,control,,0
18,SonarSource/sonar-php,2026-05,24317,0,2025-11,1,6,153.0,2.0,2.0,1.0,158.0,73.0,45058.0,45.058,3.506592,3.395623,0.044387,0.044387,0.022194,6.863,6.863,0.5857,0.2681,,0,0,424,165,control,,0
19,eclipse-lyo/lyo,2025-05,24305,1,2025-11,0,-6,9.0,0.0,1.0,0.0,10.0,82.0,38062.0,38.062,0.262729,0.236456,0.0,0.026273,0.0,3.061,3.061,0.7205,0.2483,,10,2,20,93,copilot,commit_pattern,6
19,eclipse-lyo/lyo,2025-06,24306,1,2025-11,0,-5,9.0,0.0,1.0,0.0,10.0,82.0,38062.0,38.062,0.262729,0.236456,0.0,0.026273,0.0,3.061,3.061,0.7205,0.2483,,16,3,20,93,copilot,commit_pattern,6
19,eclipse-lyo/lyo,2025-07,24307,1,2025-11,0,-4,9.0,0.0,1.0,0.0,10.0,82.0,38067.0,38.067,0.262695,0.236425,0.0,0.026269,0.0,3.061,3.061,0.7205,0.2483,,24,3,20,93,copilot,commit_pattern,6
19,eclipse-lyo/lyo,2025-08,24308,1,2025-11,0,-3,9.0,0.0,1.0,0.0,10.0,82.0,38190.0,38.19,0.261849,0.235664,0.0,0.026185,0.0,3.061,3.061,0.7205,0.2482,,7,2,20,93,copilot,commit_pattern,6
19,eclipse-lyo/lyo,2025-09,24309,1,2025-11,0,-2,9.0,0.0,1.0,0.0,10.0,82.0,38190.0,38.19,0.261849,0.235664,0.0,0.026185,0.0,3.061,3.061,0.7205,0.2482,,0,0,20,93,copilot,commit_pattern,6
19,eclipse-lyo/lyo,2025-10,24310,1,2025-11,0,-1,9.0,0.0,1.0,0.0,10.0,82.0,38190.0,38.19,0.261849,0.235664,0.0,0.026185,0.0,3.061,3.061,0.7205,0.2482,,25,3,20,93,copilot,commit_pattern,6
19,eclipse-lyo/lyo,2025-11,24311,1,2025-11,1,0,9.0,0.0,1.0,0.0,10.0,82.0,38240.0,38.24,0.261506,0.235356,0.0,0.026151,0.0,3.061,3.061,0.7205,0.2482,,39,4,20,93,copilot,commit_pattern,6
19,eclipse-lyo/lyo,2025-12,24312,1,2025-11,1,1,9.0,0.0,1.0,0.0,10.0,82.0,38186.0,38.186,0.261876,0.235688,0.0,0.026188,0.0,3.061,3.061,0.7208,0.2479,,19,5,20,93,copilot,commit_pattern,6
19,eclipse-lyo/lyo,2026-01,24313,1,2025-11,1,2,9.0,0.0,1.0,0.0,10.0,82.0,38741.0,38.741,0.258124,0.232312,0.0,0.025812,0.0,3.061,3.061,0.7225,0.2457,,13,4,20,93,copilot,commit_pattern,6
19,eclipse-lyo/lyo,2026-02,24314,1,2025-11,1,3,9.0,0.0,1.0,0.0,10.0,82.0,38772.0,38.772,0.257918,0.232126,0.0,0.025792,0.0,3.061,3.061,0.7219,0.2463,,14,4,20,93,copilot,commit_pattern,6
19,eclipse-lyo/lyo,2026-03,24315,1,2025-11,1,4,10.0,0.0,1.0,0.0,11.0,82.0,39337.0,39.337,0.279635,0.254214,0.0,0.025421,0.0,3.1098,3.1098,0.7201,0.2439,,1,1,20,93,copilot,commit_pattern,6
19,eclipse-lyo/lyo,2026-04,24316,1,2025-11,1,5,10.0,0.0,1.0,0.0,11.0,82.0,39337.0,39.337,0.279635,0.254214,0.0,0.025421,0.0,3.1098,3.1098,0.7201,0.2439,,0,0,20,93,copilot,commit_pattern,6
19,eclipse-lyo/lyo,2026-05,24317,1,2025-11,1,6,10.0,0.0,1.0,0.0,11.0,82.0,39337.0,39.337,0.279635,0.254214,0.0,0.025421,0.0,3.1098,3.1098,0.7201,0.2439,,0,0,20,93,copilot,commit_pattern,6
20,wultra/powerauth-server,2025-05,24305,0,2025-11,0,-6,13.0,1.0,2.0,0.0,16.0,87.0,20686.0,20.686,0.77347,0.628444,0.048342,0.096684,0.0,3.9425,3.9425,0.5506,0.4519,,35,5,20,104,control,,0
20,wultra/powerauth-server,2025-06,24306,0,2025-11,0,-5,13.0,1.0,2.0,0.0,16.0,87.0,20688.0,20.688,0.773395,0.628384,0.048337,0.096674,0.0,3.9425,3.9425,0.5506,0.4519,,28,4,20,104,control,,0
20,wultra/powerauth-server,2025-07,24307,0,2025-11,0,-4,13.0,1.0,2.0,0.0,16.0,87.0,20979.0,20.979,0.762667,0.619667,0.047667,0.095333,0.0,3.954,3.954,0.5511,0.4521,,34,5,20,104,control,,0
20,wultra/powerauth-server,2025-08,24308,0,2025-11,0,-3,19.0,4.0,2.0,0.0,25.0,121.0,26381.0,26.381,0.947652,0.720215,0.151624,0.075812,0.0,4.8843,4.8843,0.5233,0.4822,,31,6,20,104,control,,0
20,wultra/powerauth-server,2025-09,24309,0,2025-11,0,-2,20.0,4.0,2.0,0.0,26.0,124.0,26716.0,26.716,0.9732,0.748615,0.149723,0.074862,0.0,4.8387,4.8387,0.5239,0.4759,,26,2,20,104,control,,0
20,wultra/powerauth-server,2025-10,24310,0,2025-11,0,-1,20.0,3.0,1.0,0.0,24.0,126.0,28460.0,28.46,0.843289,0.702741,0.105411,0.035137,0.0,4.8492,4.8492,0.5265,0.4734,,32,6,20,104,control,,0
20,wultra/powerauth-server,2025-11,24311,0,2025-11,1,0,23.0,3.0,2.0,0.0,28.0,126.0,29227.0,29.227,0.958018,0.786944,0.102645,0.06843,0.0,4.9127,4.9127,0.531,0.469,,35,7,20,104,control,,0
20,wultra/powerauth-server,2025-12,24312,0,2025-11,1,1,22.0,3.0,3.0,0.0,28.0,127.0,29834.0,29.834,0.938527,0.737414,0.100556,0.100556,0.0,4.9528,4.9528,0.5337,0.4654,,28,6,20,104,control,,0
20,wultra/powerauth-server,2026-01,24313,0,2025-11,1,2,22.0,3.0,3.0,0.0,28.0,127.0,30172.0,30.172,0.928013,0.729153,0.09943,0.09943,0.0,5.0079,5.0079,0.5331,0.466,,17,4,20,104,control,,0
20,wultra/powerauth-server,2026-02,24314,0,2025-11,1,3,22.0,3.0,3.0,0.0,28.0,127.0,30385.0,30.385,0.921507,0.724041,0.098733,0.098733,0.0,5.0236,5.0236,0.5333,0.4666,,8,5,20,104,control,,0
20,wultra/powerauth-server,2026-03,24315,0,2025-11,1,4,22.0,3.0,3.0,0.0,28.0,127.0,30502.0,30.502,0.917973,0.721264,0.098354,0.098354,0.0,5.0236,5.0236,0.5333,0.4666,,8,3,20,104,control,,0
20,wultra/powerauth-server,2026-04,24316,0,2025-11,1,5,23.0,3.0,3.0,0.0,29.0,127.0,30605.0,30.605,0.947558,0.751511,0.098023,0.098023,0.0,5.0551,5.0551,0.5327,0.4672,,0,0,20,104,control,,0
20,wultra/powerauth-server,2026-05,24317,0,2025-11,1,6,23.0,3.0,3.0,0.0,29.0,127.0,30605.0,30.605,0.947558,0.751511,0.098023,0.098023,0.0,5.0551,5.0551,0.5327,0.4672,,0,0,20,104,control,,0
21,tcheeric/nostr-java,2025-01,24301,1,2025-07,0,-6,12.0,2.0,1.0,0.0,15.0,47.0,9168.0,9.168,1.636126,1.308901,0.21815,0.109075,0.0,4.3617,4.3617,0.5453,0.335,,38,3,87,39,claude_code,file_add,74
21,tcheeric/nostr-java,2025-02,24302,1,2025-07,0,-5,12.0,2.0,1.0,0.0,15.0,47.0,9345.0,9.345,1.605136,1.284109,0.214018,0.107009,0.0,4.4255,4.4255,0.5288,0.3297,,59,4,87,39,claude_code,file_add,74
21,tcheeric/nostr-java,2025-03,24303,1,2025-07,0,-4,,,,,,,,,,,,,,,,,,,82,2,87,39,claude_code,file_add,74
21,tcheeric/nostr-java,2025-04,24304,1,2025-07,0,-3,15.0,1.0,2.0,0.0,18.0,33.0,9643.0,9.643,1.866639,1.555533,0.103702,0.207404,0.0,4.3333,4.3333,0.4843,0.3953,,26,2,87,39,claude_code,file_add,74
21,tcheeric/nostr-java,2025-05,24305,1,2025-07,0,-2,15.0,1.0,2.0,0.0,18.0,33.0,9643.0,9.643,1.866639,1.555533,0.103702,0.207404,0.0,4.3333,4.3333,0.4843,0.3953,,71,3,87,39,claude_code,file_add,74
21,tcheeric/nostr-java,2025-06,24306,1,2025-07,0,-1,13.0,2.0,1.0,0.0,16.0,33.0,10793.0,10.793,1.482442,1.204484,0.185305,0.092653,0.0,4.7879,4.7879,0.5086,0.3796,,38,1,87,39,claude_code,file_add,74
21,tcheeric/nostr-java,2025-07,24307,1,2025-07,1,0,13.0,2.0,2.0,0.0,17.0,33.0,11215.0,11.215,1.515827,1.159162,0.178333,0.178333,0.0,4.8182,4.8182,0.5081,0.381,,85,4,87,39,claude_code,file_add,74
21,tcheeric/nostr-java,2025-08,24308,1,2025-07,1,1,14.0,2.0,2.0,0.0,18.0,35.0,12061.0,12.061,1.492414,1.160766,0.165824,0.165824,0.0,4.7429,4.7429,0.5005,0.4073,,417,6,87,39,claude_code,file_add,74
21,tcheeric/nostr-java,2025-09,24309,1,2025-07,1,2,14.0,1.0,2.0,0.0,17.0,35.0,12352.0,12.352,1.376295,1.13342,0.080959,0.161917,0.0,4.9714,4.9714,0.4935,0.418,,2,1,87,39,claude_code,file_add,74
21,tcheeric/nostr-java,2025-10,24310,1,2025-07,1,3,14.0,1.0,2.0,0.0,17.0,35.0,12352.0,12.352,1.376295,1.13342,0.080959,0.161917,0.0,4.9714,4.9714,0.4935,0.418,,179,4,87,39,claude_code,file_add,74
21,tcheeric/nostr-java,2025-11,24311,1,2025-07,1,4,31.0,1.0,1.0,0.0,33.0,46.0,17084.0,17.084,1.931632,1.814563,0.058534,0.058534,0.0,5.9348,5.9348,0.4584,0.4489,,3,1,87,39,claude_code,file_add,74
21,tcheeric/nostr-java,2025-12,24312,1,2025-07,1,5,31.0,1.0,1.0,0.0,33.0,46.0,17084.0,17.084,1.931632,1.814563,0.058534,0.058534,0.0,5.9348,5.9348,0.4584,0.4489,,13,3,87,39,claude_code,file_add,74
21,tcheeric/nostr-java,2026-01,24313,1,2025-07,1,6,31.0,1.0,1.0,0.0,33.0,46.0,17144.0,17.144,1.924872,1.808213,0.058329,0.058329,0.0,5.913,5.913,0.4596,0.4477,,35,4,87,39,claude_code,file_add,74
22,ACGaming/UniversalTweaks,2025-01,24301,0,2025-07,0,-6,29.0,3.0,1.0,0.0,33.0,615.0,18363.0,18.363,1.797092,1.579263,0.163372,0.054457,0.0,0.8943,0.8943,0.8623,0.2669,,23,6,169,41,control,,0
22,ACGaming/UniversalTweaks,2025-02,24302,0,2025-07,0,-5,30.0,3.0,1.0,0.0,34.0,624.0,18721.0,18.721,1.816142,1.602479,0.160248,0.053416,0.0,0.899,0.899,0.8617,0.2688,,20,3,169,41,control,,0
22,ACGaming/UniversalTweaks,2025-03,24303,0,2025-07,0,-4,32.0,3.0,1.0,0.0,36.0,623.0,18970.0,18.97,1.897733,1.686874,0.158144,0.052715,0.0,0.9053,0.9053,0.8596,0.2688,,32,4,169,41,control,,0
22,ACGaming/UniversalTweaks,2025-04,24304,0,2025-07,0,-3,32.0,3.0,1.0,0.0,36.0,638.0,19554.0,19.554,1.841056,1.636494,0.153421,0.05114,0.0,0.9013,0.9013,0.8533,0.2738,,51,6,169,41,control,,0
22,ACGaming/UniversalTweaks,2025-05,24305,0,2025-07,0,-2,32.0,3.0,0.0,0.0,35.0,652.0,19700.0,19.7,1.77665,1.624365,0.152284,0.0,0.0,0.8957,0.8957,0.849,0.2755,,5,2,169,41,control,,0
22,ACGaming/UniversalTweaks,2025-06,24306,0,2025-07,0,-1,32.0,3.0,0.0,0.0,35.0,652.0,19702.0,19.702,1.776469,1.624201,0.152269,0.0,0.0,0.8957,0.8957,0.849,0.2755,,9,3,169,41,control,,0
22,ACGaming/UniversalTweaks,2025-07,24307,0,2025-07,1,0,32.0,3.0,0.0,0.0,35.0,658.0,19782.0,19.782,1.769285,1.617632,0.151653,0.0,0.0,0.8891,0.8891,0.8474,0.2775,,14,5,169,41,control,,0
22,ACGaming/UniversalTweaks,2025-08,24308,0,2025-07,1,1,33.0,3.0,0.0,0.0,36.0,659.0,19543.0,19.543,1.842092,1.688584,0.153508,0.0,0.0,0.8847,0.8847,0.8479,0.2787,,14,3,169,41,control,,0
22,ACGaming/UniversalTweaks,2025-09,24309,0,2025-07,1,2,35.0,3.0,0.0,0.0,38.0,664.0,19942.0,19.942,1.905526,1.75509,0.150436,0.0,0.0,0.9352,0.9352,0.8284,0.2988,,4,3,169,41,control,,0
22,ACGaming/UniversalTweaks,2025-10,24310,0,2025-07,1,3,35.0,3.0,0.0,0.0,38.0,666.0,19984.0,19.984,1.901521,1.751401,0.15012,0.0,0.0,0.9354,0.9354,0.8285,0.2992,,82,8,169,41,control,,0
22,ACGaming/UniversalTweaks,2025-11,24311,0,2025-07,1,4,35.0,3.0,0.0,0.0,38.0,706.0,20949.0,20.949,1.813929,1.670724,0.143205,0.0,0.0,0.9108,0.9108,0.8171,0.297,,19,3,169,41,control,,0
22,ACGaming/UniversalTweaks,2025-12,24312,0,2025-07,1,5,35.0,3.0,0.0,0.0,38.0,709.0,21232.0,21.232,1.789751,1.648455,0.141296,0.0,0.0,0.9097,0.9097,0.8165,0.3004,,68,4,169,41,control,,0
22,ACGaming/UniversalTweaks,2026-01,24313,0,2025-07,1,6,35.0,3.0,0.0,0.0,38.0,766.0,22417.0,22.417,1.695142,1.561315,0.133827,0.0,0.0,0.876,0.876,0.7953,0.285,,21,4,169,41,control,,0
23,ctrl-space-labs/gendox-core,2025-02,24302,1,2025-08,0,-6,24.0,1.0,3.0,0.0,28.0,78.0,16102.0,16.102,1.738914,1.490498,0.062104,0.186312,0.0,3.4872,3.4872,0.5883,0.3845,,4,1,10,32,claude_code,file_add,1
23,ctrl-space-labs/gendox-core,2025-03,24303,1,2025-08,0,-5,24.0,1.0,3.0,0.0,28.0,78.0,16102.0,16.102,1.738914,1.490498,0.062104,0.186312,0.0,3.4872,3.4872,0.5883,0.3845,,78,3,10,32,claude_code,file_add,1
23,ctrl-space-labs/gendox-core,2025-04,24304,1,2025-08,0,-4,25.0,1.0,3.0,0.0,29.0,78.0,16653.0,16.653,1.741428,1.501231,0.060049,0.180148,0.0,3.5,3.5,0.5888,0.3838,,26,3,10,32,claude_code,file_add,1
23,ctrl-space-labs/gendox-core,2025-05,24305,1,2025-08,0,-3,25.0,1.0,3.0,0.0,29.0,78.0,16735.0,16.735,1.732895,1.493875,0.059755,0.179265,0.0,3.4872,3.4872,0.5886,0.384,,35,3,10,32,claude_code,file_add,1
23,ctrl-space-labs/gendox-core,2025-06,24306,1,2025-08,0,-2,27.0,1.0,1.0,0.0,29.0,99.0,17807.0,17.807,1.628573,1.516258,0.056158,0.056158,0.0,3.2222,3.2222,0.61,0.3692,,25,3,10,32,claude_code,file_add,1
23,ctrl-space-labs/gendox-core,2025-07,24307,1,2025-08,0,-1,27.0,1.0,1.0,0.0,29.0,99.0,18116.0,18.116,1.600795,1.490395,0.0552,0.0552,0.0,3.2929,3.2929,0.6106,0.3694,,87,2,10,32,claude_code,file_add,1
23,ctrl-space-labs/gendox-core,2025-08,24308,1,2025-08,1,0,27.0,1.0,1.0,0.0,29.0,99.0,18116.0,18.116,1.600795,1.490395,0.0552,0.0552,0.0,3.2929,3.2929,0.6106,0.3694,,24,3,10,32,claude_code,file_add,1
23,ctrl-space-labs/gendox-core,2025-09,24309,1,2025-08,1,1,26.0,1.0,1.0,0.0,28.0,112.0,21464.0,21.464,1.30451,1.211331,0.04659,0.04659,0.0,3.4464,3.4464,0.6136,0.3718,,7,2,10,32,claude_code,file_add,1
23,ctrl-space-labs/gendox-core,2025-10,24310,1,2025-08,1,2,26.0,1.0,1.0,0.0,28.0,112.0,21466.0,21.466,1.304388,1.211218,0.046585,0.046585,0.0,3.4464,3.4464,0.6136,0.3718,,29,2,10,32,claude_code,file_add,1
23,ctrl-space-labs/gendox-core,2025-11,24311,1,2025-08,1,3,26.0,1.0,1.0,0.0,28.0,112.0,21466.0,21.466,1.304388,1.211218,0.046585,0.046585,0.0,3.4464,3.4464,0.6136,0.3718,,48,2,10,32,claude_code,file_add,1
23,ctrl-space-labs/gendox-core,2025-12,24312,1,2025-08,1,4,26.0,1.0,1.0,0.0,28.0,112.0,21466.0,21.466,1.304388,1.211218,0.046585,0.046585,0.0,3.4464,3.4464,0.6136,0.3718,,91,3,10,32,claude_code,file_add,1
23,ctrl-space-labs/gendox-core,2026-01,24313,1,2025-08,1,5,27.0,1.0,1.0,0.0,29.0,116.0,23276.0,23.276,1.245919,1.159993,0.042963,0.042963,0.0,3.4655,3.4655,0.6193,0.3622,,49,3,10,32,claude_code,file_add,1
23,ctrl-space-labs/gendox-core,2026-02,24314,1,2025-08,1,6,27.0,1.0,1.0,0.0,29.0,119.0,23896.0,23.896,1.213592,1.129896,0.041848,0.041848,0.0,3.479,3.479,0.6079,0.3739,,0,0,10,32,claude_code,file_add,1
24,yellowstonegames/SquidSquad,2025-02,24302,0,2025-08,0,-6,5.0,0.0,2.0,3.0,10.0,55.0,98913.0,98.913,0.101099,0.050549,0.0,0.02022,0.03033,1.7455,1.7455,0.7089,0.2289,,38,1,49,64,control,,0
24,yellowstonegames/SquidSquad,2025-03,24303,0,2025-08,0,-5,5.0,0.0,2.0,3.0,10.0,61.0,101302.0,101.302,0.098715,0.049357,0.0,0.019743,0.029614,1.7049,1.7049,0.7035,0.2282,,22,1,49,64,control,,0
24,yellowstonegames/SquidSquad,2025-04,24304,0,2025-08,0,-4,5.0,0.0,2.0,3.0,10.0,61.0,101019.0,101.019,0.098991,0.049496,0.0,0.019798,0.029697,1.6885,1.6885,0.7035,0.2282,,34,1,49,64,control,,0
24,yellowstonegames/SquidSquad,2025-05,24305,0,2025-08,0,-3,5.0,0.0,2.0,3.0,10.0,61.0,102658.0,102.658,0.097411,0.048705,0.0,0.019482,0.029223,1.6885,1.6885,0.7003,0.2315,,32,1,49,64,control,,0
24,yellowstonegames/SquidSquad,2025-06,24306,0,2025-08,0,-2,5.0,0.0,2.0,3.0,10.0,61.0,104077.0,104.077,0.096083,0.048041,0.0,0.019217,0.028825,1.7049,1.7049,0.6979,0.2339,,18,1,49,64,control,,0
24,yellowstonegames/SquidSquad,2025-07,24307,0,2025-08,0,-1,5.0,0.0,0.0,3.0,8.0,61.0,104412.0,104.412,0.07662,0.047887,0.0,0.0,0.028732,1.8033,1.8033,0.697,0.2348,,19,1,49,64,control,,0
24,yellowstonegames/SquidSquad,2025-08,24308,0,2025-08,1,0,5.0,0.0,0.0,3.0,8.0,62.0,105233.0,105.233,0.076022,0.047514,0.0,0.0,0.028508,1.8226,1.8226,0.6957,0.2373,,19,1,49,64,control,,0
24,yellowstonegames/SquidSquad,2025-09,24309,0,2025-08,1,1,5.0,0.0,0.0,3.0,8.0,62.0,105420.0,105.42,0.075887,0.047429,0.0,0.0,0.028458,1.8226,1.8226,0.6957,0.2372,,15,1,49,64,control,,0
24,yellowstonegames/SquidSquad,2025-10,24310,0,2025-08,1,2,5.0,0.0,0.0,3.0,8.0,62.0,106147.0,106.147,0.075367,0.047104,0.0,0.0,0.028263,1.8226,1.8226,0.6952,0.2379,,34,1,49,64,control,,0
24,yellowstonegames/SquidSquad,2025-11,24311,0,2025-08,1,3,5.0,0.0,0.0,3.0,8.0,65.0,106117.0,106.117,0.075388,0.047118,0.0,0.0,0.028271,1.7385,1.7385,0.7092,0.2269,,82,1,49,64,control,,0
24,yellowstonegames/SquidSquad,2025-12,24312,0,2025-08,1,4,5.0,0.0,0.0,3.0,8.0,67.0,107508.0,107.508,0.074413,0.046508,0.0,0.0,0.027905,1.6866,1.6866,0.7179,0.2202,,22,1,49,64,control,,0
24,yellowstonegames/SquidSquad,2026-01,24313,0,2025-08,1,5,5.0,0.0,0.0,3.0,8.0,67.0,107633.0,107.633,0.074327,0.046454,0.0,0.0,0.027872,1.6716,1.6716,0.7179,0.2202,,27,1,49,64,control,,0
24,yellowstonegames/SquidSquad,2026-02,24314,0,2025-08,1,6,5.0,0.0,0.0,3.0,8.0,67.0,107711.0,107.711,0.074273,0.046421,0.0,0.0,0.027852,1.6716,1.6716,0.7179,0.2202,,43,1,49,64,control,,0
25,lilishop/lilishop,2024-12,24300,1,2025-06,0,-6,122.0,9.0,1.0,0.0,132.0,393.0,53013.0,53.013,2.489955,2.301322,0.16977,0.018863,0.0,6.8855,6.8855,0.5555,0.4046,,10,4,4121,58,cursor,file_add,1
25,lilishop/lilishop,2025-01,24301,1,2025-06,0,-5,122.0,9.0,1.0,0.0,132.0,393.0,53029.0,53.029,2.489204,2.300628,0.169718,0.018858,0.0,6.8855,6.8855,0.5555,0.4046,,4,2,4121,58,cursor,file_add,1
25,lilishop/lilishop,2025-02,24302,1,2025-06,0,-4,122.0,9.0,1.0,0.0,132.0,393.0,52809.0,52.809,2.499574,2.310212,0.170425,0.018936,0.0,6.8804,6.8804,0.5556,0.4045,,4,3,4121,58,cursor,file_add,1
25,lilishop/lilishop,2025-03,24303,1,2025-06,0,-3,122.0,9.0,1.0,0.0,132.0,393.0,52837.0,52.837,2.498249,2.308988,0.170335,0.018926,0.0,6.8804,6.8804,0.5556,0.4045,,2,1,4121,58,cursor,file_add,1
25,lilishop/lilishop,2025-04,24304,1,2025-06,0,-2,122.0,9.0,1.0,0.0,132.0,393.0,52864.0,52.864,2.496973,2.307809,0.170248,0.018916,0.0,6.8804,6.8804,0.5556,0.4045,,2,1,4121,58,cursor,file_add,1
25,lilishop/lilishop,2025-05,24305,1,2025-06,0,-1,122.0,9.0,1.0,0.0,132.0,393.0,52865.0,52.865,2.496926,2.307765,0.170245,0.018916,0.0,6.8779,6.8779,0.5556,0.4045,,4,1,4121,58,cursor,file_add,1
25,lilishop/lilishop,2025-06,24306,1,2025-06,1,0,122.0,9.0,1.0,0.0,132.0,393.0,52865.0,52.865,2.496926,2.307765,0.170245,0.018916,0.0,6.8779,6.8779,0.5556,0.4045,,6,3,4121,58,cursor,file_add,1
25,lilishop/lilishop,2025-07,24307,1,2025-06,1,1,122.0,9.0,1.0,0.0,132.0,393.0,52865.0,52.865,2.496926,2.307765,0.170245,0.018916,0.0,6.8779,6.8779,0.5556,0.4045,,0,0,4121,58,cursor,file_add,1
25,lilishop/lilishop,2025-08,24308,1,2025-06,1,2,122.0,9.0,1.0,0.0,132.0,393.0,52865.0,52.865,2.496926,2.307765,0.170245,0.018916,0.0,6.8779,6.8779,0.5556,0.4045,,7,1,4121,58,cursor,file_add,1
25,lilishop/lilishop,2025-09,24309,1,2025-06,1,3,122.0,9.0,1.0,0.0,132.0,393.0,52865.0,52.865,2.496926,2.307765,0.170245,0.018916,0.0,6.8779,6.8779,0.5556,0.4045,,6,3,4121,58,cursor,file_add,1
25,lilishop/lilishop,2025-10,24310,1,2025-06,1,4,122.0,9.0,1.0,0.0,132.0,393.0,52865.0,52.865,2.496926,2.307765,0.170245,0.018916,0.0,6.8779,6.8779,0.5556,0.4045,,12,3,4121,58,cursor,file_add,1
25,lilishop/lilishop,2025-11,24311,1,2025-06,1,5,124.0,9.0,1.0,0.0,134.0,393.0,53575.0,53.575,2.501167,2.314512,0.167989,0.018665,0.0,6.9186,6.9186,0.5556,0.4046,,0,0,4121,58,cursor,file_add,1
25,lilishop/lilishop,2025-12,24312,1,2025-06,1,6,124.0,9.0,1.0,0.0,134.0,393.0,53575.0,53.575,2.501167,2.314512,0.167989,0.018665,0.0,6.9186,6.9186,0.5556,0.4046,,0,0,4121,58,cursor,file_add,1
26,cinit/QAuxiliary,2024-12,24300,0,2025-06,0,-6,174.0,5.0,1.0,0.0,180.0,120.0,25795.0,25.795,6.978097,6.745493,0.193836,0.038767,0.0,4.3167,4.3167,0.6733,0.2808,,31,5,5460,50,control,,0
26,cinit/QAuxiliary,2025-01,24301,0,2025-06,0,-5,175.0,5.0,1.0,0.0,181.0,120.0,25815.0,25.815,7.011427,6.779004,0.193686,0.038737,0.0,4.325,4.325,0.6736,0.2805,,28,8,5460,50,control,,0
26,cinit/QAuxiliary,2025-02,24302,0,2025-06,0,-4,175.0,5.0,1.0,0.0,181.0,120.0,25887.0,25.887,6.991926,6.76015,0.193147,0.038629,0.0,4.325,4.325,0.6735,0.2805,,24,6,5460,50,control,,0
26,cinit/QAuxiliary,2025-03,24303,0,2025-06,0,-3,176.0,5.0,1.0,0.0,182.0,122.0,25969.0,25.969,7.008356,6.777311,0.192537,0.038507,0.0,4.2869,4.2869,0.6715,0.2833,,30,6,5460,50,control,,0
26,cinit/QAuxiliary,2025-04,24304,0,2025-06,0,-2,181.0,5.0,4.0,0.0,190.0,126.0,26257.0,26.257,7.236166,6.8934,0.190425,0.15234,0.0,4.3254,4.3254,0.6851,0.2711,,20,6,5460,50,control,,0
26,cinit/QAuxiliary,2025-05,24305,0,2025-06,0,-1,181.0,5.0,4.0,0.0,190.0,126.0,26274.0,26.274,7.231484,6.88894,0.190302,0.152242,0.0,4.3254,4.3254,0.6852,0.271,,26,9,5460,50,control,,0
26,cinit/QAuxiliary,2025-06,24306,0,2025-06,1,0,183.0,5.0,4.0,0.0,192.0,128.0,26329.0,26.329,7.292339,6.950511,0.189905,0.151924,0.0,4.3125,4.3125,0.6885,0.2684,,12,3,5460,50,control,,0
26,cinit/QAuxiliary,2025-07,24307,0,2025-06,1,1,183.0,5.0,4.0,0.0,192.0,128.0,26357.0,26.357,7.284592,6.943127,0.189703,0.151762,0.0,4.3125,4.3125,0.6885,0.2684,,1,1,5460,50,control,,0
26,cinit/QAuxiliary,2025-08,24308,0,2025-06,1,2,183.0,5.0,4.0,0.0,192.0,128.0,26357.0,26.357,7.284592,6.943127,0.189703,0.151762,0.0,4.3125,4.3125,0.6885,0.2684,,18,5,5460,50,control,,0
26,cinit/QAuxiliary,2025-09,24309,0,2025-06,1,3,183.0,5.0,4.0,0.0,192.0,128.0,26347.0,26.347,7.287357,6.945762,0.189775,0.15182,0.0,4.3203,4.3203,0.6884,0.2685,,36,4,5460,50,control,,0
26,cinit/QAuxiliary,2025-10,24310,0,2025-06,1,4,184.0,5.0,4.0,0.0,193.0,128.0,26328.0,26.328,7.330599,6.988757,0.189912,0.15193,0.0,4.3281,4.3281,0.6886,0.2684,,49,6,5460,50,control,,0
26,cinit/QAuxiliary,2025-11,24311,0,2025-06,1,5,184.0,5.0,4.0,0.0,193.0,128.0,26335.0,26.335,7.32865,6.9869,0.189861,0.151889,0.0,4.3281,4.3281,0.6886,0.2683,,39,8,5460,50,control,,0
26,cinit/QAuxiliary,2025-12,24312,0,2025-06,1,6,184.0,5.0,4.0,0.0,193.0,128.0,26362.0,26.362,7.321144,6.979744,0.189667,0.151734,0.0,4.3281,4.3281,0.6886,0.2683,,31,7,5460,50,control,,0
27,xerial/snappy-java,2025-01,24301,1,2025-07,0,-6,0.0,0.0,0.0,0.0,0.0,5.0,3955.0,3.955,0.0,0.0,0.0,0.0,0.0,0.4,0.4,0.6,0.2731,,2,1,1081,162,claude_code,file_add,15
27,xerial/snappy-java,2025-02,24302,1,2025-07,0,-5,0.0,0.0,0.0,0.0,0.0,5.0,3955.0,3.955,0.0,0.0,0.0,0.0,0.0,0.4,0.4,0.6,0.2731,,8,6,1081,162,claude_code,file_add,15
27,xerial/snappy-java,2025-03,24303,1,2025-07,0,-4,0.0,0.0,0.0,0.0,0.0,5.0,3957.0,3.957,0.0,0.0,0.0,0.0,0.0,0.4,0.4,0.6,0.2731,,0,0,1081,162,claude_code,file_add,15
27,xerial/snappy-java,2025-04,24304,1,2025-07,0,-3,0.0,0.0,0.0,0.0,0.0,5.0,3957.0,3.957,0.0,0.0,0.0,0.0,0.0,0.4,0.4,0.6,0.2731,,0,0,1081,162,claude_code,file_add,15
27,xerial/snappy-java,2025-05,24305,1,2025-07,0,-2,0.0,0.0,0.0,0.0,0.0,5.0,3957.0,3.957,0.0,0.0,0.0,0.0,0.0,0.4,0.4,0.6,0.2731,,1,1,1081,162,claude_code,file_add,15
27,xerial/snappy-java,2025-06,24306,1,2025-07,0,-1,0.0,0.0,0.0,0.0,0.0,5.0,3957.0,3.957,0.0,0.0,0.0,0.0,0.0,0.4,0.4,0.6,0.2731,,0,0,1081,162,claude_code,file_add,15
27,xerial/snappy-java,2025-07,24307,1,2025-07,1,0,0.0,0.0,0.0,0.0,0.0,5.0,3957.0,3.957,0.0,0.0,0.0,0.0,0.0,0.4,0.4,0.6,0.2731,,24,7,1081,162,claude_code,file_add,15
27,xerial/snappy-java,2025-08,24308,1,2025-07,1,1,0.0,0.0,0.0,0.0,0.0,5.0,3961.0,3.961,0.0,0.0,0.0,0.0,0.0,0.4,0.4,0.6,0.2731,,3,2,1081,162,claude_code,file_add,15
27,xerial/snappy-java,2025-09,24309,1,2025-07,1,2,0.0,0.0,0.0,0.0,0.0,5.0,3961.0,3.961,0.0,0.0,0.0,0.0,0.0,0.4,0.4,0.6,0.2731,,3,2,1081,162,claude_code,file_add,15
27,xerial/snappy-java,2025-10,24310,1,2025-07,1,3,0.0,0.0,0.0,0.0,0.0,5.0,3961.0,3.961,0.0,0.0,0.0,0.0,0.0,0.4,0.4,0.6,0.2731,,0,0,1081,162,claude_code,file_add,15
27,xerial/snappy-java,2025-11,24311,1,2025-07,1,4,0.0,0.0,0.0,0.0,0.0,5.0,3961.0,3.961,0.0,0.0,0.0,0.0,0.0,0.4,0.4,0.6,0.2731,,8,3,1081,162,claude_code,file_add,15
27,xerial/snappy-java,2025-12,24312,1,2025-07,1,5,0.0,0.0,0.0,0.0,0.0,5.0,3961.0,3.961,0.0,0.0,0.0,0.0,0.0,0.4,0.4,0.6,0.2731,,0,0,1081,162,claude_code,file_add,15
27,xerial/snappy-java,2026-01,24313,1,2025-07,1,6,0.0,0.0,0.0,0.0,0.0,5.0,3961.0,3.961,0.0,0.0,0.0,0.0,0.0,0.4,0.4,0.6,0.2731,,5,2,1081,162,claude_code,file_add,15
28,lukas-krecan/JsonUnit,2025-01,24301,0,2025-07,0,-6,2.0,0.0,2.0,0.0,4.0,34.0,7355.0,7.355,0.543848,0.271924,0.0,0.271924,0.0,2.0,2.0,0.6491,0.2421,,13,1,984,170,control,,0
28,lukas-krecan/JsonUnit,2025-02,24302,0,2025-07,0,-5,2.0,0.0,2.0,0.0,4.0,34.0,7355.0,7.355,0.543848,0.271924,0.0,0.271924,0.0,2.0,2.0,0.6491,0.2421,,6,1,984,170,control,,0
28,lukas-krecan/JsonUnit,2025-03,24303,0,2025-07,0,-4,2.0,0.0,2.0,0.0,4.0,34.0,7355.0,7.355,0.543848,0.271924,0.0,0.271924,0.0,2.0,2.0,0.6491,0.2421,,12,2,984,170,control,,0
28,lukas-krecan/JsonUnit,2025-04,24304,0,2025-07,0,-3,2.0,0.0,2.0,0.0,4.0,34.0,7357.0,7.357,0.5437,0.27185,0.0,0.27185,0.0,2.0,2.0,0.6491,0.2421,,6,1,984,170,control,,0
28,lukas-krecan/JsonUnit,2025-05,24305,0,2025-07,0,-2,2.0,0.0,2.0,0.0,4.0,34.0,7357.0,7.357,0.5437,0.27185,0.0,0.27185,0.0,2.0,2.0,0.6491,0.2421,,17,2,984,170,control,,0
28,lukas-krecan/JsonUnit,2025-06,24306,0,2025-07,0,-1,2.0,0.0,2.0,0.0,4.0,34.0,7357.0,7.357,0.5437,0.27185,0.0,0.27185,0.0,2.0,2.0,0.6491,0.2421,,8,2,984,170,control,,0
28,lukas-krecan/JsonUnit,2025-07,24307,0,2025-07,1,0,2.0,0.0,2.0,0.0,4.0,34.0,7357.0,7.357,0.5437,0.27185,0.0,0.27185,0.0,2.0,2.0,0.6491,0.2421,,9,1,984,170,control,,0
28,lukas-krecan/JsonUnit,2025-08,24308,0,2025-07,1,1,2.0,0.0,2.0,0.0,4.0,34.0,7357.0,7.357,0.5437,0.27185,0.0,0.27185,0.0,2.0,2.0,0.6491,0.2421,,11,2,984,170,control,,0
28,lukas-krecan/JsonUnit,2025-09,24309,0,2025-07,1,2,2.0,0.0,2.0,0.0,4.0,34.0,7357.0,7.357,0.5437,0.27185,0.0,0.27185,0.0,2.0,2.0,0.6491,0.2421,,20,2,984,170,control,,0
28,lukas-krecan/JsonUnit,2025-10,24310,0,2025-07,1,3,2.0,0.0,2.0,0.0,4.0,34.0,7357.0,7.357,0.5437,0.27185,0.0,0.27185,0.0,2.0,2.0,0.6491,0.2421,,30,3,984,170,control,,0
28,lukas-krecan/JsonUnit,2025-11,24311,0,2025-07,1,4,2.0,0.0,2.0,0.0,4.0,35.0,7016.0,7.016,0.570125,0.285063,0.0,0.285063,0.0,1.7143,1.7143,0.6722,0.2264,,21,2,984,170,control,,0
28,lukas-krecan/JsonUnit,2025-12,24312,0,2025-07,1,5,2.0,0.0,2.0,0.0,4.0,35.0,7013.0,7.013,0.570369,0.285185,0.0,0.285185,0.0,1.7143,1.7143,0.6722,0.2264,,17,1,984,170,control,,0
28,lukas-krecan/JsonUnit,2026-01,24313,0,2025-07,1,6,2.0,0.0,2.0,0.0,4.0,35.0,7013.0,7.013,0.570369,0.285185,0.0,0.285185,0.0,1.7143,1.7143,0.6722,0.2264,,16,1,984,170,control,,0
29,JWebMP/Core,2025-06,24306,1,2025-12,0,-6,,,,,,,,,,,,,,,,,,,1,1,5,112,copilot,file_add,1
29,JWebMP/Core,2025-07,24307,1,2025-12,0,-5,,,,,,,,,,,,,,,,,,,0,0,5,112,copilot,file_add,1
29,JWebMP/Core,2025-08,24308,1,2025-12,0,-4,,,,,,,,,,,,,,,,,,,2,1,5,112,copilot,file_add,1
29,JWebMP/Core,2025-09,24309,1,2025-12,0,-3,,,,,,,,,,,,,,,,,,,1,1,5,112,copilot,file_add,1
29,JWebMP/Core,2025-10,24310,1,2025-12,0,-2,,,,,,,,,,,,,,,,,,,1,1,5,112,copilot,file_add,1
29,JWebMP/Core,2025-11,24311,1,2025-12,0,-1,,,,,,,,,,,,,,,,,,,2,1,5,112,copilot,file_add,1
29,JWebMP/Core,2025-12,24312,1,2025-12,1,0,,,,,,,,,,,,,,,,,,,6,1,5,112,copilot,file_add,1
29,JWebMP/Core,2026-01,24313,1,2025-12,1,1,,,,,,,,,,,,,,,,,,,1,1,5,112,copilot,file_add,1
29,JWebMP/Core,2026-02,24314,1,2025-12,1,2,,,,,,,,,,,,,,,,,,,0,0,5,112,copilot,file_add,1
29,JWebMP/Core,2026-03,24315,1,2025-12,1,3,,,,,,,,,,,,,,,,,,,4,1,5,112,copilot,file_add,1
29,JWebMP/Core,2026-04,24316,1,2025-12,1,4,,,,,,,,,,,,,,,,,,,0,0,5,112,copilot,file_add,1
29,JWebMP/Core,2026-05,24317,1,2025-12,1,5,,,,,,,,,,,,,,,,,,,0,0,5,112,copilot,file_add,1
29,JWebMP/Core,2026-06,24318,1,2025-12,1,6,,,,,,,,,,,,,,,,,,,0,0,5,112,copilot,file_add,1
30,guardtime/ksi-java-sdk,2025-06,24306,0,2025-12,0,-6,26.0,1.0,1.0,0.0,28.0,31.0,14721.0,14.721,1.902045,1.766184,0.06793,0.06793,0.0,6.7097,6.7097,0.5075,0.3389,,0,0,19,126,control,,0
30,guardtime/ksi-java-sdk,2025-07,24307,0,2025-12,0,-5,26.0,1.0,1.0,0.0,28.0,31.0,14721.0,14.721,1.902045,1.766184,0.06793,0.06793,0.0,6.7097,6.7097,0.5075,0.3389,,0,0,19,126,control,,0
30,guardtime/ksi-java-sdk,2025-08,24308,0,2025-12,0,-4,26.0,1.0,1.0,0.0,28.0,31.0,14721.0,14.721,1.902045,1.766184,0.06793,0.06793,0.0,6.7097,6.7097,0.5075,0.3389,,0,0,19,126,control,,0
30,guardtime/ksi-java-sdk,2025-09,24309,0,2025-12,0,-3,26.0,1.0,1.0,0.0,28.0,31.0,14721.0,14.721,1.902045,1.766184,0.06793,0.06793,0.0,6.7097,6.7097,0.5075,0.3389,,0,0,19,126,control,,0
30,guardtime/ksi-java-sdk,2025-10,24310,0,2025-12,0,-2,26.0,1.0,1.0,0.0,28.0,31.0,14721.0,14.721,1.902045,1.766184,0.06793,0.06793,0.0,6.7097,6.7097,0.5075,0.3389,,0,0,19,126,control,,0
30,guardtime/ksi-java-sdk,2025-11,24311,0,2025-12,0,-1,26.0,1.0,1.0,0.0,28.0,31.0,14721.0,14.721,1.902045,1.766184,0.06793,0.06793,0.0,6.7097,6.7097,0.5075,0.3389,,0,0,19,126,control,,0
30,guardtime/ksi-java-sdk,2025-12,24312,0,2025-12,1,0,26.0,1.0,1.0,0.0,28.0,31.0,14721.0,14.721,1.902045,1.766184,0.06793,0.06793,0.0,6.7097,6.7097,0.5075,0.3389,,0,0,19,126,control,,0
30,guardtime/ksi-java-sdk,2026-01,24313,0,2025-12,1,1,26.0,1.0,1.0,0.0,28.0,31.0,14721.0,14.721,1.902045,1.766184,0.06793,0.06793,0.0,6.7097,6.7097,0.5075,0.3389,,0,0,19,126,control,,0
30,guardtime/ksi-java-sdk,2026-02,24314,0,2025-12,1,2,26.0,1.0,1.0,0.0,28.0,31.0,14721.0,14.721,1.902045,1.766184,0.06793,0.06793,0.0,6.7097,6.7097,0.5075,0.3389,,0,0,19,126,control,,0
30,guardtime/ksi-java-sdk,2026-03,24315,0,2025-12,1,3,26.0,1.0,1.0,0.0,28.0,31.0,14721.0,14.721,1.902045,1.766184,0.06793,0.06793,0.0,6.7097,6.7097,0.5075,0.3389,,0,0,19,126,control,,0
30,guardtime/ksi-java-sdk,2026-04,24316,0,2025-12,1,4,26.0,1.0,1.0,0.0,28.0,31.0,14721.0,14.721,1.902045,1.766184,0.06793,0.06793,0.0,6.7097,6.7097,0.5075,0.3389,,0,0,19,126,control,,0
30,guardtime/ksi-java-sdk,2026-05,24317,0,2025-12,1,5,26.0,1.0,1.0,0.0,28.0,31.0,14721.0,14.721,1.902045,1.766184,0.06793,0.06793,0.0,6.7097,6.7097,0.5075,0.3389,,0,0,19,126,control,,0
30,guardtime/ksi-java-sdk,2026-06,24318,0,2025-12,1,6,26.0,1.0,1.0,0.0,28.0,31.0,14721.0,14.721,1.902045,1.766184,0.06793,0.06793,0.0,6.7097,6.7097,0.5075,0.3389,,0,0,19,126,control,,0
31,AxonFramework/AxonFramework,2024-09,24297,1,2025-03,0,-6,,,,,,,,,,,,,,,,,,,105,6,3558,171,claude_code,commit_pattern,3
31,AxonFramework/AxonFramework,2024-10,24298,1,2025-03,0,-5,,,,,,,,,,,,,,,,,,,221,12,3558,171,claude_code,commit_pattern,3
31,AxonFramework/AxonFramework,2024-11,24299,1,2025-03,0,-4,,,,,,,,,,,,,,,,,,,190,10,3558,171,claude_code,commit_pattern,3
31,AxonFramework/AxonFramework,2024-12,24300,1,2025-03,0,-3,,,,,,,,,,,,,,,,,,,110,8,3558,171,claude_code,commit_pattern,3
31,AxonFramework/AxonFramework,2025-01,24301,1,2025-03,0,-2,,,,,,,,,,,,,,,,,,,137,5,3558,171,claude_code,commit_pattern,3
31,AxonFramework/AxonFramework,2025-02,24302,1,2025-03,0,-1,,,,,,,,,,,,,,,,,,,278,8,3558,171,claude_code,commit_pattern,3
31,AxonFramework/AxonFramework,2025-03,24303,1,2025-03,1,0,,,,,,,,,,,,,,,,,,,222,8,3558,171,claude_code,commit_pattern,3
31,AxonFramework/AxonFramework,2025-04,24304,1,2025-03,1,1,,,,,,,,,,,,,,,,,,,335,8,3558,171,claude_code,commit_pattern,3
31,AxonFramework/AxonFramework,2025-05,24305,1,2025-03,1,2,,,,,,,,,,,,,,,,,,,303,6,3558,171,claude_code,commit_pattern,3
31,AxonFramework/AxonFramework,2025-06,24306,1,2025-03,1,3,,,,,,,,,,,,,,,,,,,453,6,3558,171,claude_code,commit_pattern,3
31,AxonFramework/AxonFramework,2025-07,24307,1,2025-03,1,4,,,,,,,,,,,,,,,,,,,324,7,3558,171,claude_code,commit_pattern,3
31,AxonFramework/AxonFramework,2025-08,24308,1,2025-03,1,5,,,,,,,,,,,,,,,,,,,462,9,3558,171,claude_code,commit_pattern,3
31,AxonFramework/AxonFramework,2025-09,24309,1,2025-03,1,6,,,,,,,,,,,,,,,,,,,582,10,3558,171,claude_code,commit_pattern,3
32,spring-projects/spring-integration,2024-09,24297,0,2025-03,0,-6,175.0,7.0,10.0,1.0,193.0,390.0,196841.0,196.841,0.980487,0.889042,0.035562,0.050802,0.00508,7.2872,7.2872,0.6428,0.2651,,50,8,1620,176,control,,0
32,spring-projects/spring-integration,2024-10,24298,0,2025-03,0,-5,176.0,7.0,10.0,0.0,193.0,391.0,197116.0,197.116,0.979119,0.892875,0.035512,0.050732,0.0,7.289,7.289,0.6428,0.2653,,68,9,1620,176,control,,0
32,spring-projects/spring-integration,2024-11,24299,0,2025-03,0,-4,176.0,7.0,10.0,0.0,193.0,391.0,197220.0,197.22,0.978603,0.892404,0.035493,0.050705,0.0,7.2916,7.2916,0.6448,0.2635,,33,4,1620,176,control,,0
32,spring-projects/spring-integration,2024-12,24300,0,2025-03,0,-3,176.0,7.0,10.0,0.0,193.0,391.0,197207.0,197.207,0.978667,0.892463,0.035496,0.050708,0.0,7.2916,7.2916,0.6448,0.2635,,39,7,1620,176,control,,0
32,spring-projects/spring-integration,2025-01,24301,0,2025-03,0,-2,176.0,7.0,10.0,0.0,193.0,391.0,197289.0,197.289,0.97826,0.892092,0.035481,0.050687,0.0,7.2916,7.2916,0.6448,0.2635,,42,4,1620,176,control,,0
32,spring-projects/spring-integration,2025-02,24302,0,2025-03,0,-1,176.0,7.0,7.0,0.0,190.0,389.0,197147.0,197.147,0.963748,0.892735,0.035507,0.035507,0.0,7.329,7.329,0.6432,0.2646,,41,4,1620,176,control,,0
32,spring-projects/spring-integration,2025-03,24303,0,2025-03,1,0,177.0,7.0,7.0,0.0,191.0,385.0,194597.0,194.597,0.981516,0.909572,0.035972,0.035972,0.0,7.3195,7.3195,0.6425,0.2638,,44,4,1620,176,control,,0
32,spring-projects/spring-integration,2025-04,24304,0,2025-03,1,1,177.0,7.0,7.0,0.0,191.0,385.0,194804.0,194.804,0.980473,0.908606,0.035934,0.035934,0.0,7.3247,7.3247,0.6426,0.2638,,32,5,1620,176,control,,0
32,spring-projects/spring-integration,2025-05,24305,0,2025-03,1,2,176.0,7.0,7.0,0.0,190.0,389.0,197324.0,197.324,0.962883,0.891934,0.035475,0.035475,0.0,7.3368,7.3368,0.6435,0.2643,,29,6,1620,176,control,,0
32,spring-projects/spring-integration,2025-06,24306,0,2025-03,1,3,177.0,7.0,7.0,0.0,191.0,389.0,197198.0,197.198,0.96857,0.897575,0.035497,0.035497,0.0,7.3368,7.3368,0.6444,0.2623,,73,10,1620,176,control,,0
32,spring-projects/spring-integration,2025-07,24307,0,2025-03,1,4,200.0,8.0,7.0,0.0,215.0,387.0,198705.0,198.705,1.082006,1.006517,0.040261,0.035228,0.0,7.584,7.584,0.6437,0.2622,,58,9,1620,176,control,,0
32,spring-projects/spring-integration,2025-08,24308,0,2025-03,1,5,177.0,7.0,7.0,0.0,191.0,386.0,199671.0,199.671,0.956574,0.886458,0.035058,0.035058,0.0,7.6088,7.6088,0.6451,0.2609,,85,8,1620,176,control,,0
32,spring-projects/spring-integration,2025-09,24309,0,2025-03,1,6,177.0,7.0,7.0,0.0,191.0,386.0,200423.0,200.423,0.952984,0.883132,0.034926,0.034926,0.0,7.6321,7.6321,0.6453,0.261,,65,8,1620,176,control,,0
33,Servoy/servoy-client,2025-02,24302,1,2025-08,0,-6,,,,,,,,,,,,,,,,,,,62,7,13,141,copilot,file_add,1
33,Servoy/servoy-client,2025-03,24303,1,2025-08,0,-5,,,,,,,,,,,,,,,,,,,108,9,13,141,copilot,file_add,1
33,Servoy/servoy-client,2025-04,24304,1,2025-08,0,-4,,,,,,,,,,,,,,,,,,,84,9,13,141,copilot,file_add,1
33,Servoy/servoy-client,2025-05,24305,1,2025-08,0,-3,,,,,,,,,,,,,,,,,,,78,9,13,141,copilot,file_add,1
33,Servoy/servoy-client,2025-06,24306,1,2025-08,0,-2,,,,,,,,,,,,,,,,,,,82,8,13,141,copilot,file_add,1
33,Servoy/servoy-client,2025-07,24307,1,2025-08,0,-1,,,,,,,,,,,,,,,,,,,61,7,13,141,copilot,file_add,1
33,Servoy/servoy-client,2025-08,24308,1,2025-08,1,0,,,,,,,,,,,,,,,,,,,55,6,13,141,copilot,file_add,1
33,Servoy/servoy-client,2025-09,24309,1,2025-08,1,1,,,,,,,,,,,,,,,,,,,40,6,13,141,copilot,file_add,1
33,Servoy/servoy-client,2025-10,24310,1,2025-08,1,2,,,,,,,,,,,,,,,,,,,78,8,13,141,copilot,file_add,1
33,Servoy/servoy-client,2025-11,24311,1,2025-08,1,3,,,,,,,,,,,,,,,,,,,70,7,13,141,copilot,file_add,1
33,Servoy/servoy-client,2025-12,24312,1,2025-08,1,4,,,,,,,,,,,,,,,,,,,79,8,13,141,copilot,file_add,1
33,Servoy/servoy-client,2026-01,24313,1,2025-08,1,5,,,,,,,,,,,,,,,,,,,39,8,13,141,copilot,file_add,1
33,Servoy/servoy-client,2026-02,24314,1,2025-08,1,6,,,,,,,,,,,,,,,,,,,51,6,13,141,copilot,file_add,1
35,apache/struts,2024-11,24299,1,2025-05,0,-6,339.0,12.0,1.0,1.0,353.0,306.0,147553.0,147.553,2.392361,2.29748,0.081327,0.006777,0.006777,5.1242,5.1242,0.6134,0.2748,,87,5,1349,146,claude_code,commit_pattern,35
35,apache/struts,2024-12,24300,1,2025-05,0,-5,208.0,6.0,2.0,3.0,219.0,248.0,113408.0,113.408,1.931081,1.834086,0.052906,0.017635,0.026453,4.621,4.621,0.6257,0.2649,,44,3,1349,146,claude_code,commit_pattern,35
35,apache/struts,2025-01,24301,1,2025-05,0,-4,210.0,7.0,2.0,3.0,222.0,248.0,113516.0,113.516,1.955671,1.849959,0.061665,0.017619,0.026428,4.6371,4.6371,0.6265,0.2642,,47,4,1349,146,claude_code,commit_pattern,35
35,apache/struts,2025-02,24302,1,2025-05,0,-3,210.0,7.0,2.0,3.0,222.0,248.0,114138.0,114.138,1.945014,1.839878,0.061329,0.017523,0.026284,4.6573,4.6573,0.6264,0.2643,,38,5,1349,146,claude_code,commit_pattern,35
35,apache/struts,2025-03,24303,1,2025-05,0,-2,208.0,6.0,2.0,1.0,217.0,248.0,114192.0,114.192,1.900308,1.821494,0.052543,0.017514,0.008757,4.6411,4.6411,0.6256,0.2651,,15,6,1349,146,claude_code,commit_pattern,35
35,apache/struts,2025-04,24304,1,2025-05,0,-1,209.0,5.0,2.0,3.0,219.0,250.0,115036.0,115.036,1.903752,1.816823,0.043465,0.017386,0.026079,4.648,4.648,0.6274,0.2644,,7,2,1349,146,claude_code,commit_pattern,35
35,apache/struts,2025-05,24305,1,2025-05,1,0,209.0,5.0,2.0,3.0,219.0,250.0,115036.0,115.036,1.903752,1.816823,0.043465,0.017386,0.026079,4.648,4.648,0.6274,0.2644,,12,2,1349,146,claude_code,commit_pattern,35
35,apache/struts,2025-06,24306,1,2025-05,1,1,209.0,5.0,2.0,3.0,219.0,250.0,115040.0,115.04,1.903686,1.816759,0.043463,0.017385,0.026078,4.648,4.648,0.6274,0.2644,,9,1,1349,146,claude_code,commit_pattern,35
35,apache/struts,2025-07,24307,1,2025-05,1,2,209.0,5.0,2.0,3.0,219.0,250.0,115040.0,115.04,1.903686,1.816759,0.043463,0.017385,0.026078,4.648,4.648,0.6274,0.2644,,37,2,1349,146,claude_code,commit_pattern,35
35,apache/struts,2025-08,24308,1,2025-05,1,3,209.0,5.0,2.0,3.0,219.0,250.0,115040.0,115.04,1.903686,1.816759,0.043463,0.017385,0.026078,4.648,4.648,0.6274,0.2644,,30,3,1349,146,claude_code,commit_pattern,35
35,apache/struts,2025-09,24309,1,2025-05,1,4,209.0,5.0,2.0,3.0,219.0,250.0,115839.0,115.839,1.890555,1.804228,0.043163,0.017265,0.025898,4.648,4.648,0.6274,0.2645,,69,2,1349,146,claude_code,commit_pattern,35
35,apache/struts,2025-10,24310,1,2025-05,1,5,209.0,5.0,2.0,1.0,217.0,250.0,115993.0,115.993,1.870803,1.801833,0.043106,0.017242,0.008621,4.672,4.672,0.626,0.266,,22,3,1349,146,claude_code,commit_pattern,35
35,apache/struts,2025-11,24311,1,2025-05,1,6,209.0,5.0,2.0,1.0,217.0,250.0,116103.0,116.103,1.86903,1.800126,0.043065,0.017226,0.008613,4.672,4.672,0.626,0.266,,15,2,1349,146,claude_code,commit_pattern,35
36,SonarSource/sonar-java,2024-11,24299,0,2025-05,0,-6,,,,,,,,,,,,,,,,,,,47,7,1196,162,control,,0
36,SonarSource/sonar-java,2024-12,24300,0,2025-05,0,-5,,,,,,,,,,,,,,,,,,,25,6,1196,162,control,,0
36,SonarSource/sonar-java,2025-01,24301,0,2025-05,0,-4,,,,,,,,,,,,,,,,,,,13,4,1196,162,control,,0
36,SonarSource/sonar-java,2025-02,24302,0,2025-05,0,-3,,,,,,,,,,,,,,,,,,,45,7,1196,162,control,,0
36,SonarSource/sonar-java,2025-03,24303,0,2025-05,0,-2,,,,,,,,,,,,,,,,,,,13,8,1196,162,control,,0
36,SonarSource/sonar-java,2025-04,24304,0,2025-05,0,-1,,,,,,,,,,,,,,,,,,,38,9,1196,162,control,,0
36,SonarSource/sonar-java,2025-05,24305,0,2025-05,1,0,,,,,,,,,,,,,,,,,,,54,12,1196,162,control,,0
36,SonarSource/sonar-java,2025-06,24306,0,2025-05,1,1,,,,,,,,,,,,,,,,,,,34,10,1196,162,control,,0
36,SonarSource/sonar-java,2025-07,24307,0,2025-05,1,2,,,,,,,,,,,,,,,,,,,42,7,1196,162,control,,0
36,SonarSource/sonar-java,2025-08,24308,0,2025-05,1,3,,,,,,,,,,,,,,,,,,,14,6,1196,162,control,,0
36,SonarSource/sonar-java,2025-09,24309,0,2025-05,1,4,,,,,,,,,,,,,,,,,,,7,5,1196,162,control,,0
36,SonarSource/sonar-java,2025-10,24310,0,2025-05,1,5,,,,,,,,,,,,,,,,,,,29,9,1196,162,control,,0
36,SonarSource/sonar-java,2025-11,24311,0,2025-05,1,6,,,,,,,,,,,,,,,,,,,16,5,1196,162,control,,0
37,graphql-java/graphql-java,2024-10,24298,1,2025-04,0,-6,107.0,4.0,1.0,0.0,112.0,61.0,44106.0,44.106,2.539337,2.425974,0.090691,0.022673,0.0,5.4918,5.4918,0.7059,0.2808,,19,5,6231,128,copilot,commit_pattern,85
37,graphql-java/graphql-java,2024-11,24299,1,2025-04,0,-5,107.0,4.0,1.0,0.0,112.0,61.0,44106.0,44.106,2.539337,2.425974,0.090691,0.022673,0.0,5.4918,5.4918,0.7059,0.2808,,74,9,6231,128,copilot,commit_pattern,85
37,graphql-java/graphql-java,2024-12,24300,1,2025-04,0,-4,107.0,4.0,1.0,0.0,112.0,62.0,44531.0,44.531,2.515102,2.402821,0.089825,0.022456,0.0,5.5484,5.5484,0.7094,0.2773,,60,7,6231,128,copilot,commit_pattern,85
37,graphql-java/graphql-java,2025-01,24301,1,2025-04,0,-3,107.0,4.0,1.0,0.0,112.0,62.0,44545.0,44.545,2.514311,2.402065,0.089797,0.022449,0.0,5.5484,5.5484,0.7094,0.2773,,43,4,6231,128,copilot,commit_pattern,85
37,graphql-java/graphql-java,2025-02,24302,1,2025-04,0,-2,107.0,4.0,1.0,0.0,112.0,62.0,44582.0,44.582,2.512225,2.400072,0.089722,0.022431,0.0,5.5968,5.5968,0.7055,0.2789,,94,7,6231,128,copilot,commit_pattern,85
37,graphql-java/graphql-java,2025-03,24303,1,2025-04,0,-1,108.0,4.0,4.0,0.0,116.0,63.0,45569.0,45.569,2.54559,2.370032,0.087779,0.087779,0.0,5.7302,5.7302,0.7076,0.2753,,90,7,6231,128,copilot,commit_pattern,85
37,graphql-java/graphql-java,2025-04,24304,1,2025-04,1,0,107.0,4.0,4.0,0.0,115.0,63.0,45743.0,45.743,2.514046,2.339156,0.087445,0.087445,0.0,5.7302,5.7302,0.706,0.277,,210,12,6231,128,copilot,commit_pattern,85
37,graphql-java/graphql-java,2025-05,24305,1,2025-04,1,1,107.0,4.0,3.0,0.0,114.0,62.0,45984.0,45.984,2.479123,2.326896,0.086987,0.06524,0.0,5.7419,5.7419,0.7013,0.2817,,170,12,6231,128,copilot,commit_pattern,85
37,graphql-java/graphql-java,2025-06,24306,1,2025-04,1,2,108.0,4.0,3.0,0.0,115.0,62.0,46396.0,46.396,2.478662,2.327787,0.086214,0.064661,0.0,5.8871,5.8871,0.7016,0.2782,,86,8,6231,128,copilot,commit_pattern,85
37,graphql-java/graphql-java,2025-07,24307,1,2025-04,1,3,108.0,4.0,3.0,0.0,115.0,63.0,46775.0,46.775,2.458578,2.308926,0.085516,0.064137,0.0,5.8571,5.8571,0.7054,0.2738,,150,11,6231,128,copilot,commit_pattern,85
37,graphql-java/graphql-java,2025-08,24308,1,2025-04,1,4,106.0,4.0,1.0,0.0,111.0,60.0,46638.0,46.638,2.380033,2.272825,0.085767,0.021442,0.0,6.0,6.0,0.7009,0.2734,,150,6,6231,128,copilot,commit_pattern,85
37,graphql-java/graphql-java,2025-09,24309,1,2025-04,1,5,106.0,4.0,4.0,0.0,114.0,60.0,46910.0,46.91,2.430185,2.259646,0.08527,0.08527,0.0,6.0167,6.0167,0.701,0.2735,,79,6,6231,128,copilot,commit_pattern,85
37,graphql-java/graphql-java,2025-10,24310,1,2025-04,1,6,106.0,4.0,1.0,0.0,111.0,60.0,47381.0,47.381,2.342711,2.237184,0.084422,0.021106,0.0,5.9833,5.9833,0.701,0.2733,,68,8,6231,128,copilot,commit_pattern,85
38,reactor/reactor-core,2024-10,24298,0,2025-04,0,-6,,,,,,,,,,,,,,,,,,,33,3,5208,124,control,,0
38,reactor/reactor-core,2024-11,24299,0,2025-04,0,-5,,,,,,,,,,,,,,,,,,,31,5,5208,124,control,,0
38,reactor/reactor-core,2024-12,24300,0,2025-04,0,-4,,,,,,,,,,,,,,,,,,,15,5,5208,124,control,,0
38,reactor/reactor-core,2025-01,24301,0,2025-04,0,-3,,,,,,,,,,,,,,,,,,,17,3,5208,124,control,,0
38,reactor/reactor-core,2025-02,24302,0,2025-04,0,-2,,,,,,,,,,,,,,,,,,,54,6,5208,124,control,,0
38,reactor/reactor-core,2025-03,24303,0,2025-04,0,-1,,,,,,,,,,,,,,,,,,,45,6,5208,124,control,,0
38,reactor/reactor-core,2025-04,24304,0,2025-04,1,0,,,,,,,,,,,,,,,,,,,8,1,5208,124,control,,0
38,reactor/reactor-core,2025-05,24305,0,2025-04,1,1,,,,,,,,,,,,,,,,,,,30,3,5208,124,control,,0
38,reactor/reactor-core,2025-06,24306,0,2025-04,1,2,,,,,,,,,,,,,,,,,,,45,3,5208,124,control,,0
38,reactor/reactor-core,2025-07,24307,0,2025-04,1,3,,,,,,,,,,,,,,,,,,,15,4,5208,124,control,,0
38,reactor/reactor-core,2025-08,24308,0,2025-04,1,4,,,,,,,,,,,,,,,,,,,17,3,5208,124,control,,0
38,reactor/reactor-core,2025-09,24309,0,2025-04,1,5,,,,,,,,,,,,,,,,,,,20,3,5208,124,control,,0
38,reactor/reactor-core,2025-10,24310,0,2025-04,1,6,,,,,,,,,,,,,,,,,,,39,3,5208,124,control,,0
39,nyetwurk/ecuxplot,2025-04,24304,1,2025-10,0,-6,0.0,0.0,0.0,0.0,0.0,7.0,4406.0,4.406,0.0,0.0,0.0,0.0,0.0,0.8571,0.8571,0.6349,0.2722,,0,0,65,162,cursor,file_add,2
39,nyetwurk/ecuxplot,2025-05,24305,1,2025-10,0,-5,0.0,0.0,0.0,0.0,0.0,7.0,4406.0,4.406,0.0,0.0,0.0,0.0,0.0,0.8571,0.8571,0.6349,0.2722,,0,0,65,162,cursor,file_add,2
39,nyetwurk/ecuxplot,2025-06,24306,1,2025-10,0,-4,0.0,0.0,0.0,0.0,0.0,7.0,4406.0,4.406,0.0,0.0,0.0,0.0,0.0,0.8571,0.8571,0.6349,0.2722,,0,0,65,162,cursor,file_add,2
39,nyetwurk/ecuxplot,2025-07,24307,1,2025-10,0,-3,0.0,0.0,0.0,0.0,0.0,7.0,4406.0,4.406,0.0,0.0,0.0,0.0,0.0,0.8571,0.8571,0.6349,0.2722,,0,0,65,162,cursor,file_add,2
39,nyetwurk/ecuxplot,2025-08,24308,1,2025-10,0,-2,0.0,0.0,0.0,0.0,0.0,7.0,4406.0,4.406,0.0,0.0,0.0,0.0,0.0,0.8571,0.8571,0.6349,0.2722,,0,0,65,162,cursor,file_add,2
39,nyetwurk/ecuxplot,2025-09,24309,1,2025-10,0,-1,0.0,0.0,0.0,0.0,0.0,7.0,4406.0,4.406,0.0,0.0,0.0,0.0,0.0,0.8571,0.8571,0.6349,0.2722,,0,0,65,162,cursor,file_add,2
39,nyetwurk/ecuxplot,2025-10,24310,1,2025-10,1,0,0.0,0.0,0.0,0.0,0.0,7.0,4406.0,4.406,0.0,0.0,0.0,0.0,0.0,0.8571,0.8571,0.6349,0.2722,,159,3,65,162,cursor,file_add,2
39,nyetwurk/ecuxplot,2025-11,24311,1,2025-10,1,1,2.0,0.0,0.0,0.0,2.0,9.0,7690.0,7.69,0.260078,0.260078,0.0,0.0,0.0,1.4444,1.4444,0.6929,0.232,,96,3,65,162,cursor,file_add,2
39,nyetwurk/ecuxplot,2025-12,24312,1,2025-10,1,2,1.0,0.0,1.0,0.0,2.0,9.0,10706.0,10.706,0.186811,0.093406,0.0,0.093406,0.0,1.4444,1.4444,0.6596,0.2387,,21,3,65,162,cursor,file_add,2
39,nyetwurk/ecuxplot,2026-01,24313,1,2025-10,1,3,1.0,0.0,1.0,0.0,2.0,9.0,10740.0,10.74,0.18622,0.09311,0.0,0.09311,0.0,1.4444,1.4444,0.6596,0.2387,,0,0,65,162,cursor,file_add,2
39,nyetwurk/ecuxplot,2026-02,24314,1,2025-10,1,4,1.0,0.0,1.0,0.0,2.0,9.0,10740.0,10.74,0.18622,0.09311,0.0,0.09311,0.0,1.4444,1.4444,0.6596,0.2387,,2,1,65,162,cursor,file_add,2
39,nyetwurk/ecuxplot,2026-03,24315,1,2025-10,1,5,1.0,0.0,1.0,0.0,2.0,9.0,10740.0,10.74,0.18622,0.09311,0.0,0.09311,0.0,1.4444,1.4444,0.6596,0.2387,,5,3,65,162,cursor,file_add,2
39,nyetwurk/ecuxplot,2026-04,24316,1,2025-10,1,6,1.0,0.0,1.0,0.0,2.0,9.0,10740.0,10.74,0.18622,0.09311,0.0,0.09311,0.0,1.4444,1.4444,0.6596,0.2387,,0,0,65,162,cursor,file_add,2
40,Gubaer/josm-scripting-plugin,2025-04,24304,0,2025-10,0,-6,17.0,0.0,2.0,0.0,19.0,20.0,6117.0,6.117,3.106098,2.77914,0.0,0.326958,0.0,2.5,2.5,0.6443,0.3155,,0,0,31,179,control,,0
40,Gubaer/josm-scripting-plugin,2025-05,24305,0,2025-10,0,-5,17.0,0.0,2.0,0.0,19.0,20.0,6117.0,6.117,3.106098,2.77914,0.0,0.326958,0.0,2.5,2.5,0.6443,0.3155,,0,0,31,179,control,,0
40,Gubaer/josm-scripting-plugin,2025-06,24306,0,2025-10,0,-4,17.0,0.0,2.0,0.0,19.0,20.0,6117.0,6.117,3.106098,2.77914,0.0,0.326958,0.0,2.5,2.5,0.6443,0.3155,,3,1,31,179,control,,0
40,Gubaer/josm-scripting-plugin,2025-07,24307,0,2025-10,0,-3,17.0,0.0,2.0,0.0,19.0,20.0,6117.0,6.117,3.106098,2.77914,0.0,0.326958,0.0,2.5,2.5,0.6443,0.3155,,0,0,31,179,control,,0
40,Gubaer/josm-scripting-plugin,2025-08,24308,0,2025-10,0,-2,17.0,0.0,2.0,0.0,19.0,20.0,6117.0,6.117,3.106098,2.77914,0.0,0.326958,0.0,2.5,2.5,0.6443,0.3155,,0,0,31,179,control,,0
40,Gubaer/josm-scripting-plugin,2025-09,24309,0,2025-10,0,-1,17.0,0.0,2.0,0.0,19.0,20.0,6117.0,6.117,3.106098,2.77914,0.0,0.326958,0.0,2.5,2.5,0.6443,0.3155,,0,0,31,179,control,,0
40,Gubaer/josm-scripting-plugin,2025-10,24310,0,2025-10,1,0,17.0,0.0,2.0,0.0,19.0,20.0,6117.0,6.117,3.106098,2.77914,0.0,0.326958,0.0,2.5,2.5,0.6443,0.3155,,0,0,31,179,control,,0
40,Gubaer/josm-scripting-plugin,2025-11,24311,0,2025-10,1,1,17.0,0.0,2.0,0.0,19.0,20.0,6117.0,6.117,3.106098,2.77914,0.0,0.326958,0.0,2.5,2.5,0.6443,0.3155,,0,0,31,179,control,,0
40,Gubaer/josm-scripting-plugin,2025-12,24312,0,2025-10,1,2,17.0,0.0,2.0,0.0,19.0,20.0,6117.0,6.117,3.106098,2.77914,0.0,0.326958,0.0,2.5,2.5,0.6443,0.3155,,0,0,31,179,control,,0
40,Gubaer/josm-scripting-plugin,2026-01,24313,0,2025-10,1,3,17.0,0.0,2.0,0.0,19.0,20.0,6117.0,6.117,3.106098,2.77914,0.0,0.326958,0.0,2.5,2.5,0.6443,0.3155,,0,0,31,179,control,,0
40,Gubaer/josm-scripting-plugin,2026-02,24314,0,2025-10,1,4,17.0,0.0,2.0,0.0,19.0,20.0,6117.0,6.117,3.106098,2.77914,0.0,0.326958,0.0,2.5,2.5,0.6443,0.3155,,2,1,31,179,control,,0
40,Gubaer/josm-scripting-plugin,2026-03,24315,0,2025-10,1,5,17.0,0.0,2.0,0.0,19.0,20.0,6117.0,6.117,3.106098,2.77914,0.0,0.326958,0.0,2.5,2.5,0.6443,0.3155,,37,2,31,179,control,,0
40,Gubaer/josm-scripting-plugin,2026-04,24316,0,2025-10,1,6,17.0,0.0,2.0,0.0,19.0,20.0,6117.0,6.117,3.106098,2.77914,0.0,0.326958,0.0,2.5,2.5,0.6443,0.3155,,0,0,31,179,control,,0
41,qlangtech/plugins,2025-03,24303,1,2025-09,0,-6,145.0,12.0,4.0,1.0,162.0,326.0,49926.0,49.926,3.244802,2.904298,0.240356,0.080119,0.02003,2.9939,2.9939,0.5786,0.3443,,19,1,18,71,claude_code,file_add,1
41,qlangtech/plugins,2025-04,24304,1,2025-09,0,-5,145.0,12.0,4.0,1.0,162.0,326.0,50074.0,50.074,3.235212,2.895714,0.239645,0.079882,0.01997,2.9939,2.9939,0.5786,0.3443,,23,1,18,71,claude_code,file_add,1
41,qlangtech/plugins,2025-05,24305,1,2025-09,0,-4,149.0,12.0,4.0,1.0,166.0,326.0,50677.0,50.677,3.275648,2.94019,0.236794,0.078931,0.019733,3.0123,3.0123,0.5799,0.3431,,14,1,18,71,claude_code,file_add,1
41,qlangtech/plugins,2025-06,24306,1,2025-09,0,-3,124.0,10.0,4.0,1.0,139.0,317.0,48148.0,48.148,2.886932,2.575393,0.207693,0.083077,0.020769,2.8423,2.8423,0.5891,0.3351,,16,1,18,71,claude_code,file_add,1
41,qlangtech/plugins,2025-07,24307,1,2025-09,0,-2,124.0,10.0,4.0,1.0,139.0,315.0,48247.0,48.247,2.881008,2.570108,0.207267,0.082907,0.020727,2.8635,2.8635,0.5865,0.3373,,19,1,18,71,claude_code,file_add,1
41,qlangtech/plugins,2025-08,24308,1,2025-09,0,-1,126.0,10.0,3.0,1.0,140.0,318.0,49177.0,49.177,2.846859,2.562173,0.203347,0.061004,0.020335,2.8585,2.8585,0.5841,0.3405,,9,1,18,71,claude_code,file_add,1
41,qlangtech/plugins,2025-09,24309,1,2025-09,1,0,121.0,10.0,2.0,1.0,134.0,318.0,48902.0,48.902,2.740174,2.474336,0.204491,0.040898,0.020449,2.8176,2.8176,0.5852,0.3395,,1,1,18,71,claude_code,file_add,1
41,qlangtech/plugins,2025-10,24310,1,2025-09,1,1,121.0,10.0,2.0,1.0,134.0,318.0,48902.0,48.902,2.740174,2.474336,0.204491,0.040898,0.020449,2.8176,2.8176,0.5852,0.3395,,0,0,18,71,claude_code,file_add,1
41,qlangtech/plugins,2025-11,24311,1,2025-09,1,2,121.0,10.0,2.0,1.0,134.0,318.0,48902.0,48.902,2.740174,2.474336,0.204491,0.040898,0.020449,2.8176,2.8176,0.5852,0.3395,,11,1,18,71,claude_code,file_add,1
41,qlangtech/plugins,2025-12,24312,1,2025-09,1,3,121.0,10.0,2.0,1.0,134.0,320.0,49416.0,49.416,2.711672,2.4486,0.202364,0.040473,0.020236,2.8062,2.8062,0.5844,0.3406,,19,1,18,71,claude_code,file_add,1
41,qlangtech/plugins,2026-01,24313,1,2025-09,1,4,121.0,10.0,2.0,1.0,134.0,323.0,50178.0,50.178,2.670493,2.411415,0.199291,0.039858,0.019929,2.7864,2.7864,0.5856,0.3386,,12,1,18,71,claude_code,file_add,1
41,qlangtech/plugins,2026-02,24314,1,2025-09,1,5,121.0,10.0,2.0,1.0,134.0,325.0,50588.0,50.588,2.64885,2.391872,0.197675,0.039535,0.019768,2.7754,2.7754,0.5854,0.339,,1,1,18,71,claude_code,file_add,1
41,qlangtech/plugins,2026-03,24315,1,2025-09,1,6,122.0,11.0,2.0,1.0,136.0,332.0,52132.0,52.132,2.608762,2.340213,0.211003,0.038364,0.019182,2.7681,2.7681,0.5838,0.3424,,4,1,18,71,claude_code,file_add,1
42,itinycheng/flink-platform-backend,2025-03,24303,0,2025-09,0,-6,13.0,2.0,2.0,0.0,17.0,66.0,9371.0,9.371,1.814107,1.387259,0.213424,0.213424,0.0,4.7424,4.7424,0.5639,0.3972,,3,2,20,53,control,,0
42,itinycheng/flink-platform-backend,2025-04,24304,0,2025-09,0,-5,13.0,2.0,2.0,0.0,17.0,66.0,9371.0,9.371,1.814107,1.387259,0.213424,0.213424,0.0,4.7424,4.7424,0.5639,0.3972,,3,2,20,53,control,,0
42,itinycheng/flink-platform-backend,2025-05,24305,0,2025-09,0,-4,13.0,2.0,2.0,0.0,17.0,66.0,9371.0,9.371,1.814107,1.387259,0.213424,0.213424,0.0,4.7424,4.7424,0.5639,0.3972,,14,2,20,53,control,,0
42,itinycheng/flink-platform-backend,2025-06,24306,0,2025-09,0,-3,26.0,2.0,2.0,0.0,30.0,66.0,9460.0,9.46,3.171247,2.748414,0.211416,0.211416,0.0,4.8333,4.8333,0.5641,0.397,,6,2,20,53,control,,0
42,itinycheng/flink-platform-backend,2025-07,24307,0,2025-09,0,-2,26.0,2.0,2.0,0.0,30.0,66.0,9505.0,9.505,3.156234,2.735402,0.210416,0.210416,0.0,4.8333,4.8333,0.5638,0.3973,,9,2,20,53,control,,0
42,itinycheng/flink-platform-backend,2025-08,24308,0,2025-09,0,-1,26.0,2.0,2.0,0.0,30.0,66.0,9532.0,9.532,3.147293,2.727654,0.20982,0.20982,0.0,4.8333,4.8333,0.5639,0.3972,,11,2,20,53,control,,0
42,itinycheng/flink-platform-backend,2025-09,24309,0,2025-09,1,0,26.0,2.0,2.0,0.0,30.0,66.0,9452.0,9.452,3.173931,2.750741,0.211595,0.211595,0.0,4.8788,4.8788,0.5663,0.3948,,27,2,20,53,control,,0
42,itinycheng/flink-platform-backend,2025-10,24310,0,2025-09,1,1,29.0,2.0,1.0,0.0,32.0,69.0,9715.0,9.715,3.293875,2.985075,0.205867,0.102934,0.0,4.8406,4.8406,0.5691,0.3862,,17,2,20,53,control,,0
42,itinycheng/flink-platform-backend,2025-11,24311,0,2025-09,1,2,22.0,2.0,1.0,0.0,25.0,69.0,9711.0,9.711,2.5744,2.265472,0.205952,0.102976,0.0,4.8116,4.8116,0.5677,0.3859,,16,2,20,53,control,,0
42,itinycheng/flink-platform-backend,2025-12,24312,0,2025-09,1,3,20.0,2.0,3.0,0.0,25.0,71.0,10155.0,10.155,2.461841,1.969473,0.196947,0.295421,0.0,4.8873,4.8873,0.5654,0.3891,,26,2,20,53,control,,0
42,itinycheng/flink-platform-backend,2026-01,24313,0,2025-09,1,4,19.0,2.0,2.0,0.0,23.0,72.0,10285.0,10.285,2.236266,1.847351,0.194458,0.194458,0.0,4.9306,4.9306,0.5609,0.3896,,26,2,20,53,control,,0
42,itinycheng/flink-platform-backend,2026-02,24314,0,2025-09,1,5,19.0,2.0,2.0,0.0,23.0,72.0,10465.0,10.465,2.197802,1.815576,0.191113,0.191113,0.0,5.0,5.0,0.5611,0.3897,,11,2,20,53,control,,0
42,itinycheng/flink-platform-backend,2026-03,24315,0,2025-09,1,6,19.0,2.0,2.0,0.0,23.0,72.0,10474.0,10.474,2.195914,1.814016,0.190949,0.190949,0.0,5.0,5.0,0.5613,0.3895,,2,1,20,53,control,,0
43,pablo67340/GUIShop,2025-06,24306,1,2025-12,0,-6,15.0,0.0,2.0,0.0,17.0,10.0,3781.0,3.781,4.496165,3.967204,0.0,0.528961,0.0,3.2,3.2,0.6262,0.4404,,0,0,46,144,cursor,file_add,3
43,pablo67340/GUIShop,2025-07,24307,1,2025-12,0,-5,15.0,0.0,2.0,0.0,17.0,10.0,3781.0,3.781,4.496165,3.967204,0.0,0.528961,0.0,3.2,3.2,0.6262,0.4404,,0,0,46,144,cursor,file_add,3
43,pablo67340/GUIShop,2025-08,24308,1,2025-12,0,-4,15.0,0.0,2.0,0.0,17.0,10.0,3781.0,3.781,4.496165,3.967204,0.0,0.528961,0.0,3.2,3.2,0.6262,0.4404,,0,0,46,144,cursor,file_add,3
43,pablo67340/GUIShop,2025-09,24309,1,2025-12,0,-3,15.0,0.0,2.0,0.0,17.0,10.0,3781.0,3.781,4.496165,3.967204,0.0,0.528961,0.0,3.2,3.2,0.6262,0.4404,,0,0,46,144,cursor,file_add,3
43,pablo67340/GUIShop,2025-10,24310,1,2025-12,0,-2,15.0,0.0,2.0,0.0,17.0,10.0,3781.0,3.781,4.496165,3.967204,0.0,0.528961,0.0,3.2,3.2,0.6262,0.4404,,0,0,46,144,cursor,file_add,3
43,pablo67340/GUIShop,2025-11,24311,1,2025-12,0,-1,15.0,0.0,2.0,0.0,17.0,10.0,3781.0,3.781,4.496165,3.967204,0.0,0.528961,0.0,3.2,3.2,0.6262,0.4404,,0,0,46,144,cursor,file_add,3
43,pablo67340/GUIShop,2025-12,24312,1,2025-12,1,0,15.0,0.0,2.0,0.0,17.0,10.0,3781.0,3.781,4.496165,3.967204,0.0,0.528961,0.0,3.2,3.2,0.6262,0.4404,,21,1,46,144,cursor,file_add,3
43,pablo67340/GUIShop,2026-01,24313,1,2025-12,1,1,25.0,1.0,2.0,0.0,28.0,15.0,8586.0,8.586,3.261123,2.911717,0.116469,0.232937,0.0,3.7333,3.7333,0.5604,0.4762,,22,2,46,144,cursor,file_add,3
43,pablo67340/GUIShop,2026-02,24314,1,2025-12,1,2,27.0,1.0,1.0,0.0,29.0,16.0,10910.0,10.91,2.658112,2.474794,0.091659,0.091659,0.0,4.375,4.375,0.5651,0.4156,,7,1,46,144,cursor,file_add,3
43,pablo67340/GUIShop,2026-03,24315,1,2025-12,1,3,27.0,2.0,1.0,0.0,30.0,16.0,11194.0,11.194,2.680007,2.412006,0.178667,0.089334,0.0,4.375,4.375,0.5681,0.4162,,4,1,46,144,cursor,file_add,3
43,pablo67340/GUIShop,2026-04,24316,1,2025-12,1,4,27.0,2.0,1.0,0.0,30.0,16.0,11275.0,11.275,2.660754,2.394678,0.177384,0.088692,0.0,4.375,4.375,0.5681,0.4162,,0,0,46,144,cursor,file_add,3
43,pablo67340/GUIShop,2026-05,24317,1,2025-12,1,5,27.0,2.0,1.0,0.0,30.0,16.0,11275.0,11.275,2.660754,2.394678,0.177384,0.088692,0.0,4.375,4.375,0.5681,0.4162,,0,0,46,144,cursor,file_add,3
43,pablo67340/GUIShop,2026-06,24318,1,2025-12,1,6,27.0,2.0,1.0,0.0,30.0,16.0,11275.0,11.275,2.660754,2.394678,0.177384,0.088692,0.0,4.375,4.375,0.5681,0.4162,,0,0,46,144,cursor,file_add,3
44,SonarSource/sonar-xml,2025-06,24306,0,2025-12,0,-6,3.0,0.0,0.0,0.0,3.0,21.0,3437.0,3.437,0.872854,0.872854,0.0,0.0,0.0,0.619,0.619,0.5089,0.4752,,2,1,33,158,control,,0
44,SonarSource/sonar-xml,2025-07,24307,0,2025-12,0,-5,3.0,0.0,0.0,0.0,3.0,21.0,3445.0,3.445,0.870827,0.870827,0.0,0.0,0.0,0.619,0.619,0.5089,0.4752,,1,1,33,158,control,,0
44,SonarSource/sonar-xml,2025-08,24308,0,2025-12,0,-4,3.0,0.0,0.0,0.0,3.0,21.0,3445.0,3.445,0.870827,0.870827,0.0,0.0,0.0,0.619,0.619,0.5089,0.4752,,1,1,33,158,control,,0
44,SonarSource/sonar-xml,2025-09,24309,0,2025-12,0,-3,3.0,0.0,0.0,0.0,3.0,21.0,3445.0,3.445,0.870827,0.870827,0.0,0.0,0.0,0.619,0.619,0.5089,0.4752,,8,3,33,158,control,,0
44,SonarSource/sonar-xml,2025-10,24310,0,2025-12,0,-2,3.0,0.0,0.0,0.0,3.0,21.0,3445.0,3.445,0.870827,0.870827,0.0,0.0,0.0,0.619,0.619,0.5089,0.4752,,4,1,33,158,control,,0
44,SonarSource/sonar-xml,2025-11,24311,0,2025-12,0,-1,3.0,0.0,0.0,0.0,3.0,21.0,3445.0,3.445,0.870827,0.870827,0.0,0.0,0.0,0.619,0.619,0.5089,0.4752,,15,4,33,158,control,,0
44,SonarSource/sonar-xml,2025-12,24312,0,2025-12,1,0,4.0,0.0,0.0,0.0,4.0,21.0,3592.0,3.592,1.113586,1.113586,0.0,0.0,0.0,0.6667,0.6667,0.5315,0.4579,,6,2,33,158,control,,0
44,SonarSource/sonar-xml,2026-01,24313,0,2025-12,1,1,4.0,0.0,0.0,0.0,4.0,21.0,3592.0,3.592,1.113586,1.113586,0.0,0.0,0.0,0.6667,0.6667,0.5315,0.4579,,6,3,33,158,control,,0
44,SonarSource/sonar-xml,2026-02,24314,0,2025-12,1,2,4.0,0.0,0.0,0.0,4.0,21.0,3649.0,3.649,1.096191,1.096191,0.0,0.0,0.0,0.6667,0.6667,0.5315,0.4579,,11,6,33,158,control,,0
44,SonarSource/sonar-xml,2026-03,24315,0,2025-12,1,3,4.0,0.0,0.0,0.0,4.0,21.0,3649.0,3.649,1.096191,1.096191,0.0,0.0,0.0,0.6667,0.6667,0.5315,0.4579,,7,4,33,158,control,,0
44,SonarSource/sonar-xml,2026-04,24316,0,2025-12,1,4,4.0,0.0,0.0,0.0,4.0,21.0,3640.0,3.64,1.098901,1.098901,0.0,0.0,0.0,0.6667,0.6667,0.5315,0.4579,,0,0,33,158,control,,0
44,SonarSource/sonar-xml,2026-05,24317,0,2025-12,1,5,4.0,0.0,0.0,0.0,4.0,21.0,3640.0,3.64,1.098901,1.098901,0.0,0.0,0.0,0.6667,0.6667,0.5315,0.4579,,0,0,33,158,control,,0
44,SonarSource/sonar-xml,2026-06,24318,0,2025-12,1,6,4.0,0.0,0.0,0.0,4.0,21.0,3640.0,3.64,1.098901,1.098901,0.0,0.0,0.0,0.6667,0.6667,0.5315,0.4579,,0,0,33,158,control,,0
45,salesforce/multicloudj,2025-05,24305,1,2025-10,0,-5,2.0,0.0,2.0,0.0,4.0,35.0,14894.0,14.894,0.268565,0.134282,0.0,0.134282,0.0,3.2,3.2,0.5928,0.3083,,30,4,72,11,claude_code,file_add,1
45,salesforce/multicloudj,2025-06,24306,1,2025-10,0,-4,2.0,0.0,2.0,0.0,4.0,40.0,17107.0,17.107,0.233822,0.116911,0.0,0.116911,0.0,3.2,3.2,0.5968,0.3201,,12,4,72,11,claude_code,file_add,1
45,salesforce/multicloudj,2025-07,24307,1,2025-10,0,-3,2.0,0.0,2.0,0.0,4.0,41.0,20134.0,20.134,0.198669,0.099334,0.0,0.099334,0.0,3.5366,3.5366,0.6128,0.3013,,11,4,72,11,claude_code,file_add,1
45,salesforce/multicloudj,2025-08,24308,1,2025-10,0,-2,2.0,0.0,2.0,0.0,4.0,41.0,22637.0,22.637,0.176702,0.088351,0.0,0.088351,0.0,3.6585,3.6585,0.5856,0.3292,,7,3,72,11,claude_code,file_add,1
45,salesforce/multicloudj,2025-09,24309,1,2025-10,0,-1,2.0,0.0,2.0,0.0,4.0,41.0,23025.0,23.025,0.173724,0.086862,0.0,0.086862,0.0,3.6585,3.6585,0.5851,0.3287,,6,2,72,11,claude_code,file_add,1
45,salesforce/multicloudj,2025-10,24310,1,2025-10,1,0,2.0,0.0,2.0,0.0,4.0,41.0,23031.0,23.031,0.173679,0.086839,0.0,0.086839,0.0,3.6585,3.6585,0.5851,0.3287,,39,5,72,11,claude_code,file_add,1
45,salesforce/multicloudj,2025-11,24311,1,2025-10,1,1,4.0,0.0,2.0,0.0,6.0,56.0,29429.0,29.429,0.203881,0.13592,0.0,0.06796,0.0,3.2679,3.2679,0.6277,0.297,,40,8,72,11,claude_code,file_add,1
45,salesforce/multicloudj,2025-12,24312,1,2025-10,1,2,5.0,0.0,2.0,0.0,7.0,60.0,34429.0,34.429,0.203317,0.145226,0.0,0.058091,0.0,3.4833,3.4833,0.6149,0.3085,,57,8,72,11,claude_code,file_add,1
45,salesforce/multicloudj,2026-01,24313,1,2025-10,1,3,5.0,0.0,4.0,0.0,9.0,61.0,36496.0,36.496,0.246602,0.137001,0.0,0.109601,0.0,3.541,3.541,0.6014,0.32,,34,8,72,11,claude_code,file_add,1
45,salesforce/multicloudj,2026-02,24314,1,2025-10,1,4,5.0,0.0,3.0,0.0,8.0,65.0,40491.0,40.491,0.197575,0.123484,0.0,0.074091,0.0,3.4923,3.4923,0.6248,0.3011,,28,8,72,11,claude_code,file_add,1
45,salesforce/multicloudj,2026-03,24315,1,2025-10,1,5,6.0,0.0,3.0,0.0,9.0,77.0,45530.0,45.53,0.197672,0.131781,0.0,0.065891,0.0,3.5455,3.5455,0.6361,0.2929,,11,5,72,11,claude_code,file_add,1
45,salesforce/multicloudj,2026-04,24316,1,2025-10,1,6,6.0,0.0,3.0,0.0,9.0,78.0,49313.0,49.313,0.182508,0.121672,0.0,0.060836,0.0,3.5769,3.5769,0.6381,0.2918,,0,0,72,11,claude_code,file_add,1
46,dougdonohoe/ddpoker,2025-04,24304,0,2025-10,0,-6,16.0,1.0,2.0,3.0,22.0,81.0,97409.0,97.409,0.225852,0.164256,0.010266,0.020532,0.030798,5.2963,5.2963,0.513,0.3601,,6,1,204,19,control,,0
46,dougdonohoe/ddpoker,2025-05,24305,0,2025-10,0,-5,16.0,1.0,2.0,3.0,22.0,81.0,97418.0,97.418,0.225831,0.164241,0.010265,0.02053,0.030795,5.2963,5.2963,0.513,0.3601,,14,3,204,19,control,,0
46,dougdonohoe/ddpoker,2025-06,24306,0,2025-10,0,-4,16.0,1.0,2.0,3.0,22.0,81.0,97418.0,97.418,0.225831,0.164241,0.010265,0.02053,0.030795,5.2963,5.2963,0.513,0.3601,,7,1,204,19,control,,0
46,dougdonohoe/ddpoker,2025-07,24307,0,2025-10,0,-3,16.0,1.0,2.0,3.0,22.0,81.0,97418.0,97.418,0.225831,0.164241,0.010265,0.02053,0.030795,5.2963,5.2963,0.513,0.3601,,14,2,204,19,control,,0
46,dougdonohoe/ddpoker,2025-08,24308,0,2025-10,0,-2,16.0,1.0,2.0,3.0,22.0,81.0,97418.0,97.418,0.225831,0.164241,0.010265,0.02053,0.030795,5.2963,5.2963,0.513,0.3601,,13,2,204,19,control,,0
46,dougdonohoe/ddpoker,2025-09,24309,0,2025-10,0,-1,16.0,1.0,2.0,3.0,22.0,81.0,97418.0,97.418,0.225831,0.164241,0.010265,0.02053,0.030795,5.2963,5.2963,0.513,0.3601,,11,1,204,19,control,,0
46,dougdonohoe/ddpoker,2025-10,24310,0,2025-10,1,0,16.0,1.0,2.0,3.0,22.0,81.0,97418.0,97.418,0.225831,0.164241,0.010265,0.02053,0.030795,5.2963,5.2963,0.513,0.3601,,10,1,204,19,control,,0
46,dougdonohoe/ddpoker,2025-11,24311,0,2025-10,1,1,16.0,1.0,2.0,3.0,22.0,81.0,97418.0,97.418,0.225831,0.164241,0.010265,0.02053,0.030795,5.2963,5.2963,0.513,0.3601,,19,3,204,19,control,,0
46,dougdonohoe/ddpoker,2025-12,24312,0,2025-10,1,2,15.0,1.0,2.0,3.0,21.0,81.0,97394.0,97.394,0.215619,0.154014,0.010268,0.020535,0.030803,5.2963,5.2963,0.5138,0.361,,14,3,204,19,control,,0
46,dougdonohoe/ddpoker,2026-01,24313,0,2025-10,1,3,15.0,1.0,2.0,3.0,21.0,81.0,97394.0,97.394,0.215619,0.154014,0.010268,0.020535,0.030803,5.2963,5.2963,0.5138,0.361,,4,3,204,19,control,,0
46,dougdonohoe/ddpoker,2026-02,24314,0,2025-10,1,4,15.0,1.0,2.0,3.0,21.0,81.0,97394.0,97.394,0.215619,0.154014,0.010268,0.020535,0.030803,5.2963,5.2963,0.5138,0.361,,12,2,204,19,control,,0
46,dougdonohoe/ddpoker,2026-03,24315,0,2025-10,1,5,15.0,1.0,2.0,3.0,21.0,81.0,97393.0,97.393,0.215621,0.154015,0.010268,0.020535,0.030803,5.284,5.284,0.5128,0.3599,,3,1,204,19,control,,0
46,dougdonohoe/ddpoker,2026-04,24316,0,2025-10,1,6,15.0,1.0,2.0,3.0,21.0,81.0,97393.0,97.393,0.215621,0.154015,0.010268,0.020535,0.030803,5.284,5.284,0.5128,0.3599,,0,0,204,19,control,,0
47,baretto-labs/OllamAssist,2025-03,24303,1,2025-09,0,-6,6.0,0.0,1.0,0.0,7.0,15.0,2417.0,2.417,2.896152,2.482416,0.0,0.413736,0.0,2.0,2.0,0.7007,0.2159,,18,1,29,14,claude_code,file_add,6
47,baretto-labs/OllamAssist,2025-04,24304,1,2025-09,0,-5,5.0,0.0,1.0,0.0,6.0,15.0,3131.0,3.131,1.916321,1.596934,0.0,0.319387,0.0,2.2,2.2,0.6674,0.2462,,6,2,29,14,claude_code,file_add,6
47,baretto-labs/OllamAssist,2025-05,24305,1,2025-09,0,-4,3.0,0.0,1.0,0.0,4.0,15.0,3127.0,3.127,1.279181,0.959386,0.0,0.319795,0.0,2.1333,2.1333,0.6741,0.2396,,2,2,29,14,claude_code,file_add,6
47,baretto-labs/OllamAssist,2025-06,24306,1,2025-09,0,-3,3.0,0.0,1.0,0.0,4.0,16.0,3433.0,3.433,1.165162,0.873871,0.0,0.29129,0.0,2.125,2.125,0.6849,0.2341,,9,2,29,14,claude_code,file_add,6
47,baretto-labs/OllamAssist,2025-07,24307,1,2025-09,0,-2,3.0,0.0,1.0,0.0,4.0,17.0,3670.0,3.67,1.089918,0.817439,0.0,0.27248,0.0,2.1176,2.1176,0.6977,0.2187,,4,3,29,14,claude_code,file_add,6
47,baretto-labs/OllamAssist,2025-08,24308,1,2025-09,0,-1,3.0,0.0,1.0,0.0,4.0,17.0,3782.0,3.782,1.057641,0.793231,0.0,0.26441,0.0,2.2353,2.2353,0.6965,0.2199,,12,2,29,14,claude_code,file_add,6
47,baretto-labs/OllamAssist,2025-09,24309,1,2025-09,1,0,3.0,0.0,1.0,0.0,4.0,20.0,4644.0,4.644,0.861326,0.645995,0.0,0.215332,0.0,2.2,2.2,0.6992,0.2321,,8,2,29,14,claude_code,file_add,6
47,baretto-labs/OllamAssist,2025-10,24310,1,2025-09,1,1,3.0,0.0,1.0,0.0,4.0,26.0,6862.0,6.862,0.58292,0.43719,0.0,0.14573,0.0,1.8077,1.8077,0.7685,0.1741,,7,4,29,14,claude_code,file_add,6
47,baretto-labs/OllamAssist,2025-11,24311,1,2025-09,1,2,7.0,0.0,1.0,0.0,8.0,31.0,7194.0,7.194,1.112038,0.973033,0.0,0.139005,0.0,1.871,1.871,0.7547,0.2021,,6,2,29,14,claude_code,file_add,6
47,baretto-labs/OllamAssist,2025-12,24312,1,2025-09,1,3,7.0,1.0,1.0,0.0,9.0,39.0,9006.0,9.006,0.999334,0.77726,0.111037,0.111037,0.0,1.9744,1.9744,0.7587,0.1752,,3,2,29,14,claude_code,file_add,6
47,baretto-labs/OllamAssist,2026-01,24313,1,2025-09,1,4,7.0,1.0,1.0,0.0,9.0,39.0,9024.0,9.024,0.99734,0.775709,0.110816,0.110816,0.0,1.9744,1.9744,0.7587,0.1752,,3,1,29,14,claude_code,file_add,6
47,baretto-labs/OllamAssist,2026-02,24314,1,2025-09,1,5,7.0,1.0,1.0,0.0,9.0,39.0,9427.0,9.427,0.954705,0.742548,0.106078,0.106078,0.0,1.9744,1.9744,0.7587,0.1752,,1,1,29,14,claude_code,file_add,6
47,baretto-labs/OllamAssist,2026-03,24315,1,2025-09,1,6,7.0,1.0,1.0,0.0,9.0,39.0,9427.0,9.427,0.954705,0.742548,0.106078,0.106078,0.0,1.9744,1.9744,0.7587,0.1752,,0,0,29,14,claude_code,file_add,6
48,clerk/clerk-sdk-java,2025-03,24303,0,2025-09,0,-6,3.0,0.0,0.0,2.0,5.0,11.0,65751.0,65.751,0.076044,0.045627,0.0,0.0,0.030418,1.2727,1.2727,0.6671,0.3358,,29,6,42,21,control,,0
48,clerk/clerk-sdk-java,2025-04,24304,0,2025-09,0,-5,4.0,0.0,0.0,2.0,6.0,11.0,79295.0,79.295,0.075667,0.050445,0.0,0.0,0.025222,1.3636,1.3636,0.6834,0.318,,0,0,42,21,control,,0
48,clerk/clerk-sdk-java,2025-05,24305,0,2025-09,0,-4,4.0,0.0,0.0,2.0,6.0,11.0,79295.0,79.295,0.075667,0.050445,0.0,0.0,0.025222,1.3636,1.3636,0.6834,0.318,,10,2,42,21,control,,0
48,clerk/clerk-sdk-java,2025-06,24306,0,2025-09,0,-3,4.0,0.0,0.0,2.0,6.0,11.0,80128.0,80.128,0.07488,0.04992,0.0,0.0,0.02496,1.3636,1.3636,0.6833,0.3182,,23,3,42,21,control,,0
48,clerk/clerk-sdk-java,2025-07,24307,0,2025-09,0,-2,4.0,0.0,0.0,3.0,7.0,15.0,82050.0,82.05,0.085314,0.048751,0.0,0.0,0.036563,1.4,1.4,0.6628,0.3254,,7,3,42,21,control,,0
48,clerk/clerk-sdk-java,2025-08,24308,0,2025-09,0,-1,5.0,0.0,1.0,3.0,9.0,16.0,83503.0,83.503,0.107781,0.059878,0.0,0.011976,0.035927,1.75,1.75,0.6339,0.3523,,2,2,42,21,control,,0
48,clerk/clerk-sdk-java,2025-09,24309,0,2025-09,1,0,5.0,0.0,1.0,3.0,9.0,16.0,104168.0,104.168,0.086399,0.047999,0.0,0.0096,0.0288,1.75,1.75,0.6347,0.3505,,2,2,42,21,control,,0
48,clerk/clerk-sdk-java,2025-10,24310,0,2025-09,1,1,5.0,0.0,1.0,3.0,9.0,16.0,104231.0,104.231,0.086347,0.04797,0.0,0.009594,0.028782,1.75,1.75,0.6347,0.3505,,1,1,42,21,control,,0
48,clerk/clerk-sdk-java,2025-11,24311,0,2025-09,1,2,6.0,0.0,1.0,3.0,10.0,16.0,104283.0,104.283,0.095893,0.057536,0.0,0.009589,0.028768,1.8125,1.8125,0.6334,0.3563,,6,4,42,21,control,,0
48,clerk/clerk-sdk-java,2025-12,24312,0,2025-09,1,3,6.0,0.0,1.0,3.0,10.0,17.0,106160.0,106.16,0.094197,0.056518,0.0,0.00942,0.028259,1.7647,1.7647,0.598,0.3884,,3,2,42,21,control,,0
48,clerk/clerk-sdk-java,2026-01,24313,0,2025-09,1,4,6.0,0.0,1.0,3.0,10.0,17.0,122371.0,122.371,0.081719,0.049031,0.0,0.008172,0.024516,1.7647,1.7647,0.5979,0.3898,,2,2,42,21,control,,0
48,clerk/clerk-sdk-java,2026-02,24314,0,2025-09,1,5,6.0,0.0,1.0,3.0,10.0,17.0,123132.0,123.132,0.081214,0.048728,0.0,0.008121,0.024364,1.7647,1.7647,0.5979,0.3898,,1,1,42,21,control,,0
48,clerk/clerk-sdk-java,2026-03,24315,0,2025-09,1,6,6.0,0.0,1.0,3.0,10.0,17.0,131956.0,131.956,0.075783,0.04547,0.0,0.007578,0.022735,1.7647,1.7647,0.598,0.3897,,6,3,42,21,control,,0
49,caoccao/Javet,2025-03,24303,1,2025-09,0,-6,129.0,4.0,2.0,0.0,135.0,35.0,22957.0,22.957,5.880559,5.619201,0.174239,0.087119,0.0,8.1714,8.1714,0.5764,0.2691,,0,0,942,62,claude_code,file_add,1
49,caoccao/Javet,2025-04,24304,1,2025-09,0,-5,129.0,4.0,2.0,0.0,135.0,35.0,22957.0,22.957,5.880559,5.619201,0.174239,0.087119,0.0,8.1714,8.1714,0.5764,0.2691,,3,1,942,62,claude_code,file_add,1
49,caoccao/Javet,2025-05,24305,1,2025-09,0,-4,129.0,4.0,2.0,0.0,135.0,35.0,22964.0,22.964,5.878767,5.617488,0.174186,0.087093,0.0,8.1714,8.1714,0.5764,0.2691,,3,1,942,62,claude_code,file_add,1
49,caoccao/Javet,2025-06,24306,1,2025-09,0,-3,129.0,4.0,2.0,0.0,135.0,35.0,22972.0,22.972,5.876719,5.615532,0.174125,0.087063,0.0,8.1714,8.1714,0.5763,0.2693,,1,1,942,62,claude_code,file_add,1
49,caoccao/Javet,2025-07,24307,1,2025-09,0,-2,129.0,4.0,2.0,0.0,135.0,35.0,22972.0,22.972,5.876719,5.615532,0.174125,0.087063,0.0,8.1714,8.1714,0.5763,0.2693,,0,0,942,62,claude_code,file_add,1
49,caoccao/Javet,2025-08,24308,1,2025-09,0,-1,129.0,4.0,2.0,0.0,135.0,35.0,22972.0,22.972,5.876719,5.615532,0.174125,0.087063,0.0,8.1714,8.1714,0.5763,0.2693,,1,1,942,62,claude_code,file_add,1
49,caoccao/Javet,2025-09,24309,1,2025-09,1,0,129.0,4.0,2.0,0.0,135.0,35.0,23052.0,23.052,5.856325,5.596044,0.173521,0.08676,0.0,8.2,8.2,0.5758,0.2683,,2,1,942,62,claude_code,file_add,1
49,caoccao/Javet,2025-10,24310,1,2025-09,1,1,129.0,4.0,2.0,0.0,135.0,35.0,23052.0,23.052,5.856325,5.596044,0.173521,0.08676,0.0,8.2,8.2,0.5758,0.2683,,2,1,942,62,claude_code,file_add,1
49,caoccao/Javet,2025-11,24311,1,2025-09,1,2,129.0,4.0,2.0,0.0,135.0,35.0,23041.0,23.041,5.859121,5.598715,0.173604,0.086802,0.0,8.2,8.2,0.5758,0.2683,,2,1,942,62,claude_code,file_add,1
49,caoccao/Javet,2025-12,24312,1,2025-09,1,3,129.0,4.0,2.0,0.0,135.0,35.0,23342.0,23.342,5.783566,5.526519,0.171365,0.085682,0.0,8.2,8.2,0.5765,0.2675,,3,1,942,62,claude_code,file_add,1
49,caoccao/Javet,2026-01,24313,1,2025-09,1,4,129.0,4.0,2.0,0.0,135.0,35.0,23342.0,23.342,5.783566,5.526519,0.171365,0.085682,0.0,8.2,8.2,0.5765,0.2675,,4,2,942,62,claude_code,file_add,1
49,caoccao/Javet,2026-02,24314,1,2025-09,1,5,129.0,4.0,2.0,0.0,135.0,35.0,23432.0,23.432,5.761352,5.505292,0.170707,0.085353,0.0,8.2,8.2,0.5765,0.2675,,2,2,942,62,claude_code,file_add,1
49,caoccao/Javet,2026-03,24315,1,2025-09,1,6,129.0,4.0,2.0,0.0,135.0,35.0,23437.0,23.437,5.760123,5.504117,0.17067,0.085335,0.0,8.2,8.2,0.5765,0.2675,,1,1,942,62,claude_code,file_add,1
50,standard-webhooks/standard-webhooks,2025-03,24303,0,2025-09,0,-6,0.0,0.0,0.0,0.0,0.0,3.0,176.0,0.176,0.0,0.0,0.0,0.0,0.0,0.3333,0.3333,0.6667,0.3333,,1,1,1616,31,control,,0
50,standard-webhooks/standard-webhooks,2025-04,24304,0,2025-09,0,-5,0.0,0.0,0.0,0.0,0.0,3.0,176.0,0.176,0.0,0.0,0.0,0.0,0.0,0.3333,0.3333,0.6667,0.3333,,0,0,1616,31,control,,0
50,standard-webhooks/standard-webhooks,2025-05,24305,0,2025-09,0,-4,0.0,0.0,0.0,0.0,0.0,3.0,176.0,0.176,0.0,0.0,0.0,0.0,0.0,0.3333,0.3333,0.6667,0.3333,,2,2,1616,31,control,,0
50,standard-webhooks/standard-webhooks,2025-06,24306,0,2025-09,0,-3,0.0,0.0,0.0,0.0,0.0,3.0,176.0,0.176,0.0,0.0,0.0,0.0,0.0,0.3333,0.3333,0.6667,0.3333,,0,0,1616,31,control,,0
50,standard-webhooks/standard-webhooks,2025-07,24307,0,2025-09,0,-2,0.0,0.0,0.0,0.0,0.0,3.0,176.0,0.176,0.0,0.0,0.0,0.0,0.0,0.3333,0.3333,0.6667,0.3333,,1,1,1616,31,control,,0
50,standard-webhooks/standard-webhooks,2025-08,24308,0,2025-09,0,-1,0.0,0.0,0.0,0.0,0.0,3.0,176.0,0.176,0.0,0.0,0.0,0.0,0.0,0.3333,0.3333,0.6667,0.3333,,0,0,1616,31,control,,0
50,standard-webhooks/standard-webhooks,2025-09,24309,0,2025-09,1,0,0.0,0.0,0.0,0.0,0.0,3.0,176.0,0.176,0.0,0.0,0.0,0.0,0.0,0.3333,0.3333,0.6667,0.3333,,0,0,1616,31,control,,0
50,standard-webhooks/standard-webhooks,2025-10,24310,0,2025-09,1,1,0.0,0.0,0.0,0.0,0.0,3.0,176.0,0.176,0.0,0.0,0.0,0.0,0.0,0.3333,0.3333,0.6667,0.3333,,0,0,1616,31,control,,0
50,standard-webhooks/standard-webhooks,2025-11,24311,0,2025-09,1,2,0.0,0.0,0.0,0.0,0.0,3.0,176.0,0.176,0.0,0.0,0.0,0.0,0.0,0.3333,0.3333,0.6667,0.3333,,0,0,1616,31,control,,0
50,standard-webhooks/standard-webhooks,2025-12,24312,0,2025-09,1,3,0.0,0.0,0.0,0.0,0.0,3.0,176.0,0.176,0.0,0.0,0.0,0.0,0.0,0.3333,0.3333,0.6667,0.3333,,1,1,1616,31,control,,0
50,standard-webhooks/standard-webhooks,2026-01,24313,0,2025-09,1,4,0.0,0.0,0.0,0.0,0.0,3.0,176.0,0.176,0.0,0.0,0.0,0.0,0.0,0.3333,0.3333,0.6667,0.3333,,2,1,1616,31,control,,0
50,standard-webhooks/standard-webhooks,2026-02,24314,0,2025-09,1,5,0.0,0.0,0.0,0.0,0.0,3.0,277.0,0.277,0.0,0.0,0.0,0.0,0.0,0.3333,0.3333,0.6667,0.381,,6,3,1616,31,control,,0
50,standard-webhooks/standard-webhooks,2026-03,24315,0,2025-09,1,6,0.0,0.0,0.0,0.0,0.0,3.0,277.0,0.277,0.0,0.0,0.0,0.0,0.0,0.3333,0.3333,0.6667,0.381,,1,1,1616,31,control,,0
51,IstiN/dmtools,2024-12,24300,1,2025-06,0,-6,103.0,2.0,3.0,0.0,108.0,71.0,10968.0,10.968,9.846827,9.390956,0.182349,0.273523,0.0,5.3239,5.3239,0.6502,0.286,,16,1,34,31,"aider,claude_code",file_add,85
51,IstiN/dmtools,2025-01,24301,1,2025-06,0,-5,105.0,3.0,2.0,0.0,110.0,75.0,22041.0,22.041,4.990699,4.763849,0.13611,0.09074,0.0,5.2667,5.2667,0.6014,0.3435,,18,1,34,31,"aider,claude_code",file_add,85
51,IstiN/dmtools,2025-02,24302,1,2025-06,0,-4,135.0,2.0,3.0,0.0,140.0,79.0,22931.0,22.931,6.105272,5.887227,0.087218,0.130827,0.0,5.5063,5.5063,0.5891,0.3581,,53,1,34,31,"aider,claude_code",file_add,85
51,IstiN/dmtools,2025-03,24303,1,2025-06,0,-3,134.0,3.0,3.0,0.0,140.0,83.0,25169.0,25.169,5.562398,5.32401,0.119194,0.119194,0.0,5.4337,5.4337,0.5713,0.377,,25,1,34,31,"aider,claude_code",file_add,85
51,IstiN/dmtools,2025-04,24304,1,2025-06,0,-2,180.0,4.0,3.0,0.0,187.0,89.0,28097.0,28.097,6.655515,6.406378,0.142364,0.106773,0.0,5.4944,5.4944,0.5818,0.3632,,22,1,34,31,"aider,claude_code",file_add,85
51,IstiN/dmtools,2025-05,24305,1,2025-06,0,-1,180.0,4.0,2.0,0.0,186.0,96.0,30923.0,30.923,6.01494,5.82091,0.129354,0.064677,0.0,5.3958,5.3958,0.5754,0.3687,,1,1,34,31,"aider,claude_code",file_add,85
51,IstiN/dmtools,2025-06,24306,1,2025-06,1,0,180.0,4.0,2.0,0.0,186.0,96.0,30925.0,30.925,6.014551,5.820534,0.129345,0.064673,0.0,5.3958,5.3958,0.5754,0.3688,,42,1,34,31,"aider,claude_code",file_add,85
51,IstiN/dmtools,2025-07,24307,1,2025-06,1,1,198.0,5.0,3.0,0.0,206.0,119.0,41618.0,41.618,4.949781,4.757557,0.12014,0.072084,0.0,5.1597,5.1597,0.5673,0.3797,,102,1,34,31,"aider,claude_code",file_add,85
51,IstiN/dmtools,2025-08,24308,1,2025-06,1,2,205.0,5.0,2.0,0.0,212.0,129.0,49510.0,49.51,4.281963,4.140578,0.10099,0.040396,0.0,5.1395,5.1395,0.5565,0.3868,,246,4,34,31,"aider,claude_code",file_add,85
51,IstiN/dmtools,2025-09,24309,1,2025-06,1,3,211.0,5.0,2.0,0.0,218.0,138.0,59550.0,59.55,3.660789,3.543241,0.083963,0.033585,0.0,5.1377,5.1377,0.5455,0.3945,,190,2,34,31,"aider,claude_code",file_add,85
51,IstiN/dmtools,2025-10,24310,1,2025-06,1,4,226.0,6.0,4.0,0.0,236.0,144.0,65012.0,65.012,3.630099,3.476281,0.092291,0.061527,0.0,5.1111,5.1111,0.5409,0.4007,,169,3,34,31,"aider,claude_code",file_add,85
51,IstiN/dmtools,2025-11,24311,1,2025-06,1,5,259.0,7.0,1.0,0.0,267.0,157.0,84858.0,84.858,3.146433,3.052158,0.082491,0.011784,0.0,5.2166,5.2166,0.5464,0.4036,,125,4,34,31,"aider,claude_code",file_add,85
51,IstiN/dmtools,2025-12,24312,1,2025-06,1,6,265.0,7.0,1.0,0.0,273.0,161.0,91950.0,91.95,2.969005,2.882001,0.076128,0.010875,0.0,5.2671,5.2671,0.5529,0.3991,,66,4,34,31,"aider,claude_code",file_add,85
52,cryostatio/cryostat,2024-12,24300,0,2025-06,0,-6,13.0,1.0,1.0,0.0,15.0,22.0,17095.0,17.095,0.87745,0.760456,0.058497,0.058497,0.0,3.1818,3.1818,0.5326,0.425,,16,4,42,39,control,,0
52,cryostatio/cryostat,2025-01,24301,0,2025-06,0,-5,15.0,1.0,2.0,0.0,18.0,22.0,17854.0,17.854,1.008177,0.840148,0.05601,0.11202,0.0,3.2727,3.2727,0.5294,0.4203,,42,5,42,39,control,,0
52,cryostatio/cryostat,2025-02,24302,0,2025-06,0,-4,15.0,1.0,2.0,0.0,18.0,22.0,18014.0,18.014,0.999223,0.832686,0.055512,0.111025,0.0,3.2727,3.2727,0.5291,0.4202,,38,3,42,39,control,,0
52,cryostatio/cryostat,2025-03,24303,0,2025-06,0,-3,15.0,1.0,2.0,0.0,18.0,22.0,17359.0,17.359,1.036926,0.864105,0.057607,0.115214,0.0,3.2727,3.2727,0.5335,0.4166,,26,4,42,39,control,,0
52,cryostatio/cryostat,2025-04,24304,0,2025-06,0,-2,15.0,1.0,2.0,0.0,18.0,22.0,17387.0,17.387,1.035256,0.862714,0.057514,0.115028,0.0,3.2727,3.2727,0.5342,0.4159,,17,4,42,39,control,,0
52,cryostatio/cryostat,2025-05,24305,0,2025-06,0,-1,15.0,0.0,2.0,0.0,17.0,22.0,18353.0,18.353,0.926279,0.817305,0.0,0.108974,0.0,3.3182,3.3182,0.5299,0.4104,,15,4,42,39,control,,0
52,cryostatio/cryostat,2025-06,24306,0,2025-06,1,0,15.0,0.0,2.0,0.0,17.0,22.0,18442.0,18.442,0.921809,0.813361,0.0,0.108448,0.0,3.3182,3.3182,0.5318,0.4087,,27,3,42,39,control,,0
52,cryostatio/cryostat,2025-07,24307,0,2025-06,1,1,14.0,0.0,2.0,0.0,16.0,22.0,19699.0,19.699,0.812224,0.710696,0.0,0.101528,0.0,3.4545,3.4545,0.5345,0.396,,56,3,42,39,control,,0
52,cryostatio/cryostat,2025-08,24308,0,2025-06,1,2,14.0,0.0,2.0,0.0,16.0,24.0,20092.0,20.092,0.796337,0.696795,0.0,0.099542,0.0,3.3333,3.3333,0.5544,0.3787,,40,4,42,39,control,,0
52,cryostatio/cryostat,2025-09,24309,0,2025-06,1,3,17.0,1.0,2.0,0.0,20.0,25.0,20724.0,20.724,0.965065,0.820305,0.048253,0.096506,0.0,3.44,3.44,0.5643,0.3727,,69,5,42,39,control,,0
52,cryostatio/cryostat,2025-10,24310,0,2025-06,1,4,17.0,1.0,2.0,0.0,20.0,27.0,21570.0,21.57,0.927214,0.788132,0.046361,0.092721,0.0,3.2963,3.2963,0.5493,0.3916,,46,5,42,39,control,,0
52,cryostatio/cryostat,2025-11,24311,0,2025-06,1,5,17.0,1.0,2.0,0.0,20.0,27.0,21941.0,21.941,0.911535,0.774805,0.045577,0.091154,0.0,3.2963,3.2963,0.5474,0.381,,57,4,42,39,control,,0
52,cryostatio/cryostat,2025-12,24312,0,2025-06,1,6,17.0,1.0,2.0,0.0,20.0,27.0,22475.0,22.475,0.889878,0.756396,0.044494,0.088988,0.0,3.2963,3.2963,0.5441,0.3842,,48,4,42,39,control,,0
53,opentripplanner/OpenTripPlanner,2025-04,24304,1,2025-10,0,-6,,,,,,,,,,,,,,,,,,,290,16,2564,176,claude_code,file_add,3
53,opentripplanner/OpenTripPlanner,2025-05,24305,1,2025-10,0,-5,,,,,,,,,,,,,,,,,,,291,19,2564,176,claude_code,file_add,3
53,opentripplanner/OpenTripPlanner,2025-06,24306,1,2025-10,0,-4,,,,,,,,,,,,,,,,,,,268,13,2564,176,claude_code,file_add,3
53,opentripplanner/OpenTripPlanner,2025-07,24307,1,2025-10,0,-3,,,,,,,,,,,,,,,,,,,250,18,2564,176,claude_code,file_add,3
53,opentripplanner/OpenTripPlanner,2025-08,24308,1,2025-10,0,-2,,,,,,,,,,,,,,,,,,,324,22,2564,176,claude_code,file_add,3
53,opentripplanner/OpenTripPlanner,2025-09,24309,1,2025-10,0,-1,,,,,,,,,,,,,,,,,,,361,29,2564,176,claude_code,file_add,3
53,opentripplanner/OpenTripPlanner,2025-10,24310,1,2025-10,1,0,,,,,,,,,,,,,,,,,,,587,30,2564,176,claude_code,file_add,3
53,opentripplanner/OpenTripPlanner,2025-11,24311,1,2025-10,1,1,,,,,,,,,,,,,,,,,,,406,24,2564,176,claude_code,file_add,3
53,opentripplanner/OpenTripPlanner,2025-12,24312,1,2025-10,1,2,,,,,,,,,,,,,,,,,,,248,23,2564,176,claude_code,file_add,3
53,opentripplanner/OpenTripPlanner,2026-01,24313,1,2025-10,1,3,,,,,,,,,,,,,,,,,,,390,27,2564,176,claude_code,file_add,3
53,opentripplanner/OpenTripPlanner,2026-02,24314,1,2025-10,1,4,,,,,,,,,,,,,,,,,,,303,21,2564,176,claude_code,file_add,3
53,opentripplanner/OpenTripPlanner,2026-03,24315,1,2025-10,1,5,,,,,,,,,,,,,,,,,,,60,13,2564,176,claude_code,file_add,3
53,opentripplanner/OpenTripPlanner,2026-04,24316,1,2025-10,1,6,,,,,,,,,,,,,,,,,,,0,0,2564,176,claude_code,file_add,3
55,oraxen/oraxen,2025-02,24302,1,2025-08,0,-6,262.0,7.0,2.0,0.0,271.0,120.0,20613.0,20.613,13.147043,12.710425,0.339592,0.097026,0.0,5.45,5.45,0.6997,0.2829,,4,2,695,79,cursor,file_add,64
55,oraxen/oraxen,2025-03,24303,1,2025-08,0,-5,262.0,7.0,2.0,0.0,271.0,120.0,20626.0,20.626,13.138757,12.702414,0.339377,0.096965,0.0,5.45,5.45,0.6997,0.2829,,1,1,695,79,cursor,file_add,64
55,oraxen/oraxen,2025-04,24304,1,2025-08,0,-4,262.0,7.0,2.0,0.0,271.0,120.0,20626.0,20.626,13.138757,12.702414,0.339377,0.096965,0.0,5.45,5.45,0.6997,0.2829,,6,1,695,79,cursor,file_add,64
55,oraxen/oraxen,2025-05,24305,1,2025-08,0,-3,262.0,7.0,2.0,0.0,271.0,121.0,21508.0,21.508,12.599963,12.181514,0.32546,0.092989,0.0,5.4876,5.4876,0.7029,0.2799,,0,0,695,79,cursor,file_add,64
55,oraxen/oraxen,2025-06,24306,1,2025-08,0,-2,262.0,7.0,2.0,0.0,271.0,121.0,21508.0,21.508,12.599963,12.181514,0.32546,0.092989,0.0,5.4876,5.4876,0.7029,0.2799,,0,0,695,79,cursor,file_add,64
55,oraxen/oraxen,2025-07,24307,1,2025-08,0,-1,262.0,7.0,2.0,0.0,271.0,121.0,21508.0,21.508,12.599963,12.181514,0.32546,0.092989,0.0,5.4876,5.4876,0.7029,0.2799,,3,1,695,79,cursor,file_add,64
55,oraxen/oraxen,2025-08,24308,1,2025-08,1,0,262.0,7.0,2.0,0.0,271.0,122.0,22127.0,22.127,12.24748,11.840738,0.316356,0.090387,0.0,5.5,5.5,0.705,0.2778,,21,4,695,79,cursor,file_add,64
55,oraxen/oraxen,2025-09,24309,1,2025-08,1,1,265.0,7.0,3.0,0.0,275.0,132.0,22511.0,22.511,12.21625,11.772023,0.310959,0.133268,0.0,5.2348,5.2348,0.7189,0.2633,,17,3,695,79,cursor,file_add,64
55,oraxen/oraxen,2025-10,24310,1,2025-08,1,2,265.0,7.0,3.0,0.0,275.0,132.0,22545.0,22.545,12.197827,11.754269,0.31049,0.133067,0.0,5.2348,5.2348,0.7187,0.2635,,12,2,695,79,cursor,file_add,64
55,oraxen/oraxen,2025-11,24311,1,2025-08,1,3,266.0,7.0,3.0,0.0,276.0,134.0,23232.0,23.232,11.880165,11.449725,0.301309,0.129132,0.0,5.2239,5.2239,0.719,0.261,,21,2,695,79,cursor,file_add,64
55,oraxen/oraxen,2025-12,24312,1,2025-08,1,4,268.0,7.0,3.0,0.0,278.0,135.0,23359.0,23.359,11.901194,11.473094,0.29967,0.12843,0.0,5.237,5.237,0.7204,0.2601,,220,5,695,79,cursor,file_add,64
55,oraxen/oraxen,2026-01,24313,1,2025-08,1,5,302.0,7.0,4.0,0.0,313.0,155.0,32873.0,32.873,9.521492,9.186871,0.212941,0.12168,0.0,5.329,5.329,0.7458,0.2377,,136,8,695,79,cursor,file_add,64
55,oraxen/oraxen,2026-02,24314,1,2025-08,1,6,312.0,7.0,4.0,0.0,323.0,163.0,34809.0,34.809,9.279209,8.963199,0.201097,0.114913,0.0,5.2577,5.2577,0.7538,0.2284,,120,8,695,79,cursor,file_add,64
56,GoogleCloudPlatform/spring-cloud-gcp,2025-02,24302,0,2025-08,0,-6,37.0,1.0,2.0,2.0,42.0,490.0,131337.0,131.337,0.319788,0.281718,0.007614,0.015228,0.015228,2.4939,2.4939,0.8794,0.0984,,28,5,519,71,control,,0
56,GoogleCloudPlatform/spring-cloud-gcp,2025-03,24303,0,2025-08,0,-5,37.0,1.0,2.0,2.0,42.0,490.0,132337.0,132.337,0.317372,0.279589,0.007556,0.015113,0.015113,2.4939,2.4939,0.8794,0.0984,,25,7,519,71,control,,0
56,GoogleCloudPlatform/spring-cloud-gcp,2025-04,24304,0,2025-08,0,-4,37.0,1.0,3.0,2.0,43.0,488.0,132457.0,132.457,0.324634,0.279336,0.00755,0.022649,0.015099,2.4918,2.4918,0.8769,0.1009,,5,5,519,71,control,,0
56,GoogleCloudPlatform/spring-cloud-gcp,2025-05,24305,0,2025-08,0,-3,37.0,1.0,3.0,2.0,43.0,488.0,132449.0,132.449,0.324653,0.279353,0.00755,0.02265,0.0151,2.4918,2.4918,0.8769,0.1009,,17,6,519,71,control,,0
56,GoogleCloudPlatform/spring-cloud-gcp,2025-06,24306,0,2025-08,0,-2,37.0,1.0,3.0,2.0,43.0,486.0,133397.0,133.397,0.322346,0.277368,0.007496,0.022489,0.014993,2.4897,2.4897,0.8764,0.1013,,12,6,519,71,control,,0
56,GoogleCloudPlatform/spring-cloud-gcp,2025-07,24307,0,2025-08,0,-1,37.0,1.0,3.0,2.0,43.0,487.0,135474.0,135.474,0.317404,0.273115,0.007381,0.022144,0.014763,2.4867,2.4867,0.8763,0.1013,,22,8,519,71,control,,0
56,GoogleCloudPlatform/spring-cloud-gcp,2025-08,24308,0,2025-08,1,0,37.0,1.0,3.0,2.0,43.0,488.0,136011.0,136.011,0.316151,0.272037,0.007352,0.022057,0.014705,2.4836,2.4836,0.8765,0.1011,,22,10,519,71,control,,0
56,GoogleCloudPlatform/spring-cloud-gcp,2025-09,24309,0,2025-08,1,1,37.0,1.0,3.0,2.0,43.0,491.0,139892.0,139.892,0.30738,0.26449,0.007148,0.021445,0.014297,2.4827,2.4827,0.8753,0.102,,13,5,519,71,control,,0
56,GoogleCloudPlatform/spring-cloud-gcp,2025-10,24310,0,2025-08,1,2,38.0,1.0,3.0,2.0,44.0,491.0,141676.0,141.676,0.310568,0.268218,0.007058,0.021175,0.014117,2.4868,2.4868,0.8751,0.1022,,17,7,519,71,control,,0
56,GoogleCloudPlatform/spring-cloud-gcp,2025-11,24311,0,2025-08,1,3,38.0,1.0,3.0,2.0,44.0,491.0,142238.0,142.238,0.309341,0.267158,0.00703,0.021091,0.014061,2.4868,2.4868,0.8751,0.1022,,3,2,519,71,control,,0
56,GoogleCloudPlatform/spring-cloud-gcp,2025-12,24312,0,2025-08,1,4,38.0,1.0,3.0,2.0,44.0,491.0,142236.0,142.236,0.309345,0.267162,0.007031,0.021092,0.014061,2.4868,2.4868,0.8751,0.1022,,5,3,519,71,control,,0
56,GoogleCloudPlatform/spring-cloud-gcp,2026-01,24313,0,2025-08,1,5,38.0,1.0,3.0,2.0,44.0,491.0,143815.0,143.815,0.305949,0.264228,0.006953,0.02086,0.013907,2.4868,2.4868,0.8751,0.1022,,6,4,519,71,control,,0
56,GoogleCloudPlatform/spring-cloud-gcp,2026-02,24314,0,2025-08,1,6,38.0,1.0,3.0,2.0,44.0,491.0,144202.0,144.202,0.305128,0.263519,0.006935,0.020804,0.013869,2.4847,2.4847,0.8752,0.1023,,12,3,519,71,control,,0
57,bloxbean/cardano-client-lib,2025-04,24304,1,2025-10,0,-6,104.0,4.0,5.0,0.0,113.0,142.0,58823.0,58.823,1.921017,1.768016,0.068001,0.085001,0.0,6.5775,6.5775,0.544,0.428,,1,1,129,59,claude_code,file_add,22
57,bloxbean/cardano-client-lib,2025-05,24305,1,2025-10,0,-5,104.0,4.0,5.0,0.0,113.0,142.0,58830.0,58.83,1.920789,1.767806,0.067993,0.084991,0.0,6.5775,6.5775,0.544,0.428,,1,1,129,59,claude_code,file_add,22
57,bloxbean/cardano-client-lib,2025-06,24306,1,2025-10,0,-4,104.0,4.0,5.0,0.0,113.0,142.0,58915.0,58.915,1.918017,1.765255,0.067894,0.084868,0.0,6.5775,6.5775,0.544,0.428,,8,2,129,59,claude_code,file_add,22
57,bloxbean/cardano-client-lib,2025-07,24307,1,2025-10,0,-3,104.0,4.0,5.0,0.0,113.0,142.0,58926.0,58.926,1.917659,1.764925,0.067882,0.084852,0.0,6.5775,6.5775,0.544,0.428,,4,2,129,59,claude_code,file_add,22
57,bloxbean/cardano-client-lib,2025-08,24308,1,2025-10,0,-2,104.0,4.0,5.0,0.0,113.0,142.0,58926.0,58.926,1.917659,1.764925,0.067882,0.084852,0.0,6.5775,6.5775,0.544,0.428,,2,2,129,59,claude_code,file_add,22
57,bloxbean/cardano-client-lib,2025-09,24309,1,2025-10,0,-1,104.0,4.0,5.0,0.0,113.0,142.0,58977.0,58.977,1.916001,1.763399,0.067823,0.084779,0.0,6.5775,6.5775,0.5442,0.4281,,8,3,129,59,claude_code,file_add,22
57,bloxbean/cardano-client-lib,2025-10,24310,1,2025-10,1,0,104.0,4.0,5.0,0.0,113.0,142.0,59242.0,59.242,1.907431,1.755511,0.06752,0.0844,0.0,6.5775,6.5775,0.5443,0.4279,,9,4,129,59,claude_code,file_add,22
57,bloxbean/cardano-client-lib,2025-11,24311,1,2025-10,1,1,117.0,6.0,3.0,1.0,127.0,191.0,79966.0,79.966,1.588175,1.463122,0.075032,0.037516,0.012505,6.0942,6.0942,0.532,0.4266,,5,1,129,59,claude_code,file_add,22
57,bloxbean/cardano-client-lib,2025-12,24312,1,2025-10,1,2,118.0,6.0,3.0,1.0,128.0,191.0,80995.0,80.995,1.580344,1.45688,0.074079,0.037039,0.012346,6.1571,6.1571,0.5331,0.4255,,0,0,129,59,claude_code,file_add,22
57,bloxbean/cardano-client-lib,2026-01,24313,1,2025-10,1,3,118.0,6.0,3.0,1.0,128.0,191.0,80995.0,80.995,1.580344,1.45688,0.074079,0.037039,0.012346,6.1571,6.1571,0.5331,0.4255,,13,3,129,59,claude_code,file_add,22
57,bloxbean/cardano-client-lib,2026-02,24314,1,2025-10,1,4,117.0,7.0,3.0,1.0,128.0,190.0,80396.0,80.396,1.592119,1.455296,0.087069,0.037315,0.012438,6.1526,6.1526,0.5327,0.426,,72,5,129,59,claude_code,file_add,22
57,bloxbean/cardano-client-lib,2026-03,24315,1,2025-10,1,5,121.0,6.0,3.0,1.0,131.0,210.0,99635.0,99.635,1.314799,1.214433,0.06022,0.03011,0.010037,6.081,6.081,0.5423,0.4173,,22,5,129,59,claude_code,file_add,22
57,bloxbean/cardano-client-lib,2026-04,24316,1,2025-10,1,6,122.0,7.0,3.0,1.0,133.0,214.0,101447.0,101.447,1.311029,1.202598,0.069002,0.029572,0.009857,6.0935,6.0935,0.542,0.4204,,0,0,129,59,claude_code,file_add,22
58,GoogleCloudPlatform/jit-groups,2025-04,24304,0,2025-10,0,-6,19.0,0.0,1.0,0.0,20.0,16.0,18587.0,18.587,1.076021,1.02222,0.0,0.053801,0.0,4.5,4.5,0.5587,0.2986,,15,2,284,49,control,,0
58,GoogleCloudPlatform/jit-groups,2025-05,24305,0,2025-10,0,-5,19.0,0.0,1.0,0.0,20.0,16.0,18587.0,18.587,1.076021,1.02222,0.0,0.053801,0.0,4.5,4.5,0.5587,0.2986,,13,2,284,49,control,,0
58,GoogleCloudPlatform/jit-groups,2025-06,24306,0,2025-10,0,-4,19.0,0.0,1.0,0.0,20.0,16.0,18587.0,18.587,1.076021,1.02222,0.0,0.053801,0.0,4.5,4.5,0.5587,0.2986,,7,1,284,49,control,,0
58,GoogleCloudPlatform/jit-groups,2025-07,24307,0,2025-10,0,-3,19.0,0.0,1.0,0.0,20.0,16.0,18587.0,18.587,1.076021,1.02222,0.0,0.053801,0.0,4.5,4.5,0.5587,0.2986,,20,2,284,49,control,,0
58,GoogleCloudPlatform/jit-groups,2025-08,24308,0,2025-10,0,-2,19.0,0.0,1.0,0.0,20.0,19.0,18860.0,18.86,1.060445,1.007423,0.0,0.053022,0.0,3.7895,3.7895,0.6284,0.2514,,6,1,284,49,control,,0
58,GoogleCloudPlatform/jit-groups,2025-09,24309,0,2025-10,0,-1,19.0,0.0,1.0,0.0,20.0,19.0,18860.0,18.86,1.060445,1.007423,0.0,0.053022,0.0,3.7895,3.7895,0.6284,0.2514,,8,1,284,49,control,,0
58,GoogleCloudPlatform/jit-groups,2025-10,24310,0,2025-10,1,0,19.0,0.0,1.0,0.0,20.0,19.0,18860.0,18.86,1.060445,1.007423,0.0,0.053022,0.0,3.7895,3.7895,0.6284,0.2514,,11,1,284,49,control,,0
58,GoogleCloudPlatform/jit-groups,2025-11,24311,0,2025-10,1,1,19.0,0.0,1.0,0.0,20.0,19.0,18860.0,18.86,1.060445,1.007423,0.0,0.053022,0.0,3.7895,3.7895,0.6284,0.2514,,4,1,284,49,control,,0
58,GoogleCloudPlatform/jit-groups,2025-12,24312,0,2025-10,1,2,19.0,0.0,1.0,0.0,20.0,19.0,18860.0,18.86,1.060445,1.007423,0.0,0.053022,0.0,3.7895,3.7895,0.6284,0.2514,,16,1,284,49,control,,0
58,GoogleCloudPlatform/jit-groups,2026-01,24313,0,2025-10,1,3,19.0,0.0,1.0,0.0,20.0,19.0,18860.0,18.86,1.060445,1.007423,0.0,0.053022,0.0,3.7895,3.7895,0.6284,0.2514,,3,1,284,49,control,,0
58,GoogleCloudPlatform/jit-groups,2026-02,24314,0,2025-10,1,4,19.0,0.0,1.0,0.0,20.0,19.0,18860.0,18.86,1.060445,1.007423,0.0,0.053022,0.0,3.7895,3.7895,0.6284,0.2514,,2,1,284,49,control,,0
58,GoogleCloudPlatform/jit-groups,2026-03,24315,0,2025-10,1,5,19.0,0.0,1.0,0.0,20.0,19.0,18860.0,18.86,1.060445,1.007423,0.0,0.053022,0.0,3.7895,3.7895,0.6284,0.2514,,4,1,284,49,control,,0
58,GoogleCloudPlatform/jit-groups,2026-04,24316,0,2025-10,1,6,19.0,0.0,1.0,0.0,20.0,19.0,18860.0,18.86,1.060445,1.007423,0.0,0.053022,0.0,3.7895,3.7895,0.6284,0.2514,,0,0,284,49,control,,0
59,remsfal/remsfal-backend,2025-01,24301,1,2025-07,0,-6,4.0,0.0,2.0,0.0,6.0,23.0,11837.0,11.837,0.506885,0.337923,0.0,0.168962,0.0,2.7391,2.7391,0.4656,0.3137,,12,7,7,38,claude_code,commit_pattern,35
59,remsfal/remsfal-backend,2025-02,24302,1,2025-07,0,-5,4.0,0.0,1.0,0.0,5.0,25.0,13753.0,13.753,0.363557,0.290846,0.0,0.072711,0.0,2.76,2.76,0.424,0.3274,,3,1,7,38,claude_code,commit_pattern,35
59,remsfal/remsfal-backend,2025-03,24303,1,2025-07,0,-4,4.0,0.0,1.0,0.0,5.0,25.0,13753.0,13.753,0.363557,0.290846,0.0,0.072711,0.0,2.76,2.76,0.424,0.3274,,16,3,7,38,claude_code,commit_pattern,35
59,remsfal/remsfal-backend,2025-04,24304,1,2025-07,0,-3,4.0,0.0,3.0,0.0,7.0,26.0,13665.0,13.665,0.512258,0.292719,0.0,0.219539,0.0,2.6923,2.6923,0.4038,0.353,,11,3,7,38,claude_code,commit_pattern,35
59,remsfal/remsfal-backend,2025-05,24305,1,2025-07,0,-2,4.0,2.0,2.0,0.0,8.0,39.0,13364.0,13.364,0.598623,0.299312,0.149656,0.149656,0.0,2.8205,2.8205,0.4909,0.3399,,6,5,7,38,claude_code,commit_pattern,35
59,remsfal/remsfal-backend,2025-06,24306,1,2025-07,0,-1,4.0,2.0,2.0,0.0,8.0,39.0,13366.0,13.366,0.598534,0.299267,0.149633,0.149633,0.0,2.8205,2.8205,0.4909,0.3399,,50,6,7,38,claude_code,commit_pattern,35
59,remsfal/remsfal-backend,2025-07,24307,1,2025-07,1,0,4.0,3.0,2.0,0.0,9.0,39.0,14723.0,14.723,0.611288,0.271684,0.203763,0.135842,0.0,2.8718,2.8718,0.4906,0.334,,25,5,7,38,claude_code,commit_pattern,35
59,remsfal/remsfal-backend,2025-08,24308,1,2025-07,1,1,4.0,1.0,2.0,0.0,7.0,48.0,16224.0,16.224,0.43146,0.246548,0.061637,0.123274,0.0,3.125,3.125,0.4558,0.3971,,11,3,7,38,claude_code,commit_pattern,35
59,remsfal/remsfal-backend,2025-09,24309,1,2025-07,1,2,4.0,0.0,2.0,0.0,6.0,48.0,16194.0,16.194,0.370508,0.247005,0.0,0.123503,0.0,3.3125,3.3125,0.4516,0.376,,10,3,7,38,claude_code,commit_pattern,35
59,remsfal/remsfal-backend,2025-10,24310,1,2025-07,1,3,3.0,0.0,2.0,0.0,5.0,46.0,15712.0,15.712,0.318228,0.190937,0.0,0.127291,0.0,3.2609,3.2609,0.4477,0.3709,,61,7,7,38,claude_code,commit_pattern,35
59,remsfal/remsfal-backend,2025-11,24311,1,2025-07,1,4,3.0,0.0,2.0,0.0,5.0,46.0,15842.0,15.842,0.315617,0.18937,0.0,0.126247,0.0,3.3696,3.3696,0.4463,0.3717,,47,11,7,38,claude_code,commit_pattern,35
59,remsfal/remsfal-backend,2025-12,24312,1,2025-07,1,5,2.0,0.0,2.0,0.0,4.0,45.0,16352.0,16.352,0.244618,0.122309,0.0,0.122309,0.0,3.4222,3.4222,0.4454,0.3757,,18,2,7,38,claude_code,commit_pattern,35
59,remsfal/remsfal-backend,2026-01,24313,1,2025-07,1,6,2.0,0.0,2.0,0.0,4.0,46.0,16410.0,16.41,0.243754,0.121877,0.0,0.121877,0.0,3.3696,3.3696,0.436,0.3889,,31,14,7,38,claude_code,commit_pattern,35
60,kestra-io/plugin-jdbc,2025-01,24301,0,2025-07,0,-6,0.0,0.0,0.0,0.0,0.0,23.0,11633.0,11.633,0.0,0.0,0.0,0.0,0.0,0.8261,0.8261,0.9565,0.0246,,20,7,21,66,control,,0
60,kestra-io/plugin-jdbc,2025-02,24302,0,2025-07,0,-5,0.0,0.0,0.0,0.0,0.0,23.0,11763.0,11.763,0.0,0.0,0.0,0.0,0.0,0.8261,0.8261,0.9565,0.0246,,21,6,21,66,control,,0
60,kestra-io/plugin-jdbc,2025-03,24303,0,2025-07,0,-4,0.0,0.0,0.0,0.0,0.0,24.0,12770.0,12.77,0.0,0.0,0.0,0.0,0.0,0.8333,0.8333,0.9583,0.038,,31,10,21,66,control,,0
60,kestra-io/plugin-jdbc,2025-04,24304,0,2025-07,0,-3,0.0,0.0,0.0,0.0,0.0,24.0,13439.0,13.439,0.0,0.0,0.0,0.0,0.0,0.8333,0.8333,0.9583,0.1151,,17,8,21,66,control,,0
60,kestra-io/plugin-jdbc,2025-05,24305,0,2025-07,0,-2,0.0,0.0,0.0,0.0,0.0,24.0,13076.0,13.076,0.0,0.0,0.0,0.0,0.0,0.8333,0.8333,0.9583,0.1153,,11,5,21,66,control,,0
60,kestra-io/plugin-jdbc,2025-06,24306,0,2025-07,0,-1,0.0,0.0,0.0,0.0,0.0,24.0,13136.0,13.136,0.0,0.0,0.0,0.0,0.0,0.8333,0.8333,0.9583,0.1153,,19,5,21,66,control,,0
60,kestra-io/plugin-jdbc,2025-07,24307,0,2025-07,1,0,0.0,0.0,0.0,0.0,0.0,24.0,13309.0,13.309,0.0,0.0,0.0,0.0,0.0,0.8333,0.8333,0.9583,0.1153,,14,7,21,66,control,,0
60,kestra-io/plugin-jdbc,2025-08,24308,0,2025-07,1,1,0.0,0.0,0.0,0.0,0.0,24.0,13363.0,13.363,0.0,0.0,0.0,0.0,0.0,0.8333,0.8333,0.9583,0.1151,,9,4,21,66,control,,0
60,kestra-io/plugin-jdbc,2025-09,24309,0,2025-07,1,2,0.0,0.0,0.0,0.0,0.0,24.0,13376.0,13.376,0.0,0.0,0.0,0.0,0.0,0.8333,0.8333,0.9583,0.1141,,18,7,21,66,control,,0
60,kestra-io/plugin-jdbc,2025-10,24310,0,2025-07,1,3,0.0,0.0,0.0,0.0,0.0,24.0,13373.0,13.373,0.0,0.0,0.0,0.0,0.0,0.8333,0.8333,0.9583,0.1141,,26,8,21,66,control,,0
60,kestra-io/plugin-jdbc,2025-11,24311,0,2025-07,1,4,0.0,0.0,0.0,0.0,0.0,24.0,13803.0,13.803,0.0,0.0,0.0,0.0,0.0,0.8333,0.8333,0.9583,0.1143,,25,8,21,66,control,,0
60,kestra-io/plugin-jdbc,2025-12,24312,0,2025-07,1,5,0.0,0.0,0.0,0.0,0.0,24.0,14550.0,14.55,0.0,0.0,0.0,0.0,0.0,0.8333,0.8333,0.9583,0.1143,,41,7,21,66,control,,0
60,kestra-io/plugin-jdbc,2026-01,24313,0,2025-07,1,6,0.0,0.0,0.0,0.0,0.0,24.0,15934.0,15.934,0.0,0.0,0.0,0.0,0.0,0.8333,0.8333,0.9583,0.1163,,21,9,21,66,control,,0
61,HDFGroup/hdfview,2025-03,24303,1,2025-09,0,-6,5.0,2.0,3.0,1.0,11.0,28.0,55720.0,55.72,0.197416,0.089734,0.035894,0.053841,0.017947,3.2857,3.2857,0.7207,0.1503,,0,0,130,61,claude_code,file_add,58
61,HDFGroup/hdfview,2025-04,24304,1,2025-09,0,-5,5.0,2.0,3.0,1.0,11.0,28.0,55720.0,55.72,0.197416,0.089734,0.035894,0.053841,0.017947,3.2857,3.2857,0.7207,0.1503,,0,0,130,61,claude_code,file_add,58
61,HDFGroup/hdfview,2025-05,24305,1,2025-09,0,-4,5.0,2.0,3.0,1.0,11.0,28.0,55720.0,55.72,0.197416,0.089734,0.035894,0.053841,0.017947,3.2857,3.2857,0.7207,0.1503,,1,1,130,61,claude_code,file_add,58
61,HDFGroup/hdfview,2025-06,24306,1,2025-09,0,-3,5.0,2.0,3.0,1.0,11.0,28.0,55720.0,55.72,0.197416,0.089734,0.035894,0.053841,0.017947,3.2857,3.2857,0.7207,0.1503,,18,2,130,61,claude_code,file_add,58
61,HDFGroup/hdfview,2025-07,24307,1,2025-09,0,-2,5.0,2.0,3.0,1.0,11.0,28.0,56001.0,56.001,0.196425,0.089284,0.035714,0.05357,0.017857,3.2857,3.2857,0.7207,0.1503,,0,0,130,61,claude_code,file_add,58
61,HDFGroup/hdfview,2025-08,24308,1,2025-09,0,-1,5.0,2.0,3.0,1.0,11.0,28.0,56001.0,56.001,0.196425,0.089284,0.035714,0.05357,0.017857,3.2857,3.2857,0.7207,0.1503,,7,3,130,61,claude_code,file_add,58
61,HDFGroup/hdfview,2025-09,24309,1,2025-09,1,0,,,,,,,,,,,,,,,,,,,11,1,130,61,claude_code,file_add,58
61,HDFGroup/hdfview,2025-10,24310,1,2025-09,1,1,,,,,,,,,,,,,,,,,,,0,0,130,61,claude_code,file_add,58
61,HDFGroup/hdfview,2025-11,24311,1,2025-09,1,2,,,,,,,,,,,,,,,,,,,10,2,130,61,claude_code,file_add,58
61,HDFGroup/hdfview,2025-12,24312,1,2025-09,1,3,5.0,2.0,3.0,1.0,11.0,25.0,50659.0,50.659,0.217138,0.098699,0.03948,0.059219,0.01974,3.44,3.44,0.6846,0.1788,,203,6,130,61,claude_code,file_add,58
61,HDFGroup/hdfview,2026-01,24313,1,2025-09,1,4,5.0,2.0,3.0,1.0,11.0,25.0,51461.0,51.461,0.213754,0.097161,0.038864,0.058297,0.019432,3.44,3.44,0.6841,0.1794,,93,3,130,61,claude_code,file_add,58
61,HDFGroup/hdfview,2026-02,24314,1,2025-09,1,5,5.0,2.0,3.0,1.0,11.0,25.0,51480.0,51.48,0.213675,0.097125,0.03885,0.058275,0.019425,3.44,3.44,0.6841,0.1794,,9,3,130,61,claude_code,file_add,58
61,HDFGroup/hdfview,2026-03,24315,1,2025-09,1,6,5.0,2.0,3.0,1.0,11.0,25.0,51498.0,51.498,0.213601,0.097091,0.038836,0.058255,0.019418,3.44,3.44,0.6841,0.1794,,0,0,130,61,claude_code,file_add,58
62,rabbitmq/rabbitmq-stream-java-client,2025-03,24303,0,2025-09,0,-6,2.0,0.0,1.0,1.0,4.0,13.0,27000.0,27.0,0.148148,0.074074,0.0,0.037037,0.037037,1.6923,1.6923,0.5818,0.316,,47,5,67,72,control,,0
62,rabbitmq/rabbitmq-stream-java-client,2025-04,24304,0,2025-09,0,-5,2.0,0.0,1.0,1.0,4.0,13.0,27174.0,27.174,0.1472,0.0736,0.0,0.0368,0.0368,1.6923,1.6923,0.5818,0.316,,38,4,67,72,control,,0
62,rabbitmq/rabbitmq-stream-java-client,2025-05,24305,0,2025-09,0,-4,2.0,0.0,1.0,1.0,4.0,13.0,27150.0,27.15,0.14733,0.073665,0.0,0.036832,0.036832,1.6923,1.6923,0.5818,0.316,,31,3,67,72,control,,0
62,rabbitmq/rabbitmq-stream-java-client,2025-06,24306,0,2025-09,0,-3,2.0,0.0,1.0,1.0,4.0,13.0,27177.0,27.177,0.147183,0.073592,0.0,0.036796,0.036796,1.6923,1.6923,0.5818,0.316,,40,4,67,72,control,,0
62,rabbitmq/rabbitmq-stream-java-client,2025-07,24307,0,2025-09,0,-2,2.0,0.0,1.0,1.0,4.0,13.0,27461.0,27.461,0.145661,0.072831,0.0,0.036415,0.036415,1.6923,1.6923,0.5817,0.3161,,50,5,67,72,control,,0
62,rabbitmq/rabbitmq-stream-java-client,2025-08,24308,0,2025-09,0,-1,2.0,0.0,1.0,1.0,4.0,13.0,27565.0,27.565,0.145112,0.072556,0.0,0.036278,0.036278,1.6923,1.6923,0.5817,0.3173,,46,3,67,72,control,,0
62,rabbitmq/rabbitmq-stream-java-client,2025-09,24309,0,2025-09,1,0,2.0,0.0,1.0,1.0,4.0,14.0,28804.0,28.804,0.13887,0.069435,0.0,0.034717,0.034717,1.6429,1.6429,0.5405,0.342,,76,3,67,72,control,,0
62,rabbitmq/rabbitmq-stream-java-client,2025-10,24310,0,2025-09,1,1,2.0,0.0,1.0,1.0,4.0,14.0,29910.0,29.91,0.133735,0.066867,0.0,0.033434,0.033434,1.6429,1.6429,0.5405,0.3427,,49,4,67,72,control,,0
62,rabbitmq/rabbitmq-stream-java-client,2025-11,24311,0,2025-09,1,2,2.0,0.0,1.0,1.0,4.0,14.0,29914.0,29.914,0.133717,0.066858,0.0,0.033429,0.033429,1.6429,1.6429,0.5405,0.3427,,38,3,67,72,control,,0
62,rabbitmq/rabbitmq-stream-java-client,2025-12,24312,0,2025-09,1,3,2.0,0.0,1.0,1.0,4.0,14.0,29937.0,29.937,0.133614,0.066807,0.0,0.033403,0.033403,1.6429,1.6429,0.5405,0.3427,,48,5,67,72,control,,0
62,rabbitmq/rabbitmq-stream-java-client,2026-01,24313,0,2025-09,1,4,2.0,0.0,1.0,1.0,4.0,14.0,30110.0,30.11,0.132846,0.066423,0.0,0.033212,0.033212,1.6429,1.6429,0.5405,0.3427,,37,3,67,72,control,,0
62,rabbitmq/rabbitmq-stream-java-client,2026-02,24314,0,2025-09,1,5,2.0,0.0,1.0,1.0,4.0,14.0,30202.0,30.202,0.132442,0.066221,0.0,0.03311,0.03311,1.6429,1.6429,0.5405,0.3472,,44,4,67,72,control,,0
62,rabbitmq/rabbitmq-stream-java-client,2026-03,24315,0,2025-09,1,6,2.0,0.0,1.0,1.0,4.0,14.0,30485.0,30.485,0.131212,0.065606,0.0,0.032803,0.032803,1.6429,1.6429,0.5405,0.3472,,18,3,67,72,control,,0
63,orphan-oss/ognl,2025-04,24304,1,2025-10,0,-6,2.0,0.0,0.0,1.0,3.0,11.0,14220.0,14.22,0.21097,0.140647,0.0,0.0,0.070323,2.2727,2.2727,0.6294,0.2341,,5,2,243,195,claude_code,file_add,14
63,orphan-oss/ognl,2025-05,24305,1,2025-10,0,-5,2.0,0.0,0.0,1.0,3.0,11.0,14220.0,14.22,0.21097,0.140647,0.0,0.0,0.070323,2.2727,2.2727,0.6294,0.2341,,7,2,243,195,claude_code,file_add,14
63,orphan-oss/ognl,2025-06,24306,1,2025-10,0,-4,2.0,0.0,0.0,1.0,3.0,11.0,14220.0,14.22,0.21097,0.140647,0.0,0.0,0.070323,2.2727,2.2727,0.6294,0.2341,,12,3,243,195,claude_code,file_add,14
63,orphan-oss/ognl,2025-07,24307,1,2025-10,0,-3,2.0,0.0,0.0,0.0,2.0,11.0,10759.0,10.759,0.185891,0.185891,0.0,0.0,0.0,2.1818,2.1818,0.6295,0.2325,,4,1,243,195,claude_code,file_add,14
63,orphan-oss/ognl,2025-08,24308,1,2025-10,0,-2,2.0,0.0,0.0,0.0,2.0,11.0,10759.0,10.759,0.185891,0.185891,0.0,0.0,0.0,2.1818,2.1818,0.6295,0.2325,,6,1,243,195,claude_code,file_add,14
63,orphan-oss/ognl,2025-09,24309,1,2025-10,0,-1,2.0,0.0,0.0,0.0,2.0,11.0,10759.0,10.759,0.185891,0.185891,0.0,0.0,0.0,2.1818,2.1818,0.6295,0.2325,,8,1,243,195,claude_code,file_add,14
63,orphan-oss/ognl,2025-10,24310,1,2025-10,1,0,2.0,0.0,0.0,0.0,2.0,11.0,10759.0,10.759,0.185891,0.185891,0.0,0.0,0.0,2.1818,2.1818,0.6295,0.2325,,38,3,243,195,claude_code,file_add,14
63,orphan-oss/ognl,2025-11,24311,1,2025-10,1,1,2.0,0.0,0.0,0.0,2.0,11.0,11008.0,11.008,0.181686,0.181686,0.0,0.0,0.0,2.1818,2.1818,0.6292,0.2327,,31,2,243,195,claude_code,file_add,14
63,orphan-oss/ognl,2025-12,24312,1,2025-10,1,2,2.0,0.0,1.0,0.0,3.0,16.0,11817.0,11.817,0.253872,0.169248,0.0,0.084624,0.0,1.75,1.75,0.6198,0.254,,13,3,243,195,claude_code,file_add,14
63,orphan-oss/ognl,2026-01,24313,1,2025-10,1,3,2.0,0.0,1.0,0.0,3.0,16.0,11818.0,11.818,0.25385,0.169233,0.0,0.084617,0.0,1.75,1.75,0.6198,0.254,,6,1,243,195,claude_code,file_add,14
63,orphan-oss/ognl,2026-02,24314,1,2025-10,1,4,2.0,0.0,1.0,0.0,3.0,16.0,11818.0,11.818,0.25385,0.169233,0.0,0.084617,0.0,1.75,1.75,0.6198,0.254,,9,2,243,195,claude_code,file_add,14
63,orphan-oss/ognl,2026-03,24315,1,2025-10,1,5,2.0,0.0,1.0,0.0,3.0,16.0,12037.0,12.037,0.249232,0.166154,0.0,0.083077,0.0,1.75,1.75,0.6195,0.2543,,2,1,243,195,claude_code,file_add,14
63,orphan-oss/ognl,2026-04,24316,1,2025-10,1,6,2.0,0.0,1.0,0.0,3.0,16.0,12037.0,12.037,0.249232,0.166154,0.0,0.083077,0.0,1.75,1.75,0.6195,0.2543,,0,0,243,195,claude_code,file_add,14
64,junrar/junrar,2025-04,24304,0,2025-10,0,-6,2.0,0.0,1.0,0.0,3.0,17.0,5635.0,5.635,0.532387,0.354925,0.0,0.177462,0.0,1.8824,1.8824,0.4367,0.5397,,0,0,310,162,control,,0
64,junrar/junrar,2025-05,24305,0,2025-10,0,-5,2.0,0.0,1.0,0.0,3.0,17.0,5635.0,5.635,0.532387,0.354925,0.0,0.177462,0.0,1.8824,1.8824,0.4367,0.5397,,17,2,310,162,control,,0
64,junrar/junrar,2025-06,24306,0,2025-10,0,-4,2.0,0.0,1.0,0.0,3.0,17.0,5635.0,5.635,0.532387,0.354925,0.0,0.177462,0.0,1.8824,1.8824,0.4367,0.5397,,0,0,310,162,control,,0
64,junrar/junrar,2025-07,24307,0,2025-10,0,-3,2.0,0.0,1.0,0.0,3.0,17.0,5635.0,5.635,0.532387,0.354925,0.0,0.177462,0.0,1.8824,1.8824,0.4367,0.5397,,1,1,310,162,control,,0
64,junrar/junrar,2025-08,24308,0,2025-10,0,-2,2.0,0.0,1.0,0.0,3.0,17.0,5635.0,5.635,0.532387,0.354925,0.0,0.177462,0.0,1.8824,1.8824,0.4367,0.5397,,2,1,310,162,control,,0
64,junrar/junrar,2025-09,24309,0,2025-10,0,-1,2.0,0.0,1.0,0.0,3.0,17.0,5635.0,5.635,0.532387,0.354925,0.0,0.177462,0.0,1.8824,1.8824,0.4367,0.5397,,4,1,310,162,control,,0
64,junrar/junrar,2025-10,24310,0,2025-10,1,0,2.0,0.0,1.0,0.0,3.0,17.0,5635.0,5.635,0.532387,0.354925,0.0,0.177462,0.0,1.8824,1.8824,0.4367,0.5397,,17,3,310,162,control,,0
64,junrar/junrar,2025-11,24311,0,2025-10,1,1,2.0,0.0,1.0,0.0,3.0,17.0,5650.0,5.65,0.530973,0.353982,0.0,0.176991,0.0,1.8824,1.8824,0.4367,0.5397,,5,2,310,162,control,,0
64,junrar/junrar,2025-12,24312,0,2025-10,1,2,2.0,0.0,1.0,0.0,3.0,17.0,5650.0,5.65,0.530973,0.353982,0.0,0.176991,0.0,1.8824,1.8824,0.4367,0.5397,,5,2,310,162,control,,0
64,junrar/junrar,2026-01,24313,0,2025-10,1,3,2.0,0.0,1.0,0.0,3.0,17.0,5650.0,5.65,0.530973,0.353982,0.0,0.176991,0.0,1.8824,1.8824,0.4367,0.5397,,3,1,310,162,control,,0
64,junrar/junrar,2026-02,24314,0,2025-10,1,4,2.0,0.0,1.0,0.0,3.0,17.0,5650.0,5.65,0.530973,0.353982,0.0,0.176991,0.0,1.8824,1.8824,0.4367,0.5397,,9,4,310,162,control,,0
64,junrar/junrar,2026-03,24315,0,2025-10,1,5,2.0,0.0,1.0,0.0,3.0,17.0,5669.0,5.669,0.529194,0.352796,0.0,0.176398,0.0,1.8824,1.8824,0.4367,0.5397,,5,1,310,162,control,,0
64,junrar/junrar,2026-04,24316,0,2025-10,1,6,2.0,0.0,1.0,0.0,3.0,17.0,5696.0,5.696,0.526685,0.351124,0.0,0.175562,0.0,1.8824,1.8824,0.4354,0.5411,,0,0,310,162,control,,0
65,BBMRI-ERIC/negotiator,2024-10,24298,1,2025-04,0,-6,79.0,2.0,1.0,0.0,82.0,58.0,19762.0,19.762,4.149378,3.997571,0.101204,0.050602,0.0,6.4828,6.4828,0.6464,0.2512,,107,6,32,67,copilot,commit_pattern,22
65,BBMRI-ERIC/negotiator,2024-11,24299,1,2025-04,0,-5,79.0,2.0,2.0,0.0,83.0,61.0,20480.0,20.48,4.052734,3.857422,0.097656,0.097656,0.0,6.6721,6.6721,0.646,0.2556,,107,5,32,67,copilot,commit_pattern,22
65,BBMRI-ERIC/negotiator,2024-12,24300,1,2025-04,0,-4,82.0,2.0,4.0,0.0,88.0,57.0,19275.0,19.275,4.565499,4.254215,0.103761,0.207523,0.0,6.8421,6.8421,0.6186,0.2772,,105,6,32,67,copilot,commit_pattern,22
65,BBMRI-ERIC/negotiator,2025-01,24301,1,2025-04,0,-3,76.0,2.0,2.0,0.0,80.0,57.0,19780.0,19.78,4.044489,3.842265,0.101112,0.101112,0.0,6.8421,6.8421,0.6166,0.2788,,159,6,32,67,copilot,commit_pattern,22
65,BBMRI-ERIC/negotiator,2025-02,24302,1,2025-04,0,-2,76.0,2.0,5.0,0.0,83.0,58.0,20292.0,20.292,4.090282,3.745318,0.098561,0.246403,0.0,6.8793,6.8793,0.6124,0.2788,,92,6,32,67,copilot,commit_pattern,22
65,BBMRI-ERIC/negotiator,2025-03,24303,1,2025-04,0,-1,78.0,1.0,4.0,0.0,83.0,58.0,21072.0,21.072,3.938876,3.701595,0.047456,0.189825,0.0,6.9655,6.9655,0.613,0.2791,,112,8,32,67,copilot,commit_pattern,22
65,BBMRI-ERIC/negotiator,2025-04,24304,1,2025-04,1,0,79.0,1.0,1.0,0.0,81.0,58.0,21604.0,21.604,3.749306,3.65673,0.046288,0.046288,0.0,7.069,7.069,0.6133,0.2799,,158,8,32,67,copilot,commit_pattern,22
65,BBMRI-ERIC/negotiator,2025-05,24305,1,2025-04,1,1,78.0,1.0,2.0,0.0,81.0,61.0,23043.0,23.043,3.515167,3.384976,0.043397,0.086794,0.0,6.8852,6.8852,0.614,0.2795,,124,7,32,67,copilot,commit_pattern,22
65,BBMRI-ERIC/negotiator,2025-06,24306,1,2025-04,1,2,78.0,1.0,2.0,0.0,81.0,62.0,23897.0,23.897,3.389547,3.264008,0.041846,0.083693,0.0,6.9194,6.9194,0.6221,0.2728,,84,8,32,67,copilot,commit_pattern,22
65,BBMRI-ERIC/negotiator,2025-07,24307,1,2025-04,1,3,79.0,1.0,1.0,0.0,81.0,64.0,24603.0,24.603,3.292281,3.210991,0.040645,0.040645,0.0,6.75,6.75,0.6156,0.2687,,158,9,32,67,copilot,commit_pattern,22
65,BBMRI-ERIC/negotiator,2025-08,24308,1,2025-04,1,4,71.0,1.0,4.0,0.0,76.0,61.0,26475.0,26.475,2.870633,2.681775,0.037771,0.151086,0.0,6.5574,6.5574,0.621,0.2648,,145,7,32,67,copilot,commit_pattern,22
65,BBMRI-ERIC/negotiator,2025-09,24309,1,2025-04,1,5,80.0,2.0,4.0,0.0,86.0,60.0,28263.0,28.263,3.042848,2.830556,0.070764,0.141528,0.0,6.4167,6.4167,0.581,0.309,,133,10,32,67,copilot,commit_pattern,22
65,BBMRI-ERIC/negotiator,2025-10,24310,1,2025-04,1,6,82.0,2.0,1.0,0.0,85.0,60.0,29530.0,29.53,2.878429,2.776837,0.067728,0.033864,0.0,6.5,6.5,0.581,0.3077,,126,9,32,67,copilot,commit_pattern,22
66,USACE/cwms-data-api,2024-10,24298,0,2025-04,0,-6,81.0,2.0,4.0,1.0,88.0,71.0,51863.0,51.863,1.696778,1.561807,0.038563,0.077126,0.019282,4.338,4.338,0.523,0.3888,,34,7,20,65,control,,0
66,USACE/cwms-data-api,2024-11,24299,0,2025-04,0,-5,59.0,3.0,5.0,2.0,69.0,71.0,54473.0,54.473,1.266683,1.083105,0.055073,0.091789,0.036715,4.4085,4.4085,0.5207,0.39,,21,3,20,65,control,,0
66,USACE/cwms-data-api,2024-12,24300,0,2025-04,0,-4,63.0,3.0,4.0,2.0,72.0,74.0,65075.0,65.075,1.106416,0.968114,0.046101,0.061468,0.030734,4.527,4.527,0.5206,0.3899,,28,6,20,65,control,,0
66,USACE/cwms-data-api,2025-01,24301,0,2025-04,0,-3,63.0,3.0,4.0,2.0,72.0,74.0,65908.0,65.908,1.092432,0.955878,0.045518,0.060691,0.030345,4.527,4.527,0.5209,0.3888,,5,3,20,65,control,,0
66,USACE/cwms-data-api,2025-02,24302,0,2025-04,0,-2,63.0,3.0,4.0,2.0,72.0,74.0,65919.0,65.919,1.09225,0.955718,0.04551,0.060681,0.03034,4.5405,4.5405,0.5208,0.389,,3,2,20,65,control,,0
66,USACE/cwms-data-api,2025-03,24303,0,2025-04,0,-1,63.0,3.0,4.0,2.0,72.0,74.0,66221.0,66.221,1.087268,0.95136,0.045303,0.060404,0.030202,4.5541,4.5541,0.521,0.3889,,26,1,20,65,control,,0
66,USACE/cwms-data-api,2025-04,24304,0,2025-04,1,0,63.0,3.0,4.0,2.0,72.0,74.0,66224.0,66.224,1.087219,0.951317,0.045301,0.060401,0.030201,4.5541,4.5541,0.521,0.3889,,5,2,20,65,control,,0
66,USACE/cwms-data-api,2025-05,24305,0,2025-04,1,1,63.0,3.0,4.0,2.0,72.0,74.0,66255.0,66.255,1.08671,0.950872,0.04528,0.060373,0.030186,4.5541,4.5541,0.521,0.3889,,5,4,20,65,control,,0
66,USACE/cwms-data-api,2025-06,24306,0,2025-04,1,2,64.0,3.0,4.0,2.0,73.0,75.0,67809.0,67.809,1.076553,0.943828,0.044242,0.058989,0.029495,4.64,4.64,0.5273,0.3831,,16,3,20,65,control,,0
66,USACE/cwms-data-api,2025-07,24307,0,2025-04,1,3,67.0,4.0,1.0,2.0,74.0,80.0,71632.0,71.632,1.033058,0.935336,0.055841,0.01396,0.02792,4.8875,4.8875,0.5397,0.3765,,20,7,20,65,control,,0
66,USACE/cwms-data-api,2025-08,24308,0,2025-04,1,4,67.0,4.0,7.0,2.0,80.0,82.0,75231.0,75.231,1.063391,0.89059,0.05317,0.093047,0.026585,4.9512,4.9512,0.5418,0.376,,26,9,20,65,control,,0
66,USACE/cwms-data-api,2025-09,24309,0,2025-04,1,5,75.0,4.0,8.0,2.0,89.0,82.0,76438.0,76.438,1.164342,0.981187,0.05233,0.10466,0.026165,5.0,5.0,0.5375,0.3804,,31,9,20,65,control,,0
66,USACE/cwms-data-api,2025-10,24310,0,2025-04,1,6,77.0,4.0,6.0,2.0,89.0,83.0,78264.0,78.264,1.137177,0.98385,0.051109,0.076664,0.025555,5.1807,5.1807,0.5378,0.3811,,6,3,20,65,control,,0
67,dromara/skyeye,2025-06,24306,1,2025-12,0,-6,103.0,76.0,4.0,0.0,183.0,1917.0,128034.0,128.034,1.429308,0.804474,0.593592,0.031242,0.0,2.3464,2.3464,0.5781,0.325,,188,4,1156,82,cursor,file_add,1
67,dromara/skyeye,2025-07,24307,1,2025-12,0,-5,103.0,76.0,4.0,0.0,183.0,1908.0,129379.0,129.379,1.414449,0.796111,0.587421,0.030917,0.0,2.3564,2.3564,0.5784,0.3264,,340,5,1156,82,cursor,file_add,1
67,dromara/skyeye,2025-08,24308,1,2025-12,0,-4,106.0,84.0,4.0,0.0,194.0,1963.0,135360.0,135.36,1.433215,0.783097,0.620567,0.029551,0.0,2.3892,2.3892,0.5774,0.3209,,150,5,1156,82,cursor,file_add,1
67,dromara/skyeye,2025-09,24309,1,2025-12,0,-3,106.0,84.0,3.0,0.0,193.0,2009.0,138932.0,138.932,1.389169,0.762963,0.604612,0.021593,0.0,2.3798,2.3798,0.5784,0.32,,40,1,1156,82,cursor,file_add,1
67,dromara/skyeye,2025-10,24310,1,2025-12,0,-2,108.0,84.0,3.0,0.0,195.0,2022.0,140348.0,140.348,1.389403,0.769516,0.598512,0.021375,0.0,2.3719,2.3719,0.5782,0.3204,,75,1,1156,82,cursor,file_add,1
67,dromara/skyeye,2025-11,24311,1,2025-12,0,-1,109.0,85.0,4.0,0.0,198.0,2027.0,142205.0,142.205,1.392356,0.766499,0.597729,0.028128,0.0,2.3804,2.3804,0.5785,0.3201,,82,1,1156,82,cursor,file_add,1
67,dromara/skyeye,2025-12,24312,1,2025-12,1,0,109.0,85.0,4.0,0.0,198.0,2026.0,143028.0,143.028,1.384344,0.762089,0.594289,0.027967,0.0,2.384,2.384,0.579,0.3196,,62,1,1156,82,cursor,file_add,1
67,dromara/skyeye,2026-01,24313,1,2025-12,1,1,97.0,85.0,4.0,0.0,186.0,2050.0,144426.0,144.426,1.287857,0.671624,0.588537,0.027696,0.0,2.3737,2.3737,0.5811,0.3205,,62,1,1156,82,cursor,file_add,1
67,dromara/skyeye,2026-02,24314,1,2025-12,1,2,96.0,86.0,2.0,0.0,184.0,2086.0,149532.0,149.532,1.230506,0.642003,0.575128,0.013375,0.0,2.3754,2.3754,0.5814,0.321,,49,1,1156,82,cursor,file_add,1
67,dromara/skyeye,2026-03,24315,1,2025-12,1,3,104.0,87.0,3.0,0.0,194.0,2100.0,151497.0,151.497,1.280553,0.686482,0.574269,0.019802,0.0,2.389,2.389,0.5811,0.321,,9,1,1156,82,cursor,file_add,1
67,dromara/skyeye,2026-04,24316,1,2025-12,1,4,104.0,87.0,3.0,0.0,194.0,2100.0,151804.0,151.804,1.277964,0.685094,0.573107,0.019762,0.0,2.3895,2.3895,0.5811,0.3209,,0,0,1156,82,cursor,file_add,1
67,dromara/skyeye,2026-05,24317,1,2025-12,1,5,104.0,87.0,3.0,0.0,194.0,2100.0,151804.0,151.804,1.277964,0.685094,0.573107,0.019762,0.0,2.3895,2.3895,0.5811,0.3209,,0,0,1156,82,cursor,file_add,1
67,dromara/skyeye,2026-06,24318,1,2025-12,1,6,104.0,87.0,3.0,0.0,194.0,2100.0,151804.0,151.804,1.277964,0.685094,0.573107,0.019762,0.0,2.3895,2.3895,0.5811,0.3209,,0,0,1156,82,cursor,file_add,1
68,datageartech/datagear,2025-06,24306,0,2025-12,0,-6,15.0,0.0,1.0,2.0,18.0,62.0,63878.0,63.878,0.281787,0.234823,0.0,0.015655,0.03131,4.5806,4.5806,0.5043,0.3908,,58,3,1663,73,control,,0
68,datageartech/datagear,2025-07,24307,0,2025-12,0,-5,15.0,0.0,1.0,2.0,18.0,62.0,64046.0,64.046,0.281048,0.234207,0.0,0.015614,0.031228,4.5806,4.5806,0.5041,0.3907,,63,3,1663,73,control,,0
68,datageartech/datagear,2025-08,24308,0,2025-12,0,-4,18.0,0.0,1.0,2.0,21.0,62.0,64683.0,64.683,0.32466,0.27828,0.0,0.01546,0.03092,4.6129,4.6129,0.5092,0.3936,,44,4,1663,73,control,,0
68,datageartech/datagear,2025-09,24309,0,2025-12,0,-3,18.0,0.0,1.0,2.0,21.0,62.0,64685.0,64.685,0.32465,0.278272,0.0,0.01546,0.030919,4.6129,4.6129,0.5092,0.3936,,0,0,1663,73,control,,0
68,datageartech/datagear,2025-10,24310,0,2025-12,0,-2,18.0,0.0,1.0,2.0,21.0,62.0,64685.0,64.685,0.32465,0.278272,0.0,0.01546,0.030919,4.6129,4.6129,0.5092,0.3936,,0,0,1663,73,control,,0
68,datageartech/datagear,2025-11,24311,0,2025-12,0,-1,18.0,0.0,1.0,2.0,21.0,62.0,64685.0,64.685,0.32465,0.278272,0.0,0.01546,0.030919,4.6129,4.6129,0.5092,0.3936,,0,0,1663,73,control,,0
68,datageartech/datagear,2025-12,24312,0,2025-12,1,0,18.0,0.0,1.0,2.0,21.0,62.0,64685.0,64.685,0.32465,0.278272,0.0,0.01546,0.030919,4.6129,4.6129,0.5092,0.3936,,0,0,1663,73,control,,0
68,datageartech/datagear,2026-01,24313,0,2025-12,1,1,18.0,0.0,1.0,2.0,21.0,62.0,64685.0,64.685,0.32465,0.278272,0.0,0.01546,0.030919,4.6129,4.6129,0.5092,0.3936,,0,0,1663,73,control,,0
68,datageartech/datagear,2026-02,24314,0,2025-12,1,2,18.0,0.0,1.0,2.0,21.0,62.0,64685.0,64.685,0.32465,0.278272,0.0,0.01546,0.030919,4.6129,4.6129,0.5092,0.3936,,0,0,1663,73,control,,0
68,datageartech/datagear,2026-03,24315,0,2025-12,1,3,18.0,0.0,1.0,2.0,21.0,62.0,64685.0,64.685,0.32465,0.278272,0.0,0.01546,0.030919,4.6129,4.6129,0.5092,0.3936,,0,0,1663,73,control,,0
68,datageartech/datagear,2026-04,24316,0,2025-12,1,4,18.0,0.0,1.0,2.0,21.0,62.0,64685.0,64.685,0.32465,0.278272,0.0,0.01546,0.030919,4.6129,4.6129,0.5092,0.3936,,0,0,1663,73,control,,0
68,datageartech/datagear,2026-05,24317,0,2025-12,1,5,18.0,0.0,1.0,2.0,21.0,62.0,64685.0,64.685,0.32465,0.278272,0.0,0.01546,0.030919,4.6129,4.6129,0.5092,0.3936,,0,0,1663,73,control,,0
68,datageartech/datagear,2026-06,24318,0,2025-12,1,6,18.0,0.0,1.0,2.0,21.0,62.0,64685.0,64.685,0.32465,0.278272,0.0,0.01546,0.030919,4.6129,4.6129,0.5092,0.3936,,0,0,1663,73,control,,0
69,freeplane/freeplane,2025-01,24301,1,2025-07,0,-6,842.0,9.0,2.0,1.0,854.0,185.0,104487.0,104.487,8.173266,8.058419,0.086135,0.019141,0.009571,11.8108,11.8108,0.6633,0.2787,,148,16,3986,162,claude_code,commit_pattern,75
69,freeplane/freeplane,2025-02,24302,1,2025-07,0,-5,842.0,9.0,2.0,1.0,854.0,186.0,104964.0,104.964,8.136123,8.021798,0.085744,0.019054,0.009527,11.7634,11.7634,0.6595,0.2827,,88,8,3986,162,claude_code,commit_pattern,75
69,freeplane/freeplane,2025-03,24303,1,2025-07,0,-4,842.0,9.0,2.0,1.0,854.0,186.0,105642.0,105.642,8.083906,7.970315,0.085193,0.018932,0.009466,11.7688,11.7688,0.6597,0.2825,,55,12,3986,162,claude_code,commit_pattern,75
69,freeplane/freeplane,2025-04,24304,1,2025-07,0,-3,841.0,9.0,2.0,1.0,853.0,186.0,105851.0,105.851,8.058497,7.94513,0.085025,0.018894,0.009447,11.7742,11.7742,0.6597,0.2826,,99,14,3986,162,claude_code,commit_pattern,75
69,freeplane/freeplane,2025-05,24305,1,2025-07,0,-2,841.0,9.0,2.0,1.0,853.0,186.0,105931.0,105.931,8.052411,7.93913,0.084961,0.01888,0.00944,11.7903,11.7903,0.665,0.2775,,132,12,3986,162,claude_code,commit_pattern,75
69,freeplane/freeplane,2025-06,24306,1,2025-07,0,-1,842.0,9.0,4.0,1.0,856.0,187.0,107374.0,107.374,7.972135,7.841749,0.083819,0.037253,0.009313,11.8396,11.8396,0.6617,0.2811,,185,15,3986,162,claude_code,commit_pattern,75
69,freeplane/freeplane,2025-07,24307,1,2025-07,1,0,868.0,9.0,4.0,1.0,882.0,190.0,109526.0,109.526,8.052882,7.925059,0.082172,0.036521,0.00913,11.9158,11.9158,0.664,0.2799,,209,14,3986,162,claude_code,commit_pattern,75
69,freeplane/freeplane,2025-08,24308,1,2025-07,1,1,901.0,9.0,4.0,1.0,915.0,190.0,110389.0,110.389,8.288869,8.162045,0.08153,0.036235,0.009059,11.9789,11.9789,0.6636,0.2808,,112,9,3986,162,claude_code,commit_pattern,75
69,freeplane/freeplane,2025-09,24309,1,2025-07,1,2,901.0,10.0,4.0,1.0,916.0,190.0,110807.0,110.807,8.266626,8.131255,0.090247,0.036099,0.009025,11.9789,11.9789,0.6635,0.2808,,165,12,3986,162,claude_code,commit_pattern,75
69,freeplane/freeplane,2025-10,24310,1,2025-07,1,3,902.0,10.0,4.0,1.0,917.0,191.0,113658.0,113.658,8.068064,7.936089,0.087983,0.035193,0.008798,12.0785,12.0785,0.6644,0.2803,,83,11,3986,162,claude_code,commit_pattern,75
69,freeplane/freeplane,2025-11,24311,1,2025-07,1,4,902.0,10.0,4.0,1.0,917.0,191.0,114012.0,114.012,8.043013,7.911448,0.08771,0.035084,0.008771,12.0785,12.0785,0.6642,0.2804,,83,8,3986,162,claude_code,commit_pattern,75
69,freeplane/freeplane,2025-12,24312,1,2025-07,1,5,903.0,10.0,4.0,1.0,918.0,191.0,115817.0,115.817,7.926298,7.796783,0.086343,0.034537,0.008634,12.089,12.089,0.6639,0.2806,,67,8,3986,162,claude_code,commit_pattern,75
69,freeplane/freeplane,2026-01,24313,1,2025-07,1,6,960.0,10.0,2.0,1.0,973.0,195.0,117923.0,117.923,8.251147,8.140906,0.084801,0.01696,0.00848,12.0051,12.0051,0.6656,0.2785,,268,34,3986,162,claude_code,commit_pattern,75
70,debezium/debezium,2025-01,24301,0,2025-07,0,-6,427.0,11.0,2.0,5.0,445.0,349.0,175787.0,175.787,2.531473,2.429076,0.062576,0.011377,0.028444,7.0688,7.0688,0.6062,0.2806,,128,23,12491,122,control,,0
70,debezium/debezium,2025-02,24302,0,2025-07,0,-5,432.0,12.0,7.0,5.0,456.0,351.0,177884.0,177.884,2.563468,2.428549,0.06746,0.039351,0.028108,7.0969,7.0969,0.6063,0.2807,,77,21,12491,122,control,,0
70,debezium/debezium,2025-03,24303,0,2025-07,0,-4,432.0,12.0,7.0,5.0,456.0,351.0,178204.0,178.204,2.558865,2.424188,0.067339,0.039281,0.028058,7.0969,7.0969,0.6062,0.2809,,148,28,12491,122,control,,0
70,debezium/debezium,2025-04,24304,0,2025-07,0,-3,434.0,13.0,1.0,2.0,450.0,351.0,178746.0,178.746,2.517539,2.428026,0.072729,0.005595,0.011189,7.114,7.114,0.6065,0.2809,,170,27,12491,122,control,,0
70,debezium/debezium,2025-05,24305,0,2025-07,0,-2,442.0,10.0,8.0,2.0,462.0,355.0,181519.0,181.519,2.545188,2.435007,0.055091,0.044073,0.011018,7.2479,7.2479,0.6104,0.2791,,201,25,12491,122,control,,0
70,debezium/debezium,2025-06,24306,0,2025-07,0,-1,431.0,11.0,7.0,2.0,451.0,365.0,179073.0,179.073,2.518526,2.40684,0.061427,0.03909,0.011169,7.0247,7.0247,0.6059,0.2816,,162,26,12491,122,control,,0
70,debezium/debezium,2025-07,24307,0,2025-07,1,0,443.0,10.0,2.0,5.0,460.0,375.0,181554.0,181.554,2.533681,2.440045,0.05508,0.011016,0.02754,6.9893,6.9893,0.6079,0.2819,,198,25,12491,122,control,,0
70,debezium/debezium,2025-08,24308,0,2025-07,1,1,471.0,10.0,2.0,2.0,485.0,389.0,184644.0,184.644,2.626676,2.550855,0.054158,0.010832,0.010832,6.9871,6.9871,0.6114,0.2789,,135,32,12491,122,control,,0
70,debezium/debezium,2025-09,24309,0,2025-07,1,2,472.0,10.0,2.0,5.0,489.0,390.0,185227.0,185.227,2.640004,2.548225,0.053988,0.010798,0.026994,6.9897,6.9897,0.6118,0.2785,,179,27,12491,122,control,,0
70,debezium/debezium,2025-10,24310,0,2025-07,1,3,473.0,9.0,4.0,5.0,491.0,390.0,187233.0,187.233,2.622401,2.526264,0.048068,0.021364,0.026705,7.0231,7.0231,0.6122,0.2789,,214,25,12491,122,control,,0
70,debezium/debezium,2025-11,24311,0,2025-07,1,4,476.0,9.0,4.0,2.0,491.0,407.0,189986.0,189.986,2.584401,2.505448,0.047372,0.021054,0.010527,6.9214,6.9214,0.6079,0.2857,,121,25,12491,122,control,,0
70,debezium/debezium,2025-12,24312,0,2025-07,1,5,479.0,10.0,4.0,5.0,498.0,422.0,191793.0,191.793,2.596549,2.497484,0.05214,0.020856,0.02607,6.955,6.955,0.6105,0.282,,160,26,12491,122,control,,0
70,debezium/debezium,2026-01,24313,0,2025-07,1,6,475.0,11.0,3.0,5.0,494.0,355.0,185881.0,185.881,2.657614,2.555398,0.059178,0.016139,0.026899,7.3465,7.3465,0.6031,0.2909,,131,27,12491,122,control,,0
71,OpenFeign/querydsl,2025-01,24301,1,2025-07,0,-6,24.0,2.0,2.0,2.0,30.0,141.0,95625.0,95.625,0.313725,0.25098,0.020915,0.020915,0.020915,4.0,4.0,0.6479,0.3095,,80,4,582,29,claude_code,file_add,5
71,OpenFeign/querydsl,2025-02,24302,1,2025-07,0,-5,24.0,2.0,2.0,2.0,30.0,141.0,95621.0,95.621,0.313739,0.250991,0.020916,0.020916,0.020916,4.0,4.0,0.6479,0.3095,,104,8,582,29,claude_code,file_add,5
71,OpenFeign/querydsl,2025-03,24303,1,2025-07,0,-4,24.0,2.0,2.0,2.0,30.0,141.0,95653.0,95.653,0.313634,0.250907,0.020909,0.020909,0.020909,4.0,4.0,0.6481,0.3094,,93,7,582,29,claude_code,file_add,5
71,OpenFeign/querydsl,2025-04,24304,1,2025-07,0,-3,24.0,2.0,2.0,2.0,30.0,141.0,95663.0,95.663,0.313601,0.250881,0.020907,0.020907,0.020907,4.0,4.0,0.6481,0.3094,,78,5,582,29,claude_code,file_add,5
71,OpenFeign/querydsl,2025-05,24305,1,2025-07,0,-2,24.0,2.0,2.0,2.0,30.0,141.0,95809.0,95.809,0.313123,0.250498,0.020875,0.020875,0.020875,4.0,4.0,0.6481,0.3094,,72,5,582,29,claude_code,file_add,5
71,OpenFeign/querydsl,2025-06,24306,1,2025-07,0,-1,26.0,2.0,2.0,2.0,32.0,141.0,95849.0,95.849,0.333858,0.27126,0.020866,0.020866,0.020866,4.0142,4.0142,0.6489,0.3078,,105,7,582,29,claude_code,file_add,5
71,OpenFeign/querydsl,2025-07,24307,1,2025-07,1,0,26.0,2.0,1.0,2.0,31.0,134.0,90976.0,90.976,0.340749,0.28579,0.021984,0.010992,0.021984,4.0149,4.0149,0.6343,0.318,,75,5,582,29,claude_code,file_add,5
71,OpenFeign/querydsl,2025-08,24308,1,2025-07,1,1,26.0,2.0,1.0,2.0,31.0,134.0,90979.0,90.979,0.340738,0.28578,0.021983,0.010992,0.021983,4.0149,4.0149,0.6343,0.318,,63,5,582,29,claude_code,file_add,5
71,OpenFeign/querydsl,2025-09,24309,1,2025-07,1,2,26.0,2.0,1.0,2.0,31.0,134.0,91219.0,91.219,0.339841,0.285028,0.021925,0.010963,0.021925,4.0149,4.0149,0.6343,0.318,,95,4,582,29,claude_code,file_add,5
71,OpenFeign/querydsl,2025-10,24310,1,2025-07,1,3,26.0,2.0,1.0,2.0,31.0,134.0,91219.0,91.219,0.339841,0.285028,0.021925,0.010963,0.021925,4.0149,4.0149,0.6343,0.318,,109,8,582,29,claude_code,file_add,5
71,OpenFeign/querydsl,2025-11,24311,1,2025-07,1,4,26.0,2.0,1.0,2.0,31.0,134.0,91832.0,91.832,0.337573,0.283126,0.021779,0.010889,0.021779,4.0224,4.0224,0.6339,0.3181,,53,3,582,29,claude_code,file_add,5
71,OpenFeign/querydsl,2025-12,24312,1,2025-07,1,5,26.0,2.0,1.0,2.0,31.0,134.0,91931.0,91.931,0.337209,0.282821,0.021755,0.010878,0.021755,4.0224,4.0224,0.6339,0.3181,,52,2,582,29,claude_code,file_add,5
71,OpenFeign/querydsl,2026-01,24313,1,2025-07,1,6,26.0,2.0,1.0,2.0,31.0,134.0,91931.0,91.931,0.337209,0.282821,0.021755,0.010878,0.021755,4.0224,4.0224,0.6339,0.3181,,66,3,582,29,claude_code,file_add,5
72,seed4j/seed4j,2025-01,24301,0,2025-07,0,-6,89.0,3.0,3.0,0.0,95.0,692.0,40734.0,40.734,2.332204,2.184907,0.073649,0.073649,0.0,4.0882,4.0882,0.8951,0.0976,,248,6,604,56,control,,0
72,seed4j/seed4j,2025-02,24302,0,2025-07,0,-5,89.0,3.0,3.0,0.0,95.0,702.0,41005.0,41.005,2.316791,2.170467,0.073162,0.073162,0.0,4.0883,4.0883,0.8959,0.0969,,230,10,604,56,control,,0
72,seed4j/seed4j,2025-03,24303,0,2025-07,0,-4,89.0,3.0,3.0,0.0,95.0,702.0,41047.0,41.047,2.31442,2.168246,0.073087,0.073087,0.0,4.0869,4.0869,0.8961,0.0967,,352,10,604,56,control,,0
72,seed4j/seed4j,2025-04,24304,0,2025-07,0,-3,90.0,3.0,3.0,0.0,96.0,697.0,41090.0,41.09,2.336335,2.190314,0.07301,0.07301,0.0,4.1263,4.1263,0.8957,0.097,,269,8,604,56,control,,0
72,seed4j/seed4j,2025-05,24305,0,2025-07,0,-2,92.0,4.0,3.0,0.0,99.0,698.0,41321.0,41.321,2.395876,2.226471,0.096803,0.072602,0.0,4.1304,4.1304,0.8951,0.0976,,372,8,604,56,control,,0
72,seed4j/seed4j,2025-06,24306,0,2025-07,0,-1,92.0,3.0,3.0,0.0,98.0,703.0,41716.0,41.716,2.349219,2.205389,0.071915,0.071915,0.0,4.1266,4.1266,0.8959,0.0969,,219,6,604,56,control,,0
72,seed4j/seed4j,2025-07,24307,0,2025-07,1,0,94.0,3.0,3.0,0.0,100.0,703.0,42565.0,42.565,2.349348,2.208387,0.07048,0.07048,0.0,4.1351,4.1351,0.8963,0.0966,,240,7,604,56,control,,0
72,seed4j/seed4j,2025-08,24308,0,2025-07,1,1,94.0,3.0,3.0,0.0,100.0,712.0,42587.0,42.587,2.348134,2.207246,0.070444,0.070444,0.0,4.1419,4.1419,0.8969,0.0962,,226,9,604,56,control,,0
72,seed4j/seed4j,2025-09,24309,0,2025-07,1,2,94.0,3.0,4.0,0.0,101.0,717.0,42829.0,42.829,2.358215,2.194775,0.070046,0.093395,0.0,4.1353,4.1353,0.8969,0.0961,,270,9,604,56,control,,0
72,seed4j/seed4j,2025-10,24310,0,2025-07,1,3,94.0,3.0,4.0,0.0,101.0,722.0,43066.0,43.066,2.345238,2.182696,0.069661,0.092881,0.0,4.1371,4.1371,0.8972,0.0958,,205,10,604,56,control,,0
72,seed4j/seed4j,2025-11,24311,0,2025-07,1,4,94.0,3.0,3.0,0.0,100.0,727.0,43169.0,43.169,2.316477,2.177488,0.069494,0.069494,0.0,4.1293,4.1293,0.8974,0.0957,,138,7,604,56,control,,0
72,seed4j/seed4j,2025-12,24312,0,2025-07,1,5,94.0,3.0,3.0,0.0,100.0,727.0,43174.0,43.174,2.316209,2.177236,0.069486,0.069486,0.0,4.1293,4.1293,0.8974,0.0957,,176,8,604,56,control,,0
72,seed4j/seed4j,2026-01,24313,0,2025-07,1,6,94.0,3.0,3.0,0.0,100.0,729.0,43327.0,43.327,2.30803,2.169548,0.069241,0.069241,0.0,4.1235,4.1235,0.8963,0.0954,,128,6,604,56,control,,0
73,entur/antu,2025-05,24305,1,2025-11,0,-6,5.0,0.0,2.0,0.0,7.0,78.0,16372.0,16.372,0.427559,0.305399,0.0,0.12216,0.0,2.5385,2.5385,0.525,0.41,,26,5,5,52,claude_code,file_add,1
73,entur/antu,2025-06,24306,1,2025-11,0,-5,9.0,0.0,4.0,0.0,13.0,78.0,16067.0,16.067,0.809112,0.560154,0.0,0.248957,0.0,2.5769,2.5769,0.5168,0.4161,,31,5,5,52,claude_code,file_add,1
73,entur/antu,2025-07,24307,1,2025-11,0,-4,10.0,0.0,4.0,0.0,14.0,80.0,17607.0,17.607,0.795138,0.567956,0.0,0.227182,0.0,2.625,2.625,0.5229,0.4117,,35,6,5,52,claude_code,file_add,1
73,entur/antu,2025-08,24308,1,2025-11,0,-3,10.0,0.0,4.0,0.0,14.0,82.0,18367.0,18.367,0.762237,0.544455,0.0,0.217782,0.0,2.6098,2.6098,0.5271,0.4099,,11,2,5,52,claude_code,file_add,1
73,entur/antu,2025-09,24309,1,2025-11,0,-2,10.0,0.0,4.0,0.0,14.0,82.0,18367.0,18.367,0.762237,0.544455,0.0,0.217782,0.0,2.6098,2.6098,0.5271,0.4099,,22,3,5,52,claude_code,file_add,1
73,entur/antu,2025-10,24310,1,2025-11,0,-1,10.0,0.0,4.0,0.0,14.0,84.0,18600.0,18.6,0.752688,0.537634,0.0,0.215054,0.0,2.5595,2.5595,0.525,0.4153,,12,2,5,52,claude_code,file_add,1
73,entur/antu,2025-11,24311,1,2025-11,1,0,10.0,0.0,1.0,0.0,11.0,84.0,19034.0,19.034,0.577913,0.525376,0.0,0.052538,0.0,2.6786,2.6786,0.5276,0.4129,,30,5,5,52,claude_code,file_add,1
73,entur/antu,2025-12,24312,1,2025-11,1,1,10.0,0.0,1.0,0.0,11.0,84.0,19417.0,19.417,0.566514,0.515013,0.0,0.051501,0.0,2.6786,2.6786,0.5276,0.4129,,17,4,5,52,claude_code,file_add,1
73,entur/antu,2026-01,24313,1,2025-11,1,2,10.0,0.0,1.0,0.0,11.0,84.0,19426.0,19.426,0.566251,0.514774,0.0,0.051477,0.0,2.6786,2.6786,0.5276,0.4129,,8,2,5,52,claude_code,file_add,1
73,entur/antu,2026-02,24314,1,2025-11,1,3,10.0,0.0,1.0,0.0,11.0,84.0,19426.0,19.426,0.566251,0.514774,0.0,0.051477,0.0,2.6786,2.6786,0.5276,0.4129,,10,3,5,52,claude_code,file_add,1
73,entur/antu,2026-03,24315,1,2025-11,1,4,10.0,0.0,1.0,0.0,11.0,84.0,19426.0,19.426,0.566251,0.514774,0.0,0.051477,0.0,2.6786,2.6786,0.5276,0.4129,,7,3,5,52,claude_code,file_add,1
73,entur/antu,2026-04,24316,1,2025-11,1,5,10.0,0.0,1.0,0.0,11.0,84.0,19440.0,19.44,0.565844,0.514403,0.0,0.05144,0.0,2.6786,2.6786,0.5276,0.4129,,0,0,5,52,claude_code,file_add,1
73,entur/antu,2026-05,24317,1,2025-11,1,6,10.0,0.0,1.0,0.0,11.0,84.0,19440.0,19.44,0.565844,0.514403,0.0,0.05144,0.0,2.6786,2.6786,0.5276,0.4129,,0,0,5,52,claude_code,file_add,1
74,yuzawa-san/onnxruntime-java,2025-05,24305,0,2025-11,0,-6,,,,,,,,,,,,,,,,,,,8,2,29,49,control,,0
74,yuzawa-san/onnxruntime-java,2025-06,24306,0,2025-11,0,-5,,,,,,,,,,,,,,,,,,,8,2,29,49,control,,0
74,yuzawa-san/onnxruntime-java,2025-07,24307,0,2025-11,0,-4,,,,,,,,,,,,,,,,,,,6,2,29,49,control,,0
74,yuzawa-san/onnxruntime-java,2025-08,24308,0,2025-11,0,-3,,,,,,,,,,,,,,,,,,,10,2,29,49,control,,0
74,yuzawa-san/onnxruntime-java,2025-09,24309,0,2025-11,0,-2,,,,,,,,,,,,,,,,,,,8,2,29,49,control,,0
74,yuzawa-san/onnxruntime-java,2025-10,24310,0,2025-11,0,-1,,,,,,,,,,,,,,,,,,,21,2,29,49,control,,0
74,yuzawa-san/onnxruntime-java,2025-11,24311,0,2025-11,1,0,,,,,,,,,,,,,,,,,,,8,2,29,49,control,,0
74,yuzawa-san/onnxruntime-java,2025-12,24312,0,2025-11,1,1,,,,,,,,,,,,,,,,,,,29,2,29,49,control,,0
74,yuzawa-san/onnxruntime-java,2026-01,24313,0,2025-11,1,2,,,,,,,,,,,,,,,,,,,18,2,29,49,control,,0
74,yuzawa-san/onnxruntime-java,2026-02,24314,0,2025-11,1,3,,,,,,,,,,,,,,,,,,,116,3,29,49,control,,0
74,yuzawa-san/onnxruntime-java,2026-03,24315,0,2025-11,1,4,,,,,,,,,,,,,,,,,,,17,3,29,49,control,,0
74,yuzawa-san/onnxruntime-java,2026-04,24316,0,2025-11,1,5,,,,,,,,,,,,,,,,,,,0,0,29,49,control,,0
74,yuzawa-san/onnxruntime-java,2026-05,24317,0,2025-11,1,6,,,,,,,,,,,,,,,,,,,0,0,29,49,control,,0
75,caoccao/swc4j,2025-04,24304,1,2025-10,0,-6,93.0,3.0,2.0,0.0,98.0,41.0,22889.0,22.889,4.281533,4.063087,0.131067,0.087378,0.0,8.4634,8.4634,0.5331,0.3684,,5,1,182,24,claude_code,file_add,2
75,caoccao/swc4j,2025-05,24305,1,2025-10,0,-5,93.0,3.0,2.0,0.0,98.0,41.0,22889.0,22.889,4.281533,4.063087,0.131067,0.087378,0.0,8.4634,8.4634,0.5331,0.3684,,16,1,182,24,claude_code,file_add,2
75,caoccao/swc4j,2025-06,24306,1,2025-10,0,-4,96.0,3.0,2.0,0.0,101.0,41.0,23552.0,23.552,4.288383,4.076087,0.127378,0.084918,0.0,8.5854,8.5854,0.5334,0.3681,,1,1,182,24,claude_code,file_add,2
75,caoccao/swc4j,2025-07,24307,1,2025-10,0,-3,96.0,3.0,2.0,0.0,101.0,41.0,23552.0,23.552,4.288383,4.076087,0.127378,0.084918,0.0,8.5854,8.5854,0.5334,0.3681,,0,0,182,24,claude_code,file_add,2
75,caoccao/swc4j,2025-08,24308,1,2025-10,0,-2,96.0,3.0,2.0,0.0,101.0,41.0,23552.0,23.552,4.288383,4.076087,0.127378,0.084918,0.0,8.5854,8.5854,0.5334,0.3681,,0,0,182,24,claude_code,file_add,2
75,caoccao/swc4j,2025-09,24309,1,2025-10,0,-1,96.0,3.0,2.0,0.0,101.0,41.0,23552.0,23.552,4.288383,4.076087,0.127378,0.084918,0.0,8.5854,8.5854,0.5334,0.3681,,5,1,182,24,claude_code,file_add,2
75,caoccao/swc4j,2025-10,24310,1,2025-10,1,0,96.0,3.0,2.0,0.0,101.0,41.0,23601.0,23.601,4.27948,4.067624,0.127113,0.084742,0.0,8.5854,8.5854,0.5338,0.3663,,4,1,182,24,claude_code,file_add,2
75,caoccao/swc4j,2025-11,24311,1,2025-10,1,1,96.0,3.0,2.0,0.0,101.0,41.0,23601.0,23.601,4.27948,4.067624,0.127113,0.084742,0.0,8.5854,8.5854,0.5338,0.3663,,28,1,182,24,claude_code,file_add,2
75,caoccao/swc4j,2025-12,24312,1,2025-10,1,2,96.0,3.0,2.0,0.0,101.0,41.0,23460.0,23.46,4.3052,4.092072,0.127877,0.085251,0.0,8.5854,8.5854,0.5337,0.3672,,0,0,182,24,claude_code,file_add,2
75,caoccao/swc4j,2026-01,24313,1,2025-10,1,3,96.0,3.0,2.0,0.0,101.0,41.0,23460.0,23.46,4.3052,4.092072,0.127877,0.085251,0.0,8.5854,8.5854,0.5337,0.3672,,230,1,182,24,claude_code,file_add,2
75,caoccao/swc4j,2026-02,24314,1,2025-10,1,4,116.0,4.0,2.0,1.0,123.0,89.0,68751.0,68.751,1.789065,1.687248,0.058181,0.02909,0.014545,5.9888,5.9888,0.7136,0.2382,,58,1,182,24,claude_code,file_add,2
75,caoccao/swc4j,2026-03,24315,1,2025-10,1,5,120.0,6.0,2.0,1.0,129.0,103.0,77631.0,77.631,1.661707,1.545774,0.077289,0.025763,0.012881,5.8932,5.8932,0.7404,0.2139,,0,0,182,24,claude_code,file_add,2
75,caoccao/swc4j,2026-04,24316,1,2025-10,1,6,120.0,6.0,2.0,1.0,129.0,103.0,77631.0,77.631,1.661707,1.545774,0.077289,0.025763,0.012881,5.8932,5.8932,0.7404,0.2139,,0,0,182,24,claude_code,file_add,2
76,spannm/ucanaccess,2025-04,24304,0,2025-10,0,-6,18.0,0.0,1.0,0.0,19.0,13.0,11900.0,11.9,1.596639,1.512605,0.0,0.084034,0.0,3.5385,3.5385,0.4539,0.3416,,2,2,73,30,control,,0
76,spannm/ucanaccess,2025-05,24305,0,2025-10,0,-5,18.0,0.0,1.0,0.0,19.0,13.0,11916.0,11.916,1.594495,1.510574,0.0,0.083921,0.0,3.5385,3.5385,0.4532,0.342,,1,1,73,30,control,,0
76,spannm/ucanaccess,2025-06,24306,0,2025-10,0,-4,18.0,0.0,1.0,0.0,19.0,13.0,11916.0,11.916,1.594495,1.510574,0.0,0.083921,0.0,3.5385,3.5385,0.4532,0.342,,1,1,73,30,control,,0
76,spannm/ucanaccess,2025-07,24307,0,2025-10,0,-3,18.0,0.0,1.0,0.0,19.0,13.0,11916.0,11.916,1.594495,1.510574,0.0,0.083921,0.0,3.5385,3.5385,0.4532,0.342,,9,1,73,30,control,,0
76,spannm/ucanaccess,2025-08,24308,0,2025-10,0,-2,18.0,0.0,1.0,0.0,19.0,13.0,12045.0,12.045,1.577418,1.494396,0.0,0.083022,0.0,3.6154,3.6154,0.4535,0.3412,,9,2,73,30,control,,0
76,spannm/ucanaccess,2025-09,24309,0,2025-10,0,-1,18.0,0.0,1.0,0.0,19.0,13.0,12176.0,12.176,1.560447,1.478318,0.0,0.082129,0.0,3.6154,3.6154,0.4534,0.3439,,0,0,73,30,control,,0
76,spannm/ucanaccess,2025-10,24310,0,2025-10,1,0,18.0,0.0,1.0,0.0,19.0,13.0,12176.0,12.176,1.560447,1.478318,0.0,0.082129,0.0,3.6154,3.6154,0.4534,0.3439,,8,1,73,30,control,,0
76,spannm/ucanaccess,2025-11,24311,0,2025-10,1,1,18.0,0.0,1.0,0.0,19.0,13.0,12177.0,12.177,1.560319,1.478197,0.0,0.082122,0.0,3.6154,3.6154,0.4534,0.3439,,1,1,73,30,control,,0
76,spannm/ucanaccess,2025-12,24312,0,2025-10,1,2,18.0,0.0,1.0,0.0,19.0,13.0,12178.0,12.178,1.560191,1.478075,0.0,0.082115,0.0,3.6154,3.6154,0.4534,0.3439,,8,1,73,30,control,,0
76,spannm/ucanaccess,2026-01,24313,0,2025-10,1,3,18.0,0.0,1.0,0.0,19.0,13.0,12178.0,12.178,1.560191,1.478075,0.0,0.082115,0.0,3.6154,3.6154,0.4534,0.3439,,4,1,73,30,control,,0
76,spannm/ucanaccess,2026-02,24314,0,2025-10,1,4,18.0,0.0,1.0,0.0,19.0,13.0,12178.0,12.178,1.560191,1.478075,0.0,0.082115,0.0,3.6154,3.6154,0.4534,0.3439,,2,1,73,30,control,,0
76,spannm/ucanaccess,2026-03,24315,0,2025-10,1,5,18.0,0.0,1.0,0.0,19.0,14.0,12209.0,12.209,1.556229,1.474322,0.0,0.081907,0.0,3.3571,3.3571,0.421,0.3907,,4,1,73,30,control,,0
76,spannm/ucanaccess,2026-04,24316,0,2025-10,1,6,18.0,0.0,1.0,0.0,19.0,14.0,12208.0,12.208,1.556356,1.474443,0.0,0.081913,0.0,3.3571,3.3571,0.421,0.3907,,0,0,73,30,control,,0
77,DataSQRL/flink-sql-runner,2024-11,24299,1,2025-04,0,-5,0.0,0.0,0.0,0.0,0.0,2.0,325.0,0.325,0.0,0.0,0.0,0.0,0.0,0.0,0.0,0.5,0.5,,30,2,28,17,claude_code,commit_pattern,5
77,DataSQRL/flink-sql-runner,2024-12,24300,1,2025-04,0,-4,0.0,0.0,0.0,0.0,0.0,2.0,397.0,0.397,0.0,0.0,0.0,0.0,0.0,0.0,0.0,0.5,0.5,,1,1,28,17,claude_code,commit_pattern,5
77,DataSQRL/flink-sql-runner,2025-01,24301,1,2025-04,0,-3,0.0,0.0,0.0,0.0,0.0,2.0,397.0,0.397,0.0,0.0,0.0,0.0,0.0,0.0,0.0,0.5,0.5,,6,2,28,17,claude_code,commit_pattern,5
77,DataSQRL/flink-sql-runner,2025-02,24302,1,2025-04,0,-2,0.0,0.0,0.0,0.0,0.0,2.0,397.0,0.397,0.0,0.0,0.0,0.0,0.0,0.0,0.0,0.5,0.5,,24,2,28,17,claude_code,commit_pattern,5
77,DataSQRL/flink-sql-runner,2025-03,24303,1,2025-04,0,-1,0.0,0.0,0.0,0.0,0.0,2.0,449.0,0.449,0.0,0.0,0.0,0.0,0.0,0.0,0.0,0.5,0.5,,84,3,28,17,claude_code,commit_pattern,5
77,DataSQRL/flink-sql-runner,2025-04,24304,1,2025-04,1,0,1.0,0.0,0.0,0.0,1.0,20.0,3116.0,3.116,0.320924,0.320924,0.0,0.0,0.0,0.7,0.7,0.7449,0.2351,,126,5,28,17,claude_code,commit_pattern,5
77,DataSQRL/flink-sql-runner,2025-05,24305,1,2025-04,1,1,0.0,1.0,0.0,0.0,1.0,38.0,4477.0,4.477,0.223364,0.0,0.223364,0.0,0.0,0.8684,0.8684,0.7162,0.2729,,27,4,28,17,claude_code,commit_pattern,5
77,DataSQRL/flink-sql-runner,2025-06,24306,1,2025-04,1,2,0.0,1.0,0.0,0.0,1.0,38.0,5734.0,5.734,0.174398,0.0,0.174398,0.0,0.0,0.8684,0.8684,0.7162,0.2729,,49,3,28,17,claude_code,commit_pattern,5
77,DataSQRL/flink-sql-runner,2025-07,24307,1,2025-04,1,3,0.0,0.0,0.0,0.0,0.0,34.0,6430.0,6.43,0.0,0.0,0.0,0.0,0.0,0.8235,0.8235,0.6894,0.3002,,10,3,28,17,claude_code,commit_pattern,5
77,DataSQRL/flink-sql-runner,2025-08,24308,1,2025-04,1,4,0.0,0.0,0.0,0.0,0.0,34.0,6436.0,6.436,0.0,0.0,0.0,0.0,0.0,0.8235,0.8235,0.6894,0.3002,,8,2,28,17,claude_code,commit_pattern,5
77,DataSQRL/flink-sql-runner,2025-09,24309,1,2025-04,1,5,0.0,0.0,0.0,0.0,0.0,34.0,6470.0,6.47,0.0,0.0,0.0,0.0,0.0,0.8235,0.8235,0.6894,0.3002,,13,2,28,17,claude_code,commit_pattern,5
77,DataSQRL/flink-sql-runner,2025-10,24310,1,2025-04,1,6,0.0,0.0,0.0,0.0,0.0,34.0,6604.0,6.604,0.0,0.0,0.0,0.0,0.0,0.8235,0.8235,0.6894,0.3002,,25,3,28,17,claude_code,commit_pattern,5
78,MikhailSterkhov/bridgenet,2024-10,24298,0,2025-04,0,-6,77.0,5.0,3.0,0.0,85.0,240.0,21096.0,21.096,4.0292,3.649981,0.237012,0.142207,0.0,5.3583,5.3583,0.543,0.3023,,0,0,20,15,control,,0
78,MikhailSterkhov/bridgenet,2024-11,24299,0,2025-04,0,-5,77.0,5.0,3.0,0.0,85.0,240.0,21096.0,21.096,4.0292,3.649981,0.237012,0.142207,0.0,5.3583,5.3583,0.543,0.3023,,0,0,20,15,control,,0
78,MikhailSterkhov/bridgenet,2024-12,24300,0,2025-04,0,-4,77.0,5.0,3.0,0.0,85.0,240.0,21096.0,21.096,4.0292,3.649981,0.237012,0.142207,0.0,5.3583,5.3583,0.543,0.3023,,2,1,20,15,control,,0
78,MikhailSterkhov/bridgenet,2025-01,24301,0,2025-04,0,-3,77.0,5.0,3.0,0.0,85.0,240.0,21096.0,21.096,4.0292,3.649981,0.237012,0.142207,0.0,5.3583,5.3583,0.543,0.3023,,0,0,20,15,control,,0
78,MikhailSterkhov/bridgenet,2025-02,24302,0,2025-04,0,-2,77.0,5.0,3.0,0.0,85.0,240.0,21096.0,21.096,4.0292,3.649981,0.237012,0.142207,0.0,5.3583,5.3583,0.543,0.3023,,3,1,20,15,control,,0
78,MikhailSterkhov/bridgenet,2025-03,24303,0,2025-04,0,-1,76.0,5.0,3.0,0.0,84.0,240.0,21089.0,21.089,3.983119,3.603774,0.23709,0.142254,0.0,5.3542,5.3542,0.541,0.3043,,0,0,20,15,control,,0
78,MikhailSterkhov/bridgenet,2025-04,24304,0,2025-04,1,0,76.0,5.0,3.0,0.0,84.0,240.0,21089.0,21.089,3.983119,3.603774,0.23709,0.142254,0.0,5.3542,5.3542,0.541,0.3043,,0,0,20,15,control,,0
78,MikhailSterkhov/bridgenet,2025-05,24305,0,2025-04,1,1,76.0,5.0,3.0,0.0,84.0,240.0,21089.0,21.089,3.983119,3.603774,0.23709,0.142254,0.0,5.3542,5.3542,0.541,0.3043,,0,0,20,15,control,,0
78,MikhailSterkhov/bridgenet,2025-06,24306,0,2025-04,1,2,76.0,5.0,3.0,0.0,84.0,240.0,21089.0,21.089,3.983119,3.603774,0.23709,0.142254,0.0,5.3542,5.3542,0.541,0.3043,,0,0,20,15,control,,0
78,MikhailSterkhov/bridgenet,2025-07,24307,0,2025-04,1,3,76.0,5.0,3.0,0.0,84.0,240.0,21089.0,21.089,3.983119,3.603774,0.23709,0.142254,0.0,5.3542,5.3542,0.541,0.3043,,0,0,20,15,control,,0
78,MikhailSterkhov/bridgenet,2025-08,24308,0,2025-04,1,4,76.0,5.0,3.0,0.0,84.0,240.0,21089.0,21.089,3.983119,3.603774,0.23709,0.142254,0.0,5.3542,5.3542,0.541,0.3043,,0,0,20,15,control,,0
78,MikhailSterkhov/bridgenet,2025-09,24309,0,2025-04,1,5,76.0,5.0,3.0,0.0,84.0,240.0,21089.0,21.089,3.983119,3.603774,0.23709,0.142254,0.0,5.3542,5.3542,0.541,0.3043,,0,0,20,15,control,,0
78,MikhailSterkhov/bridgenet,2025-10,24310,0,2025-04,1,6,76.0,5.0,3.0,0.0,84.0,240.0,21089.0,21.089,3.983119,3.603774,0.23709,0.142254,0.0,5.3542,5.3542,0.541,0.3043,,0,0,20,15,control,,0
79,slackhq/astra,2024-12,24300,1,2025-06,0,-6,79.0,2.0,1.0,0.0,82.0,40.0,37385.0,37.385,2.193393,2.113147,0.053497,0.026749,0.0,5.275,5.275,0.6024,0.3639,,20,2,246,68,claude_code,file_add,1
79,slackhq/astra,2025-01,24301,1,2025-06,0,-5,79.0,2.0,1.0,0.0,82.0,40.0,37383.0,37.383,2.19351,2.11326,0.0535,0.02675,0.0,5.275,5.275,0.6024,0.3639,,25,3,246,68,claude_code,file_add,1
79,slackhq/astra,2025-02,24302,1,2025-06,0,-4,80.0,2.0,1.0,0.0,83.0,41.0,37555.0,37.555,2.210092,2.130209,0.053255,0.026628,0.0,5.2195,5.2195,0.6003,0.3668,,13,3,246,68,claude_code,file_add,1
79,slackhq/astra,2025-03,24303,1,2025-06,0,-3,80.0,2.0,1.0,0.0,83.0,41.0,37558.0,37.558,2.209915,2.130039,0.053251,0.026625,0.0,5.2195,5.2195,0.5998,0.3674,,29,3,246,68,claude_code,file_add,1
79,slackhq/astra,2025-04,24304,1,2025-06,0,-2,80.0,2.0,1.0,0.0,83.0,41.0,37575.0,37.575,2.208916,2.129075,0.053227,0.026613,0.0,5.2195,5.2195,0.5998,0.3674,,27,3,246,68,claude_code,file_add,1
79,slackhq/astra,2025-05,24305,1,2025-06,0,-1,80.0,2.0,1.0,0.0,83.0,41.0,37684.0,37.684,2.202526,2.122917,0.053073,0.026536,0.0,5.1707,5.1707,0.596,0.3711,,16,4,246,68,claude_code,file_add,1
79,slackhq/astra,2025-06,24306,1,2025-06,1,0,81.0,2.0,2.0,0.0,85.0,41.0,38274.0,38.274,2.220829,2.116319,0.052255,0.052255,0.0,5.2195,5.2195,0.5965,0.3707,,29,4,246,68,claude_code,file_add,1
79,slackhq/astra,2025-07,24307,1,2025-06,1,1,81.0,2.0,2.0,0.0,85.0,41.0,39696.0,39.696,2.141274,2.040508,0.050383,0.050383,0.0,5.2195,5.2195,0.5987,0.3701,,34,4,246,68,claude_code,file_add,1
79,slackhq/astra,2025-08,24308,1,2025-06,1,2,81.0,2.0,2.0,0.0,85.0,41.0,45546.0,45.546,1.866245,1.778422,0.043912,0.043912,0.0,5.3415,5.3415,0.6113,0.3597,,21,4,246,68,claude_code,file_add,1
79,slackhq/astra,2025-09,24309,1,2025-06,1,3,81.0,2.0,2.0,0.0,85.0,41.0,45931.0,45.931,1.850602,1.763515,0.043544,0.043544,0.0,5.3415,5.3415,0.6111,0.3599,,20,3,246,68,claude_code,file_add,1
79,slackhq/astra,2025-10,24310,1,2025-06,1,4,81.0,2.0,2.0,0.0,85.0,43.0,46058.0,46.058,1.845499,1.758652,0.043424,0.043424,0.0,5.093,5.093,0.6297,0.3426,,21,1,246,68,claude_code,file_add,1
79,slackhq/astra,2025-11,24311,1,2025-06,1,5,81.0,2.0,2.0,0.0,85.0,43.0,46058.0,46.058,1.845499,1.758652,0.043424,0.043424,0.0,5.093,5.093,0.6297,0.3426,,21,3,246,68,claude_code,file_add,1
79,slackhq/astra,2025-12,24312,1,2025-06,1,6,81.0,2.0,2.0,0.0,85.0,43.0,46058.0,46.058,1.845499,1.758652,0.043424,0.043424,0.0,5.093,5.093,0.6297,0.3426,,17,2,246,68,claude_code,file_add,1
80,wildmountainfarms/solarthing,2024-12,24300,0,2025-06,0,-6,247.0,8.0,8.0,0.0,263.0,190.0,29160.0,29.16,9.019204,8.470508,0.274348,0.274348,0.0,6.8421,6.8421,0.554,0.2881,,15,3,146,80,control,,0
80,wildmountainfarms/solarthing,2025-01,24301,0,2025-06,0,-5,261.0,8.0,3.0,0.0,272.0,201.0,29594.0,29.594,9.191052,8.819355,0.270325,0.101372,0.0,6.9502,6.9502,0.5667,0.2852,,0,0,146,80,control,,0
80,wildmountainfarms/solarthing,2025-02,24302,0,2025-06,0,-4,261.0,8.0,3.0,0.0,272.0,201.0,29594.0,29.594,9.191052,8.819355,0.270325,0.101372,0.0,6.9502,6.9502,0.5667,0.2852,,0,0,146,80,control,,0
80,wildmountainfarms/solarthing,2025-03,24303,0,2025-06,0,-3,261.0,8.0,3.0,0.0,272.0,201.0,29594.0,29.594,9.191052,8.819355,0.270325,0.101372,0.0,6.9502,6.9502,0.5667,0.2852,,0,0,146,80,control,,0
80,wildmountainfarms/solarthing,2025-04,24304,0,2025-06,0,-2,261.0,8.0,3.0,0.0,272.0,201.0,29594.0,29.594,9.191052,8.819355,0.270325,0.101372,0.0,6.9502,6.9502,0.5667,0.2852,,0,0,146,80,control,,0
80,wildmountainfarms/solarthing,2025-05,24305,0,2025-06,0,-1,261.0,8.0,3.0,0.0,272.0,201.0,29594.0,29.594,9.191052,8.819355,0.270325,0.101372,0.0,6.9502,6.9502,0.5667,0.2852,,1,1,146,80,control,,0
80,wildmountainfarms/solarthing,2025-06,24306,0,2025-06,1,0,261.0,8.0,3.0,0.0,272.0,201.0,29594.0,29.594,9.191052,8.819355,0.270325,0.101372,0.0,6.9502,6.9502,0.5667,0.2852,,6,1,146,80,control,,0
80,wildmountainfarms/solarthing,2025-07,24307,0,2025-06,1,1,261.0,8.0,3.0,0.0,272.0,201.0,29341.0,29.341,9.270304,8.895402,0.272656,0.102246,0.0,6.9502,6.9502,0.5667,0.2852,,3,1,146,80,control,,0
80,wildmountainfarms/solarthing,2025-08,24308,0,2025-06,1,2,261.0,8.0,3.0,0.0,272.0,201.0,29343.0,29.343,9.269672,8.894796,0.272637,0.102239,0.0,6.9502,6.9502,0.5667,0.2852,,2,1,146,80,control,,0
80,wildmountainfarms/solarthing,2025-09,24309,0,2025-06,1,3,261.0,8.0,3.0,0.0,272.0,202.0,29409.0,29.409,9.248869,8.874834,0.272026,0.10201,0.0,6.9356,6.9356,0.568,0.2846,,0,0,146,80,control,,0
80,wildmountainfarms/solarthing,2025-10,24310,0,2025-06,1,4,261.0,8.0,3.0,0.0,272.0,202.0,29409.0,29.409,9.248869,8.874834,0.272026,0.10201,0.0,6.9356,6.9356,0.568,0.2846,,0,0,146,80,control,,0
80,wildmountainfarms/solarthing,2025-11,24311,0,2025-06,1,5,261.0,8.0,3.0,0.0,272.0,202.0,29409.0,29.409,9.248869,8.874834,0.272026,0.10201,0.0,6.9356,6.9356,0.568,0.2846,,0,0,146,80,control,,0
80,wildmountainfarms/solarthing,2025-12,24312,0,2025-06,1,6,261.0,8.0,3.0,0.0,272.0,202.0,29409.0,29.409,9.248869,8.874834,0.272026,0.10201,0.0,6.9356,6.9356,0.568,0.2846,,0,0,146,80,control,,0
81,apache/gravitino,2024-12,24300,1,2025-06,0,-6,195.0,3.0,2.0,2.0,202.0,248.0,152986.0,152.986,1.320382,1.274626,0.01961,0.013073,0.013073,7.4073,7.4073,0.6525,0.2746,,139,34,2900,35,copilot,commit_pattern,42
81,apache/gravitino,2025-01,24301,1,2025-06,0,-5,214.0,3.0,1.0,2.0,220.0,265.0,165037.0,165.037,1.333034,1.296679,0.018178,0.006059,0.012118,7.3547,7.3547,0.6555,0.2729,,136,30,2900,35,copilot,commit_pattern,42
81,apache/gravitino,2025-02,24302,1,2025-06,0,-4,174.0,5.0,1.0,3.0,183.0,274.0,171624.0,171.624,1.066284,1.013844,0.029133,0.005827,0.01748,7.3321,7.3321,0.6586,0.2704,,74,25,2900,35,copilot,commit_pattern,42
81,apache/gravitino,2025-03,24303,1,2025-06,0,-3,175.0,5.0,1.0,4.0,185.0,275.0,173319.0,173.319,1.067396,1.009699,0.028849,0.00577,0.023079,7.3745,7.3745,0.6599,0.2714,,77,27,2900,35,copilot,commit_pattern,42
81,apache/gravitino,2025-04,24304,1,2025-06,0,-2,179.0,5.0,3.0,4.0,191.0,280.0,178163.0,178.163,1.072052,1.004698,0.028064,0.016839,0.022451,7.375,7.375,0.6576,0.2723,,106,25,2900,35,copilot,commit_pattern,42
81,apache/gravitino,2025-05,24305,1,2025-06,0,-1,207.0,6.0,6.0,5.0,224.0,286.0,187675.0,187.675,1.193553,1.102971,0.03197,0.03197,0.026642,7.3566,7.3566,0.6539,0.2728,,66,26,2900,35,copilot,commit_pattern,42
81,apache/gravitino,2025-06,24306,1,2025-06,1,0,207.0,6.0,3.0,3.0,219.0,289.0,190602.0,190.602,1.148991,1.086033,0.031479,0.01574,0.01574,7.391,7.391,0.6564,0.277,,56,26,2900,35,copilot,commit_pattern,42
81,apache/gravitino,2025-07,24307,1,2025-06,1,1,232.0,6.0,3.0,3.0,244.0,291.0,194665.0,194.665,1.253435,1.191791,0.030822,0.015411,0.015411,7.4055,7.4055,0.6574,0.2727,,120,43,2900,35,copilot,commit_pattern,42
81,apache/gravitino,2025-08,24308,1,2025-06,1,2,,,,,,,,,,,,,,,,,,,215,54,2900,35,copilot,commit_pattern,42
81,apache/gravitino,2025-09,24309,1,2025-06,1,3,,,,,,,,,,,,,,,,,,,119,40,2900,35,copilot,commit_pattern,42
81,apache/gravitino,2025-10,24310,1,2025-06,1,4,,,,,,,,,,,,,,,,,,,66,22,2900,35,copilot,commit_pattern,42
81,apache/gravitino,2025-11,24311,1,2025-06,1,5,,,,,,,,,,,,,,,,,,,106,26,2900,35,copilot,commit_pattern,42
81,apache/gravitino,2025-12,24312,1,2025-06,1,6,,,,,,,,,,,,,,,,,,,104,30,2900,35,copilot,commit_pattern,42
82,apache/polaris,2024-12,24300,0,2025-06,0,-6,39.0,2.0,1.0,0.0,42.0,46.0,29734.0,29.734,1.412524,1.31163,0.067263,0.033632,0.0,4.3696,4.3696,0.5833,0.2686,,48,14,1869,22,control,,0
82,apache/polaris,2025-01,24301,0,2025-06,0,-5,28.0,1.0,2.0,0.0,31.0,58.0,31240.0,31.24,0.992318,0.896287,0.03201,0.06402,0.0,4.569,4.569,0.6176,0.2963,,232,22,1869,22,control,,0
82,apache/polaris,2025-02,24302,0,2025-06,0,-4,20.0,1.0,2.0,0.0,23.0,73.0,32507.0,32.507,0.70754,0.615252,0.030763,0.061525,0.0,3.3836,3.3836,0.6532,0.2583,,121,16,1869,22,control,,0
82,apache/polaris,2025-03,24303,0,2025-06,0,-3,32.0,1.0,2.0,0.0,35.0,77.0,34476.0,34.476,1.015199,0.928182,0.029006,0.058011,0.0,4.0,4.0,0.6312,0.2778,,133,20,1869,22,control,,0
82,apache/polaris,2025-04,24304,0,2025-06,0,-2,49.0,2.0,2.0,0.0,53.0,96.0,38501.0,38.501,1.376588,1.272694,0.051947,0.051947,0.0,4.1875,4.1875,0.6386,0.2715,,152,25,1869,22,control,,0
82,apache/polaris,2025-05,24305,0,2025-06,0,-1,50.0,1.0,1.0,0.0,52.0,126.0,48308.0,48.308,1.076426,1.035025,0.020701,0.020701,0.0,4.2063,4.2063,0.6315,0.268,,172,25,1869,22,control,,0
82,apache/polaris,2025-06,24306,0,2025-06,1,0,54.0,1.0,1.0,0.0,56.0,136.0,51890.0,51.89,1.079206,1.040663,0.019272,0.019272,0.0,4.2941,4.2941,0.6221,0.2758,,141,30,1869,22,control,,0
82,apache/polaris,2025-07,24307,0,2025-06,1,1,55.0,1.0,2.0,0.0,58.0,136.0,54715.0,54.715,1.060038,1.005209,0.018277,0.036553,0.0,4.375,4.375,0.6261,0.2703,,168,20,1869,22,control,,0
82,apache/polaris,2025-08,24308,0,2025-06,1,2,49.0,1.0,1.0,0.0,51.0,136.0,56142.0,56.142,0.908411,0.872787,0.017812,0.017812,0.0,4.4412,4.4412,0.6134,0.2777,,171,24,1869,22,control,,0
82,apache/polaris,2025-09,24309,0,2025-06,1,3,66.0,3.0,1.0,0.0,70.0,132.0,57603.0,57.603,1.215214,1.145774,0.052081,0.01736,0.0,4.2955,4.2955,0.6136,0.2752,,189,21,1869,22,control,,0
82,apache/polaris,2025-10,24310,0,2025-06,1,4,,,,,,,,,,,,,,,,,,,151,25,1869,22,control,,0
82,apache/polaris,2025-11,24311,0,2025-06,1,5,,,,,,,,,,,,,,,,,,,153,23,1869,22,control,,0
82,apache/polaris,2025-12,24312,0,2025-06,1,6,,,,,,,,,,,,,,,,,,,122,22,1869,22,control,,0
83,SimoneAvogadro/HumanDetection4Tasker,2025-03,24303,1,2025-09,0,-6,1.0,0.0,0.0,0.0,1.0,23.0,13481.0,13.481,0.074178,0.074178,0.0,0.0,0.0,1.3043,1.3043,0.736,0.249,,8,1,26,20,claude_code,file_add,8
83,SimoneAvogadro/HumanDetection4Tasker,2025-04,24304,1,2025-09,0,-5,0.0,0.0,0.0,0.0,0.0,12.0,657.0,0.657,0.0,0.0,0.0,0.0,0.0,0.75,0.75,0.5833,0.3333,,0,0,26,20,claude_code,file_add,8
83,SimoneAvogadro/HumanDetection4Tasker,2025-05,24305,1,2025-09,0,-4,0.0,0.0,0.0,0.0,0.0,12.0,657.0,0.657,0.0,0.0,0.0,0.0,0.0,0.75,0.75,0.5833,0.3333,,1,1,26,20,claude_code,file_add,8
83,SimoneAvogadro/HumanDetection4Tasker,2025-06,24306,1,2025-09,0,-3,0.0,0.0,0.0,0.0,0.0,12.0,657.0,0.657,0.0,0.0,0.0,0.0,0.0,0.75,0.75,0.5833,0.3333,,0,0,26,20,claude_code,file_add,8
83,SimoneAvogadro/HumanDetection4Tasker,2025-07,24307,1,2025-09,0,-2,0.0,0.0,0.0,0.0,0.0,12.0,657.0,0.657,0.0,0.0,0.0,0.0,0.0,0.75,0.75,0.5833,0.3333,,0,0,26,20,claude_code,file_add,8
83,SimoneAvogadro/HumanDetection4Tasker,2025-08,24308,1,2025-09,0,-1,0.0,0.0,0.0,0.0,0.0,12.0,657.0,0.657,0.0,0.0,0.0,0.0,0.0,0.75,0.75,0.5833,0.3333,,0,0,26,20,claude_code,file_add,8
83,SimoneAvogadro/HumanDetection4Tasker,2025-09,24309,1,2025-09,1,0,0.0,0.0,0.0,0.0,0.0,12.0,657.0,0.657,0.0,0.0,0.0,0.0,0.0,0.75,0.75,0.5833,0.3333,,34,1,26,20,claude_code,file_add,8
83,SimoneAvogadro/HumanDetection4Tasker,2025-10,24310,1,2025-09,1,1,0.0,0.0,0.0,0.0,0.0,13.0,876.0,0.876,0.0,0.0,0.0,0.0,0.0,0.9231,0.9231,0.5962,0.3269,,2,1,26,20,claude_code,file_add,8
83,SimoneAvogadro/HumanDetection4Tasker,2025-11,24311,1,2025-09,1,2,0.0,0.0,0.0,0.0,0.0,13.0,876.0,0.876,0.0,0.0,0.0,0.0,0.0,0.9231,0.9231,0.5962,0.3269,,0,0,26,20,claude_code,file_add,8
83,SimoneAvogadro/HumanDetection4Tasker,2025-12,24312,1,2025-09,1,3,0.0,0.0,0.0,0.0,0.0,13.0,876.0,0.876,0.0,0.0,0.0,0.0,0.0,0.9231,0.9231,0.5962,0.3269,,0,0,26,20,claude_code,file_add,8
83,SimoneAvogadro/HumanDetection4Tasker,2026-01,24313,1,2025-09,1,4,0.0,0.0,0.0,0.0,0.0,13.0,876.0,0.876,0.0,0.0,0.0,0.0,0.0,0.9231,0.9231,0.5962,0.3269,,0,0,26,20,claude_code,file_add,8
83,SimoneAvogadro/HumanDetection4Tasker,2026-02,24314,1,2025-09,1,5,0.0,0.0,0.0,0.0,0.0,13.0,876.0,0.876,0.0,0.0,0.0,0.0,0.0,0.9231,0.9231,0.5962,0.3269,,5,2,26,20,claude_code,file_add,8
83,SimoneAvogadro/HumanDetection4Tasker,2026-03,24315,1,2025-09,1,6,0.0,0.0,0.0,0.0,0.0,13.0,931.0,0.931,0.0,0.0,0.0,0.0,0.0,0.9231,0.9231,0.5962,0.3269,,7,1,26,20,claude_code,file_add,8
84,qm123pz/NightSky-Client,2025-11,24311,0,2025-09,1,2,49.0,4.0,1.0,0.0,54.0,55.0,23193.0,23.193,2.328289,2.112706,0.172466,0.043116,0.0,4.7091,4.7091,0.4213,0.4809,,56,2,20,5,control,,0
84,qm123pz/NightSky-Client,2025-12,24312,0,2025-09,1,3,58.0,4.0,1.0,0.0,63.0,61.0,25554.0,25.554,2.465367,2.269703,0.156531,0.039133,0.0,5.082,5.082,0.4523,0.4615,,26,1,20,5,control,,0
84,qm123pz/NightSky-Client,2026-01,24313,0,2025-09,1,4,59.0,4.0,2.0,0.0,65.0,62.0,28989.0,28.989,2.24223,2.035255,0.137983,0.068992,0.0,5.2097,5.2097,0.463,0.4538,,0,0,20,5,control,,0
84,qm123pz/NightSky-Client,2026-02,24314,0,2025-09,1,5,59.0,4.0,2.0,0.0,65.0,62.0,28989.0,28.989,2.24223,2.035255,0.137983,0.068992,0.0,5.2097,5.2097,0.463,0.4538,,0,0,20,5,control,,0
84,qm123pz/NightSky-Client,2026-03,24315,0,2025-09,1,6,59.0,4.0,2.0,0.0,65.0,62.0,28989.0,28.989,2.24223,2.035255,0.137983,0.068992,0.0,5.2097,5.2097,0.463,0.4538,,0,0,20,5,control,,0
85,wisemapping/wisemapping-open-source,2025-04,24304,1,2025-10,0,-6,11.0,0.0,1.0,0.0,12.0,21.0,4893.0,4.893,2.452483,2.24811,0.0,0.204374,0.0,2.9524,2.9524,0.6145,0.3453,,1,1,240,25,cursor,file_add,1
85,wisemapping/wisemapping-open-source,2025-05,24305,1,2025-10,0,-5,11.0,0.0,1.0,0.0,12.0,21.0,4893.0,4.893,2.452483,2.24811,0.0,0.204374,0.0,2.9524,2.9524,0.6145,0.3453,,0,0,240,25,cursor,file_add,1
85,wisemapping/wisemapping-open-source,2025-06,24306,1,2025-10,0,-4,11.0,0.0,1.0,0.0,12.0,21.0,4893.0,4.893,2.452483,2.24811,0.0,0.204374,0.0,2.9524,2.9524,0.6145,0.3453,,0,0,240,25,cursor,file_add,1
85,wisemapping/wisemapping-open-source,2025-07,24307,1,2025-10,0,-3,11.0,0.0,1.0,0.0,12.0,21.0,4893.0,4.893,2.452483,2.24811,0.0,0.204374,0.0,2.9524,2.9524,0.6145,0.3453,,0,0,240,25,cursor,file_add,1
85,wisemapping/wisemapping-open-source,2025-08,24308,1,2025-10,0,-2,11.0,0.0,1.0,0.0,12.0,21.0,4893.0,4.893,2.452483,2.24811,0.0,0.204374,0.0,2.9524,2.9524,0.6145,0.3453,,15,1,240,25,cursor,file_add,1
85,wisemapping/wisemapping-open-source,2025-09,24309,1,2025-10,0,-1,11.0,0.0,1.0,0.0,12.0,21.0,4909.0,4.909,2.44449,2.240782,0.0,0.203707,0.0,2.9524,2.9524,0.6145,0.3453,,229,1,240,25,cursor,file_add,1
85,wisemapping/wisemapping-open-source,2025-10,24310,1,2025-10,1,0,17.0,1.0,3.0,0.0,21.0,32.0,10829.0,10.829,1.939237,1.569859,0.092345,0.277034,0.0,2.875,2.875,0.6719,0.2956,,254,1,240,25,cursor,file_add,1
85,wisemapping/wisemapping-open-source,2025-11,24311,1,2025-10,1,1,18.0,0.0,2.0,0.0,20.0,29.0,15713.0,15.713,1.272831,1.145548,0.0,0.127283,0.0,2.931,2.931,0.6978,0.2726,,103,1,240,25,cursor,file_add,1
85,wisemapping/wisemapping-open-source,2025-12,24312,1,2025-10,1,2,19.0,1.0,2.0,0.0,22.0,34.0,18198.0,18.198,1.208924,1.044071,0.054951,0.109902,0.0,2.6765,2.6765,0.71,0.2643,,23,2,240,25,cursor,file_add,1
85,wisemapping/wisemapping-open-source,2026-01,24313,1,2025-10,1,3,22.0,1.0,2.0,0.0,25.0,34.0,18691.0,18.691,1.337542,1.177037,0.053502,0.107003,0.0,2.7647,2.7647,0.7102,0.2656,,3,2,240,25,cursor,file_add,1
85,wisemapping/wisemapping-open-source,2026-02,24314,1,2025-10,1,4,22.0,1.0,2.0,0.0,25.0,34.0,17480.0,17.48,1.430206,1.258581,0.057208,0.114416,0.0,2.7647,2.7647,0.7139,0.2613,,15,1,240,25,cursor,file_add,1
85,wisemapping/wisemapping-open-source,2026-03,24315,1,2025-10,1,5,23.0,1.0,2.0,0.0,26.0,34.0,17504.0,17.504,1.485375,1.313985,0.05713,0.11426,0.0,2.8235,2.8235,0.7139,0.2615,,0,0,240,25,cursor,file_add,1
85,wisemapping/wisemapping-open-source,2026-04,24316,1,2025-10,1,6,23.0,1.0,2.0,0.0,26.0,34.0,17504.0,17.504,1.485375,1.313985,0.05713,0.11426,0.0,2.8235,2.8235,0.7139,0.2615,,0,0,240,25,cursor,file_add,1
86,kroxylicious/kroxylicious,2025-04,24304,0,2025-10,0,-6,,,,,,,,,,,,,,,,,,,246,13,259,48,control,,0
86,kroxylicious/kroxylicious,2025-05,24305,0,2025-10,0,-5,,,,,,,,,,,,,,,,,,,274,10,259,48,control,,0
86,kroxylicious/kroxylicious,2025-06,24306,0,2025-10,0,-4,,,,,,,,,,,,,,,,,,,210,13,259,48,control,,0
86,kroxylicious/kroxylicious,2025-07,24307,0,2025-10,0,-3,,,,,,,,,,,,,,,,,,,123,15,259,48,control,,0
86,kroxylicious/kroxylicious,2025-08,24308,0,2025-10,0,-2,,,,,,,,,,,,,,,,,,,116,12,259,48,control,,0
86,kroxylicious/kroxylicious,2025-09,24309,0,2025-10,0,-1,,,,,,,,,,,,,,,,,,,90,9,259,48,control,,0
86,kroxylicious/kroxylicious,2025-10,24310,0,2025-10,1,0,,,,,,,,,,,,,,,,,,,110,13,259,48,control,,0
86,kroxylicious/kroxylicious,2025-11,24311,0,2025-10,1,1,,,,,,,,,,,,,,,,,,,112,12,259,48,control,,0
86,kroxylicious/kroxylicious,2025-12,24312,0,2025-10,1,2,,,,,,,,,,,,,,,,,,,92,15,259,48,control,,0
86,kroxylicious/kroxylicious,2026-01,24313,0,2025-10,1,3,,,,,,,,,,,,,,,,,,,155,12,259,48,control,,0
86,kroxylicious/kroxylicious,2026-02,24314,0,2025-10,1,4,,,,,,,,,,,,,,,,,,,142,11,259,48,control,,0
86,kroxylicious/kroxylicious,2026-03,24315,0,2025-10,1,5,,,,,,,,,,,,,,,,,,,51,9,259,48,control,,0
86,kroxylicious/kroxylicious,2026-04,24316,0,2025-10,1,6,,,,,,,,,,,,,,,,,,,0,0,259,48,control,,0
87,akto-api-security/akto,2024-12,24300,1,2025-06,0,-6,490.0,1.0,2.0,1.0,494.0,191.0,59114.0,59.114,8.356734,8.289069,0.016916,0.033833,0.016916,6.7173,6.7173,0.5608,0.4056,,254,15,1455,38,cursor,commit_pattern,30
87,akto-api-security/akto,2025-01,24301,1,2025-06,0,-5,474.0,1.0,1.0,1.0,477.0,191.0,59981.0,59.981,7.952518,7.902502,0.016672,0.016672,0.016672,6.8377,6.8377,0.5617,0.4048,,364,14,1455,38,cursor,commit_pattern,30
87,akto-api-security/akto,2025-02,24302,1,2025-06,0,-4,481.0,1.0,1.0,1.0,484.0,222.0,65603.0,65.603,7.377711,7.331982,0.015243,0.015243,0.015243,6.2432,6.2432,0.5573,0.4111,,281,17,1455,38,cursor,commit_pattern,30
87,akto-api-security/akto,2025-03,24303,1,2025-06,0,-3,499.0,2.0,1.0,1.0,503.0,224.0,66843.0,66.843,7.525096,7.465254,0.029921,0.01496,0.01496,6.317,6.317,0.5575,0.4113,,375,16,1455,38,cursor,commit_pattern,30
87,akto-api-security/akto,2025-04,24304,1,2025-06,0,-2,501.0,2.0,3.0,1.0,507.0,229.0,69251.0,69.251,7.321194,7.234553,0.02888,0.043321,0.01444,6.3493,6.3493,0.5637,0.4058,,457,17,1455,38,cursor,commit_pattern,30
87,akto-api-security/akto,2025-05,24305,1,2025-06,0,-1,518.0,1.0,4.0,1.0,524.0,240.0,72381.0,72.381,7.239469,7.156574,0.013816,0.055263,0.013816,6.3917,6.3917,0.5652,0.4041,,346,18,1455,38,cursor,commit_pattern,30
87,akto-api-security/akto,2025-06,24306,1,2025-06,1,0,523.0,2.0,2.0,1.0,528.0,247.0,75242.0,75.242,7.017357,6.950905,0.026581,0.026581,0.01329,6.4737,6.4737,0.5668,0.402,,351,17,1455,38,cursor,commit_pattern,30
87,akto-api-security/akto,2025-07,24307,1,2025-06,1,1,496.0,2.0,1.0,1.0,500.0,252.0,76875.0,76.875,6.504065,6.452033,0.026016,0.013008,0.013008,6.504,6.504,0.5732,0.3966,,335,21,1455,38,cursor,commit_pattern,30
87,akto-api-security/akto,2025-08,24308,1,2025-06,1,2,507.0,2.0,4.0,1.0,514.0,254.0,79682.0,79.682,6.450641,6.362792,0.0251,0.0502,0.01255,6.5787,6.5787,0.573,0.3972,,319,19,1455,38,cursor,commit_pattern,30
87,akto-api-security/akto,2025-09,24309,1,2025-06,1,3,502.0,3.0,2.0,1.0,508.0,255.0,81496.0,81.496,6.233435,6.159812,0.036812,0.024541,0.012271,6.6824,6.6824,0.5741,0.3963,,472,23,1455,38,cursor,commit_pattern,30
87,akto-api-security/akto,2025-10,24310,1,2025-06,1,4,505.0,3.0,2.0,1.0,511.0,261.0,85169.0,85.169,5.999836,5.929387,0.035224,0.023483,0.011741,6.6169,6.6169,0.5691,0.402,,384,20,1455,38,cursor,commit_pattern,30
87,akto-api-security/akto,2025-11,24311,1,2025-06,1,5,529.0,3.0,4.0,1.0,537.0,266.0,87841.0,87.841,6.113318,6.022245,0.034153,0.045537,0.011384,6.6917,6.6917,0.5661,0.4041,,372,20,1455,38,cursor,commit_pattern,30
87,akto-api-security/akto,2025-12,24312,1,2025-06,1,6,533.0,4.0,1.0,1.0,539.0,272.0,91202.0,91.202,5.909958,5.84417,0.043859,0.010965,0.010965,6.7169,6.7169,0.5678,0.4032,,416,23,1455,38,cursor,commit_pattern,30
89,knime/knime-python,2025-05,24305,1,2025-11,0,-6,,,,,,,,,,,,,,,,,,,29,5,86,102,copilot,file_add,5
89,knime/knime-python,2025-06,24306,1,2025-11,0,-5,,,,,,,,,,,,,,,,,,,28,4,86,102,copilot,file_add,5
89,knime/knime-python,2025-07,24307,1,2025-11,0,-4,,,,,,,,,,,,,,,,,,,48,9,86,102,copilot,file_add,5
89,knime/knime-python,2025-08,24308,1,2025-11,0,-3,,,,,,,,,,,,,,,,,,,29,11,86,102,copilot,file_add,5
89,knime/knime-python,2025-09,24309,1,2025-11,0,-2,,,,,,,,,,,,,,,,,,,30,9,86,102,copilot,file_add,5
89,knime/knime-python,2025-10,24310,1,2025-11,0,-1,,,,,,,,,,,,,,,,,,,20,8,86,102,copilot,file_add,5
89,knime/knime-python,2025-11,24311,1,2025-11,1,0,,,,,,,,,,,,,,,,,,,22,7,86,102,copilot,file_add,5
89,knime/knime-python,2025-12,24312,1,2025-11,1,1,,,,,,,,,,,,,,,,,,,11,6,86,102,copilot,file_add,5
89,knime/knime-python,2026-01,24313,1,2025-11,1,2,,,,,,,,,,,,,,,,,,,27,10,86,102,copilot,file_add,5
89,knime/knime-python,2026-02,24314,1,2025-11,1,3,,,,,,,,,,,,,,,,,,,22,6,86,102,copilot,file_add,5
89,knime/knime-python,2026-03,24315,1,2025-11,1,4,,,,,,,,,,,,,,,,,,,3,2,86,102,copilot,file_add,5
89,knime/knime-python,2026-04,24316,1,2025-11,1,5,,,,,,,,,,,,,,,,,,,0,0,86,102,copilot,file_add,5
89,knime/knime-python,2026-05,24317,1,2025-11,1,6,,,,,,,,,,,,,,,,,,,0,0,86,102,copilot,file_add,5
90,PANTHEONtech/lighty,2025-05,24305,0,2025-11,0,-6,29.0,2.0,6.0,0.0,37.0,175.0,19682.0,19.682,1.87989,1.473427,0.101616,0.304847,0.0,3.7086,3.7086,0.6237,0.3105,,12,2,143,94,control,,0
90,PANTHEONtech/lighty,2025-06,24306,0,2025-11,0,-5,29.0,2.0,6.0,0.0,37.0,175.0,19682.0,19.682,1.87989,1.473427,0.101616,0.304847,0.0,3.7086,3.7086,0.6237,0.3105,,13,2,143,94,control,,0
90,PANTHEONtech/lighty,2025-07,24307,0,2025-11,0,-4,29.0,2.0,6.0,0.0,37.0,175.0,19663.0,19.663,1.881707,1.474851,0.101714,0.305142,0.0,3.7029,3.7029,0.6237,0.3104,,40,4,143,94,control,,0
90,PANTHEONtech/lighty,2025-08,24308,0,2025-11,0,-3,29.0,2.0,6.0,0.0,37.0,175.0,19642.0,19.642,1.883719,1.476428,0.101823,0.305468,0.0,3.7029,3.7029,0.6237,0.3107,,15,3,143,94,control,,0
90,PANTHEONtech/lighty,2025-09,24309,0,2025-11,0,-2,29.0,2.0,6.0,0.0,37.0,175.0,19636.0,19.636,1.884294,1.476879,0.101854,0.305561,0.0,3.7029,3.7029,0.6237,0.3098,,16,3,143,94,control,,0
90,PANTHEONtech/lighty,2025-10,24310,0,2025-11,0,-1,29.0,2.0,6.0,0.0,37.0,175.0,19651.0,19.651,1.882856,1.475752,0.101776,0.305328,0.0,3.7029,3.7029,0.6237,0.3098,,26,4,143,94,control,,0
90,PANTHEONtech/lighty,2025-11,24311,0,2025-11,1,0,29.0,2.0,6.0,0.0,37.0,184.0,20243.0,20.243,1.827792,1.432594,0.0988,0.296399,0.0,3.7337,3.7337,0.6329,0.3038,,32,3,143,94,control,,0
90,PANTHEONtech/lighty,2025-12,24312,0,2025-11,1,1,29.0,2.0,6.0,0.0,37.0,184.0,20243.0,20.243,1.827792,1.432594,0.0988,0.296399,0.0,3.7337,3.7337,0.6329,0.3038,,9,4,143,94,control,,0
90,PANTHEONtech/lighty,2026-01,24313,0,2025-11,1,2,29.0,2.0,6.0,0.0,37.0,185.0,20485.0,20.485,1.8062,1.41567,0.097632,0.292897,0.0,3.7622,3.7622,0.633,0.3054,,11,3,143,94,control,,0
90,PANTHEONtech/lighty,2026-02,24314,0,2025-11,1,3,29.0,2.0,6.0,0.0,37.0,185.0,20485.0,20.485,1.8062,1.41567,0.097632,0.292897,0.0,3.7622,3.7622,0.633,0.3054,,10,3,143,94,control,,0
90,PANTHEONtech/lighty,2026-03,24315,0,2025-11,1,4,29.0,2.0,6.0,0.0,37.0,185.0,20485.0,20.485,1.8062,1.41567,0.097632,0.292897,0.0,3.7622,3.7622,0.633,0.3054,,0,0,143,94,control,,0
90,PANTHEONtech/lighty,2026-04,24316,0,2025-11,1,5,29.0,2.0,6.0,0.0,37.0,185.0,20477.0,20.477,1.806905,1.416223,0.097671,0.293012,0.0,3.7622,3.7622,0.633,0.3054,,0,0,143,94,control,,0
90,PANTHEONtech/lighty,2026-05,24317,0,2025-11,1,6,29.0,2.0,6.0,0.0,37.0,185.0,20477.0,20.477,1.806905,1.416223,0.097671,0.293012,0.0,3.7622,3.7622,0.633,0.3054,,0,0,143,94,control,,0
91,LianjiaTech/bella-openapi,2025-05,24305,1,2025-06,0,-1,80.0,3.0,3.0,0.0,86.0,52.0,17761.0,17.761,4.84207,4.504251,0.168909,0.168909,0.0,4.6923,4.6923,0.5374,0.3673,,81,29,207,12,claude_code,file_add,22
91,LianjiaTech/bella-openapi,2025-06,24306,1,2025-06,1,0,80.0,3.0,3.0,0.0,86.0,52.0,17863.0,17.863,4.814421,4.478531,0.167945,0.167945,0.0,4.6923,4.6923,0.5374,0.3673,,91,15,207,12,claude_code,file_add,22
91,LianjiaTech/bella-openapi,2025-07,24307,1,2025-06,1,1,79.0,3.0,4.0,0.0,86.0,64.0,20636.0,20.636,4.167474,3.828261,0.145377,0.193836,0.0,4.7031,4.7031,0.5571,0.3584,,35,6,207,12,claude_code,file_add,22
91,LianjiaTech/bella-openapi,2025-08,24308,1,2025-06,1,2,80.0,3.0,4.0,0.0,87.0,71.0,21732.0,21.732,4.003313,3.681207,0.138045,0.18406,0.0,4.5352,4.5352,0.5725,0.3458,,59,6,207,12,claude_code,file_add,22
91,LianjiaTech/bella-openapi,2025-09,24309,1,2025-06,1,3,88.0,3.0,3.0,0.0,94.0,78.0,23870.0,23.87,3.937997,3.686636,0.125681,0.125681,0.0,4.5641,4.5641,0.5638,0.358,,84,8,207,12,claude_code,file_add,22
91,LianjiaTech/bella-openapi,2025-10,24310,1,2025-06,1,4,134.0,4.0,7.0,0.0,145.0,84.0,28573.0,28.573,5.074721,4.689742,0.139992,0.244987,0.0,4.869,4.869,0.5536,0.3663,,78,10,207,12,claude_code,file_add,22
91,LianjiaTech/bella-openapi,2025-11,24311,1,2025-06,1,5,143.0,4.0,9.0,0.0,156.0,87.0,29718.0,29.718,5.249344,4.811899,0.134599,0.302847,0.0,4.7011,4.7011,0.5866,0.3404,,51,9,207,12,claude_code,file_add,22
91,LianjiaTech/bella-openapi,2025-12,24312,1,2025-06,1,6,142.0,4.0,5.0,0.0,151.0,88.0,30334.0,30.334,4.977913,4.681216,0.131865,0.164832,0.0,4.8182,4.8182,0.5869,0.3394,,59,10,207,12,claude_code,file_add,22
92,jonesdevelopment/sonar,2024-12,24300,0,2025-06,0,-6,12.0,0.0,1.0,0.0,13.0,60.0,6646.0,6.646,1.956064,1.805597,0.0,0.150466,0.0,3.9167,3.9167,0.5049,0.3851,,15,3,230,34,control,,0
92,jonesdevelopment/sonar,2025-01,24301,0,2025-06,0,-5,12.0,0.0,1.0,0.0,13.0,60.0,6672.0,6.672,1.948441,1.798561,0.0,0.14988,0.0,3.9,3.9,0.5063,0.3837,,20,4,230,34,control,,0
92,jonesdevelopment/sonar,2025-02,24302,0,2025-06,0,-4,12.0,0.0,1.0,0.0,13.0,60.0,6677.0,6.677,1.946982,1.797214,0.0,0.149768,0.0,3.9,3.9,0.5063,0.3837,,17,3,230,34,control,,0
92,jonesdevelopment/sonar,2025-03,24303,0,2025-06,0,-3,12.0,0.0,1.0,0.0,13.0,60.0,6701.0,6.701,1.940009,1.790777,0.0,0.149231,0.0,3.9,3.9,0.5063,0.3837,,15,3,230,34,control,,0
92,jonesdevelopment/sonar,2025-04,24304,0,2025-06,0,-2,12.0,0.0,1.0,0.0,13.0,61.0,6903.0,6.903,1.883239,1.738375,0.0,0.144865,0.0,3.9344,3.9344,0.509,0.3828,,10,3,230,34,control,,0
92,jonesdevelopment/sonar,2025-05,24305,0,2025-06,0,-1,12.0,0.0,1.0,0.0,13.0,61.0,6906.0,6.906,1.882421,1.737619,0.0,0.144802,0.0,3.9344,3.9344,0.509,0.3828,,10,3,230,34,control,,0
92,jonesdevelopment/sonar,2025-06,24306,0,2025-06,1,0,12.0,0.0,1.0,0.0,13.0,61.0,6913.0,6.913,1.880515,1.73586,0.0,0.144655,0.0,3.9344,3.9344,0.509,0.3828,,16,4,230,34,control,,0
92,jonesdevelopment/sonar,2025-07,24307,0,2025-06,1,1,12.0,0.0,1.0,0.0,13.0,61.0,6935.0,6.935,1.874549,1.730353,0.0,0.144196,0.0,3.9344,3.9344,0.509,0.3828,,15,3,230,34,control,,0
92,jonesdevelopment/sonar,2025-08,24308,0,2025-06,1,2,12.0,0.0,1.0,0.0,13.0,61.0,6932.0,6.932,1.875361,1.731102,0.0,0.144259,0.0,3.9344,3.9344,0.509,0.3828,,7,4,230,34,control,,0
92,jonesdevelopment/sonar,2025-09,24309,0,2025-06,1,3,12.0,0.0,1.0,0.0,13.0,61.0,6932.0,6.932,1.875361,1.731102,0.0,0.144259,0.0,3.9344,3.9344,0.509,0.3828,,14,5,230,34,control,,0
92,jonesdevelopment/sonar,2025-10,24310,0,2025-06,1,4,12.0,0.0,1.0,0.0,13.0,61.0,6945.0,6.945,1.87185,1.727862,0.0,0.143988,0.0,3.9344,3.9344,0.509,0.3828,,11,4,230,34,control,,0
92,jonesdevelopment/sonar,2025-11,24311,0,2025-06,1,5,12.0,0.0,1.0,0.0,13.0,61.0,7004.0,7.004,1.856082,1.713307,0.0,0.142776,0.0,3.9344,3.9344,0.5096,0.3822,,1,1,230,34,control,,0
92,jonesdevelopment/sonar,2025-12,24312,0,2025-06,1,6,12.0,0.0,1.0,0.0,13.0,61.0,7004.0,7.004,1.856082,1.713307,0.0,0.142776,0.0,3.9344,3.9344,0.5096,0.3822,,13,2,230,34,control,,0
93,agoncal/agoncal-application-vintagestore,2025-01,24301,1,2025-07,0,-6,0.0,0.0,0.0,0.0,0.0,9.0,774.0,0.774,0.0,0.0,0.0,0.0,0.0,0.3333,0.3333,0.7778,0.2381,,0,0,6,17,claude_code,file_add,25
93,agoncal/agoncal-application-vintagestore,2025-02,24302,1,2025-07,0,-5,0.0,0.0,0.0,0.0,0.0,9.0,774.0,0.774,0.0,0.0,0.0,0.0,0.0,0.3333,0.3333,0.7778,0.2381,,0,0,6,17,claude_code,file_add,25
93,agoncal/agoncal-application-vintagestore,2025-03,24303,1,2025-07,0,-4,0.0,0.0,0.0,0.0,0.0,9.0,774.0,0.774,0.0,0.0,0.0,0.0,0.0,0.3333,0.3333,0.7778,0.2381,,0,0,6,17,claude_code,file_add,25
93,agoncal/agoncal-application-vintagestore,2025-04,24304,1,2025-07,0,-3,0.0,0.0,0.0,0.0,0.0,9.0,774.0,0.774,0.0,0.0,0.0,0.0,0.0,0.3333,0.3333,0.7778,0.2381,,0,0,6,17,claude_code,file_add,25
93,agoncal/agoncal-application-vintagestore,2025-05,24305,1,2025-07,0,-2,0.0,0.0,0.0,0.0,0.0,9.0,774.0,0.774,0.0,0.0,0.0,0.0,0.0,0.3333,0.3333,0.7778,0.2381,,0,0,6,17,claude_code,file_add,25
93,agoncal/agoncal-application-vintagestore,2025-06,24306,1,2025-07,0,-1,0.0,0.0,0.0,0.0,0.0,9.0,774.0,0.774,0.0,0.0,0.0,0.0,0.0,0.3333,0.3333,0.7778,0.2381,,0,0,6,17,claude_code,file_add,25
93,agoncal/agoncal-application-vintagestore,2025-07,24307,1,2025-07,1,0,0.0,0.0,0.0,0.0,0.0,9.0,774.0,0.774,0.0,0.0,0.0,0.0,0.0,0.3333,0.3333,0.7778,0.2381,,27,1,6,17,claude_code,file_add,25
93,agoncal/agoncal-application-vintagestore,2025-08,24308,1,2025-07,1,1,0.0,0.0,0.0,0.0,0.0,9.0,898.0,0.898,0.0,0.0,0.0,0.0,0.0,0.3333,0.3333,0.6444,0.3694,,71,2,6,17,claude_code,file_add,25
93,agoncal/agoncal-application-vintagestore,2025-09,24309,1,2025-07,1,2,0.0,0.0,0.0,0.0,0.0,12.0,1112.0,1.112,0.0,0.0,0.0,0.0,0.0,0.4167,0.4167,0.5458,0.4403,,21,2,6,17,claude_code,file_add,25
93,agoncal/agoncal-application-vintagestore,2025-10,24310,1,2025-07,1,3,0.0,0.0,0.0,0.0,0.0,12.0,1136.0,1.136,0.0,0.0,0.0,0.0,0.0,0.4167,0.4167,0.5458,0.4403,,42,2,6,17,claude_code,file_add,25
93,agoncal/agoncal-application-vintagestore,2025-11,24311,1,2025-07,1,4,0.0,0.0,0.0,0.0,0.0,13.0,1444.0,1.444,0.0,0.0,0.0,0.0,0.0,0.4615,0.4615,0.5038,0.4833,,17,2,6,17,claude_code,file_add,25
93,agoncal/agoncal-application-vintagestore,2025-12,24312,1,2025-07,1,5,0.0,0.0,0.0,0.0,0.0,13.0,1444.0,1.444,0.0,0.0,0.0,0.0,0.0,0.4615,0.4615,0.5038,0.4833,,32,2,6,17,claude_code,file_add,25
93,agoncal/agoncal-application-vintagestore,2026-01,24313,1,2025-07,1,6,0.0,0.0,0.0,0.0,0.0,13.0,1615.0,1.615,0.0,0.0,0.0,0.0,0.0,0.4615,0.4615,0.5038,0.4833,,8,2,6,17,claude_code,file_add,25
94,nikhilmusale70/DSA,2025-01,24301,0,2025-07,0,-6,0.0,0.0,0.0,0.0,0.0,96.0,10039.0,10.039,0.0,0.0,0.0,0.0,0.0,0.3438,0.3438,0.3906,0.593,,8,1,19,32,control,,0
94,nikhilmusale70/DSA,2025-02,24302,0,2025-07,0,-5,0.0,0.0,0.0,0.0,0.0,97.0,10137.0,10.137,0.0,0.0,0.0,0.0,0.0,0.3402,0.3402,0.3866,0.5972,,6,1,19,32,control,,0
94,nikhilmusale70/DSA,2025-03,24303,0,2025-07,0,-4,0.0,0.0,0.0,0.0,0.0,98.0,10252.0,10.252,0.0,0.0,0.0,0.0,0.0,0.3367,0.3367,0.3827,0.6013,,0,0,19,32,control,,0
94,nikhilmusale70/DSA,2025-04,24304,0,2025-07,0,-3,0.0,0.0,0.0,0.0,0.0,98.0,10252.0,10.252,0.0,0.0,0.0,0.0,0.0,0.3367,0.3367,0.3827,0.6013,,0,0,19,32,control,,0
94,nikhilmusale70/DSA,2025-05,24305,0,2025-07,0,-2,0.0,0.0,0.0,0.0,0.0,98.0,10252.0,10.252,0.0,0.0,0.0,0.0,0.0,0.3367,0.3367,0.3827,0.6013,,0,0,19,32,control,,0
94,nikhilmusale70/DSA,2025-06,24306,0,2025-07,0,-1,0.0,0.0,0.0,0.0,0.0,98.0,10252.0,10.252,0.0,0.0,0.0,0.0,0.0,0.3367,0.3367,0.3827,0.6013,,0,0,19,32,control,,0
94,nikhilmusale70/DSA,2025-07,24307,0,2025-07,1,0,0.0,0.0,0.0,0.0,0.0,98.0,10252.0,10.252,0.0,0.0,0.0,0.0,0.0,0.3367,0.3367,0.3827,0.6013,,0,0,19,32,control,,0
94,nikhilmusale70/DSA,2025-08,24308,0,2025-07,1,1,0.0,0.0,0.0,0.0,0.0,98.0,10252.0,10.252,0.0,0.0,0.0,0.0,0.0,0.3367,0.3367,0.3827,0.6013,,0,0,19,32,control,,0
94,nikhilmusale70/DSA,2025-09,24309,0,2025-07,1,2,0.0,0.0,0.0,0.0,0.0,98.0,10252.0,10.252,0.0,0.0,0.0,0.0,0.0,0.3367,0.3367,0.3827,0.6013,,0,0,19,32,control,,0
94,nikhilmusale70/DSA,2025-10,24310,0,2025-07,1,3,0.0,0.0,0.0,0.0,0.0,98.0,10252.0,10.252,0.0,0.0,0.0,0.0,0.0,0.3367,0.3367,0.3827,0.6013,,0,0,19,32,control,,0
94,nikhilmusale70/DSA,2025-11,24311,0,2025-07,1,4,0.0,0.0,0.0,0.0,0.0,98.0,10252.0,10.252,0.0,0.0,0.0,0.0,0.0,0.3367,0.3367,0.3827,0.6013,,0,0,19,32,control,,0
94,nikhilmusale70/DSA,2025-12,24312,0,2025-07,1,5,0.0,0.0,0.0,0.0,0.0,98.0,10252.0,10.252,0.0,0.0,0.0,0.0,0.0,0.3367,0.3367,0.3827,0.6013,,0,0,19,32,control,,0
94,nikhilmusale70/DSA,2026-01,24313,0,2025-07,1,6,0.0,0.0,0.0,0.0,0.0,98.0,10252.0,10.252,0.0,0.0,0.0,0.0,0.0,0.3367,0.3367,0.3827,0.6013,,0,0,19,32,control,,0
95,ArcadeData/arcadedb,2024-04,24292,1,2024-10,0,-6,212.0,4.0,4.0,2.0,222.0,114.0,117260.0,117.26,1.893229,1.807948,0.034112,0.034112,0.017056,7.5088,7.5088,0.706,0.2288,,58,5,729,55,claude_code,commit_pattern,43
95,ArcadeData/arcadedb,2024-05,24293,1,2024-10,0,-5,212.0,4.0,4.0,2.0,222.0,114.0,117855.0,117.855,1.883671,1.798821,0.03394,0.03394,0.01697,7.5351,7.5351,0.7058,0.2293,,36,5,729,55,claude_code,commit_pattern,43
95,ArcadeData/arcadedb,2024-06,24294,1,2024-10,0,-4,212.0,4.0,4.0,2.0,222.0,114.0,117913.0,117.913,1.882744,1.797936,0.033923,0.033923,0.016962,7.5351,7.5351,0.7058,0.2293,,11,3,729,55,claude_code,commit_pattern,43
95,ArcadeData/arcadedb,2024-07,24295,1,2024-10,0,-3,212.0,4.0,4.0,2.0,222.0,114.0,117959.0,117.959,1.88201,1.797235,0.03391,0.03391,0.016955,7.5351,7.5351,0.7058,0.2293,,34,5,729,55,claude_code,commit_pattern,43
95,ArcadeData/arcadedb,2024-08,24296,1,2024-10,0,-2,212.0,4.0,4.0,2.0,222.0,114.0,118148.0,118.148,1.878999,1.79436,0.033856,0.033856,0.016928,7.5351,7.5351,0.7057,0.2293,,25,3,729,55,claude_code,commit_pattern,43
95,ArcadeData/arcadedb,2024-09,24297,1,2024-10,0,-1,212.0,4.0,4.0,2.0,222.0,114.0,118311.0,118.311,1.87641,1.791887,0.033809,0.033809,0.016905,7.5351,7.5351,0.7057,0.2294,,28,5,729,55,claude_code,commit_pattern,43
95,ArcadeData/arcadedb,2024-10,24298,1,2024-10,1,0,220.0,5.0,4.0,2.0,231.0,114.0,118598.0,118.598,1.947756,1.855006,0.042159,0.033727,0.016864,7.5439,7.5439,0.7056,0.2296,,87,6,729,55,claude_code,commit_pattern,43
95,ArcadeData/arcadedb,2024-11,24299,1,2024-10,1,1,221.0,5.0,4.0,2.0,232.0,114.0,118937.0,118.937,1.950613,1.858127,0.042039,0.033631,0.016816,7.5526,7.5526,0.7053,0.2297,,52,5,729,55,claude_code,commit_pattern,43
95,ArcadeData/arcadedb,2024-12,24300,1,2024-10,1,2,230.0,6.0,3.0,2.0,241.0,107.0,118027.0,118.027,2.041906,1.948707,0.050836,0.025418,0.016945,7.8879,7.8879,0.6979,0.2353,,70,6,729,55,claude_code,commit_pattern,43
95,ArcadeData/arcadedb,2025-01,24301,1,2024-10,1,3,230.0,5.0,2.0,2.0,239.0,109.0,118868.0,118.868,2.010634,1.934919,0.042063,0.016825,0.016825,7.8991,7.8991,0.7032,0.2364,,70,4,729,55,claude_code,commit_pattern,43
95,ArcadeData/arcadedb,2025-02,24302,1,2024-10,1,4,231.0,4.0,2.0,2.0,239.0,109.0,119694.0,119.694,1.996758,1.929921,0.033419,0.016709,0.016709,7.9358,7.9358,0.7036,0.2364,,84,6,729,55,claude_code,commit_pattern,43
95,ArcadeData/arcadedb,2025-03,24303,1,2024-10,1,5,231.0,6.0,2.0,2.0,241.0,109.0,120135.0,120.135,2.006076,1.922837,0.049944,0.016648,0.016648,7.9633,7.9633,0.7036,0.237,,80,6,729,55,claude_code,commit_pattern,43
95,ArcadeData/arcadedb,2025-04,24304,1,2024-10,1,6,231.0,5.0,2.0,2.0,240.0,113.0,121383.0,121.383,1.977213,1.903067,0.041192,0.016477,0.016477,7.708,7.708,0.7048,0.238,,69,6,729,55,claude_code,commit_pattern,43
96,MCreator/MCreator,2024-04,24292,0,2024-10,0,-6,838.0,7.0,4.0,1.0,850.0,158.0,58409.0,58.409,14.552552,14.347104,0.119845,0.068483,0.017121,11.1013,11.1013,0.57,0.3673,,48,6,1125,66,control,,0
96,MCreator/MCreator,2024-05,24293,0,2024-10,0,-5,838.0,7.0,4.0,1.0,850.0,158.0,58441.0,58.441,14.544583,14.339248,0.119779,0.068445,0.017111,11.1013,11.1013,0.5701,0.3672,,193,9,1125,66,control,,0
96,MCreator/MCreator,2024-06,24294,0,2024-10,0,-4,835.0,6.0,4.0,1.0,846.0,159.0,58341.0,58.341,14.500951,14.312405,0.102844,0.068562,0.017141,11.0063,11.0063,0.5761,0.3611,,101,8,1125,66,control,,0
96,MCreator/MCreator,2024-07,24295,0,2024-10,0,-3,854.0,6.0,4.0,1.0,865.0,162.0,58958.0,58.958,14.671461,14.484888,0.101767,0.067845,0.016961,11.0,11.0,0.5813,0.3583,,72,6,1125,66,control,,0
96,MCreator/MCreator,2024-08,24296,0,2024-10,0,-2,855.0,6.0,4.0,1.0,866.0,162.0,58996.0,58.996,14.678961,14.492508,0.101702,0.067801,0.01695,11.0123,11.0123,0.5782,0.3614,,170,9,1125,66,control,,0
96,MCreator/MCreator,2024-09,24297,0,2024-10,0,-1,828.0,9.0,4.0,1.0,842.0,163.0,59485.0,59.485,14.154829,13.919475,0.151299,0.067244,0.016811,11.0552,11.0552,0.5814,0.3585,,119,10,1125,66,control,,0
96,MCreator/MCreator,2024-10,24298,0,2024-10,1,0,848.0,8.0,8.0,1.0,865.0,164.0,60370.0,60.37,14.328309,14.046712,0.132516,0.132516,0.016565,11.0427,11.0427,0.5831,0.357,,59,7,1125,66,control,,0
96,MCreator/MCreator,2024-11,24299,0,2024-10,1,1,854.0,9.0,7.0,1.0,871.0,165.0,60765.0,60.765,14.333909,14.054143,0.148112,0.115198,0.016457,11.0485,11.0485,0.5852,0.3555,,95,7,1125,66,control,,0
96,MCreator/MCreator,2024-12,24300,0,2024-10,1,2,873.0,8.0,3.0,1.0,885.0,170.0,61960.0,61.96,14.283409,14.089735,0.129116,0.048418,0.016139,10.9412,10.9412,0.5869,0.3525,,57,6,1125,66,control,,0
96,MCreator/MCreator,2025-01,24301,0,2024-10,1,3,902.0,7.0,8.0,1.0,918.0,174.0,63208.0,63.208,14.523478,14.270346,0.110745,0.126566,0.015821,10.9828,10.9828,0.5926,0.3468,,223,9,1125,66,control,,0
96,MCreator/MCreator,2025-02,24302,0,2024-10,1,4,844.0,7.0,2.0,1.0,854.0,175.0,63368.0,63.368,13.476834,13.319025,0.110466,0.031562,0.015781,10.96,10.96,0.5927,0.3476,,60,8,1125,66,control,,0
96,MCreator/MCreator,2025-03,24303,0,2024-10,1,5,847.0,7.0,2.0,1.0,857.0,176.0,63865.0,63.865,13.418931,13.26235,0.109606,0.031316,0.015658,10.9545,10.9545,0.5944,0.3468,,49,5,1125,66,control,,0
96,MCreator/MCreator,2025-04,24304,0,2024-10,1,6,848.0,7.0,2.0,1.0,858.0,176.0,63687.0,63.687,13.472137,13.315119,0.109913,0.031404,0.015702,10.9659,10.9659,0.5948,0.3457,,60,9,1125,66,control,,0
97,PacoVK/tapir,2025-05,24305,1,2025-11,0,-6,6.0,0.0,2.0,0.0,8.0,44.0,4151.0,4.151,1.927246,1.445435,0.0,0.481812,0.0,3.4545,3.4545,0.6385,0.3163,,21,1,235,40,claude_code,file_add,4
97,PacoVK/tapir,2025-06,24306,1,2025-11,0,-5,6.0,0.0,2.0,0.0,8.0,44.0,4151.0,4.151,1.927246,1.445435,0.0,0.481812,0.0,3.4545,3.4545,0.6385,0.3163,,18,1,235,40,claude_code,file_add,4
97,PacoVK/tapir,2025-07,24307,1,2025-11,0,-4,6.0,0.0,2.0,0.0,8.0,44.0,4151.0,4.151,1.927246,1.445435,0.0,0.481812,0.0,3.4545,3.4545,0.6385,0.3163,,25,1,235,40,claude_code,file_add,4
97,PacoVK/tapir,2025-08,24308,1,2025-11,0,-3,6.0,0.0,2.0,0.0,8.0,44.0,4151.0,4.151,1.927246,1.445435,0.0,0.481812,0.0,3.4545,3.4545,0.6385,0.3163,,13,1,235,40,claude_code,file_add,4
97,PacoVK/tapir,2025-09,24309,1,2025-11,0,-2,6.0,0.0,2.0,0.0,8.0,44.0,4151.0,4.151,1.927246,1.445435,0.0,0.481812,0.0,3.4545,3.4545,0.6385,0.3163,,2,1,235,40,claude_code,file_add,4
97,PacoVK/tapir,2025-10,24310,1,2025-11,0,-1,6.0,0.0,2.0,0.0,8.0,44.0,4151.0,4.151,1.927246,1.445435,0.0,0.481812,0.0,3.4545,3.4545,0.6385,0.3163,,6,4,235,40,claude_code,file_add,4
97,PacoVK/tapir,2025-11,24311,1,2025-11,1,0,6.0,0.0,2.0,0.0,8.0,44.0,4151.0,4.151,1.927246,1.445435,0.0,0.481812,0.0,3.4545,3.4545,0.6385,0.3163,,44,3,235,40,claude_code,file_add,4
97,PacoVK/tapir,2025-12,24312,1,2025-11,1,1,6.0,0.0,2.0,0.0,8.0,44.0,4262.0,4.262,1.877053,1.40779,0.0,0.469263,0.0,3.4545,3.4545,0.6385,0.3049,,0,0,235,40,claude_code,file_add,4
97,PacoVK/tapir,2026-01,24313,1,2025-11,1,2,6.0,0.0,2.0,0.0,8.0,44.0,4262.0,4.262,1.877053,1.40779,0.0,0.469263,0.0,3.4545,3.4545,0.6385,0.3049,,0,0,235,40,claude_code,file_add,4
97,PacoVK/tapir,2026-02,24314,1,2025-11,1,3,6.0,0.0,2.0,0.0,8.0,44.0,4262.0,4.262,1.877053,1.40779,0.0,0.469263,0.0,3.4545,3.4545,0.6385,0.3049,,2,1,235,40,claude_code,file_add,4
97,PacoVK/tapir,2026-03,24315,1,2025-11,1,4,6.0,0.0,2.0,0.0,8.0,44.0,4266.0,4.266,1.875293,1.40647,0.0,0.468823,0.0,3.4545,3.4545,0.6385,0.3049,,0,0,235,40,claude_code,file_add,4
97,PacoVK/tapir,2026-04,24316,1,2025-11,1,5,6.0,0.0,2.0,0.0,8.0,44.0,4266.0,4.266,1.875293,1.40647,0.0,0.468823,0.0,3.4545,3.4545,0.6385,0.3049,,0,0,235,40,claude_code,file_add,4
97,PacoVK/tapir,2026-05,24317,1,2025-11,1,6,6.0,0.0,2.0,0.0,8.0,44.0,4266.0,4.266,1.875293,1.40647,0.0,0.468823,0.0,3.4545,3.4545,0.6385,0.3049,,0,0,235,40,claude_code,file_add,4
98,smartboot/smart-mqtt,2025-05,24305,0,2025-11,0,-6,13.0,0.0,1.0,0.0,14.0,51.0,7849.0,7.849,1.783667,1.656262,0.0,0.127405,0.0,4.1373,4.1373,0.542,0.3791,,59,1,172,47,control,,0
98,smartboot/smart-mqtt,2025-06,24306,0,2025-11,0,-5,10.0,1.0,1.0,0.0,12.0,46.0,7838.0,7.838,1.531003,1.275836,0.127584,0.127584,0.0,4.4348,4.4348,0.6396,0.3107,,104,1,172,47,control,,0
98,smartboot/smart-mqtt,2025-07,24307,0,2025-11,0,-4,9.0,1.0,1.0,0.0,11.0,45.0,8173.0,8.173,1.345895,1.101187,0.122354,0.122354,0.0,4.3778,4.3778,0.6353,0.3107,,45,1,172,47,control,,0
98,smartboot/smart-mqtt,2025-08,24308,0,2025-11,0,-3,9.0,1.0,1.0,0.0,11.0,45.0,8201.0,8.201,1.3413,1.097427,0.121936,0.121936,0.0,4.3778,4.3778,0.6322,0.3135,,5,1,172,47,control,,0
98,smartboot/smart-mqtt,2025-09,24309,0,2025-11,0,-2,9.0,1.0,1.0,0.0,11.0,45.0,8206.0,8.206,1.340483,1.096758,0.121862,0.121862,0.0,4.3778,4.3778,0.6322,0.3135,,2,1,172,47,control,,0
98,smartboot/smart-mqtt,2025-10,24310,0,2025-11,0,-1,9.0,1.0,1.0,0.0,11.0,45.0,8206.0,8.206,1.340483,1.096758,0.121862,0.121862,0.0,4.3778,4.3778,0.6322,0.3135,,61,1,172,47,control,,0
98,smartboot/smart-mqtt,2025-11,24311,0,2025-11,1,0,9.0,1.0,1.0,0.0,11.0,45.0,8209.0,8.209,1.339993,1.096358,0.121818,0.121818,0.0,4.3556,4.3556,0.6303,0.3159,,22,1,172,47,control,,0
98,smartboot/smart-mqtt,2025-12,24312,0,2025-11,1,1,9.0,1.0,1.0,0.0,11.0,45.0,8241.0,8.241,1.334789,1.0921,0.121344,0.121344,0.0,4.3556,4.3556,0.6301,0.3162,,2,1,172,47,control,,0
98,smartboot/smart-mqtt,2026-01,24313,0,2025-11,1,2,9.0,1.0,1.0,0.0,11.0,45.0,8239.0,8.239,1.335113,1.092366,0.121374,0.121374,0.0,4.3556,4.3556,0.6301,0.3162,,0,0,172,47,control,,0
98,smartboot/smart-mqtt,2026-02,24314,0,2025-11,1,3,9.0,1.0,1.0,0.0,11.0,45.0,8239.0,8.239,1.335113,1.092366,0.121374,0.121374,0.0,4.3556,4.3556,0.6301,0.3162,,87,1,172,47,control,,0
98,smartboot/smart-mqtt,2026-03,24315,0,2025-11,1,4,9.0,1.0,1.0,0.0,11.0,46.0,8740.0,8.74,1.258581,1.029748,0.114416,0.114416,0.0,4.4348,4.4348,0.6188,0.3276,,120,1,172,47,control,,0
98,smartboot/smart-mqtt,2026-04,24316,0,2025-11,1,5,9.0,1.0,1.0,0.0,11.0,49.0,8938.0,8.938,1.2307,1.006937,0.111882,0.111882,0.0,4.2041,4.2041,0.642,0.3075,,0,0,172,47,control,,0
98,smartboot/smart-mqtt,2026-05,24317,0,2025-11,1,6,9.0,1.0,1.0,0.0,11.0,49.0,8938.0,8.938,1.2307,1.006937,0.111882,0.111882,0.0,4.2041,4.2041,0.642,0.3075,,0,0,172,47,control,,0
99,datavane/tis,2025-04,24304,1,2025-10,0,-6,677.0,20.0,4.0,0.0,701.0,321.0,78621.0,78.621,8.916193,8.610931,0.254385,0.050877,0.0,6.1963,6.1963,0.6154,0.2974,,34,1,1285,86,claude_code,file_add,1
99,datavane/tis,2025-05,24305,1,2025-10,0,-5,673.0,22.0,3.0,0.0,698.0,320.0,79046.0,79.046,8.830301,8.51403,0.278319,0.037953,0.0,6.2375,6.2375,0.6172,0.2982,,17,1,1285,86,claude_code,file_add,1
99,datavane/tis,2025-06,24306,1,2025-10,0,-4,695.0,22.0,6.0,0.0,723.0,320.0,79298.0,79.298,9.117506,8.764408,0.277434,0.075664,0.0,6.25,6.25,0.617,0.2981,,10,1,1285,86,claude_code,file_add,1
99,datavane/tis,2025-07,24307,1,2025-10,0,-3,699.0,22.0,6.0,0.0,727.0,321.0,79697.0,79.697,9.12205,8.770719,0.276046,0.075285,0.0,6.2617,6.2617,0.6183,0.2974,,8,1,1285,86,claude_code,file_add,1
99,datavane/tis,2025-08,24308,1,2025-10,0,-2,697.0,21.0,3.0,0.0,721.0,323.0,80187.0,80.187,8.991482,8.692182,0.261888,0.037413,0.0,6.3158,6.3158,0.6198,0.2962,,16,1,1285,86,claude_code,file_add,1
99,datavane/tis,2025-09,24309,1,2025-10,0,-1,697.0,21.0,3.0,0.0,721.0,323.0,80276.0,80.276,8.981514,8.682545,0.261597,0.037371,0.0,6.322,6.322,0.62,0.2962,,1,1,1285,86,claude_code,file_add,1
99,datavane/tis,2025-10,24310,1,2025-10,1,0,697.0,21.0,3.0,0.0,721.0,323.0,80273.0,80.273,8.981849,8.68287,0.261607,0.037372,0.0,6.322,6.322,0.62,0.2962,,5,2,1285,86,claude_code,file_add,1
99,datavane/tis,2025-11,24311,1,2025-10,1,1,752.0,22.0,2.0,0.0,776.0,332.0,84216.0,84.216,9.214401,8.92942,0.261233,0.023748,0.0,6.5934,6.5934,0.618,0.2951,,22,1,1285,86,claude_code,file_add,1
99,datavane/tis,2025-12,24312,1,2025-10,1,2,760.0,22.0,2.0,0.0,784.0,335.0,85490.0,85.49,9.170663,8.889929,0.25734,0.023395,0.0,6.6627,6.6627,0.6194,0.2928,,27,1,1285,86,claude_code,file_add,1
99,datavane/tis,2026-01,24313,1,2025-10,1,3,765.0,23.0,2.0,0.0,790.0,338.0,86369.0,86.369,9.1468,8.857345,0.266299,0.023156,0.0,6.6893,6.6893,0.62,0.292,,13,1,1285,86,claude_code,file_add,1
99,datavane/tis,2026-02,24314,1,2025-10,1,4,778.0,22.0,7.0,0.0,807.0,342.0,86886.0,86.886,9.288033,8.954262,0.253205,0.080565,0.0,6.7076,6.7076,0.6236,0.2917,,2,1,1285,86,claude_code,file_add,1
99,datavane/tis,2026-03,24315,1,2025-10,1,5,776.0,22.0,4.0,0.0,802.0,346.0,88105.0,88.105,9.102775,8.807673,0.249702,0.0454,0.0,6.685,6.685,0.6229,0.2946,,3,1,1285,86,claude_code,file_add,1
99,datavane/tis,2026-04,24316,1,2025-10,1,6,777.0,22.0,4.0,0.0,803.0,346.0,88142.0,88.142,9.110299,8.815321,0.249597,0.045381,0.0,6.6676,6.6676,0.6226,0.2945,,0,0,1285,86,claude_code,file_add,1
100,tensorflow/java,2025-04,24304,0,2025-10,0,-6,,,,,,,,,,,,,,,,,,,0,0,920,78,control,,0
100,tensorflow/java,2025-05,24305,0,2025-10,0,-5,,,,,,,,,,,,,,,,,,,1,1,920,78,control,,0
100,tensorflow/java,2025-06,24306,0,2025-10,0,-4,,,,,,,,,,,,,,,,,,,6,4,920,78,control,,0
100,tensorflow/java,2025-07,24307,0,2025-10,0,-3,,,,,,,,,,,,,,,,,,,0,0,920,78,control,,0
100,tensorflow/java,2025-08,24308,0,2025-10,0,-2,,,,,,,,,,,,,,,,,,,1,1,920,78,control,,0
100,tensorflow/java,2025-09,24309,0,2025-10,0,-1,,,,,,,,,,,,,,,,,,,1,1,920,78,control,,0
100,tensorflow/java,2025-10,24310,0,2025-10,1,0,,,,,,,,,,,,,,,,,,,1,1,920,78,control,,0
100,tensorflow/java,2025-11,24311,0,2025-10,1,1,,,,,,,,,,,,,,,,,,,1,1,920,78,control,,0
100,tensorflow/java,2025-12,24312,0,2025-10,1,2,,,,,,,,,,,,,,,,,,,3,2,920,78,control,,0
100,tensorflow/java,2026-01,24313,0,2025-10,1,3,,,,,,,,,,,,,,,,,,,3,2,920,78,control,,0
100,tensorflow/java,2026-02,24314,0,2025-10,1,4,,,,,,,,,,,,,,,,,,,13,3,920,78,control,,0
100,tensorflow/java,2026-03,24315,0,2025-10,1,5,,,,,,,,,,,,,,,,,,,5,2,920,78,control,,0
100,tensorflow/java,2026-04,24316,0,2025-10,1,6,,,,,,,,,,,,,,,,,,,0,0,920,78,control,,0
101,Engineering-Research-and-Development/dsp-true-connector,2025-05,24305,1,2025-11,0,-6,9.0,1.0,1.0,0.0,11.0,70.0,15503.0,15.503,0.70954,0.580533,0.064504,0.064504,0.0,2.4857,2.4857,0.5327,0.4055,,24,3,5,24,copilot,file_add,1
101,Engineering-Research-and-Development/dsp-true-connector,2025-06,24306,1,2025-11,0,-5,17.0,3.0,2.0,0.0,22.0,92.0,27366.0,27.366,0.803917,0.621209,0.109625,0.073083,0.0,3.6522,3.6522,0.5491,0.386,,21,4,5,24,copilot,file_add,1
101,Engineering-Research-and-Development/dsp-true-connector,2025-07,24307,1,2025-11,0,-4,19.0,3.0,3.0,0.0,25.0,98.0,28789.0,28.789,0.868387,0.659974,0.104206,0.104206,0.0,3.6939,3.6939,0.5373,0.3956,,14,3,5,24,copilot,file_add,1
101,Engineering-Research-and-Development/dsp-true-connector,2025-08,24308,1,2025-11,0,-3,19.0,3.0,3.0,0.0,25.0,98.0,28789.0,28.789,0.868387,0.659974,0.104206,0.104206,0.0,3.6939,3.6939,0.5373,0.3956,,8,3,5,24,copilot,file_add,1
101,Engineering-Research-and-Development/dsp-true-connector,2025-09,24309,1,2025-11,0,-2,19.0,3.0,1.0,0.0,23.0,109.0,31569.0,31.569,0.728563,0.601856,0.09503,0.031677,0.0,3.7982,3.7982,0.5624,0.3699,,6,3,5,24,copilot,file_add,1
101,Engineering-Research-and-Development/dsp-true-connector,2025-10,24310,1,2025-11,0,-1,19.0,3.0,1.0,0.0,23.0,109.0,31569.0,31.569,0.728563,0.601856,0.09503,0.031677,0.0,3.7982,3.7982,0.5624,0.3699,,6,2,5,24,copilot,file_add,1
101,Engineering-Research-and-Development/dsp-true-connector,2025-11,24311,1,2025-11,1,0,19.0,3.0,1.0,0.0,23.0,112.0,32118.0,32.118,0.716109,0.591569,0.093406,0.031135,0.0,3.8571,3.8571,0.5571,0.3711,,17,3,5,24,copilot,file_add,1
101,Engineering-Research-and-Development/dsp-true-connector,2025-12,24312,1,2025-11,1,1,18.0,3.0,2.0,0.0,23.0,113.0,33287.0,33.287,0.69096,0.540752,0.090125,0.060084,0.0,3.8584,3.8584,0.5569,0.3696,,2,2,5,24,copilot,file_add,1
101,Engineering-Research-and-Development/dsp-true-connector,2026-01,24313,1,2025-11,1,2,18.0,3.0,2.0,0.0,23.0,113.0,33287.0,33.287,0.69096,0.540752,0.090125,0.060084,0.0,3.8584,3.8584,0.5569,0.3696,,4,2,5,24,copilot,file_add,1
101,Engineering-Research-and-Development/dsp-true-connector,2026-02,24314,1,2025-11,1,3,18.0,3.0,5.0,0.0,26.0,114.0,34034.0,34.034,0.763942,0.528883,0.088147,0.146912,0.0,3.8596,3.8596,0.5567,0.3695,,0,0,5,24,copilot,file_add,1
101,Engineering-Research-and-Development/dsp-true-connector,2026-03,24315,1,2025-11,1,4,18.0,3.0,5.0,0.0,26.0,114.0,34034.0,34.034,0.763942,0.528883,0.088147,0.146912,0.0,3.8596,3.8596,0.5567,0.3695,,5,2,5,24,copilot,file_add,1
101,Engineering-Research-and-Development/dsp-true-connector,2026-04,24316,1,2025-11,1,5,18.0,3.0,5.0,0.0,26.0,114.0,34161.0,34.161,0.761102,0.526917,0.087819,0.146366,0.0,3.8596,3.8596,0.5566,0.3697,,0,0,5,24,copilot,file_add,1
101,Engineering-Research-and-Development/dsp-true-connector,2026-05,24317,1,2025-11,1,6,18.0,3.0,5.0,0.0,26.0,114.0,34161.0,34.161,0.761102,0.526917,0.087819,0.146366,0.0,3.8596,3.8596,0.5566,0.3697,,0,0,5,24,copilot,file_add,1
102,MoonWorm/jsonapi4j,2025-11,24311,0,2025-11,1,0,24.0,4.0,1.0,0.0,29.0,102.0,10924.0,10.924,2.654705,2.196997,0.366166,0.091542,0.0,4.3333,4.3333,0.5189,0.3854,,29,4,20,13,control,,0
102,MoonWorm/jsonapi4j,2025-12,24312,0,2025-11,1,1,34.0,4.0,1.0,0.0,39.0,107.0,11848.0,11.848,3.291695,2.869683,0.33761,0.084402,0.0,4.4019,4.4019,0.5237,0.3875,,23,3,20,13,control,,0
102,MoonWorm/jsonapi4j,2026-01,24313,0,2025-11,1,2,34.0,4.0,1.0,0.0,39.0,107.0,11848.0,11.848,3.291695,2.869683,0.33761,0.084402,0.0,4.4019,4.4019,0.5237,0.3875,,30,1,20,13,control,,0
102,MoonWorm/jsonapi4j,2026-02,24314,0,2025-11,1,3,39.0,3.0,3.0,0.0,45.0,109.0,13053.0,13.053,3.447483,2.987819,0.229832,0.229832,0.0,4.4771,4.4771,0.5624,0.3296,,18,2,20,13,control,,0
102,MoonWorm/jsonapi4j,2026-03,24315,0,2025-11,1,4,40.0,2.0,4.0,0.0,46.0,128.0,13278.0,13.278,3.464377,3.012502,0.150625,0.30125,0.0,4.0469,4.0469,0.5688,0.3381,,11,1,20,13,control,,0
102,MoonWorm/jsonapi4j,2026-04,24316,0,2025-11,1,5,40.0,2.0,4.0,0.0,46.0,127.0,13686.0,13.686,3.361099,2.922695,0.146135,0.292269,0.0,4.2913,4.2913,0.5763,0.321,,0,0,20,13,control,,0
102,MoonWorm/jsonapi4j,2026-05,24317,0,2025-11,1,6,40.0,2.0,4.0,0.0,46.0,127.0,13686.0,13.686,3.361099,2.922695,0.146135,0.292269,0.0,4.2913,4.2913,0.5763,0.321,,0,0,20,13,control,,0
103,xtclang/xvm,2025-03,24303,1,2025-09,0,-6,,,,,,,,,,,,,,,,,,,48,3,210,80,claude_code,file_add,6
103,xtclang/xvm,2025-04,24304,1,2025-09,0,-5,,,,,,,,,,,,,,,,,,,52,2,210,80,claude_code,file_add,6
103,xtclang/xvm,2025-05,24305,1,2025-09,0,-4,,,,,,,,,,,,,,,,,,,35,3,210,80,claude_code,file_add,6
103,xtclang/xvm,2025-06,24306,1,2025-09,0,-3,,,,,,,,,,,,,,,,,,,27,5,210,80,claude_code,file_add,6
103,xtclang/xvm,2025-07,24307,1,2025-09,0,-2,120.0,4.0,5.0,5.0,134.0,62.0,134944.0,134.944,0.993005,0.889258,0.029642,0.037052,0.037052,5.4839,5.4839,0.6361,0.2763,,7,2,210,80,claude_code,file_add,6
103,xtclang/xvm,2025-08,24308,1,2025-09,0,-1,,,,,,,,,,,,,,,,,,,23,3,210,80,claude_code,file_add,6
103,xtclang/xvm,2025-09,24309,1,2025-09,1,0,,,,,,,,,,,,,,,,,,,43,5,210,80,claude_code,file_add,6
103,xtclang/xvm,2025-10,24310,1,2025-09,1,1,,,,,,,,,,,,,,,,,,,35,4,210,80,claude_code,file_add,6
103,xtclang/xvm,2025-11,24311,1,2025-09,1,2,,,,,,,,,,,,,,,,,,,14,5,210,80,claude_code,file_add,6
103,xtclang/xvm,2025-12,24312,1,2025-09,1,3,,,,,,,,,,,,,,,,,,,24,4,210,80,claude_code,file_add,6
103,xtclang/xvm,2026-01,24313,1,2025-09,1,4,129.0,4.0,2.0,4.0,139.0,74.0,115977.0,115.977,1.198513,1.11229,0.03449,0.017245,0.03449,5.3514,5.3514,0.6323,0.2918,,15,4,210,80,claude_code,file_add,6
103,xtclang/xvm,2026-02,24314,1,2025-09,1,5,129.0,4.0,2.0,4.0,139.0,74.0,118120.0,118.12,1.176769,1.09211,0.033864,0.016932,0.033864,5.3514,5.3514,0.6316,0.2891,,20,4,210,80,claude_code,file_add,6
103,xtclang/xvm,2026-03,24315,1,2025-09,1,6,,,,,,,,,,,,,,,,,,,20,4,210,80,claude_code,file_add,6
104,jjazzboss/JJazzLab,2025-03,24303,0,2025-09,0,-6,47.0,7.0,3.0,1.0,58.0,195.0,117501.0,117.501,0.493613,0.399997,0.059574,0.025532,0.008511,8.3077,8.3077,0.646,0.2264,,19,1,520,78,control,,0
104,jjazzboss/JJazzLab,2025-04,24304,0,2025-09,0,-5,47.0,7.0,3.0,1.0,58.0,195.0,117501.0,117.501,0.493613,0.399997,0.059574,0.025532,0.008511,8.3077,8.3077,0.646,0.2264,,98,4,520,78,control,,0
104,jjazzboss/JJazzLab,2025-05,24305,0,2025-09,0,-4,49.0,7.0,5.0,1.0,62.0,199.0,120194.0,120.194,0.515833,0.407674,0.058239,0.041599,0.00832,8.3518,8.3518,0.6498,0.2237,,39,2,520,78,control,,0
104,jjazzboss/JJazzLab,2025-06,24306,0,2025-09,0,-3,49.0,7.0,2.0,1.0,59.0,200.0,120449.0,120.449,0.489834,0.406811,0.058116,0.016605,0.008302,8.3,8.3,0.6504,0.2225,,13,3,520,78,control,,0
104,jjazzboss/JJazzLab,2025-07,24307,0,2025-09,0,-2,49.0,7.0,2.0,1.0,59.0,200.0,120686.0,120.686,0.488872,0.406012,0.058002,0.016572,0.008286,8.305,8.305,0.6502,0.2225,,2,1,520,78,control,,0
104,jjazzboss/JJazzLab,2025-08,24308,0,2025-09,0,-1,49.0,7.0,2.0,1.0,59.0,200.0,120688.0,120.688,0.488864,0.406006,0.058001,0.016572,0.008286,8.305,8.305,0.6502,0.2225,,5,1,520,78,control,,0
104,jjazzboss/JJazzLab,2025-09,24309,0,2025-09,1,0,49.0,7.0,2.0,1.0,59.0,200.0,120688.0,120.688,0.488864,0.406006,0.058001,0.016572,0.008286,8.305,8.305,0.6502,0.2225,,248,3,520,78,control,,0
104,jjazzboss/JJazzLab,2025-10,24310,0,2025-09,1,1,52.0,7.0,2.0,1.0,62.0,202.0,123128.0,123.128,0.503541,0.422325,0.056851,0.016243,0.008122,8.5446,8.5446,0.6509,0.2218,,444,7,520,78,control,,0
104,jjazzboss/JJazzLab,2025-11,24311,0,2025-09,1,2,52.0,7.0,1.0,1.0,61.0,204.0,123378.0,123.378,0.494416,0.421469,0.056736,0.008105,0.008105,8.5539,8.5539,0.6536,0.2201,,212,5,520,78,control,,0
104,jjazzboss/JJazzLab,2025-12,24312,0,2025-09,1,3,51.0,6.0,1.0,1.0,59.0,203.0,123682.0,123.682,0.47703,0.412348,0.048512,0.008085,0.008085,8.7389,8.7389,0.6573,0.2182,,84,3,520,78,control,,0
104,jjazzboss/JJazzLab,2026-01,24313,0,2025-09,1,4,53.0,8.0,6.0,1.0,68.0,204.0,125734.0,125.734,0.540824,0.421525,0.063626,0.04772,0.007953,8.8333,8.8333,0.6559,0.2169,,17,3,520,78,control,,0
104,jjazzboss/JJazzLab,2026-02,24314,0,2025-09,1,5,53.0,8.0,6.0,1.0,68.0,203.0,125810.0,125.81,0.540498,0.42127,0.063588,0.047691,0.007948,8.8473,8.8473,0.6542,0.218,,0,0,520,78,control,,0
104,jjazzboss/JJazzLab,2026-03,24315,0,2025-09,1,6,53.0,8.0,6.0,1.0,68.0,203.0,125810.0,125.81,0.540498,0.42127,0.063588,0.047691,0.007948,8.8473,8.8473,0.6542,0.218,,0,0,520,78,control,,0
105,DIGI-UW/OpenELIS-Global-2,2025-05,24305,1,2025-11,0,-6,1523.0,15.0,3.0,0.0,1541.0,793.0,116288.0,116.288,13.251582,13.096794,0.12899,0.025798,0.0,8.6797,8.6797,0.6618,0.3046,,242,11,205,86,claude_code,file_add,14
105,DIGI-UW/OpenELIS-Global-2,2025-06,24306,1,2025-11,0,-5,1533.0,15.0,2.0,0.0,1550.0,794.0,117434.0,117.434,13.198903,13.054141,0.127731,0.017031,0.0,8.7128,8.7128,0.6612,0.3038,,339,10,205,86,claude_code,file_add,14
105,DIGI-UW/OpenELIS-Global-2,2025-07,24307,1,2025-11,0,-4,1553.0,16.0,5.0,0.0,1574.0,796.0,119951.0,119.951,13.122025,12.946953,0.133388,0.041684,0.0,8.7714,8.7714,0.6593,0.3026,,372,11,205,86,claude_code,file_add,14
105,DIGI-UW/OpenELIS-Global-2,2025-08,24308,1,2025-11,0,-3,1658.0,16.0,5.0,0.0,1679.0,796.0,124851.0,124.851,13.44803,13.27983,0.128153,0.040048,0.0,8.9359,8.9359,0.6557,0.3009,,85,9,205,86,claude_code,file_add,14
105,DIGI-UW/OpenELIS-Global-2,2025-09,24309,1,2025-11,0,-2,1663.0,16.0,5.0,0.0,1684.0,804.0,125842.0,125.842,13.38186,13.214984,0.127144,0.039732,0.0,8.9378,8.9378,0.6553,0.3014,,59,6,205,86,claude_code,file_add,14
105,DIGI-UW/OpenELIS-Global-2,2025-10,24310,1,2025-11,0,-1,1663.0,16.0,5.0,0.0,1684.0,804.0,126089.0,126.089,13.355646,13.189097,0.126894,0.039655,0.0,8.9515,8.9515,0.6552,0.3014,,76,7,205,86,claude_code,file_add,14
105,DIGI-UW/OpenELIS-Global-2,2025-11,24311,1,2025-11,1,0,1666.0,16.0,5.0,0.0,1687.0,814.0,127157.0,127.157,13.267064,13.101913,0.125829,0.039321,0.0,8.9312,8.9312,0.657,0.3007,,63,9,205,86,claude_code,file_add,14
105,DIGI-UW/OpenELIS-Global-2,2025-12,24312,1,2025-11,1,1,1793.0,19.0,2.0,0.0,1814.0,856.0,143918.0,143.918,12.6044,12.458483,0.13202,0.013897,0.0,8.7932,8.7932,0.6564,0.3016,,128,13,205,86,claude_code,file_add,14
105,DIGI-UW/OpenELIS-Global-2,2026-01,24313,1,2025-11,1,2,1816.0,18.0,2.0,0.0,1836.0,870.0,149986.0,149.986,12.241143,12.107797,0.120011,0.013335,0.0,8.7862,8.7862,0.6546,0.3023,,59,14,205,86,claude_code,file_add,14
105,DIGI-UW/OpenELIS-Global-2,2026-02,24314,1,2025-11,1,3,1816.0,18.0,2.0,0.0,1836.0,870.0,150581.0,150.581,12.192773,12.059954,0.119537,0.013282,0.0,8.7839,8.7839,0.6546,0.3025,,74,18,205,86,claude_code,file_add,14
105,DIGI-UW/OpenELIS-Global-2,2026-03,24315,1,2025-11,1,4,1794.0,18.0,5.0,0.0,1817.0,892.0,168361.0,168.361,10.792286,10.655674,0.106913,0.029698,0.0,8.7534,8.7534,0.6542,0.3023,,14,7,205,86,claude_code,file_add,14
105,DIGI-UW/OpenELIS-Global-2,2026-04,24316,1,2025-11,1,5,1807.0,18.0,5.0,1.0,1831.0,895.0,171249.0,171.249,10.692033,10.551886,0.10511,0.029197,0.005839,8.7799,8.7799,0.6554,0.3012,,0,0,205,86,claude_code,file_add,14
105,DIGI-UW/OpenELIS-Global-2,2026-05,24317,1,2025-11,1,6,1807.0,18.0,5.0,1.0,1831.0,895.0,171249.0,171.249,10.692033,10.551886,0.10511,0.029197,0.005839,8.7799,8.7799,0.6554,0.3012,,0,0,205,86,claude_code,file_add,14
106,dhis2/dhis2-core,2025-05,24305,0,2025-11,0,-6,2073.0,17.0,1.0,9.0,2100.0,697.0,490447.0,490.447,4.281808,4.226756,0.034662,0.002039,0.018351,9.9053,9.9053,0.6543,0.2809,,89,17,331,115,control,,0
106,dhis2/dhis2-core,2025-06,24306,0,2025-11,0,-5,,,,,,,,,,,,,,,,,,,83,16,331,115,control,,0
106,dhis2/dhis2-core,2025-07,24307,0,2025-11,0,-4,2428.0,17.0,11.0,9.0,2465.0,709.0,505414.0,505.414,4.87719,4.803982,0.033636,0.021764,0.017807,9.9873,9.9873,0.6545,0.2813,,78,15,331,115,control,,0
106,dhis2/dhis2-core,2025-08,24308,0,2025-11,0,-3,,,,,,,,,,,,,,,,,,,74,14,331,115,control,,0
106,dhis2/dhis2-core,2025-09,24309,0,2025-11,0,-2,2451.0,17.0,3.0,8.0,2479.0,708.0,511987.0,511.987,4.84192,4.787231,0.033204,0.00586,0.015625,10.0494,10.0494,0.6538,0.282,,92,14,331,115,control,,0
106,dhis2/dhis2-core,2025-10,24310,0,2025-11,0,-1,2521.0,18.0,12.0,9.0,2560.0,712.0,515378.0,515.378,4.967228,4.891555,0.034926,0.023284,0.017463,10.0281,10.0281,0.6512,0.285,,96,17,331,115,control,,0
106,dhis2/dhis2-core,2025-11,24311,0,2025-11,1,0,,,,,,,,,,,,,,,,,,,55,14,331,115,control,,0
106,dhis2/dhis2-core,2025-12,24312,0,2025-11,1,1,2490.0,17.0,2.0,9.0,2518.0,716.0,523897.0,523.897,4.806288,4.752843,0.032449,0.003818,0.017179,10.0559,10.0559,0.6503,0.2862,,60,16,331,115,control,,0
106,dhis2/dhis2-core,2026-01,24313,0,2025-11,1,2,,,,,,,,,,,,,,,,,,,74,15,331,115,control,,0
106,dhis2/dhis2-core,2026-02,24314,0,2025-11,1,3,2435.0,17.0,3.0,9.0,2464.0,720.0,536292.0,536.292,4.594512,4.540437,0.031699,0.005594,0.016782,10.1694,10.1694,0.6486,0.288,,119,15,331,115,control,,0
106,dhis2/dhis2-core,2026-03,24315,0,2025-11,1,4,2486.0,17.0,7.0,9.0,2519.0,722.0,550000.0,550.0,4.58,4.52,0.030909,0.012727,0.016364,10.2562,10.2562,0.65,0.2868,,35,14,331,115,control,,0
106,dhis2/dhis2-core,2026-04,24316,0,2025-11,1,5,,,,,,,,,,,,,,,,,,,0,0,331,115,control,,0
106,dhis2/dhis2-core,2026-05,24317,0,2025-11,1,6,2488.0,17.0,7.0,9.0,2521.0,724.0,555630.0,555.63,4.537192,4.4778,0.030596,0.012598,0.016198,10.3384,10.3384,0.6504,0.2861,,0,0,331,115,control,,0
107,open-telemetry/opentelemetry-java-instrumentation,2025-03,24303,1,2025-09,0,-6,72.0,16.0,3.0,0.0,91.0,983.0,196302.0,196.302,0.463571,0.366782,0.081507,0.015283,0.0,4.9593,4.9593,0.7703,0.1982,,131,23,2479,78,copilot,commit_pattern,47
107,open-telemetry/opentelemetry-java-instrumentation,2025-04,24304,1,2025-09,0,-5,77.0,16.0,3.0,0.0,96.0,992.0,200806.0,200.806,0.478073,0.383455,0.079679,0.01494,0.0,4.9667,4.9667,0.771,0.1982,,103,18,2479,78,copilot,commit_pattern,47
107,open-telemetry/opentelemetry-java-instrumentation,2025-05,24305,1,2025-09,0,-4,79.0,16.0,1.0,0.0,96.0,998.0,204136.0,204.136,0.470275,0.386997,0.078379,0.004899,0.0,4.9649,4.9649,0.7709,0.1984,,94,16,2479,78,copilot,commit_pattern,47
107,open-telemetry/opentelemetry-java-instrumentation,2025-06,24306,1,2025-09,0,-3,79.0,16.0,1.0,0.0,96.0,1012.0,211019.0,211.019,0.454935,0.374374,0.075823,0.004739,0.0,4.9931,4.9931,0.7723,0.1973,,107,14,2479,78,copilot,commit_pattern,47
107,open-telemetry/opentelemetry-java-instrumentation,2025-07,24307,1,2025-09,0,-2,,,,,,,,,,,,,,,,,,,98,15,2479,78,copilot,commit_pattern,47
107,open-telemetry/opentelemetry-java-instrumentation,2025-08,24308,1,2025-09,0,-1,,,,,,,,,,,,,,,,,,,118,12,2479,78,copilot,commit_pattern,47
107,open-telemetry/opentelemetry-java-instrumentation,2025-09,24309,1,2025-09,1,0,,,,,,,,,,,,,,,,,,,176,19,2479,78,copilot,commit_pattern,47
107,open-telemetry/opentelemetry-java-instrumentation,2025-10,24310,1,2025-09,1,1,,,,,,,,,,,,,,,,,,,253,20,2479,78,copilot,commit_pattern,47
107,open-telemetry/opentelemetry-java-instrumentation,2025-11,24311,1,2025-09,1,2,,,,,,,,,,,,,,,,,,,202,10,2479,78,copilot,commit_pattern,47
107,open-telemetry/opentelemetry-java-instrumentation,2025-12,24312,1,2025-09,1,3,100.0,17.0,3.0,0.0,120.0,1095.0,237476.0,237.476,0.505314,0.421095,0.071586,0.012633,0.0,5.189,5.189,0.769,0.1977,,152,16,2479,78,copilot,commit_pattern,47
107,open-telemetry/opentelemetry-java-instrumentation,2026-01,24313,1,2025-09,1,4,102.0,20.0,4.0,0.0,126.0,1114.0,240645.0,240.645,0.523593,0.423861,0.08311,0.016622,0.0,5.1697,5.1697,0.7691,0.1962,,194,12,2479,78,copilot,commit_pattern,47
107,open-telemetry/opentelemetry-java-instrumentation,2026-02,24314,1,2025-09,1,5,108.0,20.0,4.0,0.0,132.0,1120.0,242829.0,242.829,0.543592,0.444757,0.082362,0.016472,0.0,5.192,5.192,0.7692,0.1973,,178,15,2479,78,copilot,commit_pattern,47
107,open-telemetry/opentelemetry-java-instrumentation,2026-03,24315,1,2025-09,1,6,,,,,,,,,,,,,,,,,,,67,14,2479,78,copilot,commit_pattern,47
108,micronaut-projects/micronaut-core,2025-03,24303,0,2025-09,0,-6,,,,,,,,,,,,,,,,,,,71,9,6392,96,control,,0
108,micronaut-projects/micronaut-core,2025-04,24304,0,2025-09,0,-5,,,,,,,,,,,,,,,,,,,60,11,6392,96,control,,0
108,micronaut-projects/micronaut-core,2025-05,24305,0,2025-09,0,-4,,,,,,,,,,,,,,,,,,,18,7,6392,96,control,,0
108,micronaut-projects/micronaut-core,2025-06,24306,0,2025-09,0,-3,,,,,,,,,,,,,,,,,,,86,13,6392,96,control,,0
108,micronaut-projects/micronaut-core,2025-07,24307,0,2025-09,0,-2,,,,,,,,,,,,,,,,,,,46,11,6392,96,control,,0
108,micronaut-projects/micronaut-core,2025-08,24308,0,2025-09,0,-1,,,,,,,,,,,,,,,,,,,21,6,6392,96,control,,0
108,micronaut-projects/micronaut-core,2025-09,24309,0,2025-09,1,0,,,,,,,,,,,,,,,,,,,50,10,6392,96,control,,0
108,micronaut-projects/micronaut-core,2025-10,24310,0,2025-09,1,1,447.0,6.0,7.0,0.0,460.0,831.0,143089.0,143.089,3.214782,3.12393,0.041932,0.048921,0.0,5.6438,5.6438,0.7481,0.2313,,72,12,6392,96,control,,0
108,micronaut-projects/micronaut-core,2025-11,24311,0,2025-09,1,2,,,,,,,,,,,,,,,,,,,40,9,6392,96,control,,0
108,micronaut-projects/micronaut-core,2025-12,24312,0,2025-09,1,3,,,,,,,,,,,,,,,,,,,45,11,6392,96,control,,0
108,micronaut-projects/micronaut-core,2026-01,24313,0,2025-09,1,4,,,,,,,,,,,,,,,,,,,56,10,6392,96,control,,0
108,micronaut-projects/micronaut-core,2026-02,24314,0,2025-09,1,5,,,,,,,,,,,,,,,,,,,48,11,6392,96,control,,0
108,micronaut-projects/micronaut-core,2026-03,24315,0,2025-09,1,6,,,,,,,,,,,,,,,,,,,25,9,6392,96,control,,0
109,cygnusx-1-org/Slide,2024-09,24297,1,2025-03,0,-6,45.0,3.0,2.0,1.0,51.0,35.0,47485.0,47.485,1.074023,0.947668,0.063178,0.042119,0.021059,4.4286,4.4286,0.4733,0.458,,0,0,180,15,cursor,file_add,7
109,cygnusx-1-org/Slide,2024-10,24298,1,2025-03,0,-5,45.0,3.0,2.0,1.0,51.0,35.0,47485.0,47.485,1.074023,0.947668,0.063178,0.042119,0.021059,4.4286,4.4286,0.4733,0.458,,0,0,180,15,cursor,file_add,7
109,cygnusx-1-org/Slide,2024-11,24299,1,2025-03,0,-4,45.0,3.0,2.0,1.0,51.0,35.0,47485.0,47.485,1.074023,0.947668,0.063178,0.042119,0.021059,4.4286,4.4286,0.4733,0.458,,0,0,180,15,cursor,file_add,7
109,cygnusx-1-org/Slide,2024-12,24300,1,2025-03,0,-3,45.0,3.0,2.0,1.0,51.0,35.0,47485.0,47.485,1.074023,0.947668,0.063178,0.042119,0.021059,4.4286,4.4286,0.4733,0.458,,90,1,180,15,cursor,file_add,7
109,cygnusx-1-org/Slide,2025-01,24301,1,2025-03,0,-2,45.0,3.0,2.0,1.0,51.0,34.0,46939.0,46.939,1.086517,0.958691,0.063913,0.042608,0.021304,4.5,4.5,0.4867,0.4426,,57,2,180,15,cursor,file_add,7
109,cygnusx-1-org/Slide,2025-02,24302,1,2025-03,0,-1,45.0,3.0,2.0,2.0,52.0,34.0,59239.0,59.239,0.8778,0.759635,0.050642,0.033762,0.033762,4.5,4.5,0.4922,0.4365,,126,1,180,15,cursor,file_add,7
109,cygnusx-1-org/Slide,2025-03,24303,1,2025-03,1,0,45.0,3.0,2.0,2.0,52.0,34.0,59652.0,59.652,0.871723,0.754375,0.050292,0.033528,0.033528,4.5,4.5,0.4917,0.4371,,140,4,180,15,cursor,file_add,7
109,cygnusx-1-org/Slide,2025-04,24304,1,2025-03,1,1,45.0,3.0,2.0,2.0,52.0,34.0,60064.0,60.064,0.865743,0.749201,0.049947,0.033298,0.033298,4.4412,4.4412,0.4983,0.433,,71,1,180,15,cursor,file_add,7
109,cygnusx-1-org/Slide,2025-05,24305,1,2025-03,1,2,46.0,3.0,2.0,2.0,53.0,34.0,60380.0,60.38,0.877774,0.761842,0.049685,0.033124,0.033124,4.4706,4.4706,0.4998,0.4315,,108,3,180,15,cursor,file_add,7
109,cygnusx-1-org/Slide,2025-06,24306,1,2025-03,1,3,47.0,3.0,3.0,2.0,55.0,34.0,59655.0,59.655,0.921968,0.787864,0.050289,0.050289,0.033526,4.5294,4.5294,0.4994,0.4322,,15,1,180,15,cursor,file_add,7
109,cygnusx-1-org/Slide,2025-07,24307,1,2025-03,1,4,47.0,3.0,3.0,2.0,55.0,34.0,59660.0,59.66,0.921891,0.787798,0.050285,0.050285,0.033523,4.5294,4.5294,0.4994,0.4322,,2,1,180,15,cursor,file_add,7
109,cygnusx-1-org/Slide,2025-08,24308,1,2025-03,1,5,47.0,3.0,3.0,2.0,55.0,34.0,59662.0,59.662,0.92186,0.787771,0.050283,0.050283,0.033522,4.5294,4.5294,0.4994,0.4322,,9,1,180,15,cursor,file_add,7
109,cygnusx-1-org/Slide,2025-09,24309,1,2025-03,1,6,47.0,3.0,3.0,2.0,55.0,34.0,59662.0,59.662,0.92186,0.787771,0.050283,0.050283,0.033522,4.5294,4.5294,0.4994,0.4322,,1,1,180,15,cursor,file_add,7
111,snyk/snyk-eclipse-plugin,2025-02,24302,1,2025-08,0,-6,,,,,,,,,,,,,,,,,,,30,3,20,98,cursor,file_add,1
111,snyk/snyk-eclipse-plugin,2025-03,24303,1,2025-08,0,-5,,,,,,,,,,,,,,,,,,,24,6,20,98,cursor,file_add,1
111,snyk/snyk-eclipse-plugin,2025-04,24304,1,2025-08,0,-4,,,,,,,,,,,,,,,,,,,3,3,20,98,cursor,file_add,1
111,snyk/snyk-eclipse-plugin,2025-05,24305,1,2025-08,0,-3,,,,,,,,,,,,,,,,,,,9,5,20,98,cursor,file_add,1
111,snyk/snyk-eclipse-plugin,2025-06,24306,1,2025-08,0,-2,,,,,,,,,,,,,,,,,,,4,3,20,98,cursor,file_add,1
111,snyk/snyk-eclipse-plugin,2025-07,24307,1,2025-08,0,-1,,,,,,,,,,,,,,,,,,,5,4,20,98,cursor,file_add,1
111,snyk/snyk-eclipse-plugin,2025-08,24308,1,2025-08,1,0,,,,,,,,,,,,,,,,,,,4,4,20,98,cursor,file_add,1
111,snyk/snyk-eclipse-plugin,2025-09,24309,1,2025-08,1,1,,,,,,,,,,,,,,,,,,,2,2,20,98,cursor,file_add,1
111,snyk/snyk-eclipse-plugin,2025-10,24310,1,2025-08,1,2,,,,,,,,,,,,,,,,,,,3,3,20,98,cursor,file_add,1
111,snyk/snyk-eclipse-plugin,2025-11,24311,1,2025-08,1,3,,,,,,,,,,,,,,,,,,,4,3,20,98,cursor,file_add,1
111,snyk/snyk-eclipse-plugin,2025-12,24312,1,2025-08,1,4,,,,,,,,,,,,,,,,,,,2,2,20,98,cursor,file_add,1
111,snyk/snyk-eclipse-plugin,2026-01,24313,1,2025-08,1,5,,,,,,,,,,,,,,,,,,,8,5,20,98,cursor,file_add,1
111,snyk/snyk-eclipse-plugin,2026-02,24314,1,2025-08,1,6,,,,,,,,,,,,,,,,,,,1,1,20,98,cursor,file_add,1
112,Spazzinq/FlightControl,2025-02,24302,0,2025-08,0,-6,12.0,0.0,2.0,0.0,14.0,25.0,2884.0,2.884,4.854369,4.160888,0.0,0.693481,0.0,3.12,3.12,0.541,0.2944,,0,0,20,89,control,,0
112,Spazzinq/FlightControl,2025-03,24303,0,2025-08,0,-5,12.0,0.0,2.0,0.0,14.0,25.0,2884.0,2.884,4.854369,4.160888,0.0,0.693481,0.0,3.12,3.12,0.541,0.2944,,0,0,20,89,control,,0
112,Spazzinq/FlightControl,2025-04,24304,0,2025-08,0,-4,12.0,0.0,2.0,0.0,14.0,25.0,2884.0,2.884,4.854369,4.160888,0.0,0.693481,0.0,3.12,3.12,0.541,0.2944,,0,0,20,89,control,,0
112,Spazzinq/FlightControl,2025-05,24305,0,2025-08,0,-3,12.0,0.0,2.0,0.0,14.0,25.0,2884.0,2.884,4.854369,4.160888,0.0,0.693481,0.0,3.12,3.12,0.541,0.2944,,0,0,20,89,control,,0
112,Spazzinq/FlightControl,2025-06,24306,0,2025-08,0,-2,12.0,0.0,2.0,0.0,14.0,25.0,2884.0,2.884,4.854369,4.160888,0.0,0.693481,0.0,3.12,3.12,0.541,0.2944,,0,0,20,89,control,,0
112,Spazzinq/FlightControl,2025-07,24307,0,2025-08,0,-1,12.0,0.0,2.0,0.0,14.0,25.0,2884.0,2.884,4.854369,4.160888,0.0,0.693481,0.0,3.12,3.12,0.541,0.2944,,0,0,20,89,control,,0
112,Spazzinq/FlightControl,2025-08,24308,0,2025-08,1,0,12.0,0.0,2.0,0.0,14.0,25.0,2884.0,2.884,4.854369,4.160888,0.0,0.693481,0.0,3.12,3.12,0.541,0.2944,,0,0,20,89,control,,0
112,Spazzinq/FlightControl,2025-09,24309,0,2025-08,1,1,12.0,0.0,2.0,0.0,14.0,25.0,2884.0,2.884,4.854369,4.160888,0.0,0.693481,0.0,3.12,3.12,0.541,0.2944,,0,0,20,89,control,,0
112,Spazzinq/FlightControl,2025-10,24310,0,2025-08,1,2,12.0,0.0,2.0,0.0,14.0,25.0,2884.0,2.884,4.854369,4.160888,0.0,0.693481,0.0,3.12,3.12,0.541,0.2944,,0,0,20,89,control,,0
112,Spazzinq/FlightControl,2025-11,24311,0,2025-08,1,3,12.0,0.0,2.0,0.0,14.0,25.0,2884.0,2.884,4.854369,4.160888,0.0,0.693481,0.0,3.12,3.12,0.541,0.2944,,0,0,20,89,control,,0
112,Spazzinq/FlightControl,2025-12,24312,0,2025-08,1,4,12.0,0.0,2.0,0.0,14.0,25.0,2884.0,2.884,4.854369,4.160888,0.0,0.693481,0.0,3.12,3.12,0.541,0.2944,,0,0,20,89,control,,0
112,Spazzinq/FlightControl,2026-01,24313,0,2025-08,1,5,12.0,0.0,2.0,0.0,14.0,25.0,2884.0,2.884,4.854369,4.160888,0.0,0.693481,0.0,3.12,3.12,0.541,0.2944,,0,0,20,89,control,,0
112,Spazzinq/FlightControl,2026-02,24314,0,2025-08,1,6,12.0,0.0,2.0,0.0,14.0,25.0,2884.0,2.884,4.854369,4.160888,0.0,0.693481,0.0,3.12,3.12,0.541,0.2944,,0,0,20,89,control,,0
113,zilliztech/vts,2024-12,24300,1,2025-06,0,-6,,,,,,,,,,,,,,,,,,,90,26,113,20,claude_code,file_add,3
113,zilliztech/vts,2025-01,24301,1,2025-06,0,-5,303.0,10.0,3.0,2.0,318.0,1059.0,239414.0,239.414,1.328243,1.26559,0.041769,0.012531,0.008354,6.5515,6.5515,0.6759,0.2882,,70,31,113,20,claude_code,file_add,3
113,zilliztech/vts,2025-02,24302,1,2025-06,0,-4,,,,,,,,,,,,,,,,,,,107,30,113,20,claude_code,file_add,3
113,zilliztech/vts,2025-03,24303,1,2025-06,0,-3,,,,,,,,,,,,,,,,,,,66,25,113,20,claude_code,file_add,3
113,zilliztech/vts,2025-04,24304,1,2025-06,0,-2,,,,,,,,,,,,,,,,,,,17,1,113,20,claude_code,file_add,3
113,zilliztech/vts,2025-05,24305,1,2025-06,0,-1,,,,,,,,,,,,,,,,,,,15,1,113,20,claude_code,file_add,3
113,zilliztech/vts,2025-06,24306,1,2025-06,1,0,219.0,8.0,1.0,1.0,229.0,617.0,170263.0,170.263,1.344978,1.286245,0.046986,0.005873,0.005873,6.3079,6.3079,0.6743,0.2797,,13,1,113,20,claude_code,file_add,3
113,zilliztech/vts,2025-07,24307,1,2025-06,1,1,200.0,7.0,2.0,0.0,209.0,552.0,130431.0,130.431,1.60238,1.533378,0.053668,0.015334,0.0,6.2663,6.2663,0.6467,0.3036,,0,0,113,20,claude_code,file_add,3
113,zilliztech/vts,2025-08,24308,1,2025-06,1,2,200.0,7.0,2.0,0.0,209.0,552.0,130431.0,130.431,1.60238,1.533378,0.053668,0.015334,0.0,6.2663,6.2663,0.6467,0.3036,,13,3,113,20,claude_code,file_add,3
113,zilliztech/vts,2025-09,24309,1,2025-06,1,3,200.0,7.0,2.0,0.0,209.0,557.0,130812.0,130.812,1.597713,1.528912,0.053512,0.015289,0.0,6.2585,6.2585,0.6474,0.303,,24,2,113,20,claude_code,file_add,3
113,zilliztech/vts,2025-10,24310,1,2025-06,1,4,200.0,7.0,2.0,0.0,209.0,563.0,131116.0,131.116,1.594008,1.525367,0.053388,0.015254,0.0,6.2398,6.2398,0.6488,0.3019,,5,1,113,20,claude_code,file_add,3
113,zilliztech/vts,2025-11,24311,1,2025-06,1,5,,,,,,,,,,,,,,,,,,,5,1,113,20,claude_code,file_add,3
113,zilliztech/vts,2025-12,24312,1,2025-06,1,6,199.0,7.0,2.0,0.0,208.0,563.0,131442.0,131.442,1.582447,1.513976,0.053255,0.015216,0.0,6.2469,6.2469,0.6488,0.3019,,7,1,113,20,claude_code,file_add,3
114,LineageOS/android_packages_apps_DocumentsUI,2024-12,24300,0,2025-06,0,-6,44.0,3.0,1.0,1.0,49.0,24.0,39027.0,39.027,1.255541,1.127425,0.07687,0.025623,0.025623,5.2083,5.2083,0.5063,0.3531,,72,12,19,103,control,,0
114,LineageOS/android_packages_apps_DocumentsUI,2025-01,24301,0,2025-06,0,-5,44.0,3.0,1.0,1.0,49.0,24.0,39092.0,39.092,1.253453,1.12555,0.076742,0.025581,0.025581,5.2083,5.2083,0.5063,0.3531,,92,14,19,103,control,,0
114,LineageOS/android_packages_apps_DocumentsUI,2025-02,24302,0,2025-06,0,-4,44.0,3.0,1.0,1.0,49.0,24.0,39491.0,39.491,1.240789,1.114178,0.075967,0.025322,0.025322,5.2083,5.2083,0.5061,0.3538,,148,15,19,103,control,,0
114,LineageOS/android_packages_apps_DocumentsUI,2025-03,24303,0,2025-06,0,-3,44.0,3.0,1.0,1.0,49.0,24.0,39894.0,39.894,1.228255,1.102923,0.075199,0.025066,0.025066,5.2083,5.2083,0.5067,0.3525,,222,13,19,103,control,,0
114,LineageOS/android_packages_apps_DocumentsUI,2025-04,24304,0,2025-06,0,-2,44.0,3.0,1.0,1.0,49.0,24.0,40699.0,40.699,1.203961,1.081108,0.073712,0.024571,0.024571,5.2083,5.2083,0.5065,0.3527,,275,13,19,103,control,,0
114,LineageOS/android_packages_apps_DocumentsUI,2025-05,24305,0,2025-06,0,-1,44.0,3.0,1.0,1.0,49.0,24.0,40699.0,40.699,1.203961,1.081108,0.073712,0.024571,0.024571,5.2083,5.2083,0.5065,0.3527,,183,18,19,103,control,,0
114,LineageOS/android_packages_apps_DocumentsUI,2025-06,24306,0,2025-06,1,0,44.0,3.0,1.0,1.0,49.0,24.0,40699.0,40.699,1.203961,1.081108,0.073712,0.024571,0.024571,5.2083,5.2083,0.5065,0.3527,,223,17,19,103,control,,0
114,LineageOS/android_packages_apps_DocumentsUI,2025-07,24307,0,2025-06,1,1,44.0,3.0,1.0,1.0,49.0,24.0,40699.0,40.699,1.203961,1.081108,0.073712,0.024571,0.024571,5.2083,5.2083,0.5065,0.3527,,220,20,19,103,control,,0
114,LineageOS/android_packages_apps_DocumentsUI,2025-08,24308,0,2025-06,1,2,44.0,3.0,1.0,1.0,49.0,24.0,40890.0,40.89,1.198337,1.076058,0.073368,0.024456,0.024456,5.2083,5.2083,0.5065,0.3527,,166,19,19,103,control,,0
114,LineageOS/android_packages_apps_DocumentsUI,2025-09,24309,0,2025-06,1,3,44.0,3.0,1.0,1.0,49.0,24.0,40890.0,40.89,1.198337,1.076058,0.073368,0.024456,0.024456,5.2083,5.2083,0.5065,0.3527,,50,15,19,103,control,,0
114,LineageOS/android_packages_apps_DocumentsUI,2025-10,24310,0,2025-06,1,4,44.0,3.0,1.0,1.0,49.0,24.0,40889.0,40.889,1.198366,1.076084,0.073369,0.024456,0.024456,5.2083,5.2083,0.5065,0.3527,,4,2,19,103,control,,0
114,LineageOS/android_packages_apps_DocumentsUI,2025-11,24311,0,2025-06,1,5,44.0,3.0,1.0,1.0,49.0,24.0,40889.0,40.889,1.198366,1.076084,0.073369,0.024456,0.024456,5.2083,5.2083,0.5065,0.3527,,1,1,19,103,control,,0
114,LineageOS/android_packages_apps_DocumentsUI,2025-12,24312,0,2025-06,1,6,44.0,2.0,1.0,1.0,48.0,24.0,42847.0,42.847,1.120265,1.02691,0.046678,0.023339,0.023339,5.2083,5.2083,0.5107,0.3487,,1,1,19,103,control,,0
115,kousen/java_8_recipes,2024-12,24300,1,2025-06,0,-6,0.0,0.0,0.0,0.0,0.0,19.0,3722.0,3.722,0.0,0.0,0.0,0.0,0.0,0.0,0.0,0.0,0.9831,,4,2,388,120,claude_code,file_add,2
115,kousen/java_8_recipes,2025-01,24301,1,2025-06,0,-5,0.0,0.0,0.0,0.0,0.0,19.0,3722.0,3.722,0.0,0.0,0.0,0.0,0.0,0.0,0.0,0.0,0.9831,,12,1,388,120,claude_code,file_add,2
115,kousen/java_8_recipes,2025-02,24302,1,2025-06,0,-4,0.0,0.0,0.0,0.0,0.0,19.0,3722.0,3.722,0.0,0.0,0.0,0.0,0.0,0.0,0.0,0.0,0.9831,,0,0,388,120,claude_code,file_add,2
115,kousen/java_8_recipes,2025-03,24303,1,2025-06,0,-3,0.0,0.0,0.0,0.0,0.0,19.0,3722.0,3.722,0.0,0.0,0.0,0.0,0.0,0.0,0.0,0.0,0.9831,,6,1,388,120,claude_code,file_add,2
115,kousen/java_8_recipes,2025-04,24304,1,2025-06,0,-2,0.0,0.0,0.0,0.0,0.0,19.0,3722.0,3.722,0.0,0.0,0.0,0.0,0.0,0.0,0.0,0.0,0.9831,,2,1,388,120,claude_code,file_add,2
115,kousen/java_8_recipes,2025-05,24305,1,2025-06,0,-1,0.0,0.0,0.0,0.0,0.0,19.0,3722.0,3.722,0.0,0.0,0.0,0.0,0.0,0.0,0.0,0.0,0.9831,,4,2,388,120,claude_code,file_add,2
115,kousen/java_8_recipes,2025-06,24306,1,2025-06,1,0,0.0,0.0,0.0,0.0,0.0,19.0,3722.0,3.722,0.0,0.0,0.0,0.0,0.0,0.0,0.0,0.0,0.9831,,5,2,388,120,claude_code,file_add,2
115,kousen/java_8_recipes,2025-07,24307,1,2025-06,1,1,0.0,0.0,0.0,0.0,0.0,19.0,3728.0,3.728,0.0,0.0,0.0,0.0,0.0,0.0,0.0,0.0,0.9831,,0,0,388,120,claude_code,file_add,2
115,kousen/java_8_recipes,2025-08,24308,1,2025-06,1,2,0.0,0.0,0.0,0.0,0.0,19.0,3728.0,3.728,0.0,0.0,0.0,0.0,0.0,0.0,0.0,0.0,0.9831,,4,2,388,120,claude_code,file_add,2
115,kousen/java_8_recipes,2025-09,24309,1,2025-06,1,3,0.0,0.0,0.0,0.0,0.0,19.0,3728.0,3.728,0.0,0.0,0.0,0.0,0.0,0.0,0.0,0.0,0.9831,,8,2,388,120,claude_code,file_add,2
115,kousen/java_8_recipes,2025-10,24310,1,2025-06,1,4,0.0,0.0,0.0,0.0,0.0,19.0,3728.0,3.728,0.0,0.0,0.0,0.0,0.0,0.0,0.0,0.0,0.9831,,0,0,388,120,claude_code,file_add,2
115,kousen/java_8_recipes,2025-11,24311,1,2025-06,1,5,0.0,0.0,0.0,0.0,0.0,19.0,3728.0,3.728,0.0,0.0,0.0,0.0,0.0,0.0,0.0,0.0,0.9831,,0,0,388,120,claude_code,file_add,2
115,kousen/java_8_recipes,2025-12,24312,1,2025-06,1,6,0.0,0.0,0.0,0.0,0.0,19.0,3728.0,3.728,0.0,0.0,0.0,0.0,0.0,0.0,0.0,0.0,0.9831,,0,0,388,120,claude_code,file_add,2
116,maxmind/MaxMind-DB-Reader-java,2024-12,24300,0,2025-06,0,-6,,,,,,,,,,,,,,,,,,,9,2,126,154,control,,0
116,maxmind/MaxMind-DB-Reader-java,2025-01,24301,0,2025-06,0,-5,,,,,,,,,,,,,,,,,,,8,5,126,154,control,,0
116,maxmind/MaxMind-DB-Reader-java,2025-02,24302,0,2025-06,0,-4,,,,,,,,,,,,,,,,,,,10,5,126,154,control,,0
116,maxmind/MaxMind-DB-Reader-java,2025-03,24303,0,2025-06,0,-3,,,,,,,,,,,,,,,,,,,9,4,126,154,control,,0
116,maxmind/MaxMind-DB-Reader-java,2025-04,24304,0,2025-06,0,-2,,,,,,,,,,,,,,,,,,,13,5,126,154,control,,0
116,maxmind/MaxMind-DB-Reader-java,2025-05,24305,0,2025-06,0,-1,,,,,,,,,,,,,,,,,,,26,6,126,154,control,,0
116,maxmind/MaxMind-DB-Reader-java,2025-06,24306,0,2025-06,1,0,,,,,,,,,,,,,,,,,,,19,5,126,154,control,,0
116,maxmind/MaxMind-DB-Reader-java,2025-07,24307,0,2025-06,1,1,,,,,,,,,,,,,,,,,,,20,6,126,154,control,,0
116,maxmind/MaxMind-DB-Reader-java,2025-08,24308,0,2025-06,1,2,,,,,,,,,,,,,,,,,,,23,6,126,154,control,,0
116,maxmind/MaxMind-DB-Reader-java,2025-09,24309,0,2025-06,1,3,,,,,,,,,,,,,,,,,,,53,6,126,154,control,,0
116,maxmind/MaxMind-DB-Reader-java,2025-10,24310,0,2025-06,1,4,,,,,,,,,,,,,,,,,,,67,7,126,154,control,,0
116,maxmind/MaxMind-DB-Reader-java,2025-11,24311,0,2025-06,1,5,,,,,,,,,,,,,,,,,,,17,6,126,154,control,,0
116,maxmind/MaxMind-DB-Reader-java,2025-12,24312,0,2025-06,1,6,,,,,,,,,,,,,,,,,,,26,4,126,154,control,,0
117,e-gleba/cxx-skeleton,2025-05,24305,1,2025-11,0,-6,,,,,,,,,,,,,,,,,,,5,1,7,35,cursor,file_add,1
117,e-gleba/cxx-skeleton,2025-06,24306,1,2025-11,0,-5,,,,,,,,,,,,,,,,,,,28,1,7,35,cursor,file_add,1
117,e-gleba/cxx-skeleton,2025-07,24307,1,2025-11,0,-4,0.0,0.0,0.0,0.0,0.0,6.0,7083.0,7.083,0.0,0.0,0.0,0.0,0.0,0.5,0.5,0.8333,0.1591,,0,0,7,35,cursor,file_add,1
117,e-gleba/cxx-skeleton,2025-08,24308,1,2025-11,0,-3,0.0,0.0,0.0,0.0,0.0,6.0,7083.0,7.083,0.0,0.0,0.0,0.0,0.0,0.5,0.5,0.8333,0.1591,,5,1,7,35,cursor,file_add,1
117,e-gleba/cxx-skeleton,2025-09,24309,1,2025-11,0,-2,0.0,0.0,0.0,0.0,0.0,6.0,7108.0,7.108,0.0,0.0,0.0,0.0,0.0,0.5,0.5,0.8333,0.1591,,19,2,7,35,cursor,file_add,1
117,e-gleba/cxx-skeleton,2025-10,24310,1,2025-11,0,-1,0.0,0.0,0.0,0.0,0.0,6.0,7105.0,7.105,0.0,0.0,0.0,0.0,0.0,0.5,0.5,0.8333,0.1591,,10,2,7,35,cursor,file_add,1
117,e-gleba/cxx-skeleton,2025-11,24311,1,2025-11,1,0,0.0,0.0,0.0,0.0,0.0,6.0,7105.0,7.105,0.0,0.0,0.0,0.0,0.0,0.5,0.5,0.8333,0.1591,,12,1,7,35,cursor,file_add,1
117,e-gleba/cxx-skeleton,2025-12,24312,1,2025-11,1,1,0.0,0.0,0.0,0.0,0.0,6.0,7105.0,7.105,0.0,0.0,0.0,0.0,0.0,0.5,0.5,0.8333,0.1591,,0,0,7,35,cursor,file_add,1
117,e-gleba/cxx-skeleton,2026-01,24313,1,2025-11,1,2,0.0,0.0,0.0,0.0,0.0,6.0,7105.0,7.105,0.0,0.0,0.0,0.0,0.0,0.5,0.5,0.8333,0.1591,,0,0,7,35,cursor,file_add,1
117,e-gleba/cxx-skeleton,2026-02,24314,1,2025-11,1,3,0.0,0.0,0.0,0.0,0.0,6.0,7105.0,7.105,0.0,0.0,0.0,0.0,0.0,0.5,0.5,0.8333,0.1591,,24,1,7,35,cursor,file_add,1
117,e-gleba/cxx-skeleton,2026-03,24315,1,2025-11,1,4,0.0,0.0,0.0,0.0,0.0,6.0,7167.0,7.167,0.0,0.0,0.0,0.0,0.0,0.5,0.5,0.8333,0.1587,,40,1,7,35,cursor,file_add,1
117,e-gleba/cxx-skeleton,2026-04,24316,1,2025-11,1,5,0.0,0.0,0.0,0.0,0.0,6.0,7167.0,7.167,0.0,0.0,0.0,0.0,0.0,0.5,0.5,0.8333,0.1587,,0,0,7,35,cursor,file_add,1
117,e-gleba/cxx-skeleton,2026-05,24317,1,2025-11,1,6,0.0,0.0,0.0,0.0,0.0,6.0,7167.0,7.167,0.0,0.0,0.0,0.0,0.0,0.5,0.5,0.8333,0.1587,,0,0,7,35,cursor,file_add,1
118,exadel-inc/etoolbox-rollout-manager,2025-05,24305,0,2025-11,0,-6,0.0,0.0,0.0,0.0,0.0,10.0,893.0,0.893,0.0,0.0,0.0,0.0,0.0,0.6,0.6,0.7222,0.2222,,0,0,20,53,control,,0
118,exadel-inc/etoolbox-rollout-manager,2025-06,24306,0,2025-11,0,-5,0.0,0.0,0.0,0.0,0.0,10.0,893.0,0.893,0.0,0.0,0.0,0.0,0.0,0.6,0.6,0.7222,0.2222,,14,3,20,53,control,,0
118,exadel-inc/etoolbox-rollout-manager,2025-07,24307,0,2025-11,0,-4,0.0,0.0,0.0,0.0,0.0,10.0,893.0,0.893,0.0,0.0,0.0,0.0,0.0,0.6,0.6,0.7222,0.2222,,22,4,20,53,control,,0
118,exadel-inc/etoolbox-rollout-manager,2025-08,24308,0,2025-11,0,-3,0.0,0.0,0.0,0.0,0.0,10.0,893.0,0.893,0.0,0.0,0.0,0.0,0.0,0.6,0.6,0.7222,0.2222,,16,3,20,53,control,,0
118,exadel-inc/etoolbox-rollout-manager,2025-09,24309,0,2025-11,0,-2,0.0,0.0,0.0,0.0,0.0,10.0,893.0,0.893,0.0,0.0,0.0,0.0,0.0,0.6,0.6,0.7222,0.2222,,10,4,20,53,control,,0
118,exadel-inc/etoolbox-rollout-manager,2025-10,24310,0,2025-11,0,-1,0.0,0.0,0.0,0.0,0.0,10.0,893.0,0.893,0.0,0.0,0.0,0.0,0.0,0.6,0.6,0.7222,0.2222,,58,7,20,53,control,,0
118,exadel-inc/etoolbox-rollout-manager,2025-11,24311,0,2025-11,1,0,0.0,0.0,0.0,0.0,0.0,15.0,1226.0,1.226,0.0,0.0,0.0,0.0,0.0,0.8667,0.8667,0.7159,0.2175,,30,5,20,53,control,,0
118,exadel-inc/etoolbox-rollout-manager,2025-12,24312,0,2025-11,1,1,0.0,0.0,0.0,0.0,0.0,15.0,1225.0,1.225,0.0,0.0,0.0,0.0,0.0,0.8667,0.8667,0.7159,0.2175,,13,3,20,53,control,,0
118,exadel-inc/etoolbox-rollout-manager,2026-01,24313,0,2025-11,1,2,0.0,0.0,0.0,0.0,0.0,15.0,1847.0,1.847,0.0,0.0,0.0,0.0,0.0,0.8667,0.8667,0.7148,0.2185,,6,2,20,53,control,,0
118,exadel-inc/etoolbox-rollout-manager,2026-02,24314,0,2025-11,1,3,0.0,0.0,0.0,0.0,0.0,15.0,1847.0,1.847,0.0,0.0,0.0,0.0,0.0,0.8667,0.8667,0.7148,0.2185,,0,0,20,53,control,,0
118,exadel-inc/etoolbox-rollout-manager,2026-03,24315,0,2025-11,1,4,0.0,0.0,0.0,0.0,0.0,15.0,1847.0,1.847,0.0,0.0,0.0,0.0,0.0,0.8667,0.8667,0.7148,0.2185,,0,0,20,53,control,,0
118,exadel-inc/etoolbox-rollout-manager,2026-04,24316,0,2025-11,1,5,0.0,0.0,0.0,0.0,0.0,15.0,1847.0,1.847,0.0,0.0,0.0,0.0,0.0,0.8667,0.8667,0.7148,0.2185,,0,0,20,53,control,,0
118,exadel-inc/etoolbox-rollout-manager,2026-05,24317,0,2025-11,1,6,0.0,0.0,0.0,0.0,0.0,15.0,1847.0,1.847,0.0,0.0,0.0,0.0,0.0,0.8667,0.8667,0.7148,0.2185,,0,0,20,53,control,,0
119,hackvertor/hackvertor,2025-01,24301,1,2025-07,0,-6,1.0,0.0,0.0,0.0,1.0,3.0,4550.0,4.55,0.21978,0.21978,0.0,0.0,0.0,1.3333,1.3333,0.3889,0.6111,,0,0,238,100,claude_code,file_add,1
119,hackvertor/hackvertor,2025-02,24302,1,2025-07,0,-5,1.0,0.0,0.0,0.0,1.0,3.0,4550.0,4.55,0.21978,0.21978,0.0,0.0,0.0,1.3333,1.3333,0.3889,0.6111,,8,2,238,100,claude_code,file_add,1
119,hackvertor/hackvertor,2025-03,24303,1,2025-07,0,-4,10.0,0.0,1.0,0.0,11.0,9.0,5780.0,5.78,1.903114,1.730104,0.0,0.17301,0.0,3.3333,3.3333,0.4578,0.5422,,4,1,238,100,claude_code,file_add,1
119,hackvertor/hackvertor,2025-04,24304,1,2025-07,0,-3,10.0,0.0,1.0,0.0,11.0,9.0,5821.0,5.821,1.88971,1.717918,0.0,0.171792,0.0,3.4444,3.4444,0.4632,0.5368,,10,1,238,100,claude_code,file_add,1
119,hackvertor/hackvertor,2025-05,24305,1,2025-07,0,-2,10.0,0.0,1.0,0.0,11.0,9.0,5831.0,5.831,1.886469,1.714972,0.0,0.171497,0.0,3.4444,3.4444,0.4632,0.5368,,1,1,238,100,claude_code,file_add,1
119,hackvertor/hackvertor,2025-06,24306,1,2025-07,0,-1,10.0,0.0,1.0,0.0,11.0,9.0,5831.0,5.831,1.886469,1.714972,0.0,0.171497,0.0,3.4444,3.4444,0.4632,0.5368,,9,3,238,100,claude_code,file_add,1
119,hackvertor/hackvertor,2025-07,24307,1,2025-07,1,0,10.0,0.0,1.0,0.0,11.0,9.0,5828.0,5.828,1.88744,1.715854,0.0,0.171585,0.0,3.4444,3.4444,0.4632,0.5368,,22,1,238,100,claude_code,file_add,1
119,hackvertor/hackvertor,2025-08,24308,1,2025-07,1,1,10.0,0.0,1.0,0.0,11.0,10.0,7187.0,7.187,1.530541,1.391401,0.0,0.13914,0.0,3.6,3.6,0.5069,0.5074,,15,1,238,100,claude_code,file_add,1
119,hackvertor/hackvertor,2025-09,24309,1,2025-07,1,2,10.0,0.0,1.0,0.0,11.0,10.0,7329.0,7.329,1.500887,1.364443,0.0,0.136444,0.0,3.6,3.6,0.5069,0.5056,,66,2,238,100,claude_code,file_add,1
119,hackvertor/hackvertor,2025-10,24310,1,2025-07,1,3,10.0,0.0,1.0,0.0,11.0,10.0,8656.0,8.656,1.270795,1.155268,0.0,0.115527,0.0,3.6,3.6,0.5038,0.5087,,22,2,238,100,claude_code,file_add,1
119,hackvertor/hackvertor,2025-11,24311,1,2025-07,1,4,10.0,0.0,1.0,0.0,11.0,10.0,8997.0,8.997,1.22263,1.111482,0.0,0.111148,0.0,3.6,3.6,0.5029,0.5096,,46,2,238,100,claude_code,file_add,1
119,hackvertor/hackvertor,2025-12,24312,1,2025-07,1,5,10.0,0.0,1.0,0.0,11.0,10.0,10874.0,10.874,1.011587,0.919625,0.0,0.091962,0.0,3.6,3.6,0.4911,0.52,,2,1,238,100,claude_code,file_add,1
119,hackvertor/hackvertor,2026-01,24313,1,2025-07,1,6,10.0,0.0,1.0,0.0,11.0,10.0,10909.0,10.909,1.008342,0.916674,0.0,0.091667,0.0,3.6,3.6,0.4911,0.52,,20,2,238,100,claude_code,file_add,1
120,netfishers-onl/Netshot,2025-01,24301,0,2025-07,0,-6,49.0,3.0,3.0,0.0,55.0,25.0,21099.0,21.099,2.606759,2.322385,0.142187,0.142187,0.0,5.24,5.24,0.5977,0.2939,,11,1,273,126,control,,0
120,netfishers-onl/Netshot,2025-02,24302,0,2025-07,0,-5,49.0,3.0,2.0,0.0,54.0,27.0,21981.0,21.981,2.456667,2.229198,0.136482,0.090988,0.0,5.0741,5.0741,0.5984,0.2907,,7,1,273,126,control,,0
120,netfishers-onl/Netshot,2025-03,24303,0,2025-07,0,-4,49.0,3.0,2.0,0.0,54.0,27.0,21981.0,21.981,2.456667,2.229198,0.136482,0.090988,0.0,5.0741,5.0741,0.5984,0.2907,,7,2,273,126,control,,0
120,netfishers-onl/Netshot,2025-04,24304,0,2025-07,0,-3,49.0,3.0,2.0,0.0,54.0,27.0,21981.0,21.981,2.456667,2.229198,0.136482,0.090988,0.0,5.0741,5.0741,0.5984,0.2907,,20,2,273,126,control,,0
120,netfishers-onl/Netshot,2025-05,24305,0,2025-07,0,-2,49.0,3.0,3.0,0.0,55.0,26.0,22383.0,22.383,2.457222,2.189161,0.13403,0.13403,0.0,5.1538,5.1538,0.5821,0.3028,,12,1,273,126,control,,0
120,netfishers-onl/Netshot,2025-06,24306,0,2025-07,0,-1,49.0,3.0,3.0,0.0,55.0,26.0,22427.0,22.427,2.452401,2.184866,0.133767,0.133767,0.0,5.1538,5.1538,0.5821,0.3028,,23,1,273,126,control,,0
120,netfishers-onl/Netshot,2025-07,24307,0,2025-07,1,0,49.0,3.0,3.0,0.0,55.0,27.0,23032.0,23.032,2.387982,2.127475,0.130254,0.130254,0.0,5.0,5.0,0.5687,0.3221,,3,1,273,126,control,,0
120,netfishers-onl/Netshot,2025-08,24308,0,2025-07,1,1,49.0,3.0,3.0,0.0,55.0,27.0,23032.0,23.032,2.387982,2.127475,0.130254,0.130254,0.0,5.0,5.0,0.5687,0.3221,,9,2,273,126,control,,0
120,netfishers-onl/Netshot,2025-09,24309,0,2025-07,1,2,49.0,3.0,3.0,0.0,55.0,27.0,23032.0,23.032,2.387982,2.127475,0.130254,0.130254,0.0,5.0,5.0,0.5687,0.3221,,14,1,273,126,control,,0
120,netfishers-onl/Netshot,2025-10,24310,0,2025-07,1,3,49.0,3.0,3.0,0.0,55.0,25.0,22669.0,22.669,2.426221,2.161542,0.132339,0.132339,0.0,5.44,5.44,0.5314,0.3499,,19,2,273,126,control,,0
120,netfishers-onl/Netshot,2025-11,24311,0,2025-07,1,4,49.0,3.0,2.0,0.0,54.0,24.0,22727.0,22.727,2.376029,2.156026,0.132002,0.088001,0.0,5.625,5.625,0.5515,0.3249,,2,1,273,126,control,,0
120,netfishers-onl/Netshot,2025-12,24312,0,2025-07,1,5,49.0,3.0,2.0,0.0,54.0,24.0,23415.0,23.415,2.306214,2.092676,0.128123,0.085415,0.0,5.625,5.625,0.5487,0.3276,,7,1,273,126,control,,0
120,netfishers-onl/Netshot,2026-01,24313,0,2025-07,1,6,55.0,3.0,2.0,0.0,60.0,24.0,25209.0,25.209,2.380102,2.18176,0.119005,0.079337,0.0,5.7083,5.7083,0.5386,0.3376,,28,2,273,126,control,,0
121,explore-de/rage4j,2025-05,24305,1,2025-11,0,-6,1.0,0.0,0.0,0.0,1.0,14.0,1435.0,1.435,0.696864,0.696864,0.0,0.0,0.0,2.3571,2.3571,0.5339,0.4159,,47,11,10,15,claude_code,file_add,1
121,explore-de/rage4j,2025-06,24306,1,2025-11,0,-5,1.0,0.0,0.0,0.0,1.0,14.0,1447.0,1.447,0.691085,0.691085,0.0,0.0,0.0,2.3571,2.3571,0.5336,0.4145,,6,2,10,15,claude_code,file_add,1
121,explore-de/rage4j,2025-07,24307,1,2025-11,0,-4,1.0,0.0,0.0,0.0,1.0,14.0,1447.0,1.447,0.691085,0.691085,0.0,0.0,0.0,2.3571,2.3571,0.5336,0.4145,,9,1,10,15,claude_code,file_add,1
121,explore-de/rage4j,2025-08,24308,1,2025-11,0,-3,1.0,0.0,0.0,0.0,1.0,14.0,1447.0,1.447,0.691085,0.691085,0.0,0.0,0.0,2.3571,2.3571,0.5336,0.4145,,1,1,10,15,claude_code,file_add,1
121,explore-de/rage4j,2025-09,24309,1,2025-11,0,-2,1.0,0.0,0.0,0.0,1.0,19.0,1973.0,1.973,0.506842,0.506842,0.0,0.0,0.0,2.3158,2.3158,0.5023,0.4617,,19,5,10,15,claude_code,file_add,1
121,explore-de/rage4j,2025-10,24310,1,2025-11,0,-1,1.0,0.0,0.0,0.0,1.0,19.0,1973.0,1.973,0.506842,0.506842,0.0,0.0,0.0,2.3158,2.3158,0.5023,0.4617,,0,0,10,15,claude_code,file_add,1
121,explore-de/rage4j,2025-11,24311,1,2025-11,1,0,1.0,0.0,0.0,0.0,1.0,19.0,1973.0,1.973,0.506842,0.506842,0.0,0.0,0.0,2.3158,2.3158,0.5023,0.4617,,10,1,10,15,claude_code,file_add,1
121,explore-de/rage4j,2025-12,24312,1,2025-11,1,1,2.0,0.0,0.0,0.0,2.0,22.0,2596.0,2.596,0.770416,0.770416,0.0,0.0,0.0,2.3182,2.3182,0.5206,0.4365,,10,2,10,15,claude_code,file_add,1
121,explore-de/rage4j,2026-01,24313,1,2025-11,1,2,2.0,0.0,0.0,0.0,2.0,22.0,2596.0,2.596,0.770416,0.770416,0.0,0.0,0.0,2.3182,2.3182,0.5206,0.4365,,0,0,10,15,claude_code,file_add,1
121,explore-de/rage4j,2026-02,24314,1,2025-11,1,3,2.0,0.0,0.0,0.0,2.0,22.0,2596.0,2.596,0.770416,0.770416,0.0,0.0,0.0,2.3182,2.3182,0.5206,0.4365,,1,1,10,15,claude_code,file_add,1
121,explore-de/rage4j,2026-03,24315,1,2025-11,1,4,2.0,0.0,0.0,0.0,2.0,22.0,2596.0,2.596,0.770416,0.770416,0.0,0.0,0.0,2.3182,2.3182,0.5206,0.4365,,0,0,10,15,claude_code,file_add,1
121,explore-de/rage4j,2026-04,24316,1,2025-11,1,5,2.0,0.0,0.0,0.0,2.0,22.0,2596.0,2.596,0.770416,0.770416,0.0,0.0,0.0,2.3182,2.3182,0.5206,0.4365,,0,0,10,15,claude_code,file_add,1
121,explore-de/rage4j,2026-05,24317,1,2025-11,1,6,2.0,0.0,0.0,0.0,2.0,22.0,2596.0,2.596,0.770416,0.770416,0.0,0.0,0.0,2.3182,2.3182,0.5206,0.4365,,0,0,10,15,claude_code,file_add,1
122,dasi0227/Agent,2026-01,24313,0,2025-11,1,2,0.0,0.0,0.0,0.0,0.0,6.0,249.0,0.249,0.0,0.0,0.0,0.0,0.0,0.6667,0.6667,0.5556,0.3333,,52,1,20,3,control,,0
122,dasi0227/Agent,2026-02,24314,0,2025-11,1,3,1.0,0.0,2.0,0.0,3.0,82.0,6224.0,6.224,0.482005,0.160668,0.0,0.321337,0.0,2.1463,2.1463,0.587,0.4115,,83,1,20,3,control,,0
122,dasi0227/Agent,2026-03,24315,0,2025-11,1,4,1.0,0.0,2.0,0.0,3.0,101.0,8416.0,8.416,0.356464,0.118821,0.0,0.237643,0.0,2.505,2.505,0.557,0.427,,0,0,20,3,control,,0
122,dasi0227/Agent,2026-04,24316,0,2025-11,1,5,1.0,0.0,2.0,0.0,3.0,101.0,8416.0,8.416,0.356464,0.118821,0.0,0.237643,0.0,2.505,2.505,0.557,0.427,,0,0,20,3,control,,0
122,dasi0227/Agent,2026-05,24317,0,2025-11,1,6,1.0,0.0,2.0,0.0,3.0,101.0,8416.0,8.416,0.356464,0.118821,0.0,0.237643,0.0,2.505,2.505,0.557,0.427,,0,0,20,3,control,,0
123,msgpack/msgpack-java,2025-01,24301,1,2025-07,0,-6,2.0,0.0,0.0,0.0,2.0,11.0,7939.0,7.939,0.251921,0.251921,0.0,0.0,0.0,1.5455,1.5455,0.7068,0.1771,,1,1,1466,177,claude_code,file_add,15
123,msgpack/msgpack-java,2025-02,24302,1,2025-07,0,-5,2.0,0.0,0.0,0.0,2.0,11.0,8146.0,8.146,0.245519,0.245519,0.0,0.0,0.0,1.5455,1.5455,0.7081,0.1758,,4,2,1466,177,claude_code,file_add,15
123,msgpack/msgpack-java,2025-03,24303,1,2025-07,0,-4,2.0,0.0,0.0,0.0,2.0,11.0,8238.0,8.238,0.242777,0.242777,0.0,0.0,0.0,1.5455,1.5455,0.7081,0.1758,,0,0,1466,177,claude_code,file_add,15
123,msgpack/msgpack-java,2025-04,24304,1,2025-07,0,-3,2.0,0.0,0.0,0.0,2.0,11.0,8238.0,8.238,0.242777,0.242777,0.0,0.0,0.0,1.5455,1.5455,0.7081,0.1758,,0,0,1466,177,claude_code,file_add,15
123,msgpack/msgpack-java,2025-05,24305,1,2025-07,0,-2,2.0,0.0,0.0,0.0,2.0,11.0,8238.0,8.238,0.242777,0.242777,0.0,0.0,0.0,1.5455,1.5455,0.7081,0.1758,,0,0,1466,177,claude_code,file_add,15
123,msgpack/msgpack-java,2025-06,24306,1,2025-07,0,-1,2.0,0.0,0.0,0.0,2.0,11.0,8238.0,8.238,0.242777,0.242777,0.0,0.0,0.0,1.5455,1.5455,0.7081,0.1758,,0,0,1466,177,claude_code,file_add,15
123,msgpack/msgpack-java,2025-07,24307,1,2025-07,1,0,2.0,0.0,0.0,0.0,2.0,11.0,8238.0,8.238,0.242777,0.242777,0.0,0.0,0.0,1.5455,1.5455,0.7081,0.1758,,16,2,1466,177,claude_code,file_add,15
123,msgpack/msgpack-java,2025-08,24308,1,2025-07,1,1,2.0,0.0,0.0,0.0,2.0,11.0,8264.0,8.264,0.242014,0.242014,0.0,0.0,0.0,1.5455,1.5455,0.7081,0.1758,,6,2,1466,177,claude_code,file_add,15
123,msgpack/msgpack-java,2025-09,24309,1,2025-07,1,2,2.0,0.0,0.0,0.0,2.0,11.0,8264.0,8.264,0.242014,0.242014,0.0,0.0,0.0,1.5455,1.5455,0.7081,0.1758,,4,1,1466,177,claude_code,file_add,15
123,msgpack/msgpack-java,2025-10,24310,1,2025-07,1,3,2.0,0.0,0.0,0.0,2.0,11.0,8264.0,8.264,0.242014,0.242014,0.0,0.0,0.0,1.5455,1.5455,0.7081,0.1758,,0,0,1466,177,claude_code,file_add,15
123,msgpack/msgpack-java,2025-11,24311,1,2025-07,1,4,2.0,0.0,0.0,0.0,2.0,11.0,8264.0,8.264,0.242014,0.242014,0.0,0.0,0.0,1.5455,1.5455,0.7081,0.1758,,5,1,1466,177,claude_code,file_add,15
123,msgpack/msgpack-java,2025-12,24312,1,2025-07,1,5,2.0,0.0,0.0,0.0,2.0,11.0,8264.0,8.264,0.242014,0.242014,0.0,0.0,0.0,1.5455,1.5455,0.7081,0.1758,,0,0,1466,177,claude_code,file_add,15
123,msgpack/msgpack-java,2026-01,24313,1,2025-07,1,6,2.0,0.0,0.0,0.0,2.0,11.0,8264.0,8.264,0.242014,0.242014,0.0,0.0,0.0,1.5455,1.5455,0.7081,0.1758,,8,3,1466,177,claude_code,file_add,15
124,jacoco/jacoco,2025-01,24301,0,2025-07,0,-6,43.0,0.0,2.0,0.0,45.0,68.0,27956.0,27.956,1.609672,1.538131,0.0,0.071541,0.0,3.4559,3.4559,0.5099,0.4313,,14,3,4502,164,control,,0
124,jacoco/jacoco,2025-02,24302,0,2025-07,0,-5,43.0,0.0,2.0,0.0,45.0,68.0,28177.0,28.177,1.597047,1.526067,0.0,0.07098,0.0,3.4706,3.4706,0.51,0.4313,,2,2,4502,164,control,,0
124,jacoco/jacoco,2025-03,24303,0,2025-07,0,-4,43.0,0.0,2.0,0.0,45.0,68.0,28181.0,28.181,1.596821,1.525851,0.0,0.07097,0.0,3.4706,3.4706,0.5099,0.4313,,7,1,4502,164,control,,0
124,jacoco/jacoco,2025-04,24304,0,2025-07,0,-3,43.0,0.0,2.0,0.0,45.0,68.0,28181.0,28.181,1.596821,1.525851,0.0,0.07097,0.0,3.4706,3.4706,0.5099,0.4313,,13,4,4502,164,control,,0
124,jacoco/jacoco,2025-05,24305,0,2025-07,0,-2,43.0,0.0,2.0,0.0,45.0,68.0,28494.0,28.494,1.57928,1.50909,0.0,0.07019,0.0,3.4706,3.4706,0.5085,0.4328,,2,2,4502,164,control,,0
124,jacoco/jacoco,2025-06,24306,0,2025-07,0,-1,43.0,0.0,2.0,0.0,45.0,68.0,28559.0,28.559,1.575685,1.505655,0.0,0.07003,0.0,3.4706,3.4706,0.5085,0.4328,,6,3,4502,164,control,,0
124,jacoco/jacoco,2025-07,24307,0,2025-07,1,0,43.0,0.0,2.0,0.0,45.0,68.0,28563.0,28.563,1.575465,1.505444,0.0,0.070021,0.0,3.4706,3.4706,0.5085,0.4328,,6,2,4502,164,control,,0
124,jacoco/jacoco,2025-08,24308,0,2025-07,1,1,43.0,0.0,2.0,0.0,45.0,68.0,28563.0,28.563,1.575465,1.505444,0.0,0.070021,0.0,3.4706,3.4706,0.5085,0.4328,,6,2,4502,164,control,,0
124,jacoco/jacoco,2025-09,24309,0,2025-07,1,2,43.0,0.0,2.0,0.0,45.0,68.0,28646.0,28.646,1.5709,1.501082,0.0,0.069818,0.0,3.4706,3.4706,0.5084,0.4328,,15,3,4502,164,control,,0
124,jacoco/jacoco,2025-10,24310,0,2025-07,1,3,43.0,0.0,2.0,0.0,45.0,68.0,28829.0,28.829,1.560928,1.491554,0.0,0.069375,0.0,3.4706,3.4706,0.5084,0.4329,,22,4,4502,164,control,,0
124,jacoco/jacoco,2025-11,24311,0,2025-07,1,4,43.0,0.0,2.0,0.0,45.0,68.0,29213.0,29.213,1.54041,1.471947,0.0,0.068463,0.0,3.4706,3.4706,0.5082,0.4331,,9,4,4502,164,control,,0
124,jacoco/jacoco,2025-12,24312,0,2025-07,1,5,43.0,0.0,2.0,0.0,45.0,68.0,29223.0,29.223,1.539883,1.471444,0.0,0.068439,0.0,3.4706,3.4706,0.5082,0.4332,,14,2,4502,164,control,,0
124,jacoco/jacoco,2026-01,24313,0,2025-07,1,6,43.0,0.0,2.0,0.0,45.0,68.0,29231.0,29.231,1.539462,1.471041,0.0,0.068421,0.0,3.4706,3.4706,0.5081,0.4333,,14,3,4502,164,control,,0
125,yennanliu/CS_basics,2025-04,24304,1,2025-10,0,-6,0.0,0.0,0.0,0.0,0.0,374.0,69630.0,69.63,0.0,0.0,0.0,0.0,0.0,0.3182,0.3182,0.3333,0.6602,,248,4,131,115,claude_code,file_add,69
125,yennanliu/CS_basics,2025-05,24305,1,2025-10,0,-5,,,,,,,,,,,,,,,,,,,246,2,131,115,claude_code,file_add,69
125,yennanliu/CS_basics,2025-06,24306,1,2025-10,0,-4,0.0,0.0,0.0,1.0,1.0,374.0,76884.0,76.884,0.013007,0.0,0.0,0.0,0.013007,0.3209,0.3209,0.336,0.6575,,101,2,131,115,claude_code,file_add,69
125,yennanliu/CS_basics,2025-07,24307,1,2025-10,0,-3,0.0,0.0,0.0,1.0,1.0,374.0,78231.0,78.231,0.012783,0.0,0.0,0.0,0.012783,0.3209,0.3209,0.336,0.6575,,36,3,131,115,claude_code,file_add,69
125,yennanliu/CS_basics,2025-08,24308,1,2025-10,0,-2,0.0,0.0,0.0,1.0,1.0,374.0,78600.0,78.6,0.012723,0.0,0.0,0.0,0.012723,0.3209,0.3209,0.336,0.6575,,103,2,131,115,claude_code,file_add,69
125,yennanliu/CS_basics,2025-09,24309,1,2025-10,0,-1,0.0,0.0,0.0,1.0,1.0,374.0,79908.0,79.908,0.012514,0.0,0.0,0.0,0.012514,0.3209,0.3209,0.336,0.6575,,168,2,131,115,claude_code,file_add,69
125,yennanliu/CS_basics,2025-10,24310,1,2025-10,1,0,0.0,0.0,0.0,1.0,1.0,376.0,82805.0,82.805,0.012077,0.0,0.0,0.0,0.012077,0.3218,0.3218,0.3342,0.6593,,190,2,131,115,claude_code,file_add,69
125,yennanliu/CS_basics,2025-11,24311,1,2025-10,1,1,0.0,0.0,0.0,1.0,1.0,376.0,86653.0,86.653,0.01154,0.0,0.0,0.0,0.01154,0.3351,0.3351,0.3369,0.6566,,272,2,131,115,claude_code,file_add,69
125,yennanliu/CS_basics,2025-12,24312,1,2025-10,1,2,0.0,0.0,0.0,1.0,1.0,376.0,91332.0,91.332,0.010949,0.0,0.0,0.0,0.010949,0.3484,0.3484,0.3449,0.6487,,251,2,131,115,claude_code,file_add,69
125,yennanliu/CS_basics,2026-01,24313,1,2025-10,1,3,0.0,0.0,0.0,1.0,1.0,376.0,96157.0,96.157,0.0104,0.0,0.0,0.0,0.0104,0.3457,0.3457,0.3449,0.6487,,223,3,131,115,claude_code,file_add,69
125,yennanliu/CS_basics,2026-02,24314,1,2025-10,1,4,0.0,0.0,0.0,0.0,0.0,376.0,88109.0,88.109,0.0,0.0,0.0,0.0,0.0,0.3431,0.3431,0.3449,0.6487,,276,2,131,115,claude_code,file_add,69
125,yennanliu/CS_basics,2026-03,24315,1,2025-10,1,5,0.0,0.0,0.0,0.0,0.0,376.0,88220.0,88.22,0.0,0.0,0.0,0.0,0.0,0.3404,0.3404,0.3422,0.6513,,102,2,131,115,claude_code,file_add,69
125,yennanliu/CS_basics,2026-04,24316,1,2025-10,1,6,0.0,0.0,0.0,0.0,0.0,377.0,89374.0,89.374,0.0,0.0,0.0,0.0,0.0,0.3422,0.3422,0.3439,0.6496,,0,0,131,115,claude_code,file_add,69
126,swift-lang/swift-t,2025-04,24304,0,2025-10,0,-6,49.0,3.0,2.0,0.0,54.0,22.0,29470.0,29.47,1.832372,1.662708,0.101798,0.067866,0.0,5.0909,5.0909,0.5664,0.3954,,113,1,56,141,control,,0
126,swift-lang/swift-t,2025-05,24305,0,2025-10,0,-5,49.0,3.0,2.0,0.0,54.0,22.0,29470.0,29.47,1.832372,1.662708,0.101798,0.067866,0.0,5.0909,5.0909,0.5664,0.3954,,48,1,56,141,control,,0
126,swift-lang/swift-t,2025-06,24306,0,2025-10,0,-4,49.0,3.0,2.0,0.0,54.0,22.0,29470.0,29.47,1.832372,1.662708,0.101798,0.067866,0.0,5.0909,5.0909,0.5664,0.3954,,59,1,56,141,control,,0
126,swift-lang/swift-t,2025-07,24307,0,2025-10,0,-3,49.0,3.0,2.0,0.0,54.0,22.0,29470.0,29.47,1.832372,1.662708,0.101798,0.067866,0.0,5.0909,5.0909,0.5664,0.3954,,26,1,56,141,control,,0
126,swift-lang/swift-t,2025-08,24308,0,2025-10,0,-2,49.0,3.0,2.0,0.0,54.0,22.0,29470.0,29.47,1.832372,1.662708,0.101798,0.067866,0.0,5.0909,5.0909,0.5664,0.3954,,4,1,56,141,control,,0
126,swift-lang/swift-t,2025-09,24309,0,2025-10,0,-1,49.0,3.0,2.0,0.0,54.0,22.0,29470.0,29.47,1.832372,1.662708,0.101798,0.067866,0.0,5.0909,5.0909,0.5664,0.3954,,4,2,56,141,control,,0
126,swift-lang/swift-t,2025-10,24310,0,2025-10,1,0,49.0,3.0,2.0,0.0,54.0,22.0,29470.0,29.47,1.832372,1.662708,0.101798,0.067866,0.0,5.0909,5.0909,0.5664,0.3954,,17,1,56,141,control,,0
126,swift-lang/swift-t,2025-11,24311,0,2025-10,1,1,49.0,3.0,2.0,0.0,54.0,22.0,29470.0,29.47,1.832372,1.662708,0.101798,0.067866,0.0,5.0909,5.0909,0.5664,0.3954,,10,1,56,141,control,,0
126,swift-lang/swift-t,2025-12,24312,0,2025-10,1,2,49.0,3.0,2.0,0.0,54.0,22.0,29470.0,29.47,1.832372,1.662708,0.101798,0.067866,0.0,5.0909,5.0909,0.5664,0.3954,,21,1,56,141,control,,0
126,swift-lang/swift-t,2026-01,24313,0,2025-10,1,3,49.0,3.0,2.0,0.0,54.0,22.0,29470.0,29.47,1.832372,1.662708,0.101798,0.067866,0.0,5.0909,5.0909,0.5664,0.3954,,3,2,56,141,control,,0
126,swift-lang/swift-t,2026-02,24314,0,2025-10,1,4,49.0,3.0,2.0,0.0,54.0,22.0,29470.0,29.47,1.832372,1.662708,0.101798,0.067866,0.0,5.0909,5.0909,0.5664,0.3954,,0,0,56,141,control,,0
126,swift-lang/swift-t,2026-03,24315,0,2025-10,1,5,49.0,3.0,2.0,0.0,54.0,22.0,29470.0,29.47,1.832372,1.662708,0.101798,0.067866,0.0,5.0909,5.0909,0.5664,0.3954,,14,1,56,141,control,,0
126,swift-lang/swift-t,2026-04,24316,0,2025-10,1,6,49.0,3.0,2.0,0.0,54.0,22.0,29470.0,29.47,1.832372,1.662708,0.101798,0.067866,0.0,5.0909,5.0909,0.5664,0.3954,,0,0,56,141,control,,0
127,OpenFeign/feign,2024-04,24292,1,2024-10,0,-6,2.0,0.0,3.0,1.0,6.0,63.0,25410.0,25.41,0.236128,0.078709,0.0,0.118064,0.039355,2.3016,2.3016,0.755,0.2493,,32,6,9791,153,codex,commit_pattern,10
127,OpenFeign/feign,2024-05,24293,1,2024-10,0,-5,2.0,0.0,3.0,1.0,6.0,65.0,25578.0,25.578,0.234577,0.078192,0.0,0.117288,0.039096,2.3077,2.3077,0.7609,0.2433,,26,5,9791,153,codex,commit_pattern,10
127,OpenFeign/feign,2024-06,24294,1,2024-10,0,-4,2.0,0.0,3.0,1.0,6.0,66.0,25853.0,25.853,0.232081,0.07736,0.0,0.116041,0.03868,2.3333,2.3333,0.7625,0.2396,,32,10,9791,153,codex,commit_pattern,10
127,OpenFeign/feign,2024-07,24295,1,2024-10,0,-3,2.0,0.0,3.0,1.0,6.0,66.0,25928.0,25.928,0.23141,0.077137,0.0,0.115705,0.038568,2.3333,2.3333,0.7625,0.2396,,25,5,9791,153,codex,commit_pattern,10
127,OpenFeign/feign,2024-08,24296,1,2024-10,0,-2,2.0,0.0,3.0,1.0,6.0,66.0,26019.0,26.019,0.230601,0.076867,0.0,0.1153,0.038433,2.3333,2.3333,0.7625,0.2396,,27,3,9791,153,codex,commit_pattern,10
127,OpenFeign/feign,2024-09,24297,1,2024-10,0,-1,2.0,0.0,3.0,1.0,6.0,66.0,26063.0,26.063,0.230211,0.076737,0.0,0.115106,0.038369,2.3333,2.3333,0.7626,0.2397,,56,7,9791,153,codex,commit_pattern,10
127,OpenFeign/feign,2024-10,24298,1,2024-10,1,0,3.0,0.0,3.0,1.0,7.0,76.0,27581.0,27.581,0.253798,0.108771,0.0,0.108771,0.036257,2.3158,2.3158,0.7548,0.2467,,105,9,9791,153,codex,commit_pattern,10
127,OpenFeign/feign,2024-11,24299,1,2024-10,1,1,3.0,0.0,3.0,1.0,7.0,76.0,27624.0,27.624,0.253403,0.108601,0.0,0.108601,0.0362,2.3158,2.3158,0.7548,0.2467,,79,7,9791,153,codex,commit_pattern,10
127,OpenFeign/feign,2024-12,24300,1,2024-10,1,2,6.0,1.0,3.0,1.0,11.0,79.0,29182.0,29.182,0.376945,0.205606,0.034268,0.102803,0.034268,2.3291,2.3291,0.7339,0.2626,,45,3,9791,153,codex,commit_pattern,10
127,OpenFeign/feign,2025-01,24301,1,2024-10,1,3,6.0,1.0,3.0,1.0,11.0,79.0,29182.0,29.182,0.376945,0.205606,0.034268,0.102803,0.034268,2.3291,2.3291,0.7339,0.2626,,68,4,9791,153,codex,commit_pattern,10
127,OpenFeign/feign,2025-02,24302,1,2024-10,1,4,6.0,1.0,3.0,1.0,11.0,79.0,29274.0,29.274,0.37576,0.20496,0.03416,0.10248,0.03416,2.3291,2.3291,0.7339,0.2626,,65,4,9791,153,codex,commit_pattern,10
127,OpenFeign/feign,2025-03,24303,1,2024-10,1,5,6.0,1.0,3.0,1.0,11.0,79.0,29274.0,29.274,0.37576,0.20496,0.03416,0.10248,0.03416,2.3291,2.3291,0.7339,0.2626,,56,5,9791,153,codex,commit_pattern,10
127,OpenFeign/feign,2025-04,24304,1,2024-10,1,6,6.0,1.0,3.0,1.0,11.0,79.0,29277.0,29.277,0.375722,0.204939,0.034157,0.10247,0.034157,2.3291,2.3291,0.7339,0.2626,,64,5,9791,153,codex,commit_pattern,10
128,spockframework/spock,2024-04,24292,0,2024-10,0,-6,47.0,2.0,3.0,0.0,52.0,77.0,17306.0,17.306,3.004738,2.715821,0.115567,0.17335,0.0,2.5714,2.5714,0.5796,0.3856,,15,4,3626,183,control,,0
128,spockframework/spock,2024-05,24293,0,2024-10,0,-5,47.0,2.0,3.0,0.0,52.0,77.0,17723.0,17.723,2.934041,2.651921,0.112848,0.169272,0.0,2.5714,2.5714,0.5797,0.3861,,10,3,3626,183,control,,0
128,spockframework/spock,2024-06,24294,0,2024-10,0,-4,47.0,2.0,3.0,0.0,52.0,77.0,17741.0,17.741,2.931064,2.649231,0.112733,0.1691,0.0,2.5714,2.5714,0.5797,0.3861,,3,1,3626,183,control,,0
128,spockframework/spock,2024-07,24295,0,2024-10,0,-3,47.0,2.0,3.0,0.0,52.0,77.0,17741.0,17.741,2.931064,2.649231,0.112733,0.1691,0.0,2.5714,2.5714,0.5797,0.3861,,5,1,3626,183,control,,0
128,spockframework/spock,2024-08,24296,0,2024-10,0,-2,47.0,2.0,3.0,0.0,52.0,77.0,17741.0,17.741,2.931064,2.649231,0.112733,0.1691,0.0,2.5714,2.5714,0.5797,0.3861,,14,4,3626,183,control,,0
128,spockframework/spock,2024-09,24297,0,2024-10,0,-1,47.0,2.0,3.0,0.0,52.0,77.0,17794.0,17.794,2.922333,2.64134,0.112397,0.168596,0.0,2.5714,2.5714,0.5798,0.3863,,14,3,3626,183,control,,0
128,spockframework/spock,2024-10,24298,0,2024-10,1,0,47.0,2.0,1.0,0.0,50.0,77.0,17863.0,17.863,2.799082,2.631137,0.111963,0.055982,0.0,2.6234,2.6234,0.5928,0.3841,,20,5,3626,183,control,,0
128,spockframework/spock,2024-11,24299,0,2024-10,1,1,47.0,2.0,1.0,0.0,50.0,77.0,17875.0,17.875,2.797203,2.629371,0.111888,0.055944,0.0,2.6234,2.6234,0.5928,0.3835,,8,3,3626,183,control,,0
128,spockframework/spock,2024-12,24300,0,2024-10,1,2,47.0,2.0,1.0,0.0,50.0,77.0,17878.0,17.878,2.796733,2.628929,0.111869,0.055935,0.0,2.6234,2.6234,0.5928,0.3834,,27,7,3626,183,control,,0
128,spockframework/spock,2025-01,24301,0,2024-10,1,3,48.0,2.0,3.0,0.0,53.0,77.0,18226.0,18.226,2.907934,2.6336,0.109733,0.1646,0.0,2.7013,2.7013,0.5931,0.3815,,26,6,3626,183,control,,0
128,spockframework/spock,2025-02,24302,0,2024-10,1,4,48.0,2.0,3.0,0.0,53.0,77.0,18244.0,18.244,2.905065,2.631002,0.109625,0.164438,0.0,2.7013,2.7013,0.5931,0.3815,,15,6,3626,183,control,,0
128,spockframework/spock,2025-03,24303,0,2024-10,1,5,48.0,2.0,3.0,0.0,53.0,77.0,18247.0,18.247,2.904587,2.630569,0.109607,0.164411,0.0,2.7013,2.7013,0.5931,0.3815,,14,3,3626,183,control,,0
128,spockframework/spock,2025-04,24304,0,2024-10,1,6,73.0,2.0,3.0,0.0,78.0,78.0,18433.0,18.433,4.231541,3.960289,0.108501,0.162752,0.0,2.7179,2.7179,0.5923,0.3766,,19,3,3626,183,control,,0
129,portfolio-performance/portfolio,2025-01,24301,1,2025-07,0,-6,,,,,,,,,,,,,,,,,,,65,11,3713,168,claude_code,file_add,2
129,portfolio-performance/portfolio,2025-02,24302,1,2025-07,0,-5,,,,,,,,,,,,,,,,,,,44,12,3713,168,claude_code,file_add,2
129,portfolio-performance/portfolio,2025-03,24303,1,2025-07,0,-4,,,,,,,,,,,,,,,,,,,66,9,3713,168,claude_code,file_add,2
129,portfolio-performance/portfolio,2025-04,24304,1,2025-07,0,-3,,,,,,,,,,,,,,,,,,,91,13,3713,168,claude_code,file_add,2
129,portfolio-performance/portfolio,2025-05,24305,1,2025-07,0,-2,,,,,,,,,,,,,,,,,,,107,10,3713,168,claude_code,file_add,2
129,portfolio-performance/portfolio,2025-06,24306,1,2025-07,0,-1,,,,,,,,,,,,,,,,,,,104,9,3713,168,claude_code,file_add,2
129,portfolio-performance/portfolio,2025-07,24307,1,2025-07,1,0,,,,,,,,,,,,,,,,,,,51,9,3713,168,claude_code,file_add,2
129,portfolio-performance/portfolio,2025-08,24308,1,2025-07,1,1,,,,,,,,,,,,,,,,,,,81,6,3713,168,claude_code,file_add,2
129,portfolio-performance/portfolio,2025-09,24309,1,2025-07,1,2,,,,,,,,,,,,,,,,,,,89,10,3713,168,claude_code,file_add,2
129,portfolio-performance/portfolio,2025-10,24310,1,2025-07,1,3,,,,,,,,,,,,,,,,,,,71,10,3713,168,claude_code,file_add,2
129,portfolio-performance/portfolio,2025-11,24311,1,2025-07,1,4,,,,,,,,,,,,,,,,,,,69,11,3713,168,claude_code,file_add,2
129,portfolio-performance/portfolio,2025-12,24312,1,2025-07,1,5,,,,,,,,,,,,,,,,,,,101,14,3713,168,claude_code,file_add,2
129,portfolio-performance/portfolio,2026-01,24313,1,2025-07,1,6,,,,,,,,,,,,,,,,,,,107,19,3713,168,claude_code,file_add,2
130,pac4j/pac4j,2025-01,24301,0,2025-07,0,-6,122.0,2.0,6.0,0.0,130.0,229.0,31005.0,31.005,4.192872,3.934849,0.064506,0.193517,0.0,6.6026,6.6026,0.6711,0.2598,,85,4,2514,170,control,,0
130,pac4j/pac4j,2025-02,24302,0,2025-07,0,-5,122.0,2.0,6.0,0.0,130.0,229.0,31005.0,31.005,4.192872,3.934849,0.064506,0.193517,0.0,6.6026,6.6026,0.6711,0.2598,,79,5,2514,170,control,,0
130,pac4j/pac4j,2025-03,24303,0,2025-07,0,-4,122.0,2.0,6.0,0.0,130.0,229.0,31033.0,31.033,4.189089,3.931299,0.064448,0.193343,0.0,6.607,6.607,0.6712,0.2597,,86,4,2514,170,control,,0
130,pac4j/pac4j,2025-04,24304,0,2025-07,0,-3,122.0,2.0,6.0,0.0,130.0,229.0,31314.0,31.314,4.151498,3.896021,0.063869,0.191608,0.0,6.6026,6.6026,0.6708,0.2603,,78,5,2514,170,control,,0
130,pac4j/pac4j,2025-05,24305,0,2025-07,0,-2,124.0,2.0,1.0,0.0,127.0,229.0,31344.0,31.344,4.051812,3.9561,0.063808,0.031904,0.0,6.6201,6.6201,0.6704,0.2607,,80,3,2514,170,control,,0
130,pac4j/pac4j,2025-06,24306,0,2025-07,0,-1,124.0,2.0,1.0,0.0,127.0,229.0,31344.0,31.344,4.051812,3.9561,0.063808,0.031904,0.0,6.6201,6.6201,0.6704,0.2607,,67,4,2514,170,control,,0
130,pac4j/pac4j,2025-07,24307,0,2025-07,1,0,125.0,3.0,1.0,0.0,129.0,229.0,31398.0,31.398,4.108542,3.981145,0.095547,0.031849,0.0,6.6245,6.6245,0.6706,0.2605,,67,3,2514,170,control,,0
130,pac4j/pac4j,2025-08,24308,0,2025-07,1,1,125.0,3.0,1.0,0.0,129.0,229.0,31417.0,31.417,4.106057,3.978738,0.09549,0.03183,0.0,6.6245,6.6245,0.6707,0.2605,,82,4,2514,170,control,,0
130,pac4j/pac4j,2025-09,24309,0,2025-07,1,2,125.0,3.0,1.0,0.0,129.0,229.0,31456.0,31.456,4.100966,3.973805,0.095371,0.03179,0.0,6.6245,6.6245,0.6707,0.2605,,99,6,2514,170,control,,0
130,pac4j/pac4j,2025-10,24310,0,2025-07,1,3,125.0,3.0,1.0,0.0,129.0,229.0,31509.0,31.509,4.094068,3.967121,0.095211,0.031737,0.0,6.6245,6.6245,0.6705,0.2601,,75,4,2514,170,control,,0
130,pac4j/pac4j,2025-11,24311,0,2025-07,1,4,125.0,3.0,1.0,0.0,129.0,229.0,31615.0,31.615,4.080342,3.953819,0.094892,0.031631,0.0,6.6245,6.6245,0.6706,0.26,,82,4,2514,170,control,,0
130,pac4j/pac4j,2025-12,24312,0,2025-07,1,5,125.0,3.0,1.0,0.0,129.0,229.0,31675.0,31.675,4.072612,3.94633,0.094712,0.031571,0.0,6.6201,6.6201,0.6706,0.2601,,74,3,2514,170,control,,0
130,pac4j/pac4j,2026-01,24313,0,2025-07,1,6,125.0,3.0,1.0,0.0,129.0,229.0,31675.0,31.675,4.072612,3.94633,0.094712,0.031571,0.0,6.6201,6.6201,0.6706,0.2601,,44,2,2514,170,control,,0
131,domaframework/doma,2024-12,24300,1,2025-06,0,-6,,,,,,,,,,,,,,,,,,,59,4,494,144,claude_code,file_add,43
131,domaframework/doma,2025-01,24301,1,2025-06,0,-5,,,,,,,,,,,,,,,,,,,54,5,494,144,claude_code,file_add,43
131,domaframework/doma,2025-02,24302,1,2025-06,0,-4,,,,,,,,,,,,,,,,,,,71,3,494,144,claude_code,file_add,43
131,domaframework/doma,2025-03,24303,1,2025-06,0,-3,,,,,,,,,,,,,,,,,,,42,3,494,144,claude_code,file_add,43
131,domaframework/doma,2025-04,24304,1,2025-06,0,-2,,,,,,,,,,,,,,,,,,,26,2,494,144,claude_code,file_add,43
131,domaframework/doma,2025-05,24305,1,2025-06,0,-1,,,,,,,,,,,,,,,,,,,84,5,494,144,claude_code,file_add,43
131,domaframework/doma,2025-06,24306,1,2025-06,1,0,,,,,,,,,,,,,,,,,,,41,3,494,144,claude_code,file_add,43
131,domaframework/doma,2025-07,24307,1,2025-06,1,1,,,,,,,,,,,,,,,,,,,56,3,494,144,claude_code,file_add,43
131,domaframework/doma,2025-08,24308,1,2025-06,1,2,,,,,,,,,,,,,,,,,,,16,2,494,144,claude_code,file_add,43
131,domaframework/doma,2025-09,24309,1,2025-06,1,3,,,,,,,,,,,,,,,,,,,21,2,494,144,claude_code,file_add,43
131,domaframework/doma,2025-10,24310,1,2025-06,1,4,,,,,,,,,,,,,,,,,,,46,2,494,144,claude_code,file_add,43
131,domaframework/doma,2025-11,24311,1,2025-06,1,5,,,,,,,,,,,,,,,,,,,21,5,494,144,claude_code,file_add,43
131,domaframework/doma,2025-12,24312,1,2025-06,1,6,,,,,,,,,,,,,,,,,,,23,2,494,144,claude_code,file_add,43
132,omnifaces/omnifaces,2024-12,24300,0,2025-06,0,-6,28.0,1.0,5.0,0.0,34.0,106.0,18676.0,18.676,1.820518,1.49925,0.053545,0.267723,0.0,2.1698,2.1698,0.7855,0.1652,,13,1,301,144,control,,0
132,omnifaces/omnifaces,2025-01,24301,0,2025-06,0,-5,28.0,1.0,5.0,0.0,34.0,106.0,18679.0,18.679,1.820226,1.49901,0.053536,0.26768,0.0,2.1698,2.1698,0.7855,0.1652,,3,1,301,144,control,,0
132,omnifaces/omnifaces,2025-02,24302,0,2025-06,0,-4,28.0,1.0,5.0,0.0,34.0,106.0,18683.0,18.683,1.819836,1.498689,0.053525,0.267623,0.0,2.1698,2.1698,0.7855,0.1652,,5,2,301,144,control,,0
132,omnifaces/omnifaces,2025-03,24303,0,2025-06,0,-3,28.0,1.0,5.0,0.0,34.0,106.0,18739.0,18.739,1.814398,1.49421,0.053365,0.266823,0.0,2.1698,2.1698,0.7855,0.1668,,4,1,301,144,control,,0
132,omnifaces/omnifaces,2025-04,24304,0,2025-06,0,-2,28.0,1.0,5.0,0.0,34.0,106.0,18739.0,18.739,1.814398,1.49421,0.053365,0.266823,0.0,2.1698,2.1698,0.7855,0.1668,,12,2,301,144,control,,0
132,omnifaces/omnifaces,2025-05,24305,0,2025-06,0,-1,28.0,1.0,5.0,0.0,34.0,106.0,18749.0,18.749,1.81343,1.493413,0.053336,0.266681,0.0,2.1698,2.1698,0.7855,0.1668,,27,3,301,144,control,,0
132,omnifaces/omnifaces,2025-06,24306,0,2025-06,1,0,28.0,1.0,5.0,0.0,34.0,106.0,18788.0,18.788,1.809666,1.490313,0.053225,0.266127,0.0,2.1698,2.1698,0.7855,0.1668,,70,1,301,144,control,,0
132,omnifaces/omnifaces,2025-07,24307,0,2025-06,1,1,28.0,1.0,5.0,0.0,34.0,106.0,18789.0,18.789,1.809569,1.490234,0.053223,0.266113,0.0,2.1698,2.1698,0.7855,0.1668,,6,1,301,144,control,,0
132,omnifaces/omnifaces,2025-08,24308,0,2025-06,1,2,28.0,1.0,5.0,0.0,34.0,106.0,18797.0,18.797,1.808799,1.489599,0.0532,0.266,0.0,2.1698,2.1698,0.7855,0.1668,,15,1,301,144,control,,0
132,omnifaces/omnifaces,2025-09,24309,0,2025-06,1,3,28.0,1.0,5.0,0.0,34.0,107.0,18881.0,18.881,1.800752,1.482972,0.052963,0.264816,0.0,2.1589,2.1589,0.7873,0.1638,,9,1,301,144,control,,0
132,omnifaces/omnifaces,2025-10,24310,0,2025-06,1,4,28.0,1.0,5.0,0.0,34.0,108.0,19011.0,19.011,1.788438,1.472832,0.052601,0.263006,0.0,2.1574,2.1574,0.7882,0.1648,,7,1,301,144,control,,0
132,omnifaces/omnifaces,2025-11,24311,0,2025-06,1,5,28.0,1.0,5.0,0.0,34.0,109.0,19059.0,19.059,1.783934,1.469122,0.052469,0.262343,0.0,2.1743,2.1743,0.7909,0.1601,,31,1,301,144,control,,0
132,omnifaces/omnifaces,2025-12,24312,0,2025-06,1,6,28.0,1.0,5.0,0.0,34.0,109.0,19226.0,19.226,1.768439,1.456361,0.052013,0.260064,0.0,2.1743,2.1743,0.7909,0.1601,,57,1,301,144,control,,0
133,microsoft/gctoolkit,2025-05,24305,1,2025-11,0,-6,,,,,,,,,,,,,,,,,,,1,1,1282,56,copilot,file_add,4
133,microsoft/gctoolkit,2025-06,24306,1,2025-11,0,-5,,,,,,,,,,,,,,,,,,,3,3,1282,56,copilot,file_add,4
133,microsoft/gctoolkit,2025-07,24307,1,2025-11,0,-4,,,,,,,,,,,,,,,,,,,0,0,1282,56,copilot,file_add,4
133,microsoft/gctoolkit,2025-08,24308,1,2025-11,0,-3,,,,,,,,,,,,,,,,,,,3,1,1282,56,copilot,file_add,4
133,microsoft/gctoolkit,2025-09,24309,1,2025-11,0,-2,,,,,,,,,,,,,,,,,,,2,2,1282,56,copilot,file_add,4
133,microsoft/gctoolkit,2025-10,24310,1,2025-11,0,-1,,,,,,,,,,,,,,,,,,,2,2,1282,56,copilot,file_add,4
133,microsoft/gctoolkit,2025-11,24311,1,2025-11,1,0,,,,,,,,,,,,,,,,,,,8,5,1282,56,copilot,file_add,4
133,microsoft/gctoolkit,2025-12,24312,1,2025-11,1,1,,,,,,,,,,,,,,,,,,,4,1,1282,56,copilot,file_add,4
133,microsoft/gctoolkit,2026-01,24313,1,2025-11,1,2,,,,,,,,,,,,,,,,,,,5,1,1282,56,copilot,file_add,4
133,microsoft/gctoolkit,2026-02,24314,1,2025-11,1,3,,,,,,,,,,,,,,,,,,,4,1,1282,56,copilot,file_add,4
133,microsoft/gctoolkit,2026-03,24315,1,2025-11,1,4,,,,,,,,,,,,,,,,,,,1,1,1282,56,copilot,file_add,4
133,microsoft/gctoolkit,2026-04,24316,1,2025-11,1,5,,,,,,,,,,,,,,,,,,,0,0,1282,56,copilot,file_add,4
133,microsoft/gctoolkit,2026-05,24317,1,2025-11,1,6,,,,,,,,,,,,,,,,,,,0,0,1282,56,copilot,file_add,4
134,protomaps/basemaps,2025-05,24305,0,2025-11,0,-6,2.0,0.0,0.0,0.0,2.0,9.0,4943.0,4.943,0.404613,0.404613,0.0,0.0,0.0,1.3333,1.3333,0.5204,0.4743,,10,4,608,71,control,,0
134,protomaps/basemaps,2025-06,24306,0,2025-11,0,-5,2.0,0.0,0.0,0.0,2.0,9.0,4971.0,4.971,0.402334,0.402334,0.0,0.0,0.0,1.2222,1.2222,0.4815,0.5132,,7,3,608,71,control,,0
134,protomaps/basemaps,2025-07,24307,0,2025-11,0,-4,2.0,0.0,0.0,0.0,2.0,9.0,4970.0,4.97,0.402414,0.402414,0.0,0.0,0.0,1.2222,1.2222,0.4815,0.5132,,4,2,608,71,control,,0
134,protomaps/basemaps,2025-08,24308,0,2025-11,0,-3,2.0,0.0,0.0,0.0,2.0,9.0,4970.0,4.97,0.402414,0.402414,0.0,0.0,0.0,1.2222,1.2222,0.4815,0.5132,,0,0,608,71,control,,0
134,protomaps/basemaps,2025-09,24309,0,2025-11,0,-2,2.0,0.0,0.0,0.0,2.0,9.0,4970.0,4.97,0.402414,0.402414,0.0,0.0,0.0,1.2222,1.2222,0.4815,0.5132,,2,1,608,71,control,,0
134,protomaps/basemaps,2025-10,24310,0,2025-11,0,-1,2.0,0.0,0.0,0.0,2.0,9.0,4970.0,4.97,0.402414,0.402414,0.0,0.0,0.0,1.2222,1.2222,0.4815,0.5132,,4,2,608,71,control,,0
134,protomaps/basemaps,2025-11,24311,0,2025-11,1,0,2.0,0.0,0.0,0.0,2.0,9.0,5064.0,5.064,0.394945,0.394945,0.0,0.0,0.0,1.3333,1.3333,0.5059,0.4888,,3,1,608,71,control,,0
134,protomaps/basemaps,2025-12,24312,0,2025-11,1,1,2.0,0.0,0.0,0.0,2.0,9.0,5064.0,5.064,0.394945,0.394945,0.0,0.0,0.0,1.3333,1.3333,0.5059,0.4888,,11,7,608,71,control,,0
134,protomaps/basemaps,2026-01,24313,0,2025-11,1,2,2.0,0.0,0.0,0.0,2.0,9.0,5914.0,5.914,0.338181,0.338181,0.0,0.0,0.0,1.3333,1.3333,0.5059,0.4888,,5,2,608,71,control,,0
134,protomaps/basemaps,2026-02,24314,0,2025-11,1,3,2.0,0.0,0.0,0.0,2.0,9.0,6128.0,6.128,0.326371,0.326371,0.0,0.0,0.0,1.3333,1.3333,0.5059,0.4888,,15,6,608,71,control,,0
134,protomaps/basemaps,2026-03,24315,0,2025-11,1,4,2.0,0.0,0.0,0.0,2.0,9.0,6133.0,6.133,0.326105,0.326105,0.0,0.0,0.0,1.3333,1.3333,0.5059,0.4888,,10,4,608,71,control,,0
134,protomaps/basemaps,2026-04,24316,0,2025-11,1,5,2.0,0.0,0.0,0.0,2.0,10.0,9589.0,9.589,0.208572,0.208572,0.0,0.0,0.0,1.3,1.3,0.4564,0.5396,,0,0,608,71,control,,0
134,protomaps/basemaps,2026-05,24317,0,2025-11,1,6,2.0,0.0,0.0,0.0,2.0,10.0,9589.0,9.589,0.208572,0.208572,0.0,0.0,0.0,1.3,1.3,0.4564,0.5396,,0,0,608,71,control,,0
135,grafioschtrader/grafioschtrader,2025-06,24306,1,2025-12,0,-6,113.0,1.0,5.0,0.0,119.0,135.0,37181.0,37.181,3.200559,3.039187,0.026895,0.134477,0.0,5.8296,5.8296,0.6305,0.2767,,5,1,23,74,claude_code,commit_pattern,2
135,grafioschtrader/grafioschtrader,2025-07,24307,1,2025-12,0,-5,113.0,1.0,5.0,0.0,119.0,139.0,37821.0,37.821,3.1464,2.987758,0.02644,0.132202,0.0,5.7338,5.7338,0.6338,0.2859,,5,1,23,74,claude_code,commit_pattern,2
135,grafioschtrader/grafioschtrader,2025-08,24308,1,2025-12,0,-4,113.0,1.0,6.0,0.0,120.0,139.0,38361.0,38.361,3.128177,2.9457,0.026068,0.156409,0.0,5.7338,5.7338,0.6343,0.2856,,0,0,23,74,claude_code,commit_pattern,2
135,grafioschtrader/grafioschtrader,2025-09,24309,1,2025-12,0,-3,113.0,1.0,6.0,0.0,120.0,139.0,38361.0,38.361,3.128177,2.9457,0.026068,0.156409,0.0,5.7338,5.7338,0.6343,0.2856,,1,1,23,74,claude_code,commit_pattern,2
135,grafioschtrader/grafioschtrader,2025-10,24310,1,2025-12,0,-2,113.0,1.0,6.0,0.0,120.0,139.0,38372.0,38.372,3.12728,2.944856,0.026061,0.156364,0.0,5.7338,5.7338,0.6343,0.2856,,2,1,23,74,claude_code,commit_pattern,2
135,grafioschtrader/grafioschtrader,2025-11,24311,1,2025-12,0,-1,113.0,1.0,3.0,0.0,117.0,139.0,38399.0,38.399,3.046954,2.942785,0.026042,0.078127,0.0,5.7338,5.7338,0.6344,0.2858,,6,1,23,74,claude_code,commit_pattern,2
135,grafioschtrader/grafioschtrader,2025-12,24312,1,2025-12,1,0,113.0,1.0,3.0,0.0,117.0,139.0,38439.0,38.439,3.043784,2.939723,0.026015,0.078046,0.0,5.7338,5.7338,0.6354,0.2849,,53,2,23,74,claude_code,commit_pattern,2
135,grafioschtrader/grafioschtrader,2026-01,24313,1,2025-12,1,1,177.0,1.0,2.0,0.0,180.0,142.0,41715.0,41.715,4.314995,4.243078,0.023972,0.047944,0.0,5.9437,5.9437,0.6367,0.2876,,115,1,23,74,claude_code,commit_pattern,2
135,grafioschtrader/grafioschtrader,2026-02,24314,1,2025-12,1,2,209.0,2.0,4.0,0.0,215.0,151.0,47905.0,47.905,4.488049,4.362801,0.041749,0.083499,0.0,6.053,6.053,0.6371,0.2941,,42,1,23,74,claude_code,commit_pattern,2
135,grafioschtrader/grafioschtrader,2026-03,24315,1,2025-12,1,3,227.0,2.0,4.0,0.0,233.0,156.0,55204.0,55.204,4.220709,4.112021,0.036229,0.072459,0.0,6.1795,6.1795,0.6459,0.2878,,1,1,23,74,claude_code,commit_pattern,2
135,grafioschtrader/grafioschtrader,2026-04,24316,1,2025-12,1,4,227.0,2.0,4.0,0.0,233.0,156.0,55204.0,55.204,4.220709,4.112021,0.036229,0.072459,0.0,6.1795,6.1795,0.6459,0.2878,,0,0,23,74,claude_code,commit_pattern,2
135,grafioschtrader/grafioschtrader,2026-05,24317,1,2025-12,1,5,227.0,2.0,4.0,0.0,233.0,156.0,55204.0,55.204,4.220709,4.112021,0.036229,0.072459,0.0,6.1795,6.1795,0.6459,0.2878,,0,0,23,74,claude_code,commit_pattern,2
135,grafioschtrader/grafioschtrader,2026-06,24318,1,2025-12,1,6,227.0,2.0,4.0,0.0,233.0,156.0,55204.0,55.204,4.220709,4.112021,0.036229,0.072459,0.0,6.1795,6.1795,0.6459,0.2878,,0,0,23,74,claude_code,commit_pattern,2
136,powsybl/powsybl-open-rao,2025-06,24306,0,2025-12,0,-6,46.0,1.0,2.0,1.0,50.0,120.0,71373.0,71.373,0.700545,0.644501,0.014011,0.028022,0.014011,7.7417,7.7417,0.6262,0.2743,,9,3,29,88,control,,0
136,powsybl/powsybl-open-rao,2025-07,24307,0,2025-12,0,-5,,,,,,,,,,,,,,,,,,,20,7,29,88,control,,0
136,powsybl/powsybl-open-rao,2025-08,24308,0,2025-12,0,-4,46.0,1.0,3.0,1.0,51.0,120.0,71720.0,71.72,0.711099,0.641383,0.013943,0.041829,0.013943,7.7667,7.7667,0.6264,0.2756,,9,4,29,88,control,,0
136,powsybl/powsybl-open-rao,2025-09,24309,0,2025-12,0,-3,46.0,1.0,3.0,1.0,51.0,120.0,71935.0,71.935,0.708973,0.639466,0.013901,0.041704,0.013901,7.8083,7.8083,0.6251,0.277,,12,4,29,88,control,,0
136,powsybl/powsybl-open-rao,2025-10,24310,0,2025-12,0,-2,,,,,,,,,,,,,,,,,,,16,4,29,88,control,,0
136,powsybl/powsybl-open-rao,2025-11,24311,0,2025-12,0,-1,46.0,1.0,3.0,1.0,51.0,125.0,73767.0,73.767,0.691366,0.623585,0.013556,0.040669,0.013556,7.928,7.928,0.6276,0.2783,,13,3,29,88,control,,0
136,powsybl/powsybl-open-rao,2025-12,24312,0,2025-12,1,0,47.0,1.0,2.0,1.0,51.0,127.0,74817.0,74.817,0.681663,0.628199,0.013366,0.026732,0.013366,8.0,8.0,0.6311,0.2762,,14,4,29,88,control,,0
136,powsybl/powsybl-open-rao,2026-01,24313,0,2025-12,1,1,47.0,1.0,2.0,1.0,51.0,127.0,75025.0,75.025,0.679773,0.626458,0.013329,0.026658,0.013329,8.0,8.0,0.6311,0.2762,,17,6,29,88,control,,0
136,powsybl/powsybl-open-rao,2026-02,24314,0,2025-12,1,2,48.0,1.0,3.0,1.0,53.0,127.0,75240.0,75.24,0.704413,0.637959,0.013291,0.039872,0.013291,8.0551,8.0551,0.6296,0.2777,,17,7,29,88,control,,0
136,powsybl/powsybl-open-rao,2026-03,24315,0,2025-12,1,3,,,,,,,,,,,,,,,,,,,6,5,29,88,control,,0
136,powsybl/powsybl-open-rao,2026-04,24316,0,2025-12,1,4,50.0,1.0,3.0,1.0,55.0,129.0,77967.0,77.967,0.705427,0.641297,0.012826,0.038478,0.012826,8.1705,8.1705,0.6298,0.2778,,0,0,29,88,control,,0
136,powsybl/powsybl-open-rao,2026-05,24317,0,2025-12,1,5,50.0,1.0,3.0,1.0,55.0,129.0,77967.0,77.967,0.705427,0.641297,0.012826,0.038478,0.012826,8.1705,8.1705,0.6298,0.2778,,0,0,29,88,control,,0
136,powsybl/powsybl-open-rao,2026-06,24318,0,2025-12,1,6,50.0,1.0,3.0,1.0,55.0,129.0,77967.0,77.967,0.705427,0.641297,0.012826,0.038478,0.012826,8.1705,8.1705,0.6298,0.2778,,0,0,29,88,control,,0
137,smithy-lang/smithy-java,2024-12,24300,1,2025-06,0,-6,,,,,,,,,,,,,,,,,,,50,7,49,24,claude_code,file_add,2
137,smithy-lang/smithy-java,2025-01,24301,1,2025-06,0,-5,,,,,,,,,,,,,,,,,,,21,6,49,24,claude_code,file_add,2
137,smithy-lang/smithy-java,2025-02,24302,1,2025-06,0,-4,,,,,,,,,,,,,,,,,,,26,6,49,24,claude_code,file_add,2
137,smithy-lang/smithy-java,2025-03,24303,1,2025-06,0,-3,,,,,,,,,,,,,,,,,,,18,5,49,24,claude_code,file_add,2
137,smithy-lang/smithy-java,2025-04,24304,1,2025-06,0,-2,,,,,,,,,,,,,,,,,,,55,9,49,24,claude_code,file_add,2
137,smithy-lang/smithy-java,2025-05,24305,1,2025-06,0,-1,,,,,,,,,,,,,,,,,,,74,8,49,24,claude_code,file_add,2
137,smithy-lang/smithy-java,2025-06,24306,1,2025-06,1,0,,,,,,,,,,,,,,,,,,,81,13,49,24,claude_code,file_add,2
137,smithy-lang/smithy-java,2025-07,24307,1,2025-06,1,1,,,,,,,,,,,,,,,,,,,34,10,49,24,claude_code,file_add,2
137,smithy-lang/smithy-java,2025-08,24308,1,2025-06,1,2,,,,,,,,,,,,,,,,,,,25,7,49,24,claude_code,file_add,2
137,smithy-lang/smithy-java,2025-09,24309,1,2025-06,1,3,,,,,,,,,,,,,,,,,,,31,7,49,24,claude_code,file_add,2
137,smithy-lang/smithy-java,2025-10,24310,1,2025-06,1,4,,,,,,,,,,,,,,,,,,,24,5,49,24,claude_code,file_add,2
137,smithy-lang/smithy-java,2025-11,24311,1,2025-06,1,5,,,,,,,,,,,,,,,,,,,40,6,49,24,claude_code,file_add,2
137,smithy-lang/smithy-java,2025-12,24312,1,2025-06,1,6,,,,,,,,,,,,,,,,,,,52,7,49,24,claude_code,file_add,2
138,onixary/shape-shifter-curse-fabric,2025-02,24302,0,2025-06,0,-4,1.0,0.0,0.0,0.0,1.0,5.0,34.0,0.034,29.411765,29.411765,0.0,0.0,0.0,0.4,0.4,0.6,0.4,,26,1,47,11,control,,0
138,onixary/shape-shifter-curse-fabric,2025-03,24303,0,2025-06,0,-3,42.0,0.0,2.0,0.0,44.0,44.0,6412.0,6.412,6.862133,6.550218,0.0,0.311915,0.0,3.4091,3.4091,0.5743,0.4008,,11,1,47,11,control,,0
138,onixary/shape-shifter-curse-fabric,2025-04,24304,0,2025-06,0,-2,47.0,1.0,5.0,0.0,53.0,47.0,7689.0,7.689,6.892964,6.112628,0.130056,0.65028,0.0,3.8936,3.8936,0.5914,0.3892,,19,2,47,11,control,,0
138,onixary/shape-shifter-curse-fabric,2025-05,24305,0,2025-06,0,-1,51.0,3.0,1.0,0.0,55.0,49.0,9674.0,9.674,5.685342,5.271863,0.31011,0.10337,0.0,4.0408,4.0408,0.5719,0.403,,13,1,47,11,control,,0
138,onixary/shape-shifter-curse-fabric,2025-06,24306,0,2025-06,1,0,51.0,3.0,1.0,0.0,55.0,50.0,10683.0,10.683,5.148367,4.77394,0.28082,0.093607,0.0,4.06,4.06,0.5839,0.396,,16,2,47,11,control,,0
138,onixary/shape-shifter-curse-fabric,2025-07,24307,0,2025-06,1,1,51.0,3.0,1.0,0.0,55.0,54.0,11899.0,11.899,4.622237,4.286074,0.252122,0.084041,0.0,3.9444,3.9444,0.5768,0.4246,,26,2,47,11,control,,0
138,onixary/shape-shifter-curse-fabric,2025-08,24308,0,2025-06,1,2,66.0,1.0,6.0,0.0,73.0,56.0,12734.0,12.734,5.732684,5.182975,0.07853,0.47118,0.0,4.1429,4.1429,0.5534,0.4482,,19,2,47,11,control,,0
138,onixary/shape-shifter-curse-fabric,2025-09,24309,0,2025-06,1,3,62.0,2.0,4.0,0.0,68.0,59.0,14253.0,14.253,4.770925,4.349961,0.140321,0.280643,0.0,4.0339,4.0339,0.5391,0.4671,,231,4,47,11,control,,0
138,onixary/shape-shifter-curse-fabric,2025-10,24310,0,2025-06,1,4,74.0,1.0,2.0,0.0,77.0,64.0,14997.0,14.997,5.13436,4.93432,0.06668,0.13336,0.0,4.125,4.125,0.5554,0.4344,,168,3,47,11,control,,0
138,onixary/shape-shifter-curse-fabric,2025-11,24311,0,2025-06,1,5,77.0,2.0,2.0,0.0,81.0,65.0,15808.0,15.808,5.123988,4.870951,0.126518,0.126518,0.0,4.2,4.2,0.5452,0.4462,,179,5,47,11,control,,0
138,onixary/shape-shifter-curse-fabric,2025-12,24312,0,2025-06,1,6,90.0,2.0,5.0,0.0,97.0,68.0,17403.0,17.403,5.573752,5.171522,0.114923,0.287307,0.0,4.4412,4.4412,0.5591,0.4259,,134,3,47,11,control,,0
139,maxmind/GeoIP2-java,2025-02,24302,1,2025-08,0,-6,,,,,,,,,,,,,,,,,,,16,5,857,155,claude_code,commit_pattern,38
139,maxmind/GeoIP2-java,2025-03,24303,1,2025-08,0,-5,,,,,,,,,,,,,,,,,,,12,4,857,155,claude_code,commit_pattern,38
139,maxmind/GeoIP2-java,2025-04,24304,1,2025-08,0,-4,,,,,,,,,,,,,,,,,,,31,6,857,155,claude_code,commit_pattern,38
139,maxmind/GeoIP2-java,2025-05,24305,1,2025-08,0,-3,,,,,,,,,,,,,,,,,,,27,5,857,155,claude_code,commit_pattern,38
139,maxmind/GeoIP2-java,2025-06,24306,1,2025-08,0,-2,,,,,,,,,,,,,,,,,,,27,6,857,155,claude_code,commit_pattern,38
139,maxmind/GeoIP2-java,2025-07,24307,1,2025-08,0,-1,,,,,,,,,,,,,,,,,,,23,6,857,155,claude_code,commit_pattern,38
139,maxmind/GeoIP2-java,2025-08,24308,1,2025-08,1,0,,,,,,,,,,,,,,,,,,,30,6,857,155,claude_code,commit_pattern,38
139,maxmind/GeoIP2-java,2025-09,24309,1,2025-08,1,1,,,,,,,,,,,,,,,,,,,32,7,857,155,claude_code,commit_pattern,38
139,maxmind/GeoIP2-java,2025-10,24310,1,2025-08,1,2,,,,,,,,,,,,,,,,,,,43,6,857,155,claude_code,commit_pattern,38
139,maxmind/GeoIP2-java,2025-11,24311,1,2025-08,1,3,,,,,,,,,,,,,,,,,,,28,5,857,155,claude_code,commit_pattern,38
139,maxmind/GeoIP2-java,2025-12,24312,1,2025-08,1,4,,,,,,,,,,,,,,,,,,,29,5,857,155,claude_code,commit_pattern,38
139,maxmind/GeoIP2-java,2026-01,24313,1,2025-08,1,5,,,,,,,,,,,,,,,,,,,41,5,857,155,claude_code,commit_pattern,38
139,maxmind/GeoIP2-java,2026-02,24314,1,2025-08,1,6,,,,,,,,,,,,,,,,,,,16,4,857,155,claude_code,commit_pattern,38
140,google/caliper,2025-02,24302,0,2025-08,0,-6,9.0,0.0,2.0,0.0,11.0,29.0,10893.0,10.893,1.009823,0.826219,0.0,0.183604,0.0,4.6207,4.6207,0.5413,0.3274,,0,0,821,130,control,,0
140,google/caliper,2025-03,24303,0,2025-08,0,-5,9.0,0.0,2.0,0.0,11.0,29.0,10893.0,10.893,1.009823,0.826219,0.0,0.183604,0.0,4.6207,4.6207,0.5413,0.3274,,7,2,821,130,control,,0
140,google/caliper,2025-04,24304,0,2025-08,0,-4,9.0,0.0,2.0,0.0,11.0,29.0,10893.0,10.893,1.009823,0.826219,0.0,0.183604,0.0,4.6207,4.6207,0.5413,0.3274,,5,2,821,130,control,,0
140,google/caliper,2025-05,24305,0,2025-08,0,-3,9.0,0.0,2.0,0.0,11.0,29.0,10893.0,10.893,1.009823,0.826219,0.0,0.183604,0.0,4.6207,4.6207,0.5413,0.3274,,1,1,821,130,control,,0
140,google/caliper,2025-06,24306,0,2025-08,0,-2,9.0,0.0,2.0,0.0,11.0,29.0,10893.0,10.893,1.009823,0.826219,0.0,0.183604,0.0,4.6207,4.6207,0.5413,0.3274,,0,0,821,130,control,,0
140,google/caliper,2025-07,24307,0,2025-08,0,-1,9.0,0.0,2.0,0.0,11.0,29.0,10893.0,10.893,1.009823,0.826219,0.0,0.183604,0.0,4.6207,4.6207,0.5413,0.3274,,2,2,821,130,control,,0
140,google/caliper,2025-08,24308,0,2025-08,1,0,9.0,0.0,2.0,0.0,11.0,29.0,10893.0,10.893,1.009823,0.826219,0.0,0.183604,0.0,4.6207,4.6207,0.5413,0.3274,,3,2,821,130,control,,0
140,google/caliper,2025-09,24309,0,2025-08,1,1,9.0,0.0,2.0,0.0,11.0,29.0,10893.0,10.893,1.009823,0.826219,0.0,0.183604,0.0,4.6207,4.6207,0.5413,0.3274,,7,2,821,130,control,,0
140,google/caliper,2025-10,24310,0,2025-08,1,2,9.0,0.0,2.0,0.0,11.0,29.0,10893.0,10.893,1.009823,0.826219,0.0,0.183604,0.0,4.6207,4.6207,0.5413,0.3274,,1,1,821,130,control,,0
140,google/caliper,2025-11,24311,0,2025-08,1,3,9.0,0.0,2.0,0.0,11.0,29.0,10893.0,10.893,1.009823,0.826219,0.0,0.183604,0.0,4.6207,4.6207,0.5413,0.3274,,4,3,821,130,control,,0
140,google/caliper,2025-12,24312,0,2025-08,1,4,9.0,0.0,2.0,0.0,11.0,29.0,10904.0,10.904,1.008804,0.825385,0.0,0.183419,0.0,4.6207,4.6207,0.5413,0.3274,,2,1,821,130,control,,0
140,google/caliper,2026-01,24313,0,2025-08,1,5,9.0,0.0,2.0,0.0,11.0,29.0,10904.0,10.904,1.008804,0.825385,0.0,0.183419,0.0,4.6207,4.6207,0.5413,0.3274,,2,1,821,130,control,,0
140,google/caliper,2026-02,24314,0,2025-08,1,6,9.0,0.0,2.0,0.0,11.0,29.0,10904.0,10.904,1.008804,0.825385,0.0,0.183419,0.0,4.6207,4.6207,0.5413,0.3274,,2,1,821,130,control,,0
141,bytechefhq/bytechef,2025-02,24302,1,2025-08,0,-6,,,,,,,,,,,,,,,,,,,505,9,737,54,claude_code,file_add,483
141,bytechefhq/bytechef,2025-03,24303,1,2025-08,0,-5,,,,,,,,,,,,,,,,,,,322,9,737,54,claude_code,file_add,483
141,bytechefhq/bytechef,2025-04,24304,1,2025-08,0,-4,181.0,17.0,5.0,0.0,203.0,1710.0,169638.0,169.638,1.196666,1.066978,0.100213,0.029475,0.0,4.1099,4.1099,0.7038,0.2822,,346,8,737,54,claude_code,file_add,483
141,bytechefhq/bytechef,2025-05,24305,1,2025-08,0,-3,,,,,,,,,,,,,,,,,,,425,9,737,54,claude_code,file_add,483
141,bytechefhq/bytechef,2025-06,24306,1,2025-08,0,-2,186.0,18.0,4.0,0.0,208.0,1865.0,187062.0,187.062,1.111931,0.994323,0.096225,0.021383,0.0,4.059,4.059,0.7066,0.2807,,464,9,737,54,claude_code,file_add,483
141,bytechefhq/bytechef,2025-07,24307,1,2025-08,0,-1,174.0,18.0,4.0,0.0,196.0,1906.0,202281.0,202.281,0.968949,0.86019,0.088985,0.019774,0.0,4.0698,4.0698,0.707,0.2795,,264,10,737,54,claude_code,file_add,483
141,bytechefhq/bytechef,2025-08,24308,1,2025-08,1,0,,,,,,,,,,,,,,,,,,,317,8,737,54,claude_code,file_add,483
141,bytechefhq/bytechef,2025-09,24309,1,2025-08,1,1,201.0,18.0,1.0,0.0,220.0,2019.0,218666.0,218.666,1.006101,0.91921,0.082317,0.004573,0.0,4.0054,4.0054,0.7102,0.2777,,378,9,737,54,claude_code,file_add,483
141,bytechefhq/bytechef,2025-10,24310,1,2025-08,1,2,213.0,18.0,6.0,0.0,237.0,2101.0,230987.0,230.987,1.026032,0.92213,0.077926,0.025975,0.0,4.0571,4.0571,0.7114,0.2781,,359,18,737,54,claude_code,file_add,483
141,bytechefhq/bytechef,2025-11,24311,1,2025-08,1,3,214.0,18.0,6.0,0.0,238.0,2134.0,236542.0,236.542,1.006164,0.904702,0.076096,0.025365,0.0,4.0562,4.0562,0.7114,0.2779,,456,11,737,54,claude_code,file_add,483
141,bytechefhq/bytechef,2025-12,24312,1,2025-08,1,4,209.0,17.0,2.0,0.0,228.0,2165.0,241863.0,241.863,0.942682,0.864126,0.070288,0.008269,0.0,4.1155,4.1155,0.7092,0.2786,,477,13,737,54,claude_code,file_add,483
141,bytechefhq/bytechef,2026-01,24313,1,2025-08,1,5,212.0,19.0,10.0,0.0,241.0,2191.0,246429.0,246.429,0.977969,0.860288,0.077101,0.04058,0.0,4.1068,4.1068,0.7091,0.2784,,468,13,737,54,claude_code,file_add,483
141,bytechefhq/bytechef,2026-02,24314,1,2025-08,1,6,,,,,,,,,,,,,,,,,,,1027,13,737,54,claude_code,file_add,483
143,wso2-extensions/identity-organization-management,2025-02,24302,1,2025-08,0,-6,19.0,1.0,3.0,0.0,23.0,118.0,14747.0,14.747,1.559639,1.288398,0.06781,0.203431,0.0,2.0085,2.0085,0.5644,0.4104,,201,17,6,51,copilot,file_add,2
143,wso2-extensions/identity-organization-management,2025-03,24303,1,2025-08,0,-5,18.0,1.0,4.0,0.0,23.0,118.0,16095.0,16.095,1.429015,1.11836,0.062131,0.248524,0.0,2.0339,2.0339,0.562,0.4133,,91,12,6,51,copilot,file_add,2
143,wso2-extensions/identity-organization-management,2025-04,24304,1,2025-08,0,-4,18.0,1.0,4.0,0.0,23.0,118.0,16993.0,16.993,1.353498,1.05926,0.058848,0.235391,0.0,2.0339,2.0339,0.5602,0.4143,,33,9,6,51,copilot,file_add,2
143,wso2-extensions/identity-organization-management,2025-05,24305,1,2025-08,0,-3,18.0,1.0,4.0,0.0,23.0,118.0,16975.0,16.975,1.354934,1.060383,0.05891,0.235641,0.0,2.0339,2.0339,0.5602,0.4143,,65,12,6,51,copilot,file_add,2
143,wso2-extensions/identity-organization-management,2025-06,24306,1,2025-08,0,-2,19.0,1.0,5.0,0.0,25.0,128.0,18205.0,18.205,1.373249,1.043669,0.05493,0.27465,0.0,1.9766,1.9766,0.5742,0.4042,,30,10,6,51,copilot,file_add,2
143,wso2-extensions/identity-organization-management,2025-07,24307,1,2025-08,0,-1,19.0,1.0,5.0,0.0,25.0,128.0,18226.0,18.226,1.371667,1.042467,0.054867,0.274333,0.0,1.9766,1.9766,0.5742,0.4042,,94,12,6,51,copilot,file_add,2
143,wso2-extensions/identity-organization-management,2025-08,24308,1,2025-08,1,0,20.0,3.0,3.0,0.0,26.0,132.0,21366.0,21.366,1.216887,0.936067,0.14041,0.14041,0.0,2.3712,2.3712,0.5724,0.4089,,76,15,6,51,copilot,file_add,2
143,wso2-extensions/identity-organization-management,2025-09,24309,1,2025-08,1,1,20.0,3.0,3.0,0.0,26.0,132.0,22112.0,22.112,1.175832,0.904486,0.135673,0.135673,0.0,2.3788,2.3788,0.5714,0.4094,,30,10,6,51,copilot,file_add,2
143,wso2-extensions/identity-organization-management,2025-10,24310,1,2025-08,1,2,20.0,3.0,3.0,0.0,26.0,132.0,22453.0,22.453,1.157974,0.89075,0.133612,0.133612,0.0,2.3864,2.3864,0.5707,0.41,,12,4,6,51,copilot,file_add,2
143,wso2-extensions/identity-organization-management,2025-11,24311,1,2025-08,1,3,20.0,3.0,3.0,0.0,26.0,132.0,22455.0,22.455,1.157871,0.89067,0.133601,0.133601,0.0,2.3864,2.3864,0.5707,0.41,,2,2,6,51,copilot,file_add,2
143,wso2-extensions/identity-organization-management,2025-12,24312,1,2025-08,1,4,20.0,3.0,3.0,0.0,26.0,132.0,22455.0,22.455,1.157871,0.89067,0.133601,0.133601,0.0,2.3864,2.3864,0.5707,0.41,,42,9,6,51,copilot,file_add,2
143,wso2-extensions/identity-organization-management,2026-01,24313,1,2025-08,1,5,20.0,2.0,3.0,0.0,25.0,132.0,22972.0,22.972,1.088281,0.870625,0.087063,0.130594,0.0,2.3864,2.3864,0.5714,0.4103,,33,7,6,51,copilot,file_add,2
143,wso2-extensions/identity-organization-management,2026-02,24314,1,2025-08,1,6,20.0,2.0,3.0,0.0,25.0,132.0,22972.0,22.972,1.088281,0.870625,0.087063,0.130594,0.0,2.3864,2.3864,0.5714,0.4103,,40,10,6,51,copilot,file_add,2
144,eclipse-tractusx/tractusx-edc,2025-02,24302,0,2025-08,0,-6,9.0,4.0,2.0,0.0,15.0,142.0,14693.0,14.693,1.020894,0.612537,0.272238,0.136119,0.0,2.1056,2.1056,0.6362,0.2682,,32,7,82,39,control,,0
144,eclipse-tractusx/tractusx-edc,2025-03,24303,0,2025-08,0,-5,9.0,4.0,1.0,0.0,14.0,145.0,14963.0,14.963,0.935641,0.601484,0.267326,0.066832,0.0,2.0897,2.0897,0.6367,0.2698,,36,10,82,39,control,,0
144,eclipse-tractusx/tractusx-edc,2025-04,24304,0,2025-08,0,-4,9.0,4.0,1.0,0.0,14.0,155.0,15083.0,15.083,0.928197,0.596698,0.265199,0.0663,0.0,2.0839,2.0839,0.6468,0.2624,,39,5,82,39,control,,0
144,eclipse-tractusx/tractusx-edc,2025-05,24305,0,2025-08,0,-3,9.0,4.0,1.0,0.0,14.0,156.0,15161.0,15.161,0.923422,0.593628,0.263835,0.065959,0.0,2.0962,2.0962,0.6492,0.2611,,41,8,82,39,control,,0
144,eclipse-tractusx/tractusx-edc,2025-06,24306,0,2025-08,0,-2,9.0,4.0,1.0,0.0,14.0,157.0,15301.0,15.301,0.914973,0.588197,0.261421,0.065355,0.0,2.0701,2.0701,0.6442,0.2663,,45,10,82,39,control,,0
144,eclipse-tractusx/tractusx-edc,2025-07,24307,0,2025-08,0,-1,9.0,4.0,1.0,0.0,14.0,156.0,15411.0,15.411,0.908442,0.583998,0.259555,0.064889,0.0,2.0705,2.0705,0.6356,0.2722,,47,11,82,39,control,,0
144,eclipse-tractusx/tractusx-edc,2025-08,24308,0,2025-08,1,0,11.0,3.0,1.0,0.0,15.0,184.0,17965.0,17.965,0.834957,0.612302,0.166991,0.055664,0.0,1.9239,1.9239,0.6569,0.2436,,53,13,82,39,control,,0
144,eclipse-tractusx/tractusx-edc,2025-09,24309,0,2025-08,1,1,12.0,2.0,2.0,0.0,16.0,213.0,22887.0,22.887,0.699087,0.524315,0.087386,0.087386,0.0,2.0939,2.0939,0.6578,0.2428,,51,8,82,39,control,,0
144,eclipse-tractusx/tractusx-edc,2025-10,24310,0,2025-08,1,2,13.0,4.0,2.0,0.0,19.0,220.0,24121.0,24.121,0.787695,0.538949,0.165831,0.082915,0.0,2.1682,2.1682,0.6571,0.2449,,43,8,82,39,control,,0
144,eclipse-tractusx/tractusx-edc,2025-11,24311,0,2025-08,1,3,13.0,4.0,2.0,0.0,19.0,220.0,24148.0,24.148,0.786815,0.538347,0.165645,0.082823,0.0,2.1682,2.1682,0.6571,0.2449,,56,7,82,39,control,,0
144,eclipse-tractusx/tractusx-edc,2025-12,24312,0,2025-08,1,4,13.0,3.0,2.0,0.0,18.0,220.0,24133.0,24.133,0.745867,0.538681,0.124311,0.082874,0.0,2.25,2.25,0.6509,0.2493,,46,10,82,39,control,,0
144,eclipse-tractusx/tractusx-edc,2026-01,24313,0,2025-08,1,5,13.0,3.0,2.0,0.0,18.0,224.0,25006.0,25.006,0.719827,0.519875,0.119971,0.079981,0.0,2.2455,2.2455,0.6427,0.2564,,38,8,82,39,control,,0
144,eclipse-tractusx/tractusx-edc,2026-02,24314,0,2025-08,1,6,13.0,3.0,2.0,0.0,18.0,232.0,25763.0,25.763,0.698676,0.5046,0.116446,0.077631,0.0,2.2198,2.2198,0.6507,0.2476,,47,6,82,39,control,,0
145,mixpanel/mixpanel-android,2024-12,24300,1,2025-06,0,-6,0.0,0.0,0.0,0.0,0.0,8.0,4315.0,4.315,0.0,0.0,0.0,0.0,0.0,0.5,0.5,0.7375,0.2056,,1,1,1045,187,cursor,file_add,9
145,mixpanel/mixpanel-android,2025-01,24301,1,2025-06,0,-5,0.0,0.0,0.0,0.0,0.0,8.0,4315.0,4.315,0.0,0.0,0.0,0.0,0.0,0.5,0.5,0.7375,0.2056,,5,2,1045,187,cursor,file_add,9
145,mixpanel/mixpanel-android,2025-02,24302,1,2025-06,0,-4,0.0,0.0,0.0,0.0,0.0,8.0,4348.0,4.348,0.0,0.0,0.0,0.0,0.0,0.5,0.5,0.7375,0.2056,,2,2,1045,187,cursor,file_add,9
145,mixpanel/mixpanel-android,2025-03,24303,1,2025-06,0,-3,0.0,0.0,0.0,0.0,0.0,8.0,4348.0,4.348,0.0,0.0,0.0,0.0,0.0,0.5,0.5,0.7375,0.2056,,3,1,1045,187,cursor,file_add,9
145,mixpanel/mixpanel-android,2025-04,24304,1,2025-06,0,-2,0.0,0.0,0.0,0.0,0.0,8.0,4350.0,4.35,0.0,0.0,0.0,0.0,0.0,0.5,0.5,0.7375,0.2056,,0,0,1045,187,cursor,file_add,9
145,mixpanel/mixpanel-android,2025-05,24305,1,2025-06,0,-1,0.0,0.0,0.0,0.0,0.0,8.0,4350.0,4.35,0.0,0.0,0.0,0.0,0.0,0.5,0.5,0.7375,0.2056,,7,2,1045,187,cursor,file_add,9
145,mixpanel/mixpanel-android,2025-06,24306,1,2025-06,1,0,1.0,0.0,0.0,0.0,1.0,8.0,5656.0,5.656,0.176803,0.176803,0.0,0.0,0.0,0.625,0.625,0.7377,0.1934,,1,1,1045,187,cursor,file_add,9
145,mixpanel/mixpanel-android,2025-07,24307,1,2025-06,1,1,1.0,0.0,0.0,0.0,1.0,8.0,5656.0,5.656,0.176803,0.176803,0.0,0.0,0.0,0.625,0.625,0.7377,0.1934,,0,0,1045,187,cursor,file_add,9
145,mixpanel/mixpanel-android,2025-08,24308,1,2025-06,1,2,1.0,0.0,0.0,0.0,1.0,8.0,5656.0,5.656,0.176803,0.176803,0.0,0.0,0.0,0.625,0.625,0.7377,0.1934,,9,4,1045,187,cursor,file_add,9
145,mixpanel/mixpanel-android,2025-09,24309,1,2025-06,1,3,1.0,0.0,0.0,0.0,1.0,8.0,7008.0,7.008,0.142694,0.142694,0.0,0.0,0.0,0.625,0.625,0.7373,0.1983,,10,3,1045,187,cursor,file_add,9
145,mixpanel/mixpanel-android,2025-10,24310,1,2025-06,1,4,1.0,0.0,0.0,0.0,1.0,8.0,7210.0,7.21,0.138696,0.138696,0.0,0.0,0.0,0.625,0.625,0.7373,0.1983,,0,0,1045,187,cursor,file_add,9
145,mixpanel/mixpanel-android,2025-11,24311,1,2025-06,1,5,1.0,0.0,0.0,0.0,1.0,8.0,7210.0,7.21,0.138696,0.138696,0.0,0.0,0.0,0.625,0.625,0.7373,0.1983,,0,0,1045,187,cursor,file_add,9
145,mixpanel/mixpanel-android,2025-12,24312,1,2025-06,1,6,1.0,0.0,0.0,0.0,1.0,8.0,7210.0,7.21,0.138696,0.138696,0.0,0.0,0.0,0.625,0.625,0.7373,0.1983,,0,0,1045,187,cursor,file_add,9
146,internetarchive/heritrix3,2024-12,24300,0,2025-06,0,-6,55.0,1.0,2.0,0.0,58.0,59.0,34122.0,34.122,1.699783,1.611863,0.029307,0.058613,0.0,4.9153,4.9153,0.5825,0.3205,,4,1,3200,173,control,,0
146,internetarchive/heritrix3,2025-01,24301,0,2025-06,0,-5,55.0,1.0,2.0,0.0,58.0,59.0,34179.0,34.179,1.696948,1.609175,0.029258,0.058515,0.0,4.9153,4.9153,0.5825,0.3209,,10,1,3200,173,control,,0
146,internetarchive/heritrix3,2025-02,24302,0,2025-06,0,-4,55.0,1.0,2.0,0.0,58.0,59.0,34200.0,34.2,1.695906,1.608187,0.02924,0.05848,0.0,4.9153,4.9153,0.5825,0.3209,,11,1,3200,173,control,,0
146,internetarchive/heritrix3,2025-03,24303,0,2025-06,0,-3,55.0,1.0,2.0,0.0,58.0,59.0,34200.0,34.2,1.695906,1.608187,0.02924,0.05848,0.0,4.9153,4.9153,0.5825,0.3209,,23,2,3200,173,control,,0
146,internetarchive/heritrix3,2025-04,24304,0,2025-06,0,-2,55.0,1.0,2.0,0.0,58.0,59.0,34105.0,34.105,1.70063,1.612667,0.029321,0.058642,0.0,4.9153,4.9153,0.5825,0.3208,,24,2,3200,173,control,,0
146,internetarchive/heritrix3,2025-05,24305,0,2025-06,0,-1,55.0,1.0,2.0,0.0,58.0,59.0,34102.0,34.102,1.70078,1.612809,0.029324,0.058648,0.0,4.9153,4.9153,0.5835,0.3199,,34,2,3200,173,control,,0
146,internetarchive/heritrix3,2025-06,24306,0,2025-06,1,0,55.0,1.0,2.0,0.0,58.0,59.0,34546.0,34.546,1.678921,1.59208,0.028947,0.057894,0.0,4.8983,4.8983,0.5822,0.3215,,39,3,3200,173,control,,0
146,internetarchive/heritrix3,2025-07,24307,0,2025-06,1,1,55.0,1.0,4.0,0.0,60.0,61.0,35669.0,35.669,1.682133,1.541955,0.028036,0.112142,0.0,4.9344,4.9344,0.576,0.3226,,15,1,3200,173,control,,0
146,internetarchive/heritrix3,2025-08,24308,0,2025-06,1,2,55.0,1.0,4.0,0.0,60.0,61.0,35672.0,35.672,1.681991,1.541826,0.028033,0.112133,0.0,4.9344,4.9344,0.576,0.3226,,24,2,3200,173,control,,0
146,internetarchive/heritrix3,2025-09,24309,0,2025-06,1,3,55.0,1.0,4.0,0.0,60.0,61.0,35696.0,35.696,1.680861,1.540789,0.028014,0.112057,0.0,4.9344,4.9344,0.576,0.3226,,18,2,3200,173,control,,0
146,internetarchive/heritrix3,2025-10,24310,0,2025-06,1,4,55.0,1.0,4.0,0.0,60.0,61.0,35721.0,35.721,1.679684,1.539711,0.027995,0.111979,0.0,4.9344,4.9344,0.576,0.3226,,30,4,3200,173,control,,0
146,internetarchive/heritrix3,2025-11,24311,0,2025-06,1,5,55.0,1.0,4.0,0.0,60.0,61.0,35938.0,35.938,1.669542,1.530413,0.027826,0.111303,0.0,4.9508,4.9508,0.576,0.3228,,6,4,3200,173,control,,0
146,internetarchive/heritrix3,2025-12,24312,0,2025-06,1,6,55.0,1.0,4.0,0.0,60.0,61.0,35901.0,35.901,1.671263,1.531991,0.027854,0.111418,0.0,4.9508,4.9508,0.576,0.3228,,31,5,3200,173,control,,0
147,open-telemetry/opentelemetry-java-contrib,2025-02,24302,1,2025-08,0,-6,18.0,1.0,1.0,0.0,20.0,100.0,36758.0,36.758,0.544099,0.489689,0.027205,0.027205,0.0,1.06,1.06,0.4409,0.4771,,75,11,258,67,copilot,file_add,11
147,open-telemetry/opentelemetry-java-contrib,2025-03,24303,1,2025-08,0,-5,18.0,1.0,1.0,0.0,20.0,94.0,36747.0,36.747,0.544262,0.489836,0.027213,0.027213,0.0,1.1277,1.1277,0.4383,0.4731,,43,8,258,67,copilot,file_add,11
147,open-telemetry/opentelemetry-java-contrib,2025-04,24304,1,2025-08,0,-4,20.0,1.0,1.0,0.0,22.0,95.0,36913.0,36.913,0.595996,0.541815,0.027091,0.027091,0.0,1.1368,1.1368,0.4404,0.4686,,38,8,258,67,copilot,file_add,11
147,open-telemetry/opentelemetry-java-contrib,2025-05,24305,1,2025-08,0,-3,20.0,1.0,1.0,0.0,22.0,96.0,37019.0,37.019,0.594289,0.540263,0.027013,0.027013,0.0,1.125,1.125,0.4358,0.4741,,43,13,258,67,copilot,file_add,11
147,open-telemetry/opentelemetry-java-contrib,2025-06,24306,1,2025-08,0,-2,19.0,2.0,1.0,0.0,22.0,100.0,37572.0,37.572,0.585542,0.505696,0.053231,0.026616,0.0,1.07,1.07,0.4477,0.4665,,44,10,258,67,copilot,file_add,11
147,open-telemetry/opentelemetry-java-contrib,2025-07,24307,1,2025-08,0,-1,15.0,2.0,1.0,0.0,18.0,106.0,38194.0,38.194,0.471278,0.392732,0.052364,0.026182,0.0,1.0094,1.0094,0.4388,0.4672,,49,12,258,67,copilot,file_add,11
147,open-telemetry/opentelemetry-java-contrib,2025-08,24308,1,2025-08,1,0,16.0,2.0,1.0,0.0,19.0,113.0,40031.0,40.031,0.474632,0.39969,0.049961,0.024981,0.0,1.1062,1.1062,0.4428,0.4532,,83,17,258,67,copilot,file_add,11
147,open-telemetry/opentelemetry-java-contrib,2025-09,24309,1,2025-08,1,1,14.0,1.0,2.0,0.0,17.0,124.0,43567.0,43.567,0.390204,0.321344,0.022953,0.045906,0.0,1.2177,1.2177,0.4564,0.4463,,102,13,258,67,copilot,file_add,11
147,open-telemetry/opentelemetry-java-contrib,2025-10,24310,1,2025-08,1,2,16.0,1.0,2.0,0.0,19.0,126.0,43848.0,43.848,0.433315,0.364897,0.022806,0.045612,0.0,1.2698,1.2698,0.4622,0.4398,,73,14,258,67,copilot,file_add,11
147,open-telemetry/opentelemetry-java-contrib,2025-11,24311,1,2025-08,1,3,19.0,1.0,1.0,0.0,21.0,128.0,45677.0,45.677,0.45975,0.415964,0.021893,0.021893,0.0,1.2109,1.2109,0.4654,0.4305,,67,10,258,67,copilot,file_add,11
147,open-telemetry/opentelemetry-java-contrib,2025-12,24312,1,2025-08,1,4,19.0,1.0,1.0,0.0,21.0,129.0,45796.0,45.796,0.458555,0.414883,0.021836,0.021836,0.0,1.2016,1.2016,0.4618,0.4351,,41,5,258,67,copilot,file_add,11
147,open-telemetry/opentelemetry-java-contrib,2026-01,24313,1,2025-08,1,5,19.0,1.0,1.0,0.0,21.0,129.0,45831.0,45.831,0.458205,0.414567,0.021819,0.021819,0.0,1.2016,1.2016,0.4618,0.4351,,50,11,258,67,copilot,file_add,11
147,open-telemetry/opentelemetry-java-contrib,2026-02,24314,1,2025-08,1,6,19.0,1.0,1.0,0.0,21.0,129.0,45970.0,45.97,0.45682,0.413313,0.021753,0.021753,0.0,1.2016,1.2016,0.4618,0.4351,,44,8,258,67,copilot,file_add,11
148,atlassian/data-center-helm-charts,2025-02,24302,0,2025-08,0,-6,1.0,0.0,0.0,0.0,1.0,8.0,5275.0,5.275,0.189573,0.189573,0.0,0.0,0.0,0.875,0.875,0.6345,0.3655,,10,2,176,64,control,,0
148,atlassian/data-center-helm-charts,2025-03,24303,0,2025-08,0,-5,1.0,0.0,0.0,0.0,1.0,8.0,5405.0,5.405,0.185014,0.185014,0.0,0.0,0.0,0.875,0.875,0.6342,0.3658,,11,5,176,64,control,,0
148,atlassian/data-center-helm-charts,2025-04,24304,0,2025-08,0,-4,1.0,0.0,0.0,0.0,1.0,8.0,5421.0,5.421,0.184468,0.184468,0.0,0.0,0.0,0.875,0.875,0.6342,0.3658,,25,4,176,64,control,,0
148,atlassian/data-center-helm-charts,2025-05,24305,0,2025-08,0,-3,1.0,0.0,0.0,0.0,1.0,8.0,5482.0,5.482,0.182415,0.182415,0.0,0.0,0.0,0.875,0.875,0.6342,0.3658,,8,2,176,64,control,,0
148,atlassian/data-center-helm-charts,2025-06,24306,0,2025-08,0,-2,1.0,0.0,0.0,0.0,1.0,8.0,5482.0,5.482,0.182415,0.182415,0.0,0.0,0.0,0.875,0.875,0.6342,0.3658,,7,3,176,64,control,,0
148,atlassian/data-center-helm-charts,2025-07,24307,0,2025-08,0,-1,1.0,0.0,0.0,0.0,1.0,8.0,5482.0,5.482,0.182415,0.182415,0.0,0.0,0.0,0.875,0.875,0.6342,0.3658,,5,3,176,64,control,,0
148,atlassian/data-center-helm-charts,2025-08,24308,0,2025-08,1,0,1.0,0.0,0.0,0.0,1.0,8.0,5482.0,5.482,0.182415,0.182415,0.0,0.0,0.0,0.875,0.875,0.6342,0.3658,,12,4,176,64,control,,0
148,atlassian/data-center-helm-charts,2025-09,24309,0,2025-08,1,1,1.0,0.0,0.0,0.0,1.0,8.0,5514.0,5.514,0.181357,0.181357,0.0,0.0,0.0,0.875,0.875,0.6341,0.3659,,1,1,176,64,control,,0
148,atlassian/data-center-helm-charts,2025-10,24310,0,2025-08,1,2,1.0,0.0,0.0,0.0,1.0,8.0,5514.0,5.514,0.181357,0.181357,0.0,0.0,0.0,0.875,0.875,0.6341,0.3659,,3,2,176,64,control,,0
148,atlassian/data-center-helm-charts,2025-11,24311,0,2025-08,1,3,1.0,0.0,0.0,0.0,1.0,8.0,5514.0,5.514,0.181357,0.181357,0.0,0.0,0.0,0.875,0.875,0.6341,0.3659,,14,4,176,64,control,,0
148,atlassian/data-center-helm-charts,2025-12,24312,0,2025-08,1,4,1.0,0.0,0.0,0.0,1.0,8.0,5524.0,5.524,0.181028,0.181028,0.0,0.0,0.0,0.875,0.875,0.6341,0.3659,,7,2,176,64,control,,0
148,atlassian/data-center-helm-charts,2026-01,24313,0,2025-08,1,5,1.0,0.0,0.0,0.0,1.0,8.0,5524.0,5.524,0.181028,0.181028,0.0,0.0,0.0,0.875,0.875,0.6341,0.3659,,3,2,176,64,control,,0
148,atlassian/data-center-helm-charts,2026-02,24314,0,2025-08,1,6,1.0,0.0,0.0,0.0,1.0,8.0,5524.0,5.524,0.181028,0.181028,0.0,0.0,0.0,0.875,0.875,0.6341,0.3659,,4,2,176,64,control,,0
149,schmave/demschooltools,2025-05,24305,1,2025-11,0,-6,2.0,0.0,1.0,1.0,4.0,19.0,13033.0,13.033,0.306913,0.153457,0.0,0.076728,0.076728,2.6316,2.6316,0.6738,0.283,,15,1,7,128,copilot,file_add,2
149,schmave/demschooltools,2025-06,24306,1,2025-11,0,-5,2.0,0.0,1.0,1.0,4.0,19.0,13033.0,13.033,0.306913,0.153457,0.0,0.076728,0.076728,2.6316,2.6316,0.6738,0.283,,2,1,7,128,copilot,file_add,2
149,schmave/demschooltools,2025-07,24307,1,2025-11,0,-4,2.0,0.0,1.0,1.0,4.0,19.0,13033.0,13.033,0.306913,0.153457,0.0,0.076728,0.076728,2.6316,2.6316,0.6738,0.283,,22,2,7,128,copilot,file_add,2
149,schmave/demschooltools,2025-08,24308,1,2025-11,0,-3,2.0,0.0,1.0,1.0,4.0,19.0,13036.0,13.036,0.306843,0.153421,0.0,0.076711,0.076711,2.6316,2.6316,0.6738,0.283,,21,1,7,128,copilot,file_add,2
149,schmave/demschooltools,2025-09,24309,1,2025-11,0,-2,2.0,0.0,1.0,1.0,4.0,19.0,12756.0,12.756,0.313578,0.156789,0.0,0.078394,0.078394,2.6316,2.6316,0.6736,0.2832,,23,2,7,128,copilot,file_add,2
149,schmave/demschooltools,2025-10,24310,1,2025-11,0,-1,2.0,0.0,1.0,1.0,4.0,19.0,12756.0,12.756,0.313578,0.156789,0.0,0.078394,0.078394,2.6316,2.6316,0.6736,0.2832,,53,2,7,128,copilot,file_add,2
149,schmave/demschooltools,2025-11,24311,1,2025-11,1,0,2.0,0.0,1.0,1.0,4.0,19.0,12756.0,12.756,0.313578,0.156789,0.0,0.078394,0.078394,2.6316,2.6316,0.6736,0.2832,,50,3,7,128,copilot,file_add,2
149,schmave/demschooltools,2025-12,24312,1,2025-11,1,1,2.0,0.0,1.0,1.0,4.0,19.0,12757.0,12.757,0.313553,0.156777,0.0,0.078388,0.078388,2.6316,2.6316,0.6736,0.2832,,4,1,7,128,copilot,file_add,2
149,schmave/demschooltools,2026-01,24313,1,2025-11,1,2,2.0,0.0,1.0,1.0,4.0,19.0,12757.0,12.757,0.313553,0.156777,0.0,0.078388,0.078388,2.6316,2.6316,0.6736,0.2832,,0,0,7,128,copilot,file_add,2
149,schmave/demschooltools,2026-02,24314,1,2025-11,1,3,2.0,0.0,1.0,1.0,4.0,19.0,12757.0,12.757,0.313553,0.156777,0.0,0.078388,0.078388,2.6316,2.6316,0.6736,0.2832,,4,1,7,128,copilot,file_add,2
149,schmave/demschooltools,2026-03,24315,1,2025-11,1,4,2.0,0.0,1.0,1.0,4.0,19.0,12757.0,12.757,0.313553,0.156777,0.0,0.078388,0.078388,2.6316,2.6316,0.6736,0.2832,,0,0,7,128,copilot,file_add,2
149,schmave/demschooltools,2026-04,24316,1,2025-11,1,5,2.0,0.0,1.0,1.0,4.0,19.0,12757.0,12.757,0.313553,0.156777,0.0,0.078388,0.078388,2.6316,2.6316,0.6736,0.2832,,0,0,7,128,copilot,file_add,2
149,schmave/demschooltools,2026-05,24317,1,2025-11,1,6,2.0,0.0,1.0,1.0,4.0,19.0,12757.0,12.757,0.313553,0.156777,0.0,0.078388,0.078388,2.6316,2.6316,0.6736,0.2832,,0,0,7,128,copilot,file_add,2
150,SmartTools/smartactors-core,2025-05,24305,0,2025-11,0,-6,7.0,1.0,6.0,0.0,14.0,719.0,58281.0,58.281,0.240216,0.120108,0.017158,0.10295,0.0,9.5688,9.5688,0.6475,0.3013,,0,0,20,120,control,,0
150,SmartTools/smartactors-core,2025-06,24306,0,2025-11,0,-5,7.0,1.0,6.0,0.0,14.0,719.0,58281.0,58.281,0.240216,0.120108,0.017158,0.10295,0.0,9.5688,9.5688,0.6475,0.3013,,0,0,20,120,control,,0
150,SmartTools/smartactors-core,2025-07,24307,0,2025-11,0,-4,7.0,1.0,6.0,0.0,14.0,719.0,58281.0,58.281,0.240216,0.120108,0.017158,0.10295,0.0,9.5688,9.5688,0.6475,0.3013,,1,1,20,120,control,,0
150,SmartTools/smartactors-core,2025-08,24308,0,2025-11,0,-3,12.0,1.0,3.0,0.0,16.0,679.0,51273.0,51.273,0.312055,0.234041,0.019503,0.05851,0.0,7.8247,7.8247,0.6345,0.3078,,0,0,20,120,control,,0
150,SmartTools/smartactors-core,2025-09,24309,0,2025-11,0,-2,12.0,1.0,3.0,0.0,16.0,679.0,51273.0,51.273,0.312055,0.234041,0.019503,0.05851,0.0,7.8247,7.8247,0.6345,0.3078,,0,0,20,120,control,,0
150,SmartTools/smartactors-core,2025-10,24310,0,2025-11,0,-1,12.0,1.0,3.0,0.0,16.0,679.0,51273.0,51.273,0.312055,0.234041,0.019503,0.05851,0.0,7.8247,7.8247,0.6345,0.3078,,0,0,20,120,control,,0
150,SmartTools/smartactors-core,2025-11,24311,0,2025-11,1,0,12.0,1.0,3.0,0.0,16.0,679.0,51273.0,51.273,0.312055,0.234041,0.019503,0.05851,0.0,7.8247,7.8247,0.6345,0.3078,,0,0,20,120,control,,0
150,SmartTools/smartactors-core,2025-12,24312,0,2025-11,1,1,12.0,1.0,3.0,0.0,16.0,679.0,51273.0,51.273,0.312055,0.234041,0.019503,0.05851,0.0,7.8247,7.8247,0.6345,0.3078,,0,0,20,120,control,,0
150,SmartTools/smartactors-core,2026-01,24313,0,2025-11,1,2,12.0,1.0,3.0,0.0,16.0,679.0,51273.0,51.273,0.312055,0.234041,0.019503,0.05851,0.0,7.8247,7.8247,0.6345,0.3078,,0,0,20,120,control,,0
150,SmartTools/smartactors-core,2026-02,24314,0,2025-11,1,3,12.0,1.0,3.0,0.0,16.0,679.0,51273.0,51.273,0.312055,0.234041,0.019503,0.05851,0.0,7.8247,7.8247,0.6345,0.3078,,0,0,20,120,control,,0
150,SmartTools/smartactors-core,2026-03,24315,0,2025-11,1,4,12.0,1.0,3.0,0.0,16.0,679.0,51273.0,51.273,0.312055,0.234041,0.019503,0.05851,0.0,7.8247,7.8247,0.6345,0.3078,,0,0,20,120,control,,0
150,SmartTools/smartactors-core,2026-04,24316,0,2025-11,1,5,12.0,1.0,3.0,0.0,16.0,679.0,51273.0,51.273,0.312055,0.234041,0.019503,0.05851,0.0,7.8247,7.8247,0.6345,0.3078,,0,0,20,120,control,,0
150,SmartTools/smartactors-core,2026-05,24317,0,2025-11,1,6,12.0,1.0,3.0,0.0,16.0,679.0,51273.0,51.273,0.312055,0.234041,0.019503,0.05851,0.0,7.8247,7.8247,0.6345,0.3078,,0,0,20,120,control,,0
151,dadoonet/fscrawler,2025-03,24303,1,2025-09,0,-6,0.0,0.0,1.0,0.0,1.0,28.0,10453.0,10.453,0.095666,0.0,0.0,0.095666,0.0,3.0714,3.0714,0.6711,0.2355,,92,4,1434,165,cursor,file_add,4
151,dadoonet/fscrawler,2025-04,24304,1,2025-09,0,-5,0.0,0.0,1.0,0.0,1.0,30.0,10815.0,10.815,0.092464,0.0,0.0,0.092464,0.0,2.9,2.9,0.6646,0.2316,,72,3,1434,165,cursor,file_add,4
151,dadoonet/fscrawler,2025-05,24305,1,2025-09,0,-4,0.0,0.0,1.0,0.0,1.0,30.0,9979.0,9.979,0.10021,0.0,0.0,0.10021,0.0,2.8333,2.8333,0.674,0.2348,,22,4,1434,165,cursor,file_add,4
151,dadoonet/fscrawler,2025-06,24306,1,2025-09,0,-3,0.0,0.0,1.0,0.0,1.0,30.0,9986.0,9.986,0.10014,0.0,0.0,0.10014,0.0,2.8333,2.8333,0.674,0.2348,,29,4,1434,165,cursor,file_add,4
151,dadoonet/fscrawler,2025-07,24307,1,2025-09,0,-2,0.0,0.0,1.0,0.0,1.0,30.0,9987.0,9.987,0.10013,0.0,0.0,0.10013,0.0,2.8333,2.8333,0.674,0.2348,,40,4,1434,165,cursor,file_add,4
151,dadoonet/fscrawler,2025-08,24308,1,2025-09,0,-1,0.0,0.0,1.0,0.0,1.0,30.0,10042.0,10.042,0.099582,0.0,0.0,0.099582,0.0,2.8333,2.8333,0.6737,0.2349,,66,5,1434,165,cursor,file_add,4
151,dadoonet/fscrawler,2025-09,24309,1,2025-09,1,0,0.0,0.0,1.0,0.0,1.0,30.0,10042.0,10.042,0.099582,0.0,0.0,0.099582,0.0,2.8333,2.8333,0.6737,0.2349,,100,8,1434,165,cursor,file_add,4
151,dadoonet/fscrawler,2025-10,24310,1,2025-09,1,1,0.0,0.0,1.0,0.0,1.0,30.0,9652.0,9.652,0.103605,0.0,0.0,0.103605,0.0,2.8333,2.8333,0.6735,0.2359,,86,7,1434,165,cursor,file_add,4
151,dadoonet/fscrawler,2025-11,24311,1,2025-09,1,2,0.0,0.0,1.0,0.0,1.0,30.0,9779.0,9.779,0.10226,0.0,0.0,0.10226,0.0,3.1333,3.1333,0.6765,0.2351,,77,7,1434,165,cursor,file_add,4
151,dadoonet/fscrawler,2025-12,24312,1,2025-09,1,3,0.0,1.0,1.0,0.0,2.0,30.0,10073.0,10.073,0.198551,0.0,0.099275,0.099275,0.0,3.1,3.1,0.6755,0.2342,,22,4,1434,165,cursor,file_add,4
151,dadoonet/fscrawler,2026-01,24313,1,2025-09,1,4,0.0,1.0,1.0,0.0,2.0,30.0,10073.0,10.073,0.198551,0.0,0.099275,0.099275,0.0,3.1,3.1,0.6755,0.2342,,93,7,1434,165,cursor,file_add,4
151,dadoonet/fscrawler,2026-02,24314,1,2025-09,1,5,0.0,1.0,1.0,0.0,2.0,30.0,10749.0,10.749,0.186064,0.0,0.093032,0.093032,0.0,3.1333,3.1333,0.6794,0.2305,,106,5,1434,165,cursor,file_add,4
151,dadoonet/fscrawler,2026-03,24315,1,2025-09,1,6,4.0,1.0,1.0,0.0,6.0,29.0,11087.0,11.087,0.541174,0.360783,0.090196,0.090196,0.0,3.1034,3.1034,0.7104,0.2183,,88,4,1434,165,cursor,file_add,4
152,linkedin/rest.li,2025-03,24303,0,2025-09,0,-6,,,,,,,,,,,,,,,,,,,7,3,2532,160,control,,0
152,linkedin/rest.li,2025-04,24304,0,2025-09,0,-5,371.0,14.0,3.0,3.0,391.0,320.0,297748.0,297.748,1.313191,1.24602,0.04702,0.010076,0.010076,9.7719,9.7719,0.6404,0.2683,,5,4,2532,160,control,,0
152,linkedin/rest.li,2025-05,24305,0,2025-09,0,-4,,,,,,,,,,,,,,,,,,,10,5,2532,160,control,,0
152,linkedin/rest.li,2025-06,24306,0,2025-09,0,-3,369.0,14.0,3.0,3.0,389.0,320.0,298172.0,298.172,1.304616,1.237541,0.046953,0.010061,0.010061,9.7688,9.7688,0.6403,0.2683,,3,3,2532,160,control,,0
152,linkedin/rest.li,2025-07,24307,0,2025-09,0,-2,,,,,,,,,,,,,,,,,,,4,3,2532,160,control,,0
152,linkedin/rest.li,2025-08,24308,0,2025-09,0,-1,369.0,14.0,3.0,3.0,389.0,320.0,298325.0,298.325,1.303947,1.236906,0.046929,0.010056,0.010056,9.7688,9.7688,0.6403,0.2683,,13,5,2532,160,control,,0
152,linkedin/rest.li,2025-09,24309,0,2025-09,1,0,369.0,14.0,3.0,3.0,389.0,320.0,298568.0,298.568,1.302886,1.235899,0.04689,0.010048,0.010048,9.7688,9.7688,0.6403,0.2684,,10,6,2532,160,control,,0
152,linkedin/rest.li,2025-10,24310,0,2025-09,1,1,370.0,15.0,3.0,3.0,391.0,320.0,299778.0,299.778,1.304299,1.234247,0.050037,0.010007,0.010007,9.7844,9.7844,0.64,0.2686,,9,5,2532,160,control,,0
152,linkedin/rest.li,2025-11,24311,0,2025-09,1,2,,,,,,,,,,,,,,,,,,,2,2,2532,160,control,,0
152,linkedin/rest.li,2025-12,24312,0,2025-09,1,3,371.0,15.0,3.0,3.0,392.0,320.0,300449.0,300.449,1.304714,1.234819,0.049925,0.009985,0.009985,9.8,9.8,0.64,0.2692,,0,0,2532,160,control,,0
152,linkedin/rest.li,2026-01,24313,0,2025-09,1,4,,,,,,,,,,,,,,,,,,,4,2,2532,160,control,,0
152,linkedin/rest.li,2026-02,24314,0,2025-09,1,5,,,,,,,,,,,,,,,,,,,9,6,2532,160,control,,0
152,linkedin/rest.li,2026-03,24315,0,2025-09,1,6,371.0,15.0,3.0,3.0,392.0,320.0,301826.0,301.826,1.298762,1.229185,0.049698,0.00994,0.00994,9.8,9.8,0.6399,0.2693,,1,1,2532,160,control,,0
153,axonivy-market/portal,2024-11,24299,1,2025-05,0,-6,253.0,9.0,6.0,0.0,268.0,245.0,51334.0,51.334,5.220711,4.928507,0.175322,0.116882,0.0,4.3388,4.3388,0.6166,0.3611,,152,15,12,40,copilot,commit_pattern,6
153,axonivy-market/portal,2024-12,24300,1,2025-05,0,-5,218.0,10.0,3.0,0.0,231.0,246.0,51778.0,51.778,4.461354,4.210282,0.193132,0.05794,0.0,4.4431,4.4431,0.6171,0.3606,,83,15,12,40,copilot,commit_pattern,6
153,axonivy-market/portal,2025-01,24301,1,2025-05,0,-4,218.0,10.0,3.0,0.0,231.0,246.0,52069.0,52.069,4.436421,4.186752,0.192053,0.057616,0.0,4.4472,4.4472,0.6169,0.3608,,65,14,12,40,copilot,commit_pattern,6
153,axonivy-market/portal,2025-02,24302,1,2025-05,0,-3,223.0,10.0,3.0,0.0,236.0,246.0,52182.0,52.182,4.522632,4.273504,0.191637,0.057491,0.0,4.4634,4.4634,0.6168,0.3607,,125,13,12,40,copilot,commit_pattern,6
153,axonivy-market/portal,2025-03,24303,1,2025-05,0,-2,219.0,9.0,3.0,0.0,231.0,246.0,52827.0,52.827,4.372764,4.145607,0.170367,0.056789,0.0,4.439,4.439,0.617,0.3605,,116,14,12,40,copilot,commit_pattern,6
153,axonivy-market/portal,2025-04,24304,1,2025-05,0,-1,208.0,10.0,8.0,0.0,226.0,246.0,52481.0,52.481,4.30632,3.963339,0.190545,0.152436,0.0,4.2967,4.2967,0.6158,0.3618,,66,11,12,40,copilot,commit_pattern,6
153,axonivy-market/portal,2025-05,24305,1,2025-05,1,0,208.0,10.0,8.0,0.0,226.0,246.0,52570.0,52.57,4.29903,3.956629,0.190223,0.152178,0.0,4.2967,4.2967,0.6159,0.3617,,144,17,12,40,copilot,commit_pattern,6
153,axonivy-market/portal,2025-06,24306,1,2025-05,1,1,252.0,9.0,1.0,0.0,262.0,225.0,53038.0,53.038,4.939854,4.75131,0.16969,0.018854,0.0,4.8533,4.8533,0.6407,0.3458,,58,11,12,40,copilot,commit_pattern,6
153,axonivy-market/portal,2025-07,24307,1,2025-05,1,2,254.0,9.0,1.0,0.0,264.0,230.0,53718.0,53.718,4.914554,4.728396,0.167542,0.018616,0.0,4.8522,4.8522,0.6414,0.3459,,39,12,12,40,copilot,commit_pattern,6
153,axonivy-market/portal,2025-08,24308,1,2025-05,1,3,256.0,9.0,1.0,0.0,266.0,230.0,54331.0,54.331,4.895916,4.711859,0.165651,0.018406,0.0,4.9043,4.9043,0.6426,0.3446,,27,11,12,40,copilot,commit_pattern,6
153,axonivy-market/portal,2025-09,24309,1,2025-05,1,4,256.0,9.0,1.0,0.0,266.0,230.0,54812.0,54.812,4.852952,4.67051,0.164198,0.018244,0.0,4.9087,4.9087,0.6426,0.3446,,65,9,12,40,copilot,commit_pattern,6
153,axonivy-market/portal,2025-10,24310,1,2025-05,1,5,256.0,9.0,1.0,0.0,266.0,228.0,55252.0,55.252,4.814305,4.633316,0.16289,0.018099,0.0,4.9605,4.9605,0.6439,0.3435,,59,11,12,40,copilot,commit_pattern,6
153,axonivy-market/portal,2025-11,24311,1,2025-05,1,6,268.0,9.0,1.0,0.0,278.0,228.0,55597.0,55.597,5.00027,4.820404,0.161879,0.017987,0.0,5.0263,5.0263,0.6463,0.3405,,62,14,12,40,copilot,commit_pattern,6
154,averbraeck/opentrafficsim,2024-11,24299,0,2025-05,0,-6,,,,,,,,,,,,,,,,,,,49,2,56,43,control,,0
154,averbraeck/opentrafficsim,2024-12,24300,0,2025-05,0,-5,212.0,7.0,4.0,1.0,224.0,156.0,93539.0,93.539,2.394723,2.266434,0.074835,0.042763,0.010691,9.0321,9.0321,0.6174,0.2825,,41,2,56,43,control,,0
154,averbraeck/opentrafficsim,2025-01,24301,0,2025-05,0,-4,,,,,,,,,,,,,,,,,,,14,1,56,43,control,,0
154,averbraeck/opentrafficsim,2025-02,24302,0,2025-05,0,-3,214.0,7.0,5.0,1.0,227.0,160.0,104691.0,104.691,2.168286,2.044111,0.066863,0.04776,0.009552,8.9625,8.9625,0.6169,0.2868,,39,2,56,43,control,,0
154,averbraeck/opentrafficsim,2025-03,24303,0,2025-05,0,-2,,,,,,,,,,,,,,,,,,,12,3,56,43,control,,0
154,averbraeck/opentrafficsim,2025-04,24304,0,2025-05,0,-1,,,,,,,,,,,,,,,,,,,6,3,56,43,control,,0
154,averbraeck/opentrafficsim,2025-05,24305,0,2025-05,1,0,212.0,7.0,2.0,1.0,222.0,151.0,104352.0,104.352,2.127415,2.031585,0.067081,0.019166,0.009583,9.3046,9.3046,0.599,0.2999,,3,1,56,43,control,,0
154,averbraeck/opentrafficsim,2025-06,24306,0,2025-05,1,1,212.0,7.0,2.0,1.0,222.0,151.0,104145.0,104.145,2.131643,2.035623,0.067214,0.019204,0.009602,9.2848,9.2848,0.5999,0.2982,,0,0,56,43,control,,0
154,averbraeck/opentrafficsim,2025-07,24307,0,2025-05,1,2,212.0,7.0,2.0,1.0,222.0,151.0,104145.0,104.145,2.131643,2.035623,0.067214,0.019204,0.009602,9.2848,9.2848,0.5999,0.2982,,0,0,56,43,control,,0
154,averbraeck/opentrafficsim,2025-08,24308,0,2025-05,1,3,212.0,7.0,2.0,1.0,222.0,151.0,104145.0,104.145,2.131643,2.035623,0.067214,0.019204,0.009602,9.2848,9.2848,0.5999,0.2982,,23,4,56,43,control,,0
154,averbraeck/opentrafficsim,2025-09,24309,0,2025-05,1,4,,,,,,,,,,,,,,,,,,,35,1,56,43,control,,0
154,averbraeck/opentrafficsim,2025-10,24310,0,2025-05,1,5,200.0,8.0,4.0,1.0,213.0,149.0,101940.0,101.94,2.089464,1.961938,0.078478,0.039239,0.00981,9.5436,9.5436,0.5982,0.2953,,45,2,56,43,control,,0
154,averbraeck/opentrafficsim,2025-11,24311,0,2025-05,1,6,,,,,,,,,,,,,,,,,,,25,1,56,43,control,,0
155,AlexProgrammerDE/SoulFire,2025-04,24304,1,2025-10,0,-6,,,,,,,,,,,,,,,,,,,110,2,488,56,claude_code,file_add,130
155,AlexProgrammerDE/SoulFire,2025-05,24305,1,2025-10,0,-5,,,,,,,,,,,,,,,,,,,31,2,488,56,claude_code,file_add,130
155,AlexProgrammerDE/SoulFire,2025-06,24306,1,2025-10,0,-4,,,,,,,,,,,,,,,,,,,72,2,488,56,claude_code,file_add,130
155,AlexProgrammerDE/SoulFire,2025-07,24307,1,2025-10,0,-3,,,,,,,,,,,,,,,,,,,107,2,488,56,claude_code,file_add,130
155,AlexProgrammerDE/SoulFire,2025-08,24308,1,2025-10,0,-2,,,,,,,,,,,,,,,,,,,57,2,488,56,claude_code,file_add,130
155,AlexProgrammerDE/SoulFire,2025-09,24309,1,2025-10,0,-1,,,,,,,,,,,,,,,,,,,43,2,488,56,claude_code,file_add,130
155,AlexProgrammerDE/SoulFire,2025-10,24310,1,2025-10,1,0,,,,,,,,,,,,,,,,,,,76,2,488,56,claude_code,file_add,130
155,AlexProgrammerDE/SoulFire,2025-11,24311,1,2025-10,1,1,,,,,,,,,,,,,,,,,,,36,2,488,56,claude_code,file_add,130
155,AlexProgrammerDE/SoulFire,2025-12,24312,1,2025-10,1,2,,,,,,,,,,,,,,,,,,,69,3,488,56,claude_code,file_add,130
155,AlexProgrammerDE/SoulFire,2026-01,24313,1,2025-10,1,3,,,,,,,,,,,,,,,,,,,140,2,488,56,claude_code,file_add,130
155,AlexProgrammerDE/SoulFire,2026-02,24314,1,2025-10,1,4,,,,,,,,,,,,,,,,,,,197,4,488,56,claude_code,file_add,130
155,AlexProgrammerDE/SoulFire,2026-03,24315,1,2025-10,1,5,,,,,,,,,,,,,,,,,,,15,2,488,56,claude_code,file_add,130
155,AlexProgrammerDE/SoulFire,2026-04,24316,1,2025-10,1,6,,,,,,,,,,,,,,,,,,,0,0,488,56,claude_code,file_add,130
156,lakernote/EasyPostman,2025-07,24307,0,2025-10,0,-3,30.0,1.0,2.0,0.0,33.0,31.0,6392.0,6.392,5.162703,4.693367,0.156446,0.312891,0.0,3.3548,3.3548,0.565,0.4081,,236,1,581,9,control,,0
156,lakernote/EasyPostman,2025-08,24308,0,2025-10,0,-2,72.0,2.0,1.0,0.0,75.0,47.0,9676.0,9.676,7.751137,7.441091,0.206697,0.103348,0.0,4.1915,4.1915,0.5747,0.3934,,102,1,581,9,control,,0
156,lakernote/EasyPostman,2025-09,24309,0,2025-10,0,-1,85.0,3.0,4.0,0.0,92.0,46.0,12283.0,12.283,7.490027,6.920134,0.24424,0.325653,0.0,4.9348,4.9348,0.5979,0.3695,,330,1,581,9,control,,0
156,lakernote/EasyPostman,2025-10,24310,0,2025-10,1,0,108.0,3.0,1.0,0.0,112.0,53.0,19251.0,19.251,5.81788,5.610098,0.155836,0.051945,0.0,5.2264,5.2264,0.5864,0.3762,,243,2,581,9,control,,0
156,lakernote/EasyPostman,2025-11,24311,0,2025-10,1,1,106.0,3.0,1.0,0.0,110.0,56.0,26150.0,26.15,4.206501,4.053537,0.114723,0.038241,0.0,5.2857,5.2857,0.6267,0.3454,,213,3,581,9,control,,0
156,lakernote/EasyPostman,2025-12,24312,0,2025-10,1,2,149.0,2.0,3.0,0.0,154.0,69.0,32211.0,32.211,4.780975,4.625749,0.062091,0.093136,0.0,5.8551,5.8551,0.6477,0.3213,,98,4,581,9,control,,0
156,lakernote/EasyPostman,2026-01,24313,0,2025-10,1,3,195.0,4.0,1.0,0.0,200.0,71.0,33725.0,33.725,5.930319,5.782061,0.118606,0.029652,0.0,6.0141,6.0141,0.6262,0.3391,,405,3,581,9,control,,0
156,lakernote/EasyPostman,2026-02,24314,0,2025-10,1,4,252.0,4.0,1.0,0.0,257.0,75.0,42433.0,42.433,6.056607,5.938774,0.094266,0.023567,0.0,6.5067,6.5067,0.6455,0.3211,,164,2,581,9,control,,0
156,lakernote/EasyPostman,2026-03,24315,0,2025-10,1,5,261.0,4.0,1.0,0.0,266.0,77.0,46927.0,46.927,5.668379,5.56183,0.085239,0.02131,0.0,6.6104,6.6104,0.6412,0.3237,,65,1,581,9,control,,0
156,lakernote/EasyPostman,2026-04,24316,0,2025-10,1,6,263.0,4.0,1.0,0.0,268.0,77.0,51997.0,51.997,5.154144,5.057984,0.076928,0.019232,0.0,6.6494,6.6494,0.6403,0.3247,,0,0,581,9,control,,0
157,hyperledger/besu,2025-01,24301,1,2025-07,0,-6,,,,,,,,,,,,,,,,,,,61,19,1775,78,copilot,commit_pattern,28
157,hyperledger/besu,2025-02,24302,1,2025-07,0,-5,,,,,,,,,,,,,,,,,,,83,16,1775,78,copilot,commit_pattern,28
157,hyperledger/besu,2025-03,24303,1,2025-07,0,-4,,,,,,,,,,,,,,,,,,,65,16,1775,78,copilot,commit_pattern,28
157,hyperledger/besu,2025-04,24304,1,2025-07,0,-3,,,,,,,,,,,,,,,,,,,55,20,1775,78,copilot,commit_pattern,28
157,hyperledger/besu,2025-05,24305,1,2025-07,0,-2,,,,,,,,,,,,,,,,,,,73,19,1775,78,copilot,commit_pattern,28
157,hyperledger/besu,2025-06,24306,1,2025-07,0,-1,,,,,,,,,,,,,,,,,,,68,16,1775,78,copilot,commit_pattern,28
157,hyperledger/besu,2025-07,24307,1,2025-07,1,0,,,,,,,,,,,,,,,,,,,68,18,1775,78,copilot,commit_pattern,28
157,hyperledger/besu,2025-08,24308,1,2025-07,1,1,,,,,,,,,,,,,,,,,,,59,16,1775,78,copilot,commit_pattern,28
157,hyperledger/besu,2025-09,24309,1,2025-07,1,2,,,,,,,,,,,,,,,,,,,65,14,1775,78,copilot,commit_pattern,28
157,hyperledger/besu,2025-10,24310,1,2025-07,1,3,,,,,,,,,,,,,,,,,,,91,22,1775,78,copilot,commit_pattern,28
157,hyperledger/besu,2025-11,24311,1,2025-07,1,4,,,,,,,,,,,,,,,,,,,76,17,1775,78,copilot,commit_pattern,28
157,hyperledger/besu,2025-12,24312,1,2025-07,1,5,,,,,,,,,,,,,,,,,,,49,17,1775,78,copilot,commit_pattern,28
157,hyperledger/besu,2026-01,24313,1,2025-07,1,6,,,,,,,,,,,,,,,,,,,65,18,1775,78,copilot,commit_pattern,28
158,micrometer-metrics/micrometer,2025-01,24301,0,2025-07,0,-6,44.0,3.0,1.0,0.0,48.0,159.0,59512.0,59.512,0.80656,0.739347,0.05041,0.016803,0.0,6.3333,6.3333,0.7438,0.1843,,90,12,4824,107,control,,0
158,micrometer-metrics/micrometer,2025-02,24302,0,2025-07,0,-5,40.0,3.0,1.0,0.0,44.0,159.0,59825.0,59.825,0.735478,0.668617,0.050146,0.016715,0.0,6.3522,6.3522,0.7441,0.1845,,182,9,4824,107,control,,0
158,micrometer-metrics/micrometer,2025-03,24303,0,2025-07,0,-4,40.0,3.0,1.0,0.0,44.0,159.0,60365.0,60.365,0.728899,0.662636,0.049698,0.016566,0.0,6.3899,6.3899,0.744,0.1845,,94,6,4824,107,control,,0
158,micrometer-metrics/micrometer,2025-04,24304,0,2025-07,0,-3,40.0,3.0,1.0,0.0,44.0,159.0,60613.0,60.613,0.725917,0.659924,0.049494,0.016498,0.0,6.3899,6.3899,0.7439,0.1846,,116,5,4824,107,control,,0
158,micrometer-metrics/micrometer,2025-05,24305,0,2025-07,0,-2,40.0,4.0,1.0,0.0,45.0,150.0,60266.0,60.266,0.74669,0.663724,0.066372,0.016593,0.0,6.6,6.6,0.742,0.1813,,152,6,4824,107,control,,0
158,micrometer-metrics/micrometer,2025-06,24306,0,2025-07,0,-1,40.0,4.0,1.0,0.0,45.0,151.0,60216.0,60.216,0.74731,0.664275,0.066428,0.016607,0.0,6.298,6.298,0.7358,0.1815,,194,13,4824,107,control,,0
158,micrometer-metrics/micrometer,2025-07,24307,0,2025-07,1,0,40.0,3.0,1.0,0.0,44.0,158.0,60753.0,60.753,0.724244,0.658404,0.04938,0.01646,0.0,5.8924,5.8924,0.7506,0.1746,,99,7,4824,107,control,,0
158,micrometer-metrics/micrometer,2025-08,24308,0,2025-07,1,1,40.0,3.0,1.0,0.0,44.0,158.0,60897.0,60.897,0.722531,0.656847,0.049264,0.016421,0.0,5.9051,5.9051,0.7506,0.1746,,97,11,4824,107,control,,0
158,micrometer-metrics/micrometer,2025-09,24309,0,2025-07,1,2,41.0,3.0,1.0,0.0,45.0,161.0,61747.0,61.747,0.72878,0.664,0.048585,0.016195,0.0,5.8634,5.8634,0.7448,0.1818,,84,6,4824,107,control,,0
158,micrometer-metrics/micrometer,2025-10,24310,0,2025-07,1,3,41.0,3.0,0.0,0.0,44.0,164.0,62242.0,62.242,0.706918,0.658719,0.048199,0.0,0.0,5.8415,5.8415,0.7397,0.1852,,73,5,4824,107,control,,0
158,micrometer-metrics/micrometer,2025-11,24311,0,2025-07,1,4,42.0,3.0,0.0,0.0,45.0,164.0,62908.0,62.908,0.71533,0.667642,0.047689,0.0,0.0,5.878,5.878,0.7373,0.189,,100,10,4824,107,control,,0
158,micrometer-metrics/micrometer,2025-12,24312,0,2025-07,1,5,46.0,4.0,0.0,0.0,50.0,165.0,63311.0,63.311,0.789752,0.726572,0.06318,0.0,0.0,5.8788,5.8788,0.7384,0.1883,,92,7,4824,107,control,,0
158,micrometer-metrics/micrometer,2026-01,24313,0,2025-07,1,6,46.0,4.0,0.0,0.0,50.0,165.0,63414.0,63.414,0.788469,0.725392,0.063078,0.0,0.0,5.8848,5.8848,0.7321,0.1945,,116,8,4824,107,control,,0
159,TimefoldAI/timefold-solver,2025-02,24302,1,2025-08,0,-6,,,,,,,,,,,,,,,,,,,28,11,1589,36,copilot,commit_pattern,4
159,TimefoldAI/timefold-solver,2025-03,24303,1,2025-08,0,-5,,,,,,,,,,,,,,,,,,,41,8,1589,36,copilot,commit_pattern,4
159,TimefoldAI/timefold-solver,2025-04,24304,1,2025-08,0,-4,,,,,,,,,,,,,,,,,,,44,9,1589,36,copilot,commit_pattern,4
159,TimefoldAI/timefold-solver,2025-05,24305,1,2025-08,0,-3,,,,,,,,,,,,,,,,,,,28,9,1589,36,copilot,commit_pattern,4
159,TimefoldAI/timefold-solver,2025-06,24306,1,2025-08,0,-2,,,,,,,,,,,,,,,,,,,35,6,1589,36,copilot,commit_pattern,4
159,TimefoldAI/timefold-solver,2025-07,24307,1,2025-08,0,-1,,,,,,,,,,,,,,,,,,,29,6,1589,36,copilot,commit_pattern,4
159,TimefoldAI/timefold-solver,2025-08,24308,1,2025-08,1,0,,,,,,,,,,,,,,,,,,,33,6,1589,36,copilot,commit_pattern,4
159,TimefoldAI/timefold-solver,2025-09,24309,1,2025-08,1,1,,,,,,,,,,,,,,,,,,,54,8,1589,36,copilot,commit_pattern,4
159,TimefoldAI/timefold-solver,2025-10,24310,1,2025-08,1,2,,,,,,,,,,,,,,,,,,,41,8,1589,36,copilot,commit_pattern,4
159,TimefoldAI/timefold-solver,2025-11,24311,1,2025-08,1,3,,,,,,,,,,,,,,,,,,,30,7,1589,36,copilot,commit_pattern,4
159,TimefoldAI/timefold-solver,2025-12,24312,1,2025-08,1,4,,,,,,,,,,,,,,,,,,,32,5,1589,36,copilot,commit_pattern,4
159,TimefoldAI/timefold-solver,2026-01,24313,1,2025-08,1,5,,,,,,,,,,,,,,,,,,,50,7,1589,36,copilot,commit_pattern,4
159,TimefoldAI/timefold-solver,2026-02,24314,1,2025-08,1,6,,,,,,,,,,,,,,,,,,,60,7,1589,36,copilot,commit_pattern,4
160,AutoMQ/automq,2025-02,24302,0,2025-08,0,-6,,,,,,,,,,,,,,,,,,,23,4,9581,31,control,,0
160,AutoMQ/automq,2025-03,24303,0,2025-08,0,-5,,,,,,,,,,,,,,,,,,,22,13,9581,31,control,,0
160,AutoMQ/automq,2025-04,24304,0,2025-08,0,-4,,,,,,,,,,,,,,,,,,,39,16,9581,31,control,,0
160,AutoMQ/automq,2025-05,24305,0,2025-08,0,-3,1089.0,9.0,1.0,4.0,1103.0,422.0,608005.0,608.005,1.81413,1.791104,0.014803,0.001645,0.006579,8.519,8.519,0.6059,0.3212,,49,14,9581,31,control,,0
160,AutoMQ/automq,2025-06,24306,0,2025-08,0,-2,,,,,,,,,,,,,,,,,,,22,11,9581,31,control,,0
160,AutoMQ/automq,2025-07,24307,0,2025-08,0,-1,1099.0,8.0,9.0,3.0,1119.0,448.0,616217.0,616.217,1.815919,1.783463,0.012982,0.014605,0.004868,8.375,8.375,0.6082,0.3194,,28,11,9581,31,control,,0
160,AutoMQ/automq,2025-08,24308,0,2025-08,1,0,1099.0,8.0,9.0,3.0,1119.0,448.0,616565.0,616.565,1.814894,1.782456,0.012975,0.014597,0.004866,8.3772,8.3772,0.6082,0.3195,,30,7,9581,31,control,,0
160,AutoMQ/automq,2025-09,24309,0,2025-08,1,1,,,,,,,,,,,,,,,,,,,59,8,9581,31,control,,0
160,AutoMQ/automq,2025-10,24310,0,2025-08,1,2,,,,,,,,,,,,,,,,,,,23,6,9581,31,control,,0
160,AutoMQ/automq,2025-11,24311,0,2025-08,1,3,,,,,,,,,,,,,,,,,,,37,8,9581,31,control,,0
160,AutoMQ/automq,2025-12,24312,0,2025-08,1,4,1104.0,9.0,5.0,16.0,1134.0,464.0,625556.0,625.556,1.812787,1.76483,0.014387,0.007993,0.025577,8.3384,8.3384,0.5982,0.3248,,20,9,9581,31,control,,0
160,AutoMQ/automq,2026-01,24313,0,2025-08,1,5,1103.0,9.0,1.0,2.0,1115.0,464.0,626220.0,626.22,1.780524,1.761362,0.014372,0.001597,0.003194,8.347,8.347,0.598,0.325,,21,10,9581,31,control,,0
160,AutoMQ/automq,2026-02,24314,0,2025-08,1,6,,,,,,,,,,,,,,,,,,,13,5,9581,31,control,,0
161,Angular2Guy/MovieManager,2025-01,24301,1,2025-07,0,-6,0.0,0.0,0.0,0.0,0.0,28.0,4104.0,4.104,0.0,0.0,0.0,0.0,0.0,1.6429,1.6429,0.6286,0.3811,,1,1,35,96,copilot,file_add,1
161,Angular2Guy/MovieManager,2025-02,24302,1,2025-07,0,-5,0.0,0.0,0.0,0.0,0.0,28.0,4133.0,4.133,0.0,0.0,0.0,0.0,0.0,1.6429,1.6429,0.6286,0.3811,,2,1,35,96,copilot,file_add,1
161,Angular2Guy/MovieManager,2025-03,24303,1,2025-07,0,-4,0.0,0.0,0.0,0.0,0.0,28.0,4127.0,4.127,0.0,0.0,0.0,0.0,0.0,1.6429,1.6429,0.6286,0.3811,,4,2,35,96,copilot,file_add,1
161,Angular2Guy/MovieManager,2025-04,24304,1,2025-07,0,-3,0.0,0.0,0.0,0.0,0.0,28.0,4232.0,4.232,0.0,0.0,0.0,0.0,0.0,1.6429,1.6429,0.6299,0.3816,,5,1,35,96,copilot,file_add,1
161,Angular2Guy/MovieManager,2025-05,24305,1,2025-07,0,-2,0.0,0.0,0.0,0.0,0.0,28.0,4259.0,4.259,0.0,0.0,0.0,0.0,0.0,1.6429,1.6429,0.6299,0.3816,,1,1,35,96,copilot,file_add,1
161,Angular2Guy/MovieManager,2025-06,24306,1,2025-07,0,-1,0.0,0.0,0.0,0.0,0.0,28.0,4259.0,4.259,0.0,0.0,0.0,0.0,0.0,1.6429,1.6429,0.6299,0.3816,,5,1,35,96,copilot,file_add,1
161,Angular2Guy/MovieManager,2025-07,24307,1,2025-07,1,0,0.0,0.0,0.0,0.0,0.0,28.0,4259.0,4.259,0.0,0.0,0.0,0.0,0.0,1.6429,1.6429,0.6299,0.3816,,3,2,35,96,copilot,file_add,1
161,Angular2Guy/MovieManager,2025-08,24308,1,2025-07,1,1,0.0,0.0,0.0,0.0,0.0,28.0,4259.0,4.259,0.0,0.0,0.0,0.0,0.0,1.6429,1.6429,0.6299,0.3816,,0,0,35,96,copilot,file_add,1
161,Angular2Guy/MovieManager,2025-09,24309,1,2025-07,1,2,0.0,0.0,0.0,0.0,0.0,28.0,4259.0,4.259,0.0,0.0,0.0,0.0,0.0,1.6429,1.6429,0.6299,0.3816,,0,0,35,96,copilot,file_add,1
161,Angular2Guy/MovieManager,2025-10,24310,1,2025-07,1,3,0.0,0.0,0.0,0.0,0.0,28.0,4259.0,4.259,0.0,0.0,0.0,0.0,0.0,1.6429,1.6429,0.6299,0.3816,,2,1,35,96,copilot,file_add,1
161,Angular2Guy/MovieManager,2025-11,24311,1,2025-07,1,4,0.0,0.0,0.0,0.0,0.0,28.0,4259.0,4.259,0.0,0.0,0.0,0.0,0.0,1.6429,1.6429,0.6299,0.3816,,15,2,35,96,copilot,file_add,1
161,Angular2Guy/MovieManager,2025-12,24312,1,2025-07,1,5,0.0,0.0,0.0,0.0,0.0,28.0,4257.0,4.257,0.0,0.0,0.0,0.0,0.0,1.6429,1.6429,0.6299,0.3816,,25,1,35,96,copilot,file_add,1
161,Angular2Guy/MovieManager,2026-01,24313,1,2025-07,1,6,0.0,0.0,0.0,0.0,0.0,28.0,4257.0,4.257,0.0,0.0,0.0,0.0,0.0,1.6429,1.6429,0.6299,0.3816,,1,1,35,96,copilot,file_add,1
162,sekelsta/horse-colors,2025-01,24301,0,2025-07,0,-6,17.0,1.0,1.0,0.0,19.0,13.0,4887.0,4.887,3.887866,3.478617,0.204625,0.204625,0.0,3.7692,3.7692,0.5885,0.3769,,0,0,20,80,control,,0
162,sekelsta/horse-colors,2025-02,24302,0,2025-07,0,-5,17.0,1.0,1.0,0.0,19.0,13.0,4887.0,4.887,3.887866,3.478617,0.204625,0.204625,0.0,3.7692,3.7692,0.5885,0.3769,,0,0,20,80,control,,0
162,sekelsta/horse-colors,2025-03,24303,0,2025-07,0,-4,17.0,1.0,1.0,0.0,19.0,13.0,4887.0,4.887,3.887866,3.478617,0.204625,0.204625,0.0,3.7692,3.7692,0.5885,0.3769,,0,0,20,80,control,,0
162,sekelsta/horse-colors,2025-04,24304,0,2025-07,0,-3,17.0,1.0,1.0,0.0,19.0,13.0,4887.0,4.887,3.887866,3.478617,0.204625,0.204625,0.0,3.7692,3.7692,0.5885,0.3769,,0,0,20,80,control,,0
162,sekelsta/horse-colors,2025-05,24305,0,2025-07,0,-2,17.0,1.0,1.0,0.0,19.0,13.0,4887.0,4.887,3.887866,3.478617,0.204625,0.204625,0.0,3.7692,3.7692,0.5885,0.3769,,2,1,20,80,control,,0
162,sekelsta/horse-colors,2025-06,24306,0,2025-07,0,-1,17.0,1.0,1.0,0.0,19.0,13.0,4887.0,4.887,3.887866,3.478617,0.204625,0.204625,0.0,3.7692,3.7692,0.5885,0.3769,,0,0,20,80,control,,0
162,sekelsta/horse-colors,2025-07,24307,0,2025-07,1,0,17.0,1.0,1.0,0.0,19.0,13.0,4887.0,4.887,3.887866,3.478617,0.204625,0.204625,0.0,3.7692,3.7692,0.5885,0.3769,,0,0,20,80,control,,0
162,sekelsta/horse-colors,2025-08,24308,0,2025-07,1,1,17.0,1.0,1.0,0.0,19.0,13.0,4887.0,4.887,3.887866,3.478617,0.204625,0.204625,0.0,3.7692,3.7692,0.5885,0.3769,,0,0,20,80,control,,0
162,sekelsta/horse-colors,2025-09,24309,0,2025-07,1,2,17.0,1.0,1.0,0.0,19.0,13.0,4887.0,4.887,3.887866,3.478617,0.204625,0.204625,0.0,3.7692,3.7692,0.5885,0.3769,,0,0,20,80,control,,0
162,sekelsta/horse-colors,2025-10,24310,0,2025-07,1,3,17.0,1.0,1.0,0.0,19.0,13.0,4887.0,4.887,3.887866,3.478617,0.204625,0.204625,0.0,3.7692,3.7692,0.5885,0.3769,,0,0,20,80,control,,0
162,sekelsta/horse-colors,2025-11,24311,0,2025-07,1,4,17.0,1.0,1.0,0.0,19.0,13.0,4887.0,4.887,3.887866,3.478617,0.204625,0.204625,0.0,3.7692,3.7692,0.5885,0.3769,,0,0,20,80,control,,0
162,sekelsta/horse-colors,2025-12,24312,0,2025-07,1,5,17.0,1.0,1.0,0.0,19.0,13.0,4887.0,4.887,3.887866,3.478617,0.204625,0.204625,0.0,3.7692,3.7692,0.5885,0.3769,,0,0,20,80,control,,0
162,sekelsta/horse-colors,2026-01,24313,0,2025-07,1,6,17.0,1.0,1.0,0.0,19.0,13.0,4887.0,4.887,3.887866,3.478617,0.204625,0.204625,0.0,3.7692,3.7692,0.5885,0.3769,,0,0,20,80,control,,0
163,Women-Coding-Community/wcc-backend,2025-05,24305,1,2025-11,0,-6,16.0,0.0,2.0,0.0,18.0,29.0,4700.0,4.7,3.829787,3.404255,0.0,0.425532,0.0,3.6207,3.6207,0.5035,0.4758,,17,10,19,22,claude_code,file_add,1
163,Women-Coding-Community/wcc-backend,2025-06,24306,1,2025-11,0,-5,16.0,0.0,2.0,0.0,18.0,28.0,4541.0,4.541,3.963885,3.523453,0.0,0.440432,0.0,3.2857,3.2857,0.5041,0.4738,,8,5,19,22,claude_code,file_add,1
163,Women-Coding-Community/wcc-backend,2025-07,24307,1,2025-11,0,-4,16.0,0.0,2.0,0.0,18.0,28.0,4620.0,4.62,3.896104,3.463203,0.0,0.4329,0.0,3.2857,3.2857,0.505,0.4729,,5,3,19,22,claude_code,file_add,1
163,Women-Coding-Community/wcc-backend,2025-08,24308,1,2025-11,0,-3,17.0,0.0,2.0,0.0,19.0,29.0,5083.0,5.083,3.73795,3.344482,0.0,0.393468,0.0,3.4483,3.4483,0.5191,0.4584,,6,2,19,22,claude_code,file_add,1
163,Women-Coding-Community/wcc-backend,2025-09,24309,1,2025-11,0,-2,21.0,0.0,1.0,0.0,22.0,37.0,6915.0,6.915,3.18149,3.036876,0.0,0.144613,0.0,4.3243,4.3243,0.4945,0.4927,,16,2,19,22,claude_code,file_add,1
163,Women-Coding-Community/wcc-backend,2025-10,24310,1,2025-11,0,-1,26.0,0.0,1.0,0.0,27.0,38.0,7794.0,7.794,3.464203,3.335899,0.0,0.128304,0.0,4.4737,4.4737,0.5069,0.479,,10,3,19,22,claude_code,file_add,1
163,Women-Coding-Community/wcc-backend,2025-11,24311,1,2025-11,1,0,46.0,0.0,2.0,0.0,48.0,45.0,10493.0,10.493,4.574478,4.383875,0.0,0.190603,0.0,5.2222,5.2222,0.515,0.4726,,1,1,19,22,claude_code,file_add,1
163,Women-Coding-Community/wcc-backend,2025-12,24312,1,2025-11,1,1,46.0,0.0,2.0,0.0,48.0,45.0,10589.0,10.589,4.533006,4.344131,0.0,0.188875,0.0,5.2222,5.2222,0.515,0.4726,,0,0,19,22,claude_code,file_add,1
163,Women-Coding-Community/wcc-backend,2026-01,24313,1,2025-11,1,2,46.0,0.0,2.0,0.0,48.0,45.0,10589.0,10.589,4.533006,4.344131,0.0,0.188875,0.0,5.2222,5.2222,0.515,0.4726,,36,9,19,22,claude_code,file_add,1
163,Women-Coding-Community/wcc-backend,2026-02,24314,1,2025-11,1,3,51.0,0.0,2.0,0.0,53.0,48.0,16459.0,16.459,3.220123,3.098609,0.0,0.121514,0.0,5.4792,5.4792,0.508,0.4799,,40,9,19,22,claude_code,file_add,1
163,Women-Coding-Community/wcc-backend,2026-03,24315,1,2025-11,1,4,97.0,0.0,1.0,0.0,98.0,48.0,17629.0,17.629,5.559022,5.502297,0.0,0.056725,0.0,5.5208,5.5208,0.5104,0.4777,,5,2,19,22,claude_code,file_add,1
163,Women-Coding-Community/wcc-backend,2026-04,24316,1,2025-11,1,5,97.0,0.0,1.0,0.0,98.0,48.0,18540.0,18.54,5.285868,5.231931,0.0,0.053937,0.0,5.5208,5.5208,0.5107,0.4774,,0,0,19,22,claude_code,file_add,1
163,Women-Coding-Community/wcc-backend,2026-05,24317,1,2025-11,1,6,97.0,0.0,1.0,0.0,98.0,48.0,18540.0,18.54,5.285868,5.231931,0.0,0.053937,0.0,5.5208,5.5208,0.5107,0.4774,,0,0,19,22,claude_code,file_add,1
164,opensearch-project/flow-framework,2025-05,24305,0,2025-11,0,-6,9.0,1.0,2.0,0.0,12.0,13.0,21065.0,21.065,0.569665,0.427249,0.047472,0.094944,0.0,4.0769,4.0769,0.5213,0.4496,,16,4,51,31,control,,0
164,opensearch-project/flow-framework,2025-06,24306,0,2025-11,0,-5,9.0,1.0,2.0,0.0,12.0,13.0,21218.0,21.218,0.565558,0.424168,0.04713,0.09426,0.0,4.0769,4.0769,0.5219,0.449,,8,5,51,31,control,,0
164,opensearch-project/flow-framework,2025-07,24307,0,2025-11,0,-4,9.0,1.0,2.0,0.0,12.0,13.0,21218.0,21.218,0.565558,0.424168,0.04713,0.09426,0.0,4.0769,4.0769,0.5219,0.449,,15,6,51,31,control,,0
164,opensearch-project/flow-framework,2025-08,24308,0,2025-11,0,-3,9.0,1.0,2.0,0.0,12.0,13.0,22608.0,22.608,0.530786,0.398089,0.044232,0.088464,0.0,4.0769,4.0769,0.5219,0.449,,4,3,51,31,control,,0
164,opensearch-project/flow-framework,2025-09,24309,0,2025-11,0,-2,11.0,1.0,2.0,0.0,14.0,13.0,22641.0,22.641,0.618347,0.485844,0.044168,0.088335,0.0,4.1538,4.1538,0.5221,0.4488,,9,3,51,31,control,,0
164,opensearch-project/flow-framework,2025-10,24310,0,2025-11,0,-1,11.0,1.0,2.0,0.0,14.0,13.0,22644.0,22.644,0.618265,0.48578,0.044162,0.088324,0.0,4.1538,4.1538,0.5221,0.4488,,3,3,51,31,control,,0
164,opensearch-project/flow-framework,2025-11,24311,0,2025-11,1,0,11.0,1.0,2.0,0.0,14.0,13.0,22644.0,22.644,0.618265,0.48578,0.044162,0.088324,0.0,4.1538,4.1538,0.5221,0.4488,,17,7,51,31,control,,0
164,opensearch-project/flow-framework,2025-12,24312,0,2025-11,1,1,11.0,1.0,2.0,0.0,14.0,16.0,23529.0,23.529,0.59501,0.467508,0.042501,0.085001,0.0,3.375,3.375,0.6153,0.3629,,8,3,51,31,control,,0
164,opensearch-project/flow-framework,2026-01,24313,0,2025-11,1,2,11.0,1.0,2.0,0.0,14.0,16.0,23530.0,23.53,0.594985,0.467488,0.042499,0.084998,0.0,3.375,3.375,0.6153,0.3629,,14,5,51,31,control,,0
164,opensearch-project/flow-framework,2026-02,24314,0,2025-11,1,3,11.0,1.0,2.0,0.0,14.0,16.0,23620.0,23.62,0.592718,0.465707,0.042337,0.084674,0.0,3.375,3.375,0.6208,0.3574,,9,3,51,31,control,,0
164,opensearch-project/flow-framework,2026-03,24315,0,2025-11,1,4,11.0,1.0,2.0,0.0,14.0,16.0,23620.0,23.62,0.592718,0.465707,0.042337,0.084674,0.0,3.375,3.375,0.6208,0.3574,,3,1,51,31,control,,0
164,opensearch-project/flow-framework,2026-04,24316,0,2025-11,1,5,11.0,1.0,2.0,0.0,14.0,16.0,23620.0,23.62,0.592718,0.465707,0.042337,0.084674,0.0,3.375,3.375,0.6208,0.3574,,0,0,51,31,control,,0
164,opensearch-project/flow-framework,2026-05,24317,0,2025-11,1,6,11.0,1.0,2.0,0.0,14.0,16.0,23620.0,23.62,0.592718,0.465707,0.042337,0.084674,0.0,3.375,3.375,0.6208,0.3574,,0,0,51,31,control,,0
165,tradestreamhq/tradestream,2024-12,24300,1,2025-06,0,-6,,,,,,,,,,,,,,,,,,,527,2,5,16,cursor,file_add,138
165,tradestreamhq/tradestream,2025-01,24301,1,2025-06,0,-5,0.0,0.0,0.0,0.0,0.0,5.0,1869.0,1.869,0.0,0.0,0.0,0.0,0.0,0.2,0.2,0.8,0.1333,,263,3,5,16,cursor,file_add,138
165,tradestreamhq/tradestream,2025-02,24302,1,2025-06,0,-4,0.0,0.0,0.0,0.0,0.0,5.0,1869.0,1.869,0.0,0.0,0.0,0.0,0.0,0.2,0.2,0.8,0.1333,,227,2,5,16,cursor,file_add,138
165,tradestreamhq/tradestream,2025-03,24303,1,2025-06,0,-3,1.0,0.0,0.0,0.0,1.0,18.0,5238.0,5.238,0.190913,0.190913,0.0,0.0,0.0,0.9444,0.9444,0.3981,0.4473,,259,2,5,16,cursor,file_add,138
165,tradestreamhq/tradestream,2025-04,24304,1,2025-06,0,-2,1.0,0.0,1.0,0.0,2.0,25.0,6420.0,6.42,0.311526,0.155763,0.0,0.155763,0.0,1.16,1.16,0.629,0.3034,,82,2,5,16,cursor,file_add,138
165,tradestreamhq/tradestream,2025-05,24305,1,2025-06,0,-1,1.0,0.0,1.0,0.0,2.0,25.0,6420.0,6.42,0.311526,0.155763,0.0,0.155763,0.0,1.16,1.16,0.629,0.3034,,287,2,5,16,cursor,file_add,138
165,tradestreamhq/tradestream,2025-06,24306,1,2025-06,1,0,1.0,0.0,1.0,0.0,2.0,25.0,6420.0,6.42,0.311526,0.155763,0.0,0.155763,0.0,1.16,1.16,0.629,0.3034,,462,3,5,16,cursor,file_add,138
165,tradestreamhq/tradestream,2025-07,24307,1,2025-06,1,1,0.0,0.0,0.0,0.0,0.0,78.0,12689.0,12.689,0.0,0.0,0.0,0.0,0.0,1.6154,1.6154,0.891,0.0792,,45,3,5,16,cursor,file_add,138
165,tradestreamhq/tradestream,2025-08,24308,1,2025-06,1,2,0.0,0.0,0.0,0.0,0.0,77.0,11837.0,11.837,0.0,0.0,0.0,0.0,0.0,1.6234,1.6234,0.8961,0.0749,,1,1,5,16,cursor,file_add,138
165,tradestreamhq/tradestream,2025-09,24309,1,2025-06,1,3,0.0,0.0,0.0,0.0,0.0,77.0,11837.0,11.837,0.0,0.0,0.0,0.0,0.0,1.6234,1.6234,0.8961,0.0749,,0,0,5,16,cursor,file_add,138
165,tradestreamhq/tradestream,2025-10,24310,1,2025-06,1,4,0.0,0.0,0.0,0.0,0.0,77.0,11837.0,11.837,0.0,0.0,0.0,0.0,0.0,1.6234,1.6234,0.8961,0.0749,,0,0,5,16,cursor,file_add,138
165,tradestreamhq/tradestream,2025-11,24311,1,2025-06,1,5,0.0,0.0,0.0,0.0,0.0,77.0,11837.0,11.837,0.0,0.0,0.0,0.0,0.0,1.6234,1.6234,0.8961,0.0749,,0,0,5,16,cursor,file_add,138
165,tradestreamhq/tradestream,2025-12,24312,1,2025-06,1,6,0.0,0.0,0.0,0.0,0.0,77.0,11837.0,11.837,0.0,0.0,0.0,0.0,0.0,1.6234,1.6234,0.8961,0.0749,,0,0,5,16,cursor,file_add,138
166,Hydraheads/RoundaboutMod,2024-12,24300,0,2025-06,0,-6,105.0,2.0,2.0,1.0,110.0,46.0,35148.0,35.148,3.129623,2.987368,0.056902,0.056902,0.028451,5.6957,5.6957,0.5071,0.4454,,63,3,34,31,control,,0
166,Hydraheads/RoundaboutMod,2025-01,24301,0,2025-06,0,-5,114.0,2.0,2.0,1.0,119.0,47.0,36414.0,36.414,3.267974,3.130664,0.054924,0.054924,0.027462,5.8723,5.8723,0.5018,0.4524,,21,2,34,31,control,,0
166,Hydraheads/RoundaboutMod,2025-02,24302,0,2025-06,0,-4,116.0,2.0,2.0,1.0,121.0,47.0,37192.0,37.192,3.253388,3.11895,0.053775,0.053775,0.026888,5.9362,5.9362,0.5051,0.4493,,69,1,34,31,control,,0
166,Hydraheads/RoundaboutMod,2025-03,24303,0,2025-06,0,-3,94.0,2.0,2.0,1.0,99.0,47.0,39056.0,39.056,2.534822,2.4068,0.051209,0.051209,0.025604,6.1915,6.1915,0.5124,0.4428,,261,3,34,31,control,,0
166,Hydraheads/RoundaboutMod,2025-04,24304,0,2025-06,0,-2,117.0,4.0,3.0,1.0,125.0,50.0,44563.0,44.563,2.805018,2.625496,0.089761,0.06732,0.02244,6.6,6.6,0.5349,0.4374,,386,3,34,31,control,,0
166,Hydraheads/RoundaboutMod,2025-05,24305,0,2025-06,0,-1,142.0,7.0,2.0,2.0,153.0,55.0,54893.0,54.893,2.787241,2.586851,0.127521,0.036435,0.036435,7.1273,7.1273,0.5222,0.4433,,376,3,34,31,control,,0
166,Hydraheads/RoundaboutMod,2025-06,24306,0,2025-06,1,0,152.0,6.0,4.0,2.0,164.0,64.0,63596.0,63.596,2.578779,2.390087,0.094346,0.062897,0.031449,7.0312,7.0312,0.5264,0.411,,359,3,34,31,control,,0
166,Hydraheads/RoundaboutMod,2025-07,24307,0,2025-06,1,1,221.0,11.0,4.0,1.0,237.0,99.0,71334.0,71.334,3.322399,3.098102,0.154204,0.056074,0.014019,7.2424,7.2424,0.5319,0.4009,,511,8,34,31,control,,0
166,Hydraheads/RoundaboutMod,2025-08,24308,0,2025-06,1,2,233.0,9.0,5.0,3.0,250.0,121.0,79399.0,79.399,3.148654,2.934546,0.113352,0.062973,0.037784,6.7025,6.7025,0.6018,0.4208,,281,4,34,31,control,,0
166,Hydraheads/RoundaboutMod,2025-09,24309,0,2025-06,1,3,214.0,8.0,3.0,2.0,227.0,138.0,84110.0,84.11,2.698847,2.544287,0.095114,0.035668,0.023778,6.2609,6.2609,0.6272,0.4427,,262,5,34,31,control,,0
166,Hydraheads/RoundaboutMod,2025-10,24310,0,2025-06,1,4,210.0,7.0,3.0,2.0,222.0,140.0,87115.0,87.115,2.548356,2.410607,0.080354,0.034437,0.022958,6.2714,6.2714,0.6184,0.4442,,325,6,34,31,control,,0
166,Hydraheads/RoundaboutMod,2025-11,24311,0,2025-06,1,5,244.0,9.0,3.0,2.0,258.0,147.0,93765.0,93.765,2.75156,2.60225,0.095985,0.031995,0.02133,6.551,6.551,0.6165,0.4564,,220,4,34,31,control,,0
166,Hydraheads/RoundaboutMod,2025-12,24312,0,2025-06,1,6,252.0,10.0,3.0,2.0,267.0,149.0,100164.0,100.164,2.665628,2.515874,0.099836,0.029951,0.019967,6.6846,6.6846,0.6221,0.4628,,336,6,34,31,control,,0
167,quarkiverse/quarkus-hivemq-client,2025-04,24304,1,2025-10,0,-6,0.0,0.0,0.0,0.0,0.0,14.0,1250.0,1.25,0.0,0.0,0.0,0.0,0.0,0.2857,0.2857,0.5459,0.4283,,20,2,6,60,claude_code,file_add,10
167,quarkiverse/quarkus-hivemq-client,2025-05,24305,1,2025-10,0,-5,0.0,0.0,0.0,0.0,0.0,14.0,1260.0,1.26,0.0,0.0,0.0,0.0,0.0,0.2857,0.2857,0.5459,0.4283,,8,2,6,60,claude_code,file_add,10
167,quarkiverse/quarkus-hivemq-client,2025-06,24306,1,2025-10,0,-4,0.0,0.0,0.0,0.0,0.0,14.0,1260.0,1.26,0.0,0.0,0.0,0.0,0.0,0.2857,0.2857,0.5459,0.4283,,1,1,6,60,claude_code,file_add,10
167,quarkiverse/quarkus-hivemq-client,2025-07,24307,1,2025-10,0,-3,0.0,0.0,0.0,0.0,0.0,14.0,1260.0,1.26,0.0,0.0,0.0,0.0,0.0,0.2857,0.2857,0.5459,0.4283,,2,1,6,60,claude_code,file_add,10
167,quarkiverse/quarkus-hivemq-client,2025-08,24308,1,2025-10,0,-2,0.0,0.0,0.0,0.0,0.0,14.0,1260.0,1.26,0.0,0.0,0.0,0.0,0.0,0.2857,0.2857,0.5459,0.4283,,0,0,6,60,claude_code,file_add,10
167,quarkiverse/quarkus-hivemq-client,2025-09,24309,1,2025-10,0,-1,0.0,0.0,0.0,0.0,0.0,14.0,1260.0,1.26,0.0,0.0,0.0,0.0,0.0,0.2857,0.2857,0.5459,0.4283,,5,1,6,60,claude_code,file_add,10
167,quarkiverse/quarkus-hivemq-client,2025-10,24310,1,2025-10,1,0,0.0,0.0,0.0,0.0,0.0,14.0,1260.0,1.26,0.0,0.0,0.0,0.0,0.0,0.2857,0.2857,0.5459,0.4283,,40,3,6,60,claude_code,file_add,10
167,quarkiverse/quarkus-hivemq-client,2025-11,24311,1,2025-10,1,1,0.0,0.0,0.0,0.0,0.0,14.0,1530.0,1.53,0.0,0.0,0.0,0.0,0.0,0.4286,0.4286,0.4864,0.4342,,4,2,6,60,claude_code,file_add,10
167,quarkiverse/quarkus-hivemq-client,2025-12,24312,1,2025-10,1,2,0.0,0.0,0.0,0.0,0.0,14.0,1530.0,1.53,0.0,0.0,0.0,0.0,0.0,0.4286,0.4286,0.4864,0.4342,,4,2,6,60,claude_code,file_add,10
167,quarkiverse/quarkus-hivemq-client,2026-01,24313,1,2025-10,1,3,0.0,0.0,0.0,0.0,0.0,14.0,1530.0,1.53,0.0,0.0,0.0,0.0,0.0,0.4286,0.4286,0.4864,0.4342,,5,1,6,60,claude_code,file_add,10
167,quarkiverse/quarkus-hivemq-client,2026-02,24314,1,2025-10,1,4,0.0,0.0,0.0,0.0,0.0,14.0,1530.0,1.53,0.0,0.0,0.0,0.0,0.0,0.4286,0.4286,0.4864,0.4342,,10,3,6,60,claude_code,file_add,10
167,quarkiverse/quarkus-hivemq-client,2026-03,24315,1,2025-10,1,5,0.0,0.0,0.0,0.0,0.0,14.0,1530.0,1.53,0.0,0.0,0.0,0.0,0.0,0.4286,0.4286,0.4864,0.4342,,0,0,6,60,claude_code,file_add,10
167,quarkiverse/quarkus-hivemq-client,2026-04,24316,1,2025-10,1,6,0.0,0.0,0.0,0.0,0.0,14.0,1530.0,1.53,0.0,0.0,0.0,0.0,0.0,0.4286,0.4286,0.4864,0.4342,,0,0,6,60,claude_code,file_add,10
168,micronaut-projects/micronaut-elasticsearch,2025-04,24304,0,2025-10,0,-6,0.0,0.0,0.0,0.0,0.0,10.0,306.0,0.306,0.0,0.0,0.0,0.0,0.0,0.3,0.3,0.55,0.4767,,5,1,19,88,control,,0
168,micronaut-projects/micronaut-elasticsearch,2025-05,24305,0,2025-10,0,-5,0.0,0.0,0.0,0.0,0.0,10.0,306.0,0.306,0.0,0.0,0.0,0.0,0.0,0.3,0.3,0.55,0.4767,,2,1,19,88,control,,0
168,micronaut-projects/micronaut-elasticsearch,2025-06,24306,0,2025-10,0,-4,0.0,0.0,0.0,0.0,0.0,10.0,306.0,0.306,0.0,0.0,0.0,0.0,0.0,0.3,0.3,0.55,0.4767,,23,4,19,88,control,,0
168,micronaut-projects/micronaut-elasticsearch,2025-07,24307,0,2025-10,0,-3,0.0,0.0,0.0,0.0,0.0,10.0,306.0,0.306,0.0,0.0,0.0,0.0,0.0,0.3,0.3,0.55,0.4767,,0,0,19,88,control,,0
168,micronaut-projects/micronaut-elasticsearch,2025-08,24308,0,2025-10,0,-2,0.0,0.0,0.0,0.0,0.0,10.0,306.0,0.306,0.0,0.0,0.0,0.0,0.0,0.3,0.3,0.55,0.4767,,0,0,19,88,control,,0
168,micronaut-projects/micronaut-elasticsearch,2025-09,24309,0,2025-10,0,-1,0.0,0.0,0.0,0.0,0.0,10.0,306.0,0.306,0.0,0.0,0.0,0.0,0.0,0.3,0.3,0.55,0.4767,,1,1,19,88,control,,0
168,micronaut-projects/micronaut-elasticsearch,2025-10,24310,0,2025-10,1,0,0.0,0.0,0.0,0.0,0.0,10.0,306.0,0.306,0.0,0.0,0.0,0.0,0.0,0.3,0.3,0.55,0.4767,,24,4,19,88,control,,0
168,micronaut-projects/micronaut-elasticsearch,2025-11,24311,0,2025-10,1,1,0.0,0.0,0.0,0.0,0.0,10.0,306.0,0.306,0.0,0.0,0.0,0.0,0.0,0.3,0.3,0.55,0.4767,,5,3,19,88,control,,0
168,micronaut-projects/micronaut-elasticsearch,2025-12,24312,0,2025-10,1,2,0.0,0.0,0.0,0.0,0.0,10.0,306.0,0.306,0.0,0.0,0.0,0.0,0.0,0.3,0.3,0.55,0.4767,,21,5,19,88,control,,0
168,micronaut-projects/micronaut-elasticsearch,2026-01,24313,0,2025-10,1,3,0.0,0.0,0.0,0.0,0.0,10.0,332.0,0.332,0.0,0.0,0.0,0.0,0.0,0.5,0.5,0.55,0.4833,,0,0,19,88,control,,0
168,micronaut-projects/micronaut-elasticsearch,2026-02,24314,0,2025-10,1,4,0.0,0.0,0.0,0.0,0.0,10.0,332.0,0.332,0.0,0.0,0.0,0.0,0.0,0.5,0.5,0.55,0.4833,,6,2,19,88,control,,0
168,micronaut-projects/micronaut-elasticsearch,2026-03,24315,0,2025-10,1,5,0.0,0.0,0.0,0.0,0.0,10.0,332.0,0.332,0.0,0.0,0.0,0.0,0.0,0.5,0.5,0.55,0.4833,,0,0,19,88,control,,0
168,micronaut-projects/micronaut-elasticsearch,2026-04,24316,0,2025-10,1,6,0.0,0.0,0.0,0.0,0.0,10.0,332.0,0.332,0.0,0.0,0.0,0.0,0.0,0.5,0.5,0.55,0.4833,,0,0,19,88,control,,0
169,top-logic/tl-engine,2025-04,24304,1,2025-10,0,-6,,,,,,,,,,,,,,,,,,,198,8,8,33,claude_code,file_add,7
169,top-logic/tl-engine,2025-05,24305,1,2025-10,0,-5,,,,,,,,,,,,,,,,,,,183,6,8,33,claude_code,file_add,7
169,top-logic/tl-engine,2025-06,24306,1,2025-10,0,-4,,,,,,,,,,,,,,,,,,,135,7,8,33,claude_code,file_add,7
169,top-logic/tl-engine,2025-07,24307,1,2025-10,0,-3,,,,,,,,,,,,,,,,,,,210,8,8,33,claude_code,file_add,7
169,top-logic/tl-engine,2025-08,24308,1,2025-10,0,-2,,,,,,,,,,,,,,,,,,,223,7,8,33,claude_code,file_add,7
169,top-logic/tl-engine,2025-09,24309,1,2025-10,0,-1,,,,,,,,,,,,,,,,,,,342,11,8,33,claude_code,file_add,7
169,top-logic/tl-engine,2025-10,24310,1,2025-10,1,0,,,,,,,,,,,,,,,,,,,200,8,8,33,claude_code,file_add,7
169,top-logic/tl-engine,2025-11,24311,1,2025-10,1,1,,,,,,,,,,,,,,,,,,,202,9,8,33,claude_code,file_add,7
169,top-logic/tl-engine,2025-12,24312,1,2025-10,1,2,,,,,,,,,,,,,,,,,,,152,6,8,33,claude_code,file_add,7
169,top-logic/tl-engine,2026-01,24313,1,2025-10,1,3,,,,,,,,,,,,,,,,,,,139,6,8,33,claude_code,file_add,7
169,top-logic/tl-engine,2026-02,24314,1,2025-10,1,4,,,,,,,,,,,,,,,,,,,191,5,8,33,claude_code,file_add,7
169,top-logic/tl-engine,2026-03,24315,1,2025-10,1,5,,,,,,,,,,,,,,,,,,,23,4,8,33,claude_code,file_add,7
169,top-logic/tl-engine,2026-04,24316,1,2025-10,1,6,,,,,,,,,,,,,,,,,,,0,0,8,33,claude_code,file_add,7
170,fanruan/intelli-swift-core,2025-04,24304,0,2025-10,0,-6,697.0,10.0,2.0,2.0,711.0,281.0,64502.0,64.502,11.022914,10.805866,0.155034,0.031007,0.031007,7.1886,7.1886,0.5091,0.3068,,0,0,20,89,control,,0
170,fanruan/intelli-swift-core,2025-05,24305,0,2025-10,0,-5,697.0,10.0,2.0,2.0,711.0,281.0,64502.0,64.502,11.022914,10.805866,0.155034,0.031007,0.031007,7.1886,7.1886,0.5091,0.3068,,0,0,20,89,control,,0
170,fanruan/intelli-swift-core,2025-06,24306,0,2025-10,0,-4,697.0,10.0,2.0,2.0,711.0,281.0,64502.0,64.502,11.022914,10.805866,0.155034,0.031007,0.031007,7.1886,7.1886,0.5091,0.3068,,0,0,20,89,control,,0
170,fanruan/intelli-swift-core,2025-07,24307,0,2025-10,0,-3,697.0,10.0,2.0,2.0,711.0,281.0,64502.0,64.502,11.022914,10.805866,0.155034,0.031007,0.031007,7.1886,7.1886,0.5091,0.3068,,0,0,20,89,control,,0
170,fanruan/intelli-swift-core,2025-08,24308,0,2025-10,0,-2,697.0,10.0,2.0,2.0,711.0,281.0,64502.0,64.502,11.022914,10.805866,0.155034,0.031007,0.031007,7.1886,7.1886,0.5091,0.3068,,0,0,20,89,control,,0
170,fanruan/intelli-swift-core,2025-09,24309,0,2025-10,0,-1,697.0,10.0,2.0,2.0,711.0,281.0,64502.0,64.502,11.022914,10.805866,0.155034,0.031007,0.031007,7.1886,7.1886,0.5091,0.3068,,0,0,20,89,control,,0
170,fanruan/intelli-swift-core,2025-10,24310,0,2025-10,1,0,697.0,10.0,2.0,2.0,711.0,281.0,64502.0,64.502,11.022914,10.805866,0.155034,0.031007,0.031007,7.1886,7.1886,0.5091,0.3068,,0,0,20,89,control,,0
170,fanruan/intelli-swift-core,2025-11,24311,0,2025-10,1,1,697.0,10.0,2.0,2.0,711.0,281.0,64502.0,64.502,11.022914,10.805866,0.155034,0.031007,0.031007,7.1886,7.1886,0.5091,0.3068,,0,0,20,89,control,,0
170,fanruan/intelli-swift-core,2025-12,24312,0,2025-10,1,2,697.0,10.0,2.0,2.0,711.0,281.0,64502.0,64.502,11.022914,10.805866,0.155034,0.031007,0.031007,7.1886,7.1886,0.5091,0.3068,,0,0,20,89,control,,0
170,fanruan/intelli-swift-core,2026-01,24313,0,2025-10,1,3,697.0,10.0,2.0,2.0,711.0,281.0,64502.0,64.502,11.022914,10.805866,0.155034,0.031007,0.031007,7.1886,7.1886,0.5091,0.3068,,0,0,20,89,control,,0
170,fanruan/intelli-swift-core,2026-02,24314,0,2025-10,1,4,697.0,10.0,2.0,2.0,711.0,281.0,64502.0,64.502,11.022914,10.805866,0.155034,0.031007,0.031007,7.1886,7.1886,0.5091,0.3068,,0,0,20,89,control,,0
170,fanruan/intelli-swift-core,2026-03,24315,0,2025-10,1,5,697.0,10.0,2.0,2.0,711.0,281.0,64502.0,64.502,11.022914,10.805866,0.155034,0.031007,0.031007,7.1886,7.1886,0.5091,0.3068,,0,0,20,89,control,,0
170,fanruan/intelli-swift-core,2026-04,24316,0,2025-10,1,6,697.0,10.0,2.0,2.0,711.0,281.0,64502.0,64.502,11.022914,10.805866,0.155034,0.031007,0.031007,7.1886,7.1886,0.5091,0.3068,,0,0,20,89,control,,0
171,SistrScarlet/LittleMaidReBirth-Architectury,2025-01,24301,1,2025-07,0,-6,19.0,1.0,2.0,0.0,22.0,29.0,5406.0,5.406,4.069552,3.514613,0.18498,0.369959,0.0,2.6897,2.6897,0.5167,0.4455,,8,1,63,64,claude_code,file_add,91
171,SistrScarlet/LittleMaidReBirth-Architectury,2025-02,24302,1,2025-07,0,-5,19.0,1.0,2.0,0.0,22.0,29.0,5424.0,5.424,4.056047,3.50295,0.184366,0.368732,0.0,2.6897,2.6897,0.5167,0.4455,,0,0,63,64,claude_code,file_add,91
171,SistrScarlet/LittleMaidReBirth-Architectury,2025-03,24303,1,2025-07,0,-4,19.0,1.0,2.0,0.0,22.0,29.0,5424.0,5.424,4.056047,3.50295,0.184366,0.368732,0.0,2.6897,2.6897,0.5167,0.4455,,4,1,63,64,claude_code,file_add,91
171,SistrScarlet/LittleMaidReBirth-Architectury,2025-04,24304,1,2025-07,0,-3,21.0,1.0,2.0,0.0,24.0,30.0,6006.0,6.006,3.996004,3.496503,0.1665,0.333,0.0,2.9,2.9,0.5221,0.4415,,7,1,63,64,claude_code,file_add,91
171,SistrScarlet/LittleMaidReBirth-Architectury,2025-05,24305,1,2025-07,0,-2,21.0,1.0,2.0,0.0,24.0,30.0,6035.0,6.035,3.976802,3.479702,0.1657,0.3314,0.0,2.9,2.9,0.5223,0.4417,,2,1,63,64,claude_code,file_add,91
171,SistrScarlet/LittleMaidReBirth-Architectury,2025-06,24306,1,2025-07,0,-1,21.0,1.0,2.0,0.0,24.0,30.0,6035.0,6.035,3.976802,3.479702,0.1657,0.3314,0.0,2.9,2.9,0.5223,0.4417,,0,0,63,64,claude_code,file_add,91
171,SistrScarlet/LittleMaidReBirth-Architectury,2025-07,24307,1,2025-07,1,0,21.0,1.0,2.0,0.0,24.0,30.0,6035.0,6.035,3.976802,3.479702,0.1657,0.3314,0.0,2.9,2.9,0.5223,0.4417,,7,1,63,64,claude_code,file_add,91
171,SistrScarlet/LittleMaidReBirth-Architectury,2025-08,24308,1,2025-07,1,1,22.0,2.0,2.0,0.0,26.0,30.0,6535.0,6.535,3.978577,3.366488,0.306044,0.306044,0.0,3.0,3.0,0.5267,0.4504,,7,1,63,64,claude_code,file_add,91
171,SistrScarlet/LittleMaidReBirth-Architectury,2025-09,24309,1,2025-07,1,2,22.0,2.0,2.0,0.0,26.0,33.0,6881.0,6.881,3.778521,3.19721,0.290655,0.290655,0.0,2.9091,2.9091,0.5562,0.42,,6,1,63,64,claude_code,file_add,91
171,SistrScarlet/LittleMaidReBirth-Architectury,2025-10,24310,1,2025-07,1,3,22.0,2.0,2.0,0.0,26.0,33.0,6882.0,6.882,3.777972,3.196745,0.290613,0.290613,0.0,2.9091,2.9091,0.5562,0.42,,0,0,63,64,claude_code,file_add,91
171,SistrScarlet/LittleMaidReBirth-Architectury,2025-11,24311,1,2025-07,1,4,22.0,2.0,2.0,0.0,26.0,33.0,6882.0,6.882,3.777972,3.196745,0.290613,0.290613,0.0,2.9091,2.9091,0.5562,0.42,,0,0,63,64,claude_code,file_add,91
171,SistrScarlet/LittleMaidReBirth-Architectury,2025-12,24312,1,2025-07,1,5,22.0,2.0,2.0,0.0,26.0,33.0,6882.0,6.882,3.777972,3.196745,0.290613,0.290613,0.0,2.9091,2.9091,0.5562,0.42,,0,0,63,64,claude_code,file_add,91
171,SistrScarlet/LittleMaidReBirth-Architectury,2026-01,24313,1,2025-07,1,6,22.0,2.0,2.0,0.0,26.0,33.0,6882.0,6.882,3.777972,3.196745,0.290613,0.290613,0.0,2.9091,2.9091,0.5562,0.42,,0,0,63,64,claude_code,file_add,91
172,fantahund/VoxelMap,2025-01,24301,0,2025-07,0,-6,8.0,1.0,1.0,0.0,10.0,13.0,11274.0,11.274,0.886997,0.709597,0.0887,0.0887,0.0,2.9231,2.9231,0.6342,0.2656,,11,4,44,51,control,,0
172,fantahund/VoxelMap,2025-02,24302,0,2025-07,0,-5,8.0,1.0,1.0,0.0,10.0,13.0,11342.0,11.342,0.881679,0.705343,0.088168,0.088168,0.0,2.9231,2.9231,0.6342,0.2656,,11,4,44,51,control,,0
172,fantahund/VoxelMap,2025-03,24303,0,2025-07,0,-4,8.0,1.0,1.0,0.0,10.0,13.0,11230.0,11.23,0.890472,0.712378,0.089047,0.089047,0.0,2.9231,2.9231,0.6363,0.2695,,32,1,44,51,control,,0
172,fantahund/VoxelMap,2025-04,24304,0,2025-07,0,-3,13.0,1.0,2.0,0.0,16.0,15.0,11166.0,11.166,1.432921,1.164249,0.089558,0.179115,0.0,2.8,2.8,0.6256,0.2754,,19,4,44,51,control,,0
172,fantahund/VoxelMap,2025-05,24305,0,2025-07,0,-2,13.0,1.0,1.0,0.0,15.0,17.0,10189.0,10.189,1.472176,1.275886,0.098145,0.098145,0.0,2.6471,2.6471,0.671,0.2735,,5,2,44,51,control,,0
172,fantahund/VoxelMap,2025-06,24306,0,2025-07,0,-1,13.0,1.0,1.0,0.0,15.0,17.0,10177.0,10.177,1.473912,1.27739,0.098261,0.098261,0.0,2.6471,2.6471,0.671,0.2735,,40,3,44,51,control,,0
172,fantahund/VoxelMap,2025-07,24307,0,2025-07,1,0,14.0,1.0,1.0,0.0,16.0,17.0,10345.0,10.345,1.546641,1.353311,0.096665,0.096665,0.0,2.7059,2.7059,0.6797,0.2704,,21,4,44,51,control,,0
172,fantahund/VoxelMap,2025-08,24308,0,2025-07,1,1,14.0,1.0,1.0,0.0,16.0,17.0,10366.0,10.366,1.543508,1.350569,0.096469,0.096469,0.0,2.7059,2.7059,0.6813,0.2742,,0,0,44,51,control,,0
172,fantahund/VoxelMap,2025-09,24309,0,2025-07,1,2,14.0,1.0,1.0,0.0,16.0,17.0,10366.0,10.366,1.543508,1.350569,0.096469,0.096469,0.0,2.7059,2.7059,0.6813,0.2742,,2,1,44,51,control,,0
172,fantahund/VoxelMap,2025-10,24310,0,2025-07,1,3,14.0,1.0,1.0,0.0,16.0,17.0,10374.0,10.374,1.542317,1.349528,0.096395,0.096395,0.0,2.7059,2.7059,0.6813,0.2742,,39,4,44,51,control,,0
172,fantahund/VoxelMap,2025-11,24311,0,2025-07,1,4,14.0,1.0,1.0,0.0,16.0,17.0,10632.0,10.632,1.504891,1.31678,0.094056,0.094056,0.0,2.6471,2.6471,0.6807,0.2696,,6,4,44,51,control,,0
172,fantahund/VoxelMap,2025-12,24312,0,2025-07,1,5,15.0,1.0,1.0,0.0,17.0,17.0,10672.0,10.672,1.592954,1.405547,0.093703,0.093703,0.0,2.7647,2.7647,0.6572,0.2503,,10,1,44,51,control,,0
172,fantahund/VoxelMap,2026-01,24313,0,2025-07,1,6,15.0,1.0,1.0,0.0,17.0,17.0,10692.0,10.692,1.589974,1.402918,0.093528,0.093528,0.0,2.7647,2.7647,0.6572,0.2503,,47,4,44,51,control,,0
173,modlix-india/nocode-saas,2025-06,24306,1,2025-12,0,-6,40.0,6.0,5.0,0.0,51.0,205.0,46456.0,46.456,1.097813,0.86103,0.129154,0.107629,0.0,4.3171,4.3171,0.4776,0.4322,,247,5,9,43,cursor,file_add,2
173,modlix-india/nocode-saas,2025-07,24307,1,2025-12,0,-5,48.0,7.0,1.0,0.0,56.0,217.0,51369.0,51.369,1.090152,0.934416,0.136269,0.019467,0.0,4.6544,4.6544,0.4774,0.4391,,308,8,9,43,cursor,file_add,2
173,modlix-india/nocode-saas,2025-08,24308,1,2025-12,0,-4,47.0,6.0,2.0,0.0,55.0,218.0,53228.0,53.228,1.033291,0.882994,0.112723,0.037574,0.0,4.6651,4.6651,0.4804,0.4395,,301,7,9,43,cursor,file_add,2
173,modlix-india/nocode-saas,2025-09,24309,1,2025-12,0,-3,110.0,16.0,1.0,0.0,127.0,381.0,69158.0,69.158,1.836375,1.590561,0.231354,0.01446,0.0,5.0814,5.0814,0.526,0.4243,,378,5,9,43,cursor,file_add,2
173,modlix-india/nocode-saas,2025-10,24310,1,2025-12,0,-2,76.0,18.0,2.0,0.0,96.0,431.0,76474.0,76.474,1.255329,0.993802,0.235374,0.026153,0.0,4.7123,4.7123,0.5215,0.4308,,273,6,9,43,cursor,file_add,2
173,modlix-india/nocode-saas,2025-11,24311,1,2025-12,0,-1,85.0,18.0,7.0,0.0,110.0,452.0,82847.0,82.847,1.327749,1.025988,0.217268,0.084493,0.0,4.7633,4.7633,0.5242,0.4317,,295,6,9,43,cursor,file_add,2
173,modlix-india/nocode-saas,2025-12,24312,1,2025-12,1,0,100.0,21.0,2.0,0.0,123.0,456.0,83593.0,83.593,1.471415,1.196272,0.251217,0.023925,0.0,4.8794,4.8794,0.5238,0.4272,,389,10,9,43,cursor,file_add,2
173,modlix-india/nocode-saas,2026-01,24313,1,2025-12,1,1,100.0,21.0,2.0,0.0,123.0,466.0,88426.0,88.426,1.390994,1.130889,0.237487,0.022618,0.0,4.9399,4.9399,0.5213,0.427,,285,7,9,43,cursor,file_add,2
173,modlix-india/nocode-saas,2026-02,24314,1,2025-12,1,2,,,,,,,,,,,,,,,,,,,156,8,9,43,cursor,file_add,2
173,modlix-india/nocode-saas,2026-03,24315,1,2025-12,1,3,,,,,,,,,,,,,,,,,,,31,3,9,43,cursor,file_add,2
173,modlix-india/nocode-saas,2026-04,24316,1,2025-12,1,4,106.0,21.0,1.0,3.0,131.0,483.0,132543.0,132.543,0.988358,0.79974,0.158439,0.007545,0.022634,5.0518,5.0518,0.5261,0.4209,,0,0,9,43,cursor,file_add,2
173,modlix-india/nocode-saas,2026-05,24317,1,2025-12,1,5,106.0,21.0,1.0,3.0,131.0,483.0,132543.0,132.543,0.988358,0.79974,0.158439,0.007545,0.022634,5.0518,5.0518,0.5261,0.4209,,0,0,9,43,cursor,file_add,2
173,modlix-india/nocode-saas,2026-06,24318,1,2025-12,1,6,,,,,,,,,,,,,,,,,,,0,0,9,43,cursor,file_add,2
174,koupleless/runtime,2025-06,24306,0,2025-12,0,-6,24.0,4.0,2.0,0.0,30.0,116.0,12814.0,12.814,2.341189,1.872951,0.312159,0.156079,0.0,2.8103,2.8103,0.5697,0.3849,,0,0,20,24,control,,0
174,koupleless/runtime,2025-07,24307,0,2025-12,0,-5,24.0,4.0,2.0,0.0,30.0,116.0,12814.0,12.814,2.341189,1.872951,0.312159,0.156079,0.0,2.8103,2.8103,0.5697,0.3849,,0,0,20,24,control,,0
174,koupleless/runtime,2025-08,24308,0,2025-12,0,-4,24.0,4.0,2.0,0.0,30.0,116.0,12814.0,12.814,2.341189,1.872951,0.312159,0.156079,0.0,2.8103,2.8103,0.5697,0.3849,,2,1,20,24,control,,0
174,koupleless/runtime,2025-09,24309,0,2025-12,0,-3,24.0,4.0,2.0,0.0,30.0,116.0,12814.0,12.814,2.341189,1.872951,0.312159,0.156079,0.0,2.8103,2.8103,0.5697,0.3849,,5,2,20,24,control,,0
174,koupleless/runtime,2025-10,24310,0,2025-12,0,-2,24.0,4.0,2.0,0.0,30.0,116.0,13000.0,13.0,2.307692,1.846154,0.307692,0.153846,0.0,2.819,2.819,0.5687,0.386,,0,0,20,24,control,,0
174,koupleless/runtime,2025-11,24311,0,2025-12,0,-1,24.0,4.0,2.0,0.0,30.0,116.0,13000.0,13.0,2.307692,1.846154,0.307692,0.153846,0.0,2.819,2.819,0.5687,0.386,,0,0,20,24,control,,0
174,koupleless/runtime,2025-12,24312,0,2025-12,1,0,24.0,4.0,2.0,0.0,30.0,116.0,13000.0,13.0,2.307692,1.846154,0.307692,0.153846,0.0,2.819,2.819,0.5687,0.386,,0,0,20,24,control,,0
174,koupleless/runtime,2026-01,24313,0,2025-12,1,1,24.0,4.0,2.0,0.0,30.0,116.0,13000.0,13.0,2.307692,1.846154,0.307692,0.153846,0.0,2.819,2.819,0.5687,0.386,,0,0,20,24,control,,0
174,koupleless/runtime,2026-02,24314,0,2025-12,1,2,24.0,4.0,2.0,0.0,30.0,116.0,13000.0,13.0,2.307692,1.846154,0.307692,0.153846,0.0,2.819,2.819,0.5687,0.386,,0,0,20,24,control,,0
174,koupleless/runtime,2026-03,24315,0,2025-12,1,3,24.0,4.0,2.0,0.0,30.0,116.0,13000.0,13.0,2.307692,1.846154,0.307692,0.153846,0.0,2.819,2.819,0.5687,0.386,,0,0,20,24,control,,0
174,koupleless/runtime,2026-04,24316,0,2025-12,1,4,24.0,4.0,2.0,0.0,30.0,116.0,13000.0,13.0,2.307692,1.846154,0.307692,0.153846,0.0,2.819,2.819,0.5687,0.386,,0,0,20,24,control,,0
174,koupleless/runtime,2026-05,24317,0,2025-12,1,5,24.0,4.0,2.0,0.0,30.0,116.0,13000.0,13.0,2.307692,1.846154,0.307692,0.153846,0.0,2.819,2.819,0.5687,0.386,,0,0,20,24,control,,0
174,koupleless/runtime,2026-06,24318,0,2025-12,1,6,24.0,4.0,2.0,0.0,30.0,116.0,13000.0,13.0,2.307692,1.846154,0.307692,0.153846,0.0,2.819,2.819,0.5687,0.386,,0,0,20,24,control,,0
175,plantuml/plantuml,2025-06,24306,1,2025-12,0,-6,,,,,,,,,,,,,,,,,,,75,10,12766,184,copilot,commit_pattern,5
175,plantuml/plantuml,2025-07,24307,1,2025-12,0,-5,,,,,,,,,,,,,,,,,,,20,4,12766,184,copilot,commit_pattern,5
175,plantuml/plantuml,2025-08,24308,1,2025-12,0,-4,887.0,12.0,2.0,1.0,902.0,263.0,189177.0,189.177,4.768021,4.688731,0.063433,0.010572,0.005286,9.8099,9.8099,0.6508,0.2804,,44,4,12766,184,copilot,commit_pattern,5
175,plantuml/plantuml,2025-09,24309,1,2025-12,0,-3,,,,,,,,,,,,,,,,,,,47,5,12766,184,copilot,commit_pattern,5
175,plantuml/plantuml,2025-10,24310,1,2025-12,0,-2,,,,,,,,,,,,,,,,,,,41,6,12766,184,copilot,commit_pattern,5
175,plantuml/plantuml,2025-11,24311,1,2025-12,0,-1,868.0,12.0,3.0,1.0,884.0,269.0,192924.0,192.924,4.582115,4.499181,0.062201,0.01555,0.005183,9.7621,9.7621,0.6492,0.2833,,48,8,12766,184,copilot,commit_pattern,5
175,plantuml/plantuml,2025-12,24312,1,2025-12,1,0,,,,,,,,,,,,,,,,,,,27,5,12766,184,copilot,commit_pattern,5
175,plantuml/plantuml,2026-01,24313,1,2025-12,1,1,872.0,12.0,2.0,1.0,887.0,272.0,195788.0,195.788,4.53041,4.453797,0.061291,0.010215,0.005108,9.8934,9.8934,0.6487,0.2845,,49,6,12766,184,copilot,commit_pattern,5
175,plantuml/plantuml,2026-02,24314,1,2025-12,1,2,882.0,13.0,2.0,1.0,898.0,274.0,198150.0,198.15,4.53192,4.451173,0.065607,0.010093,0.005047,9.9307,9.9307,0.6502,0.2841,,101,6,12766,184,copilot,commit_pattern,5
175,plantuml/plantuml,2026-03,24315,1,2025-12,1,3,1274.0,14.0,5.0,1.0,1294.0,277.0,201326.0,201.326,6.427386,6.328045,0.069539,0.024835,0.004967,10.2635,10.2635,0.6499,0.2833,,37,5,12766,184,copilot,commit_pattern,5
175,plantuml/plantuml,2026-04,24316,1,2025-12,1,4,1235.0,16.0,6.0,1.0,1258.0,273.0,201171.0,201.171,6.253386,6.139056,0.079534,0.029825,0.004971,10.2821,10.2821,0.6499,0.2825,,0,0,12766,184,copilot,commit_pattern,5
175,plantuml/plantuml,2026-05,24317,1,2025-12,1,5,,,,,,,,,,,,,,,,,,,0,0,12766,184,copilot,commit_pattern,5
175,plantuml/plantuml,2026-06,24318,1,2025-12,1,6,,,,,,,,,,,,,,,,,,,0,0,12766,184,copilot,commit_pattern,5
176,oshi/oshi,2025-06,24306,0,2025-12,0,-6,,,,,,,,,,,,,,,,,,,16,4,5192,169,control,,0
176,oshi/oshi,2025-07,24307,0,2025-12,0,-5,,,,,,,,,,,,,,,,,,,13,6,5192,169,control,,0
176,oshi/oshi,2025-08,24308,0,2025-12,0,-4,,,,,,,,,,,,,,,,,,,22,5,5192,169,control,,0
176,oshi/oshi,2025-09,24309,0,2025-12,0,-3,,,,,,,,,,,,,,,,,,,31,6,5192,169,control,,0
176,oshi/oshi,2025-10,24310,0,2025-12,0,-2,,,,,,,,,,,,,,,,,,,25,6,5192,169,control,,0
176,oshi/oshi,2025-11,24311,0,2025-12,0,-1,,,,,,,,,,,,,,,,,,,12,2,5192,169,control,,0
176,oshi/oshi,2025-12,24312,0,2025-12,1,0,,,,,,,,,,,,,,,,,,,18,4,5192,169,control,,0
176,oshi/oshi,2026-01,24313,0,2025-12,1,1,,,,,,,,,,,,,,,,,,,26,4,5192,169,control,,0
176,oshi/oshi,2026-02,24314,0,2025-12,1,2,,,,,,,,,,,,,,,,,,,13,2,5192,169,control,,0
176,oshi/oshi,2026-03,24315,0,2025-12,1,3,,,,,,,,,,,,,,,,,,,6,3,5192,169,control,,0
176,oshi/oshi,2026-04,24316,0,2025-12,1,4,,,,,,,,,,,,,,,,,,,0,0,5192,169,control,,0
176,oshi/oshi,2026-05,24317,0,2025-12,1,5,,,,,,,,,,,,,,,,,,,0,0,5192,169,control,,0
176,oshi/oshi,2026-06,24318,0,2025-12,1,6,,,,,,,,,,,,,,,,,,,0,0,5192,169,control,,0
177,MindsIgnited/continuum-framework,2025-02,24302,1,2025-08,0,-6,12.0,0.0,1.0,0.0,13.0,77.0,9030.0,9.03,1.439646,1.328904,0.0,0.110742,0.0,2.5714,2.5714,0.659,0.2439,,7,1,7,56,cursor,file_add,1
177,MindsIgnited/continuum-framework,2025-03,24303,1,2025-08,0,-5,12.0,0.0,1.0,0.0,13.0,77.0,9028.0,9.028,1.439965,1.329198,0.0,0.110767,0.0,2.5714,2.5714,0.659,0.2439,,15,2,7,56,cursor,file_add,1
177,MindsIgnited/continuum-framework,2025-04,24304,1,2025-08,0,-4,12.0,0.0,1.0,0.0,13.0,77.0,9049.0,9.049,1.436623,1.326113,0.0,0.110509,0.0,2.5714,2.5714,0.659,0.2439,,6,1,7,56,cursor,file_add,1
177,MindsIgnited/continuum-framework,2025-05,24305,1,2025-08,0,-3,12.0,0.0,1.0,0.0,13.0,77.0,9049.0,9.049,1.436623,1.326113,0.0,0.110509,0.0,2.5714,2.5714,0.659,0.2439,,5,1,7,56,cursor,file_add,1
177,MindsIgnited/continuum-framework,2025-06,24306,1,2025-08,0,-2,12.0,0.0,1.0,0.0,13.0,77.0,9061.0,9.061,1.43472,1.324357,0.0,0.110363,0.0,2.5584,2.5584,0.6602,0.2427,,0,0,7,56,cursor,file_add,1
177,MindsIgnited/continuum-framework,2025-07,24307,1,2025-08,0,-1,12.0,0.0,1.0,0.0,13.0,77.0,9061.0,9.061,1.43472,1.324357,0.0,0.110363,0.0,2.5584,2.5584,0.6602,0.2427,,0,0,7,56,cursor,file_add,1
177,MindsIgnited/continuum-framework,2025-08,24308,1,2025-08,1,0,12.0,0.0,1.0,0.0,13.0,77.0,9061.0,9.061,1.43472,1.324357,0.0,0.110363,0.0,2.5584,2.5584,0.6602,0.2427,,19,3,7,56,cursor,file_add,1
177,MindsIgnited/continuum-framework,2025-09,24309,1,2025-08,1,1,12.0,0.0,1.0,0.0,13.0,78.0,9066.0,9.066,1.433929,1.323627,0.0,0.110302,0.0,2.4872,2.4872,0.6518,0.2397,,17,3,7,56,cursor,file_add,1
177,MindsIgnited/continuum-framework,2025-10,24310,1,2025-08,1,2,12.0,0.0,1.0,0.0,13.0,78.0,9069.0,9.069,1.433455,1.323189,0.0,0.110266,0.0,2.4872,2.4872,0.6518,0.2397,,10,1,7,56,cursor,file_add,1
177,MindsIgnited/continuum-framework,2025-11,24311,1,2025-08,1,3,12.0,0.0,1.0,0.0,13.0,78.0,9074.0,9.074,1.432665,1.32246,0.0,0.110205,0.0,2.4872,2.4872,0.6518,0.2397,,10,1,7,56,cursor,file_add,1
177,MindsIgnited/continuum-framework,2025-12,24312,1,2025-08,1,4,12.0,0.0,1.0,0.0,13.0,78.0,9198.0,9.198,1.413351,1.304631,0.0,0.108719,0.0,2.4872,2.4872,0.6521,0.2436,,12,2,7,56,cursor,file_add,1
177,MindsIgnited/continuum-framework,2026-01,24313,1,2025-08,1,5,11.0,0.0,2.0,0.0,13.0,71.0,8687.0,8.687,1.496489,1.26626,0.0,0.230229,0.0,2.507,2.507,0.6213,0.2708,,46,3,7,56,cursor,file_add,1
177,MindsIgnited/continuum-framework,2026-02,24314,1,2025-08,1,6,11.0,0.0,2.0,0.0,13.0,71.0,8701.0,8.701,1.494081,1.264223,0.0,0.229859,0.0,2.507,2.507,0.6213,0.2708,,7,1,7,56,cursor,file_add,1
178,css4j/css4j,2025-02,24302,0,2025-08,0,-6,,,,,,,,,,,,,,,,,,,19,1,20,80,control,,0
178,css4j/css4j,2025-03,24303,0,2025-08,0,-5,,,,,,,,,,,,,,,,,,,27,1,20,80,control,,0
178,css4j/css4j,2025-04,24304,0,2025-08,0,-4,,,,,,,,,,,,,,,,,,,17,1,20,80,control,,0
178,css4j/css4j,2025-05,24305,0,2025-08,0,-3,,,,,,,,,,,,,,,,,,,47,1,20,80,control,,0
178,css4j/css4j,2025-06,24306,0,2025-08,0,-2,,,,,,,,,,,,,,,,,,,29,1,20,80,control,,0
178,css4j/css4j,2025-07,24307,0,2025-08,0,-1,,,,,,,,,,,,,,,,,,,4,1,20,80,control,,0
178,css4j/css4j,2025-08,24308,0,2025-08,1,0,,,,,,,,,,,,,,,,,,,6,1,20,80,control,,0
178,css4j/css4j,2025-09,24309,0,2025-08,1,1,,,,,,,,,,,,,,,,,,,2,1,20,80,control,,0
178,css4j/css4j,2025-10,24310,0,2025-08,1,2,,,,,,,,,,,,,,,,,,,10,2,20,80,control,,0
178,css4j/css4j,2025-11,24311,0,2025-08,1,3,,,,,,,,,,,,,,,,,,,4,1,20,80,control,,0
178,css4j/css4j,2025-12,24312,0,2025-08,1,4,,,,,,,,,,,,,,,,,,,6,1,20,80,control,,0
178,css4j/css4j,2026-01,24313,0,2025-08,1,5,,,,,,,,,,,,,,,,,,,3,1,20,80,control,,0
178,css4j/css4j,2026-02,24314,0,2025-08,1,6,,,,,,,,,,,,,,,,,,,1,1,20,80,control,,0
179,hmcts/finrem-case-orchestration-service,2025-02,24302,1,2025-08,0,-6,229.0,4.0,3.0,1.0,237.0,196.0,115929.0,115.929,2.044355,1.975347,0.034504,0.025878,0.008626,5.6633,5.6633,0.6462,0.3254,,51,6,8,91,copilot,file_add,1
179,hmcts/finrem-case-orchestration-service,2025-03,24303,1,2025-08,0,-5,235.0,3.0,3.0,1.0,242.0,198.0,117492.0,117.492,2.059715,2.000136,0.025534,0.025534,0.008511,5.7525,5.7525,0.642,0.3296,,48,6,8,91,copilot,file_add,1
179,hmcts/finrem-case-orchestration-service,2025-04,24304,1,2025-08,0,-4,,,,,,,,,,,,,,,,,,,34,7,8,91,copilot,file_add,1
179,hmcts/finrem-case-orchestration-service,2025-05,24305,1,2025-08,0,-3,,,,,,,,,,,,,,,,,,,43,5,8,91,copilot,file_add,1
179,hmcts/finrem-case-orchestration-service,2025-06,24306,1,2025-08,0,-2,,,,,,,,,,,,,,,,,,,55,6,8,91,copilot,file_add,1
179,hmcts/finrem-case-orchestration-service,2025-07,24307,1,2025-08,0,-1,255.0,3.0,3.0,2.0,263.0,210.0,125275.0,125.275,2.099381,2.035522,0.023947,0.023947,0.015965,5.9667,5.9667,0.6402,0.3329,,72,7,8,91,copilot,file_add,1
179,hmcts/finrem-case-orchestration-service,2025-08,24308,1,2025-08,1,0,259.0,5.0,3.0,2.0,269.0,213.0,128212.0,128.212,2.098088,2.020092,0.038998,0.023399,0.015599,6.1315,6.1315,0.6445,0.329,,52,7,8,91,copilot,file_add,1
179,hmcts/finrem-case-orchestration-service,2025-09,24309,1,2025-08,1,1,249.0,4.0,3.0,2.0,258.0,220.0,129965.0,129.965,1.98515,1.9159,0.030778,0.023083,0.015389,6.2818,6.2818,0.65,0.3239,,75,7,8,91,copilot,file_add,1
179,hmcts/finrem-case-orchestration-service,2025-10,24310,1,2025-08,1,2,255.0,4.0,3.0,2.0,264.0,224.0,132668.0,132.668,1.98993,1.922091,0.03015,0.022613,0.015075,6.3348,6.3348,0.6481,0.3263,,47,7,8,91,copilot,file_add,1
179,hmcts/finrem-case-orchestration-service,2025-11,24311,1,2025-08,1,3,260.0,5.0,3.0,1.0,269.0,225.0,133964.0,133.964,2.008002,1.94082,0.037323,0.022394,0.007465,6.3778,6.3778,0.6458,0.3287,,42,7,8,91,copilot,file_add,1
179,hmcts/finrem-case-orchestration-service,2025-12,24312,1,2025-08,1,4,205.0,4.0,3.0,3.0,215.0,225.0,133107.0,133.107,1.615242,1.540114,0.030051,0.022538,0.022538,6.3467,6.3467,0.6435,0.331,,26,5,8,91,copilot,file_add,1
179,hmcts/finrem-case-orchestration-service,2026-01,24313,1,2025-08,1,5,209.0,4.0,3.0,1.0,217.0,226.0,134176.0,134.176,1.617279,1.557656,0.029812,0.022359,0.007453,6.4381,6.4381,0.6419,0.3319,,37,6,8,91,copilot,file_add,1
179,hmcts/finrem-case-orchestration-service,2026-02,24314,1,2025-08,1,6,,,,,,,,,,,,,,,,,,,35,8,8,91,copilot,file_add,1
180,ManaZeak/ManaZeak,2025-02,24302,0,2025-08,0,-6,75.0,9.0,2.0,0.0,86.0,221.0,10492.0,10.492,8.196721,7.148303,0.857796,0.190621,0.0,4.3348,4.3348,0.6048,0.3276,,0,0,20,102,control,,0
180,ManaZeak/ManaZeak,2025-03,24303,0,2025-08,0,-5,75.0,9.0,2.0,0.0,86.0,221.0,10492.0,10.492,8.196721,7.148303,0.857796,0.190621,0.0,4.3348,4.3348,0.6048,0.3276,,0,0,20,102,control,,0
180,ManaZeak/ManaZeak,2025-04,24304,0,2025-08,0,-4,75.0,9.0,2.0,0.0,86.0,221.0,10492.0,10.492,8.196721,7.148303,0.857796,0.190621,0.0,4.3348,4.3348,0.6048,0.3276,,0,0,20,102,control,,0
180,ManaZeak/ManaZeak,2025-05,24305,0,2025-08,0,-3,75.0,9.0,2.0,0.0,86.0,221.0,10492.0,10.492,8.196721,7.148303,0.857796,0.190621,0.0,4.3348,4.3348,0.6048,0.3276,,2,1,20,102,control,,0
180,ManaZeak/ManaZeak,2025-06,24306,0,2025-08,0,-2,75.0,9.0,2.0,0.0,86.0,221.0,10492.0,10.492,8.196721,7.148303,0.857796,0.190621,0.0,4.3348,4.3348,0.6048,0.3276,,0,0,20,102,control,,0
180,ManaZeak/ManaZeak,2025-07,24307,0,2025-08,0,-1,75.0,9.0,2.0,0.0,86.0,221.0,10492.0,10.492,8.196721,7.148303,0.857796,0.190621,0.0,4.3348,4.3348,0.6048,0.3276,,0,0,20,102,control,,0
180,ManaZeak/ManaZeak,2025-08,24308,0,2025-08,1,0,75.0,9.0,2.0,0.0,86.0,221.0,10492.0,10.492,8.196721,7.148303,0.857796,0.190621,0.0,4.3348,4.3348,0.6048,0.3276,,0,0,20,102,control,,0
180,ManaZeak/ManaZeak,2025-09,24309,0,2025-08,1,1,75.0,9.0,2.0,0.0,86.0,221.0,10492.0,10.492,8.196721,7.148303,0.857796,0.190621,0.0,4.3348,4.3348,0.6048,0.3276,,0,0,20,102,control,,0
180,ManaZeak/ManaZeak,2025-10,24310,0,2025-08,1,2,75.0,9.0,2.0,0.0,86.0,221.0,10492.0,10.492,8.196721,7.148303,0.857796,0.190621,0.0,4.3348,4.3348,0.6048,0.3276,,0,0,20,102,control,,0
180,ManaZeak/ManaZeak,2025-11,24311,0,2025-08,1,3,75.0,9.0,2.0,0.0,86.0,221.0,10492.0,10.492,8.196721,7.148303,0.857796,0.190621,0.0,4.3348,4.3348,0.6048,0.3276,,0,0,20,102,control,,0
180,ManaZeak/ManaZeak,2025-12,24312,0,2025-08,1,4,75.0,9.0,2.0,0.0,86.0,221.0,10492.0,10.492,8.196721,7.148303,0.857796,0.190621,0.0,4.3348,4.3348,0.6048,0.3276,,11,2,20,102,control,,0
180,ManaZeak/ManaZeak,2026-01,24313,0,2025-08,1,5,75.0,9.0,2.0,0.0,86.0,221.0,10491.0,10.491,8.197503,7.148985,0.857878,0.19064,0.0,4.3303,4.3303,0.6047,0.3277,,0,0,20,102,control,,0
180,ManaZeak/ManaZeak,2026-02,24314,0,2025-08,1,6,75.0,9.0,2.0,0.0,86.0,221.0,10491.0,10.491,8.197503,7.148985,0.857878,0.19064,0.0,4.3303,4.3303,0.6047,0.3277,,0,0,20,102,control,,0
