repo_name,dir_name,month,ce_mean,ca_mean,instability_mean,distance_mean,modularity_q
ACGaming/UniversalTweaks,ACGaming__UniversalTweaks,2025-01,0.8943,0.8943,0.8623,0.2669,nan
ACGaming/UniversalTweaks,ACGaming__UniversalTweaks,2025-02,0.899,0.899,0.8617,0.2688,nan
ACGaming/UniversalTweaks,ACGaming__UniversalTweaks,2025-03,0.9053,0.9053,0.8596,0.2688,nan
ACGaming/UniversalTweaks,ACGaming__UniversalTweaks,2025-04,0.9013,0.9013,0.8533,0.2738,nan
ACGaming/UniversalTweaks,ACGaming__UniversalTweaks,2025-05,0.8957,0.8957,0.849,0.2755,nan
ACGaming/UniversalTweaks,ACGaming__UniversalTweaks,2025-06,0.8957,0.8957,0.849,0.2755,nan
ACGaming/UniversalTweaks,ACGaming__UniversalTweaks,2025-07,0.8891,0.8891,0.8474,0.2775,nan
ACGaming/UniversalTweaks,ACGaming__UniversalTweaks,2025-08,0.8847,0.8847,0.8479,0.2787,nan
ACGaming/UniversalTweaks,ACGaming__UniversalTweaks,2025-09,0.9352,0.9352,0.8284,0.2988,nan
ACGaming/UniversalTweaks,ACGaming__UniversalTweaks,2025-10,0.9354,0.9354,0.8285,0.2992,nan
ACGaming/UniversalTweaks,ACGaming__UniversalTweaks,2025-11,0.9108,0.9108,0.8171,0.297,nan
ACGaming/UniversalTweaks,ACGaming__UniversalTweaks,2025-12,0.9097,0.9097,0.8165,0.3004,nan
ACGaming/UniversalTweaks,ACGaming__UniversalTweaks,2026-01,0.876,0.876,0.7953,0.285,nan
Angular2Guy/MovieManager,Angular2Guy__MovieManager,2025-01,1.6429,1.6429,0.6286,0.3811,nan
Angular2Guy/MovieManager,Angular2Guy__MovieManager,2025-02,1.6429,1.6429,0.6286,0.3811,nan
Angular2Guy/MovieManager,Angular2Guy__MovieManager,2025-03,1.6429,1.6429,0.6286,0.3811,nan
Angular2Guy/MovieManager,Angular2Guy__MovieManager,2025-04,1.6429,1.6429,0.6299,0.3816,nan
Angular2Guy/MovieManager,Angular2Guy__MovieManager,2025-05,1.6429,1.6429,0.6299,0.3816,nan
Angular2Guy/MovieManager,Angular2Guy__MovieManager,2025-06,1.6429,1.6429,0.6299,0.3816,nan
Angular2Guy/MovieManager,Angular2Guy__MovieManager,2025-07,1.6429,1.6429,0.6299,0.3816,nan
Angular2Guy/MovieManager,Angular2Guy__MovieManager,2025-08,1.6429,1.6429,0.6299,0.3816,nan
Angular2Guy/MovieManager,Angular2Guy__MovieManager,2025-09,1.6429,1.6429,0.6299,0.3816,nan
Angular2Guy/MovieManager,Angular2Guy__MovieManager,2025-10,1.6429,1.6429,0.6299,0.3816,nan
Angular2Guy/MovieManager,Angular2Guy__MovieManager,2025-11,1.6429,1.6429,0.6299,0.3816,nan
Angular2Guy/MovieManager,Angular2Guy__MovieManager,2025-12,1.6429,1.6429,0.6299,0.3816,nan
Angular2Guy/MovieManager,Angular2Guy__MovieManager,2026-01,1.6429,1.6429,0.6299,0.3816,nan
ArcadeData/arcadedb,ArcadeData__arcadedb,2024-04,7.5088,7.5088,0.706,0.2288,nan
ArcadeData/arcadedb,ArcadeData__arcadedb,2024-05,7.5351,7.5351,0.7058,0.2293,nan
ArcadeData/arcadedb,ArcadeData__arcadedb,2024-06,7.5351,7.5351,0.7058,0.2293,nan
ArcadeData/arcadedb,ArcadeData__arcadedb,2024-07,7.5351,7.5351,0.7058,0.2293,nan
ArcadeData/arcadedb,ArcadeData__arcadedb,2024-08,7.5351,7.5351,0.7057,0.2293,nan
ArcadeData/arcadedb,ArcadeData__arcadedb,2024-09,7.5351,7.5351,0.7057,0.2294,nan
ArcadeData/arcadedb,ArcadeData__arcadedb,2024-10,7.5439,7.5439,0.7056,0.2296,nan
ArcadeData/arcadedb,ArcadeData__arcadedb,2024-11,7.5526,7.5526,0.7053,0.2297,nan
ArcadeData/arcadedb,ArcadeData__arcadedb,2024-12,7.8879,7.8879,0.6979,0.2353,nan
ArcadeData/arcadedb,ArcadeData__arcadedb,2025-01,7.8991,7.8991,0.7032,0.2364,nan
ArcadeData/arcadedb,ArcadeData__arcadedb,2025-02,7.9358,7.9358,0.7036,0.2364,nan
ArcadeData/arcadedb,ArcadeData__arcadedb,2025-03,7.9633,7.9633,0.7036,0.237,nan
ArcadeData/arcadedb,ArcadeData__arcadedb,2025-04,7.708,7.708,0.7048,0.238,nan
AutoMQ/automq,AutoMQ__automq,2025-05,8.519,8.519,0.6059,0.3212,nan
AutoMQ/automq,AutoMQ__automq,2025-07,8.375,8.375,0.6082,0.3194,nan
AutoMQ/automq,AutoMQ__automq,2025-08,8.3772,8.3772,0.6082,0.3195,nan
AutoMQ/automq,AutoMQ__automq,2025-12,8.3384,8.3384,0.5982,0.3248,nan
AutoMQ/automq,AutoMQ__automq,2026-01,8.347,8.347,0.598,0.325,nan
BBMRI-ERIC/negotiator,BBMRI-ERIC__negotiator,2024-10,6.4828,6.4828,0.6464,0.2512,nan
BBMRI-ERIC/negotiator,BBMRI-ERIC__negotiator,2024-11,6.6721,6.6721,0.646,0.2556,nan
BBMRI-ERIC/negotiator,BBMRI-ERIC__negotiator,2024-12,6.8421,6.8421,0.6186,0.2772,nan
BBMRI-ERIC/negotiator,BBMRI-ERIC__negotiator,2025-01,6.8421,6.8421,0.6166,0.2788,nan
BBMRI-ERIC/negotiator,BBMRI-ERIC__negotiator,2025-02,6.8793,6.8793,0.6124,0.2788,nan
BBMRI-ERIC/negotiator,BBMRI-ERIC__negotiator,2025-03,6.9655,6.9655,0.613,0.2791,nan
BBMRI-ERIC/negotiator,BBMRI-ERIC__negotiator,2025-04,7.069,7.069,0.6133,0.2799,nan
BBMRI-ERIC/negotiator,BBMRI-ERIC__negotiator,2025-05,6.8852,6.8852,0.614,0.2795,nan
BBMRI-ERIC/negotiator,BBMRI-ERIC__negotiator,2025-06,6.9194,6.9194,0.6221,0.2728,nan
BBMRI-ERIC/negotiator,BBMRI-ERIC__negotiator,2025-07,6.75,6.75,0.6156,0.2687,nan
BBMRI-ERIC/negotiator,BBMRI-ERIC__negotiator,2025-08,6.5574,6.5574,0.621,0.2648,nan
BBMRI-ERIC/negotiator,BBMRI-ERIC__negotiator,2025-09,6.4167,6.4167,0.581,0.309,nan
BBMRI-ERIC/negotiator,BBMRI-ERIC__negotiator,2025-10,6.5,6.5,0.581,0.3077,nan
BenCodez/AdvancedCore,BenCodez__AdvancedCore,2025-02,3.4143,3.4143,0.4717,0.4704,nan
BenCodez/AdvancedCore,BenCodez__AdvancedCore,2025-03,3.4648,3.4648,0.4675,0.4661,nan
BenCodez/AdvancedCore,BenCodez__AdvancedCore,2025-04,3.4648,3.4648,0.4675,0.4661,nan
BenCodez/AdvancedCore,BenCodez__AdvancedCore,2025-05,3.507,3.507,0.4658,0.4678,nan
BenCodez/AdvancedCore,BenCodez__AdvancedCore,2025-06,3.4915,3.4915,0.4891,0.4447,nan
BenCodez/AdvancedCore,BenCodez__AdvancedCore,2025-07,3.4915,3.4915,0.4889,0.4449,nan
BenCodez/AdvancedCore,BenCodez__AdvancedCore,2025-08,3.4915,3.4915,0.4889,0.4449,nan
BenCodez/AdvancedCore,BenCodez__AdvancedCore,2025-09,3.4915,3.4915,0.4889,0.4449,nan
BenCodez/AdvancedCore,BenCodez__AdvancedCore,2025-10,3.4915,3.4915,0.4889,0.4449,nan
BenCodez/AdvancedCore,BenCodez__AdvancedCore,2025-11,3.5254,3.5254,0.5024,0.4315,nan
BenCodez/AdvancedCore,BenCodez__AdvancedCore,2025-12,3.5254,3.5254,0.5024,0.4315,nan
BenCodez/AdvancedCore,BenCodez__AdvancedCore,2026-01,3.5345,3.5345,0.5052,0.4275,nan
BenCodez/AdvancedCore,BenCodez__AdvancedCore,2026-02,3.5085,3.5085,0.5021,0.4326,nan
DIGI-UW/OpenELIS-Global-2,DIGI-UW__OpenELIS-Global-2,2025-05,8.6797,8.6797,0.6618,0.3046,nan
DIGI-UW/OpenELIS-Global-2,DIGI-UW__OpenELIS-Global-2,2025-06,8.7128,8.7128,0.6612,0.3038,nan
DIGI-UW/OpenELIS-Global-2,DIGI-UW__OpenELIS-Global-2,2025-07,8.7714,8.7714,0.6593,0.3026,nan
DIGI-UW/OpenELIS-Global-2,DIGI-UW__OpenELIS-Global-2,2025-08,8.9359,8.9359,0.6557,0.3009,nan
DIGI-UW/OpenELIS-Global-2,DIGI-UW__OpenELIS-Global-2,2025-09,8.9378,8.9378,0.6553,0.3014,nan
DIGI-UW/OpenELIS-Global-2,DIGI-UW__OpenELIS-Global-2,2025-10,8.9515,8.9515,0.6552,0.3014,nan
DIGI-UW/OpenELIS-Global-2,DIGI-UW__OpenELIS-Global-2,2025-11,8.9312,8.9312,0.657,0.3007,nan
DIGI-UW/OpenELIS-Global-2,DIGI-UW__OpenELIS-Global-2,2025-12,8.7932,8.7932,0.6564,0.3016,nan
DIGI-UW/OpenELIS-Global-2,DIGI-UW__OpenELIS-Global-2,2026-01,8.7862,8.7862,0.6546,0.3023,nan
DIGI-UW/OpenELIS-Global-2,DIGI-UW__OpenELIS-Global-2,2026-02,8.7839,8.7839,0.6546,0.3025,nan
DIGI-UW/OpenELIS-Global-2,DIGI-UW__OpenELIS-Global-2,2026-03,8.7534,8.7534,0.6542,0.3023,nan
DIGI-UW/OpenELIS-Global-2,DIGI-UW__OpenELIS-Global-2,2026-04,8.7799,8.7799,0.6554,0.3012,nan
DIGI-UW/OpenELIS-Global-2,DIGI-UW__OpenELIS-Global-2,2026-05,8.7799,8.7799,0.6554,0.3012,nan
DataSQRL/flink-sql-runner,DataSQRL__flink-sql-runner,2024-11,0.0,0.0,0.5,0.5,nan
DataSQRL/flink-sql-runner,DataSQRL__flink-sql-runner,2024-12,0.0,0.0,0.5,0.5,nan
DataSQRL/flink-sql-runner,DataSQRL__flink-sql-runner,2025-01,0.0,0.0,0.5,0.5,nan
DataSQRL/flink-sql-runner,DataSQRL__flink-sql-runner,2025-02,0.0,0.0,0.5,0.5,nan
DataSQRL/flink-sql-runner,DataSQRL__flink-sql-runner,2025-03,0.0,0.0,0.5,0.5,nan
DataSQRL/flink-sql-runner,DataSQRL__flink-sql-runner,2025-04,0.7,0.7,0.7449,0.2351,nan
DataSQRL/flink-sql-runner,DataSQRL__flink-sql-runner,2025-05,0.8684,0.8684,0.7162,0.2729,nan
DataSQRL/flink-sql-runner,DataSQRL__flink-sql-runner,2025-06,0.8684,0.8684,0.7162,0.2729,nan
DataSQRL/flink-sql-runner,DataSQRL__flink-sql-runner,2025-07,0.8235,0.8235,0.6894,0.3002,nan
DataSQRL/flink-sql-runner,DataSQRL__flink-sql-runner,2025-08,0.8235,0.8235,0.6894,0.3002,nan
DataSQRL/flink-sql-runner,DataSQRL__flink-sql-runner,2025-09,0.8235,0.8235,0.6894,0.3002,nan
DataSQRL/flink-sql-runner,DataSQRL__flink-sql-runner,2025-10,0.8235,0.8235,0.6894,0.3002,nan
Engineering-Research-and-Development/dsp-true-connector,Engineering-Research-and-Development__dsp-true-connector,2025-05,2.4857,2.4857,0.5327,0.4055,nan
Engineering-Research-and-Development/dsp-true-connector,Engineering-Research-and-Development__dsp-true-connector,2025-06,3.6522,3.6522,0.5491,0.386,nan
Engineering-Research-and-Development/dsp-true-connector,Engineering-Research-and-Development__dsp-true-connector,2025-07,3.6939,3.6939,0.5373,0.3956,nan
Engineering-Research-and-Development/dsp-true-connector,Engineering-Research-and-Development__dsp-true-connector,2025-08,3.6939,3.6939,0.5373,0.3956,nan
Engineering-Research-and-Development/dsp-true-connector,Engineering-Research-and-Development__dsp-true-connector,2025-09,3.7982,3.7982,0.5624,0.3699,nan
Engineering-Research-and-Development/dsp-true-connector,Engineering-Research-and-Development__dsp-true-connector,2025-10,3.7982,3.7982,0.5624,0.3699,nan
Engineering-Research-and-Development/dsp-true-connector,Engineering-Research-and-Development__dsp-true-connector,2025-11,3.8571,3.8571,0.5571,0.3711,nan
Engineering-Research-and-Development/dsp-true-connector,Engineering-Research-and-Development__dsp-true-connector,2025-12,3.8584,3.8584,0.5569,0.3696,nan
Engineering-Research-and-Development/dsp-true-connector,Engineering-Research-and-Development__dsp-true-connector,2026-01,3.8584,3.8584,0.5569,0.3696,nan
Engineering-Research-and-Development/dsp-true-connector,Engineering-Research-and-Development__dsp-true-connector,2026-02,3.8596,3.8596,0.5567,0.3695,nan
Engineering-Research-and-Development/dsp-true-connector,Engineering-Research-and-Development__dsp-true-connector,2026-03,3.8596,3.8596,0.5567,0.3695,nan
Engineering-Research-and-Development/dsp-true-connector,Engineering-Research-and-Development__dsp-true-connector,2026-04,3.8596,3.8596,0.5566,0.3697,nan
Engineering-Research-and-Development/dsp-true-connector,Engineering-Research-and-Development__dsp-true-connector,2026-05,3.8596,3.8596,0.5566,0.3697,nan
GoogleCloudPlatform/jit-groups,GoogleCloudPlatform__jit-groups,2025-04,4.5,4.5,0.5587,0.2986,nan
GoogleCloudPlatform/jit-groups,GoogleCloudPlatform__jit-groups,2025-05,4.5,4.5,0.5587,0.2986,nan
GoogleCloudPlatform/jit-groups,GoogleCloudPlatform__jit-groups,2025-06,4.5,4.5,0.5587,0.2986,nan
GoogleCloudPlatform/jit-groups,GoogleCloudPlatform__jit-groups,2025-07,4.5,4.5,0.5587,0.2986,nan
GoogleCloudPlatform/jit-groups,GoogleCloudPlatform__jit-groups,2025-08,3.7895,3.7895,0.6284,0.2514,nan
GoogleCloudPlatform/jit-groups,GoogleCloudPlatform__jit-groups,2025-09,3.7895,3.7895,0.6284,0.2514,nan
GoogleCloudPlatform/jit-groups,GoogleCloudPlatform__jit-groups,2025-10,3.7895,3.7895,0.6284,0.2514,nan
GoogleCloudPlatform/jit-groups,GoogleCloudPlatform__jit-groups,2025-11,3.7895,3.7895,0.6284,0.2514,nan
GoogleCloudPlatform/jit-groups,GoogleCloudPlatform__jit-groups,2025-12,3.7895,3.7895,0.6284,0.2514,nan
GoogleCloudPlatform/jit-groups,GoogleCloudPlatform__jit-groups,2026-01,3.7895,3.7895,0.6284,0.2514,nan
GoogleCloudPlatform/jit-groups,GoogleCloudPlatform__jit-groups,2026-02,3.7895,3.7895,0.6284,0.2514,nan
GoogleCloudPlatform/jit-groups,GoogleCloudPlatform__jit-groups,2026-03,3.7895,3.7895,0.6284,0.2514,nan
GoogleCloudPlatform/jit-groups,GoogleCloudPlatform__jit-groups,2026-04,3.7895,3.7895,0.6284,0.2514,nan
GoogleCloudPlatform/spring-cloud-gcp,GoogleCloudPlatform__spring-cloud-gcp,2025-02,2.4939,2.4939,0.8794,0.0984,nan
GoogleCloudPlatform/spring-cloud-gcp,GoogleCloudPlatform__spring-cloud-gcp,2025-03,2.4939,2.4939,0.8794,0.0984,nan
GoogleCloudPlatform/spring-cloud-gcp,GoogleCloudPlatform__spring-cloud-gcp,2025-04,2.4918,2.4918,0.8769,0.1009,nan
GoogleCloudPlatform/spring-cloud-gcp,GoogleCloudPlatform__spring-cloud-gcp,2025-05,2.4918,2.4918,0.8769,0.1009,nan
GoogleCloudPlatform/spring-cloud-gcp,GoogleCloudPlatform__spring-cloud-gcp,2025-06,2.4897,2.4897,0.8764,0.1013,nan
GoogleCloudPlatform/spring-cloud-gcp,GoogleCloudPlatform__spring-cloud-gcp,2025-07,2.4867,2.4867,0.8763,0.1013,nan
GoogleCloudPlatform/spring-cloud-gcp,GoogleCloudPlatform__spring-cloud-gcp,2025-08,2.4836,2.4836,0.8765,0.1011,nan
GoogleCloudPlatform/spring-cloud-gcp,GoogleCloudPlatform__spring-cloud-gcp,2025-09,2.4827,2.4827,0.8753,0.102,nan
GoogleCloudPlatform/spring-cloud-gcp,GoogleCloudPlatform__spring-cloud-gcp,2025-10,2.4868,2.4868,0.8751,0.1022,nan
GoogleCloudPlatform/spring-cloud-gcp,GoogleCloudPlatform__spring-cloud-gcp,2025-11,2.4868,2.4868,0.8751,0.1022,nan
GoogleCloudPlatform/spring-cloud-gcp,GoogleCloudPlatform__spring-cloud-gcp,2025-12,2.4868,2.4868,0.8751,0.1022,nan
GoogleCloudPlatform/spring-cloud-gcp,GoogleCloudPlatform__spring-cloud-gcp,2026-01,2.4868,2.4868,0.8751,0.1022,nan
GoogleCloudPlatform/spring-cloud-gcp,GoogleCloudPlatform__spring-cloud-gcp,2026-02,2.4847,2.4847,0.8752,0.1023,nan
Gubaer/josm-scripting-plugin,Gubaer__josm-scripting-plugin,2025-04,2.5,2.5,0.6443,0.3155,nan
Gubaer/josm-scripting-plugin,Gubaer__josm-scripting-plugin,2025-05,2.5,2.5,0.6443,0.3155,nan
Gubaer/josm-scripting-plugin,Gubaer__josm-scripting-plugin,2025-06,2.5,2.5,0.6443,0.3155,nan
Gubaer/josm-scripting-plugin,Gubaer__josm-scripting-plugin,2025-07,2.5,2.5,0.6443,0.3155,nan
Gubaer/josm-scripting-plugin,Gubaer__josm-scripting-plugin,2025-08,2.5,2.5,0.6443,0.3155,nan
Gubaer/josm-scripting-plugin,Gubaer__josm-scripting-plugin,2025-09,2.5,2.5,0.6443,0.3155,nan
Gubaer/josm-scripting-plugin,Gubaer__josm-scripting-plugin,2025-10,2.5,2.5,0.6443,0.3155,nan
Gubaer/josm-scripting-plugin,Gubaer__josm-scripting-plugin,2025-11,2.5,2.5,0.6443,0.3155,nan
Gubaer/josm-scripting-plugin,Gubaer__josm-scripting-plugin,2025-12,2.5,2.5,0.6443,0.3155,nan
Gubaer/josm-scripting-plugin,Gubaer__josm-scripting-plugin,2026-01,2.5,2.5,0.6443,0.3155,nan
Gubaer/josm-scripting-plugin,Gubaer__josm-scripting-plugin,2026-02,2.5,2.5,0.6443,0.3155,nan
Gubaer/josm-scripting-plugin,Gubaer__josm-scripting-plugin,2026-03,2.5,2.5,0.6443,0.3155,nan
Gubaer/josm-scripting-plugin,Gubaer__josm-scripting-plugin,2026-04,2.5,2.5,0.6443,0.3155,nan
HDFGroup/hdfview,HDFGroup__hdfview,2025-03,3.2857,3.2857,0.7207,0.1503,nan
HDFGroup/hdfview,HDFGroup__hdfview,2025-04,3.2857,3.2857,0.7207,0.1503,nan
HDFGroup/hdfview,HDFGroup__hdfview,2025-05,3.2857,3.2857,0.7207,0.1503,nan
HDFGroup/hdfview,HDFGroup__hdfview,2025-06,3.2857,3.2857,0.7207,0.1503,nan
HDFGroup/hdfview,HDFGroup__hdfview,2025-07,3.2857,3.2857,0.7207,0.1503,nan
HDFGroup/hdfview,HDFGroup__hdfview,2025-08,3.2857,3.2857,0.7207,0.1503,nan
HDFGroup/hdfview,HDFGroup__hdfview,2025-12,3.44,3.44,0.6846,0.1788,nan
HDFGroup/hdfview,HDFGroup__hdfview,2026-01,3.44,3.44,0.6841,0.1794,nan
HDFGroup/hdfview,HDFGroup__hdfview,2026-02,3.44,3.44,0.6841,0.1794,nan
HDFGroup/hdfview,HDFGroup__hdfview,2026-03,3.44,3.44,0.6841,0.1794,nan
Haehnchen/idea-php-symfony2-plugin,Haehnchen__idea-php-symfony2-plugin,2025-05,4.3464,4.3464,0.7369,0.2219,nan
Haehnchen/idea-php-symfony2-plugin,Haehnchen__idea-php-symfony2-plugin,2025-06,4.3464,4.3464,0.7369,0.2219,nan
Haehnchen/idea-php-symfony2-plugin,Haehnchen__idea-php-symfony2-plugin,2025-07,4.3464,4.3464,0.7369,0.2219,nan
Haehnchen/idea-php-symfony2-plugin,Haehnchen__idea-php-symfony2-plugin,2025-08,4.3464,4.3464,0.7369,0.2219,nan
Haehnchen/idea-php-symfony2-plugin,Haehnchen__idea-php-symfony2-plugin,2025-09,4.3464,4.3464,0.7369,0.2219,nan
Haehnchen/idea-php-symfony2-plugin,Haehnchen__idea-php-symfony2-plugin,2025-10,4.3464,4.3464,0.7369,0.2219,nan
Haehnchen/idea-php-symfony2-plugin,Haehnchen__idea-php-symfony2-plugin,2025-11,4.3464,4.3464,0.7369,0.2219,nan
Haehnchen/idea-php-symfony2-plugin,Haehnchen__idea-php-symfony2-plugin,2025-12,4.3529,4.3529,0.7367,0.2221,nan
Haehnchen/idea-php-symfony2-plugin,Haehnchen__idea-php-symfony2-plugin,2026-01,4.3927,4.3927,0.7364,0.222,nan
Haehnchen/idea-php-symfony2-plugin,Haehnchen__idea-php-symfony2-plugin,2026-02,4.3929,4.3929,0.7364,0.2228,nan
Haehnchen/idea-php-symfony2-plugin,Haehnchen__idea-php-symfony2-plugin,2026-03,4.4161,4.4161,0.7371,0.2225,nan
Haehnchen/idea-php-symfony2-plugin,Haehnchen__idea-php-symfony2-plugin,2026-04,4.3517,4.3517,0.7437,0.218,nan
Haehnchen/idea-php-symfony2-plugin,Haehnchen__idea-php-symfony2-plugin,2026-05,4.3517,4.3517,0.7437,0.218,nan
Hydraheads/RoundaboutMod,Hydraheads__RoundaboutMod,2024-12,5.6957,5.6957,0.5071,0.4454,nan
Hydraheads/RoundaboutMod,Hydraheads__RoundaboutMod,2025-01,5.8723,5.8723,0.5018,0.4524,nan
Hydraheads/RoundaboutMod,Hydraheads__RoundaboutMod,2025-02,5.9362,5.9362,0.5051,0.4493,nan
Hydraheads/RoundaboutMod,Hydraheads__RoundaboutMod,2025-03,6.1915,6.1915,0.5124,0.4428,nan
Hydraheads/RoundaboutMod,Hydraheads__RoundaboutMod,2025-04,6.6,6.6,0.5349,0.4374,nan
Hydraheads/RoundaboutMod,Hydraheads__RoundaboutMod,2025-05,7.1273,7.1273,0.5222,0.4433,nan
Hydraheads/RoundaboutMod,Hydraheads__RoundaboutMod,2025-06,7.0312,7.0312,0.5264,0.411,nan
Hydraheads/RoundaboutMod,Hydraheads__RoundaboutMod,2025-07,7.2424,7.2424,0.5319,0.4009,nan
Hydraheads/RoundaboutMod,Hydraheads__RoundaboutMod,2025-08,6.7025,6.7025,0.6018,0.4208,nan
Hydraheads/RoundaboutMod,Hydraheads__RoundaboutMod,2025-09,6.2609,6.2609,0.6272,0.4427,nan
Hydraheads/RoundaboutMod,Hydraheads__RoundaboutMod,2025-10,6.2714,6.2714,0.6184,0.4442,nan
Hydraheads/RoundaboutMod,Hydraheads__RoundaboutMod,2025-11,6.551,6.551,0.6165,0.4564,nan
Hydraheads/RoundaboutMod,Hydraheads__RoundaboutMod,2025-12,6.6846,6.6846,0.6221,0.4628,nan
IstiN/dmtools,IstiN__dmtools,2024-12,5.3239,5.3239,0.6502,0.286,nan
IstiN/dmtools,IstiN__dmtools,2025-01,5.2667,5.2667,0.6014,0.3435,nan
IstiN/dmtools,IstiN__dmtools,2025-02,5.5063,5.5063,0.5891,0.3581,nan
IstiN/dmtools,IstiN__dmtools,2025-03,5.4337,5.4337,0.5713,0.377,nan
IstiN/dmtools,IstiN__dmtools,2025-04,5.4944,5.4944,0.5818,0.3632,nan
IstiN/dmtools,IstiN__dmtools,2025-05,5.3958,5.3958,0.5754,0.3687,nan
IstiN/dmtools,IstiN__dmtools,2025-06,5.3958,5.3958,0.5754,0.3688,nan
IstiN/dmtools,IstiN__dmtools,2025-07,5.1597,5.1597,0.5673,0.3797,nan
IstiN/dmtools,IstiN__dmtools,2025-08,5.1395,5.1395,0.5565,0.3868,nan
IstiN/dmtools,IstiN__dmtools,2025-09,5.1377,5.1377,0.5455,0.3945,nan
IstiN/dmtools,IstiN__dmtools,2025-10,5.1111,5.1111,0.5409,0.4007,nan
IstiN/dmtools,IstiN__dmtools,2025-11,5.2166,5.2166,0.5464,0.4036,nan
IstiN/dmtools,IstiN__dmtools,2025-12,5.2671,5.2671,0.5529,0.3991,nan
LianjiaTech/bella-openapi,LianjiaTech__bella-openapi,2025-05,4.6923,4.6923,0.5374,0.3673,nan
LianjiaTech/bella-openapi,LianjiaTech__bella-openapi,2025-06,4.6923,4.6923,0.5374,0.3673,nan
LianjiaTech/bella-openapi,LianjiaTech__bella-openapi,2025-07,4.7031,4.7031,0.5571,0.3584,nan
LianjiaTech/bella-openapi,LianjiaTech__bella-openapi,2025-08,4.5352,4.5352,0.5725,0.3458,nan
LianjiaTech/bella-openapi,LianjiaTech__bella-openapi,2025-09,4.5641,4.5641,0.5638,0.358,nan
LianjiaTech/bella-openapi,LianjiaTech__bella-openapi,2025-10,4.869,4.869,0.5536,0.3663,nan
LianjiaTech/bella-openapi,LianjiaTech__bella-openapi,2025-11,4.7011,4.7011,0.5866,0.3404,nan
LianjiaTech/bella-openapi,LianjiaTech__bella-openapi,2025-12,4.8182,4.8182,0.5869,0.3394,nan
LineageOS/android_packages_apps_DocumentsUI,LineageOS__android_packages_apps_DocumentsUI,2024-12,5.2083,5.2083,0.5063,0.3531,nan
LineageOS/android_packages_apps_DocumentsUI,LineageOS__android_packages_apps_DocumentsUI,2025-01,5.2083,5.2083,0.5063,0.3531,nan
LineageOS/android_packages_apps_DocumentsUI,LineageOS__android_packages_apps_DocumentsUI,2025-02,5.2083,5.2083,0.5061,0.3538,nan
LineageOS/android_packages_apps_DocumentsUI,LineageOS__android_packages_apps_DocumentsUI,2025-03,5.2083,5.2083,0.5067,0.3525,nan
LineageOS/android_packages_apps_DocumentsUI,LineageOS__android_packages_apps_DocumentsUI,2025-04,5.2083,5.2083,0.5065,0.3527,nan
LineageOS/android_packages_apps_DocumentsUI,LineageOS__android_packages_apps_DocumentsUI,2025-05,5.2083,5.2083,0.5065,0.3527,nan
LineageOS/android_packages_apps_DocumentsUI,LineageOS__android_packages_apps_DocumentsUI,2025-06,5.2083,5.2083,0.5065,0.3527,nan
LineageOS/android_packages_apps_DocumentsUI,LineageOS__android_packages_apps_DocumentsUI,2025-07,5.2083,5.2083,0.5065,0.3527,nan
LineageOS/android_packages_apps_DocumentsUI,LineageOS__android_packages_apps_DocumentsUI,2025-08,5.2083,5.2083,0.5065,0.3527,nan
LineageOS/android_packages_apps_DocumentsUI,LineageOS__android_packages_apps_DocumentsUI,2025-09,5.2083,5.2083,0.5065,0.3527,nan
LineageOS/android_packages_apps_DocumentsUI,LineageOS__android_packages_apps_DocumentsUI,2025-10,5.2083,5.2083,0.5065,0.3527,nan
LineageOS/android_packages_apps_DocumentsUI,LineageOS__android_packages_apps_DocumentsUI,2025-11,5.2083,5.2083,0.5065,0.3527,nan
LineageOS/android_packages_apps_DocumentsUI,LineageOS__android_packages_apps_DocumentsUI,2025-12,5.2083,5.2083,0.5107,0.3487,nan
MCreator/MCreator,MCreator__MCreator,2024-04,11.1013,11.1013,0.57,0.3673,nan
MCreator/MCreator,MCreator__MCreator,2024-05,11.1013,11.1013,0.5701,0.3672,nan
MCreator/MCreator,MCreator__MCreator,2024-06,11.0063,11.0063,0.5761,0.3611,nan
MCreator/MCreator,MCreator__MCreator,2024-07,11.0,11.0,0.5813,0.3583,nan
MCreator/MCreator,MCreator__MCreator,2024-08,11.0123,11.0123,0.5782,0.3614,nan
MCreator/MCreator,MCreator__MCreator,2024-09,11.0552,11.0552,0.5814,0.3585,nan
MCreator/MCreator,MCreator__MCreator,2024-10,11.0427,11.0427,0.5831,0.357,nan
MCreator/MCreator,MCreator__MCreator,2024-11,11.0485,11.0485,0.5852,0.3555,nan
MCreator/MCreator,MCreator__MCreator,2024-12,10.9412,10.9412,0.5869,0.3525,nan
MCreator/MCreator,MCreator__MCreator,2025-01,10.9828,10.9828,0.5926,0.3468,nan
MCreator/MCreator,MCreator__MCreator,2025-02,10.96,10.96,0.5927,0.3476,nan
MCreator/MCreator,MCreator__MCreator,2025-03,10.9545,10.9545,0.5944,0.3468,nan
MCreator/MCreator,MCreator__MCreator,2025-04,10.9659,10.9659,0.5948,0.3457,nan
ManaZeak/ManaZeak,ManaZeak__ManaZeak,2025-02,4.3348,4.3348,0.6048,0.3276,nan
ManaZeak/ManaZeak,ManaZeak__ManaZeak,2025-03,4.3348,4.3348,0.6048,0.3276,nan
ManaZeak/ManaZeak,ManaZeak__ManaZeak,2025-04,4.3348,4.3348,0.6048,0.3276,nan
ManaZeak/ManaZeak,ManaZeak__ManaZeak,2025-05,4.3348,4.3348,0.6048,0.3276,nan
ManaZeak/ManaZeak,ManaZeak__ManaZeak,2025-06,4.3348,4.3348,0.6048,0.3276,nan
ManaZeak/ManaZeak,ManaZeak__ManaZeak,2025-07,4.3348,4.3348,0.6048,0.3276,nan
ManaZeak/ManaZeak,ManaZeak__ManaZeak,2025-08,4.3348,4.3348,0.6048,0.3276,nan
ManaZeak/ManaZeak,ManaZeak__ManaZeak,2025-09,4.3348,4.3348,0.6048,0.3276,nan
ManaZeak/ManaZeak,ManaZeak__ManaZeak,2025-10,4.3348,4.3348,0.6048,0.3276,nan
ManaZeak/ManaZeak,ManaZeak__ManaZeak,2025-11,4.3348,4.3348,0.6048,0.3276,nan
ManaZeak/ManaZeak,ManaZeak__ManaZeak,2025-12,4.3348,4.3348,0.6048,0.3276,nan
ManaZeak/ManaZeak,ManaZeak__ManaZeak,2026-01,4.3303,4.3303,0.6047,0.3277,nan
ManaZeak/ManaZeak,ManaZeak__ManaZeak,2026-02,4.3303,4.3303,0.6047,0.3277,nan
MikhailSterkhov/bridgenet,MikhailSterkhov__bridgenet,2024-10,5.3583,5.3583,0.543,0.3023,nan
MikhailSterkhov/bridgenet,MikhailSterkhov__bridgenet,2024-11,5.3583,5.3583,0.543,0.3023,nan
MikhailSterkhov/bridgenet,MikhailSterkhov__bridgenet,2024-12,5.3583,5.3583,0.543,0.3023,nan
MikhailSterkhov/bridgenet,MikhailSterkhov__bridgenet,2025-01,5.3583,5.3583,0.543,0.3023,nan
MikhailSterkhov/bridgenet,MikhailSterkhov__bridgenet,2025-02,5.3583,5.3583,0.543,0.3023,nan
MikhailSterkhov/bridgenet,MikhailSterkhov__bridgenet,2025-03,5.3542,5.3542,0.541,0.3043,nan
MikhailSterkhov/bridgenet,MikhailSterkhov__bridgenet,2025-04,5.3542,5.3542,0.541,0.3043,nan
MikhailSterkhov/bridgenet,MikhailSterkhov__bridgenet,2025-05,5.3542,5.3542,0.541,0.3043,nan
MikhailSterkhov/bridgenet,MikhailSterkhov__bridgenet,2025-06,5.3542,5.3542,0.541,0.3043,nan
MikhailSterkhov/bridgenet,MikhailSterkhov__bridgenet,2025-07,5.3542,5.3542,0.541,0.3043,nan
MikhailSterkhov/bridgenet,MikhailSterkhov__bridgenet,2025-08,5.3542,5.3542,0.541,0.3043,nan
MikhailSterkhov/bridgenet,MikhailSterkhov__bridgenet,2025-09,5.3542,5.3542,0.541,0.3043,nan
MikhailSterkhov/bridgenet,MikhailSterkhov__bridgenet,2025-10,5.3542,5.3542,0.541,0.3043,nan
MindsIgnited/continuum-framework,MindsIgnited__continuum-framework,2025-02,2.5714,2.5714,0.659,0.2439,nan
MindsIgnited/continuum-framework,MindsIgnited__continuum-framework,2025-03,2.5714,2.5714,0.659,0.2439,nan
MindsIgnited/continuum-framework,MindsIgnited__continuum-framework,2025-04,2.5714,2.5714,0.659,0.2439,nan
MindsIgnited/continuum-framework,MindsIgnited__continuum-framework,2025-05,2.5714,2.5714,0.659,0.2439,nan
MindsIgnited/continuum-framework,MindsIgnited__continuum-framework,2025-06,2.5584,2.5584,0.6602,0.2427,nan
MindsIgnited/continuum-framework,MindsIgnited__continuum-framework,2025-07,2.5584,2.5584,0.6602,0.2427,nan
MindsIgnited/continuum-framework,MindsIgnited__continuum-framework,2025-08,2.5584,2.5584,0.6602,0.2427,nan
MindsIgnited/continuum-framework,MindsIgnited__continuum-framework,2025-09,2.4872,2.4872,0.6518,0.2397,nan
MindsIgnited/continuum-framework,MindsIgnited__continuum-framework,2025-10,2.4872,2.4872,0.6518,0.2397,nan
MindsIgnited/continuum-framework,MindsIgnited__continuum-framework,2025-11,2.4872,2.4872,0.6518,0.2397,nan
MindsIgnited/continuum-framework,MindsIgnited__continuum-framework,2025-12,2.4872,2.4872,0.6521,0.2436,nan
MindsIgnited/continuum-framework,MindsIgnited__continuum-framework,2026-01,2.507,2.507,0.6213,0.2708,nan
MindsIgnited/continuum-framework,MindsIgnited__continuum-framework,2026-02,2.507,2.507,0.6213,0.2708,nan
MoonWorm/jsonapi4j,MoonWorm__jsonapi4j,2025-11,4.3333,4.3333,0.5189,0.3854,nan
MoonWorm/jsonapi4j,MoonWorm__jsonapi4j,2025-12,4.4019,4.4019,0.5237,0.3875,nan
MoonWorm/jsonapi4j,MoonWorm__jsonapi4j,2026-01,4.4019,4.4019,0.5237,0.3875,nan
MoonWorm/jsonapi4j,MoonWorm__jsonapi4j,2026-02,4.4771,4.4771,0.5624,0.3296,nan
MoonWorm/jsonapi4j,MoonWorm__jsonapi4j,2026-03,4.0469,4.0469,0.5688,0.3381,nan
MoonWorm/jsonapi4j,MoonWorm__jsonapi4j,2026-04,4.2913,4.2913,0.5763,0.321,nan
MoonWorm/jsonapi4j,MoonWorm__jsonapi4j,2026-05,4.2913,4.2913,0.5763,0.321,nan
OpenFeign/feign,OpenFeign__feign,2024-04,2.3016,2.3016,0.755,0.2493,nan
OpenFeign/feign,OpenFeign__feign,2024-05,2.3077,2.3077,0.7609,0.2433,nan
OpenFeign/feign,OpenFeign__feign,2024-06,2.3333,2.3333,0.7625,0.2396,nan
OpenFeign/feign,OpenFeign__feign,2024-07,2.3333,2.3333,0.7625,0.2396,nan
OpenFeign/feign,OpenFeign__feign,2024-08,2.3333,2.3333,0.7625,0.2396,nan
OpenFeign/feign,OpenFeign__feign,2024-09,2.3333,2.3333,0.7626,0.2397,nan
OpenFeign/feign,OpenFeign__feign,2024-10,2.3158,2.3158,0.7548,0.2467,nan
OpenFeign/feign,OpenFeign__feign,2024-11,2.3158,2.3158,0.7548,0.2467,nan
OpenFeign/feign,OpenFeign__feign,2024-12,2.3291,2.3291,0.7339,0.2626,nan
OpenFeign/feign,OpenFeign__feign,2025-01,2.3291,2.3291,0.7339,0.2626,nan
OpenFeign/feign,OpenFeign__feign,2025-02,2.3291,2.3291,0.7339,0.2626,nan
OpenFeign/feign,OpenFeign__feign,2025-03,2.3291,2.3291,0.7339,0.2626,nan
OpenFeign/feign,OpenFeign__feign,2025-04,2.3291,2.3291,0.7339,0.2626,nan
OpenFeign/querydsl,OpenFeign__querydsl,2025-01,4.0,4.0,0.6479,0.3095,nan
OpenFeign/querydsl,OpenFeign__querydsl,2025-02,4.0,4.0,0.6479,0.3095,nan
OpenFeign/querydsl,OpenFeign__querydsl,2025-03,4.0,4.0,0.6481,0.3094,nan
OpenFeign/querydsl,OpenFeign__querydsl,2025-04,4.0,4.0,0.6481,0.3094,nan
OpenFeign/querydsl,OpenFeign__querydsl,2025-05,4.0,4.0,0.6481,0.3094,nan
OpenFeign/querydsl,OpenFeign__querydsl,2025-06,4.0142,4.0142,0.6489,0.3078,nan
OpenFeign/querydsl,OpenFeign__querydsl,2025-07,4.0149,4.0149,0.6343,0.318,nan
OpenFeign/querydsl,OpenFeign__querydsl,2025-08,4.0149,4.0149,0.6343,0.318,nan
OpenFeign/querydsl,OpenFeign__querydsl,2025-09,4.0149,4.0149,0.6343,0.318,nan
OpenFeign/querydsl,OpenFeign__querydsl,2025-10,4.0149,4.0149,0.6343,0.318,nan
OpenFeign/querydsl,OpenFeign__querydsl,2025-11,4.0224,4.0224,0.6339,0.3181,nan
OpenFeign/querydsl,OpenFeign__querydsl,2025-12,4.0224,4.0224,0.6339,0.3181,nan
OpenFeign/querydsl,OpenFeign__querydsl,2026-01,4.0224,4.0224,0.6339,0.3181,nan
PANTHEONtech/lighty,PANTHEONtech__lighty,2025-05,3.7086,3.7086,0.6237,0.3105,nan
PANTHEONtech/lighty,PANTHEONtech__lighty,2025-06,3.7086,3.7086,0.6237,0.3105,nan
PANTHEONtech/lighty,PANTHEONtech__lighty,2025-07,3.7029,3.7029,0.6237,0.3104,nan
PANTHEONtech/lighty,PANTHEONtech__lighty,2025-08,3.7029,3.7029,0.6237,0.3107,nan
PANTHEONtech/lighty,PANTHEONtech__lighty,2025-09,3.7029,3.7029,0.6237,0.3098,nan
PANTHEONtech/lighty,PANTHEONtech__lighty,2025-10,3.7029,3.7029,0.6237,0.3098,nan
PANTHEONtech/lighty,PANTHEONtech__lighty,2025-11,3.7337,3.7337,0.6329,0.3038,nan
PANTHEONtech/lighty,PANTHEONtech__lighty,2025-12,3.7337,3.7337,0.6329,0.3038,nan
PANTHEONtech/lighty,PANTHEONtech__lighty,2026-01,3.7622,3.7622,0.633,0.3054,nan
PANTHEONtech/lighty,PANTHEONtech__lighty,2026-02,3.7622,3.7622,0.633,0.3054,nan
PANTHEONtech/lighty,PANTHEONtech__lighty,2026-03,3.7622,3.7622,0.633,0.3054,nan
PANTHEONtech/lighty,PANTHEONtech__lighty,2026-04,3.7622,3.7622,0.633,0.3054,nan
PANTHEONtech/lighty,PANTHEONtech__lighty,2026-05,3.7622,3.7622,0.633,0.3054,nan
PacoVK/tapir,PacoVK__tapir,2025-05,3.4545,3.4545,0.6385,0.3163,nan
PacoVK/tapir,PacoVK__tapir,2025-06,3.4545,3.4545,0.6385,0.3163,nan
PacoVK/tapir,PacoVK__tapir,2025-07,3.4545,3.4545,0.6385,0.3163,nan
PacoVK/tapir,PacoVK__tapir,2025-08,3.4545,3.4545,0.6385,0.3163,nan
PacoVK/tapir,PacoVK__tapir,2025-09,3.4545,3.4545,0.6385,0.3163,nan
PacoVK/tapir,PacoVK__tapir,2025-10,3.4545,3.4545,0.6385,0.3163,nan
PacoVK/tapir,PacoVK__tapir,2025-11,3.4545,3.4545,0.6385,0.3163,nan
PacoVK/tapir,PacoVK__tapir,2025-12,3.4545,3.4545,0.6385,0.3049,nan
PacoVK/tapir,PacoVK__tapir,2026-01,3.4545,3.4545,0.6385,0.3049,nan
PacoVK/tapir,PacoVK__tapir,2026-02,3.4545,3.4545,0.6385,0.3049,nan
PacoVK/tapir,PacoVK__tapir,2026-03,3.4545,3.4545,0.6385,0.3049,nan
PacoVK/tapir,PacoVK__tapir,2026-04,3.4545,3.4545,0.6385,0.3049,nan
PacoVK/tapir,PacoVK__tapir,2026-05,3.4545,3.4545,0.6385,0.3049,nan
ReVanced/revanced-patches,ReVanced__revanced-patches,2024-12,1.8682,1.8682,0.7613,0.2217,nan
ReVanced/revanced-patches,ReVanced__revanced-patches,2025-01,1.797,1.797,0.7519,0.2317,nan
ReVanced/revanced-patches,ReVanced__revanced-patches,2025-02,1.8045,1.8045,0.7518,0.2317,nan
ReVanced/revanced-patches,ReVanced__revanced-patches,2025-03,1.8,1.8,0.7481,0.2357,nan
ReVanced/revanced-patches,ReVanced__revanced-patches,2025-04,1.6284,1.6284,0.7482,0.234,nan
ReVanced/revanced-patches,ReVanced__revanced-patches,2025-05,1.5466,1.5466,0.7461,0.2366,nan
ReVanced/revanced-patches,ReVanced__revanced-patches,2025-06,1.573,1.573,0.7316,0.2297,nan
ReVanced/revanced-patches,ReVanced__revanced-patches,2025-07,1.5635,1.5635,0.738,0.2236,nan
ReVanced/revanced-patches,ReVanced__revanced-patches,2025-08,1.5103,1.5103,0.74,0.2139,nan
ReVanced/revanced-patches,ReVanced__revanced-patches,2025-09,1.5584,1.5584,0.7385,0.211,nan
ReVanced/revanced-patches,ReVanced__revanced-patches,2025-10,1.662,1.662,0.7444,0.2061,nan
ReVanced/revanced-patches,ReVanced__revanced-patches,2025-11,1.6535,1.6535,0.7566,0.1972,nan
ReVanced/revanced-patches,ReVanced__revanced-patches,2025-12,1.6798,1.6798,0.757,0.197,nan
SimoneAvogadro/HumanDetection4Tasker,SimoneAvogadro__HumanDetection4Tasker,2025-03,1.3043,1.3043,0.736,0.249,nan
SimoneAvogadro/HumanDetection4Tasker,SimoneAvogadro__HumanDetection4Tasker,2025-04,0.75,0.75,0.5833,0.3333,nan
SimoneAvogadro/HumanDetection4Tasker,SimoneAvogadro__HumanDetection4Tasker,2025-05,0.75,0.75,0.5833,0.3333,nan
SimoneAvogadro/HumanDetection4Tasker,SimoneAvogadro__HumanDetection4Tasker,2025-06,0.75,0.75,0.5833,0.3333,nan
SimoneAvogadro/HumanDetection4Tasker,SimoneAvogadro__HumanDetection4Tasker,2025-07,0.75,0.75,0.5833,0.3333,nan
SimoneAvogadro/HumanDetection4Tasker,SimoneAvogadro__HumanDetection4Tasker,2025-08,0.75,0.75,0.5833,0.3333,nan
SimoneAvogadro/HumanDetection4Tasker,SimoneAvogadro__HumanDetection4Tasker,2025-09,0.75,0.75,0.5833,0.3333,nan
SimoneAvogadro/HumanDetection4Tasker,SimoneAvogadro__HumanDetection4Tasker,2025-10,0.9231,0.9231,0.5962,0.3269,nan
SimoneAvogadro/HumanDetection4Tasker,SimoneAvogadro__HumanDetection4Tasker,2025-11,0.9231,0.9231,0.5962,0.3269,nan
SimoneAvogadro/HumanDetection4Tasker,SimoneAvogadro__HumanDetection4Tasker,2025-12,0.9231,0.9231,0.5962,0.3269,nan
SimoneAvogadro/HumanDetection4Tasker,SimoneAvogadro__HumanDetection4Tasker,2026-01,0.9231,0.9231,0.5962,0.3269,nan
SimoneAvogadro/HumanDetection4Tasker,SimoneAvogadro__HumanDetection4Tasker,2026-02,0.9231,0.9231,0.5962,0.3269,nan
SimoneAvogadro/HumanDetection4Tasker,SimoneAvogadro__HumanDetection4Tasker,2026-03,0.9231,0.9231,0.5962,0.3269,nan
SistrScarlet/LittleMaidReBirth-Architectury,SistrScarlet__LittleMaidReBirth-Architectury,2025-01,2.6897,2.6897,0.5167,0.4455,nan
SistrScarlet/LittleMaidReBirth-Architectury,SistrScarlet__LittleMaidReBirth-Architectury,2025-02,2.6897,2.6897,0.5167,0.4455,nan
SistrScarlet/LittleMaidReBirth-Architectury,SistrScarlet__LittleMaidReBirth-Architectury,2025-03,2.6897,2.6897,0.5167,0.4455,nan
SistrScarlet/LittleMaidReBirth-Architectury,SistrScarlet__LittleMaidReBirth-Architectury,2025-04,2.9,2.9,0.5221,0.4415,nan
SistrScarlet/LittleMaidReBirth-Architectury,SistrScarlet__LittleMaidReBirth-Architectury,2025-05,2.9,2.9,0.5223,0.4417,nan
SistrScarlet/LittleMaidReBirth-Architectury,SistrScarlet__LittleMaidReBirth-Architectury,2025-06,2.9,2.9,0.5223,0.4417,nan
SistrScarlet/LittleMaidReBirth-Architectury,SistrScarlet__LittleMaidReBirth-Architectury,2025-07,2.9,2.9,0.5223,0.4417,nan
SistrScarlet/LittleMaidReBirth-Architectury,SistrScarlet__LittleMaidReBirth-Architectury,2025-08,3.0,3.0,0.5267,0.4504,nan
SistrScarlet/LittleMaidReBirth-Architectury,SistrScarlet__LittleMaidReBirth-Architectury,2025-09,2.9091,2.9091,0.5562,0.42,nan
SistrScarlet/LittleMaidReBirth-Architectury,SistrScarlet__LittleMaidReBirth-Architectury,2025-10,2.9091,2.9091,0.5562,0.42,nan
SistrScarlet/LittleMaidReBirth-Architectury,SistrScarlet__LittleMaidReBirth-Architectury,2025-11,2.9091,2.9091,0.5562,0.42,nan
SistrScarlet/LittleMaidReBirth-Architectury,SistrScarlet__LittleMaidReBirth-Architectury,2025-12,2.9091,2.9091,0.5562,0.42,nan
SistrScarlet/LittleMaidReBirth-Architectury,SistrScarlet__LittleMaidReBirth-Architectury,2026-01,2.9091,2.9091,0.5562,0.42,nan
SmartTools/smartactors-core,SmartTools__smartactors-core,2025-05,9.5688,9.5688,0.6475,0.3013,nan
SmartTools/smartactors-core,SmartTools__smartactors-core,2025-06,9.5688,9.5688,0.6475,0.3013,nan
SmartTools/smartactors-core,SmartTools__smartactors-core,2025-07,9.5688,9.5688,0.6475,0.3013,nan
SmartTools/smartactors-core,SmartTools__smartactors-core,2025-08,7.8247,7.8247,0.6345,0.3078,nan
SmartTools/smartactors-core,SmartTools__smartactors-core,2025-09,7.8247,7.8247,0.6345,0.3078,nan
SmartTools/smartactors-core,SmartTools__smartactors-core,2025-10,7.8247,7.8247,0.6345,0.3078,nan
SmartTools/smartactors-core,SmartTools__smartactors-core,2025-11,7.8247,7.8247,0.6345,0.3078,nan
SmartTools/smartactors-core,SmartTools__smartactors-core,2025-12,7.8247,7.8247,0.6345,0.3078,nan
SmartTools/smartactors-core,SmartTools__smartactors-core,2026-01,7.8247,7.8247,0.6345,0.3078,nan
SmartTools/smartactors-core,SmartTools__smartactors-core,2026-02,7.8247,7.8247,0.6345,0.3078,nan
SmartTools/smartactors-core,SmartTools__smartactors-core,2026-03,7.8247,7.8247,0.6345,0.3078,nan
SmartTools/smartactors-core,SmartTools__smartactors-core,2026-04,7.8247,7.8247,0.6345,0.3078,nan
SmartTools/smartactors-core,SmartTools__smartactors-core,2026-05,7.8247,7.8247,0.6345,0.3078,nan
SonarSource/sonar-php,SonarSource__sonar-php,2025-05,6.9028,6.9028,0.5773,0.2742,nan
SonarSource/sonar-php,SonarSource__sonar-php,2025-06,6.9028,6.9028,0.5773,0.2742,nan
SonarSource/sonar-php,SonarSource__sonar-php,2025-07,6.9028,6.9028,0.5773,0.2742,nan
SonarSource/sonar-php,SonarSource__sonar-php,2025-08,6.9028,6.9028,0.5773,0.2742,nan
SonarSource/sonar-php,SonarSource__sonar-php,2025-09,6.9028,6.9028,0.5773,0.2742,nan
SonarSource/sonar-php,SonarSource__sonar-php,2025-10,6.9167,6.9167,0.5772,0.2743,nan
SonarSource/sonar-php,SonarSource__sonar-php,2025-11,6.9167,6.9167,0.577,0.2745,nan
SonarSource/sonar-php,SonarSource__sonar-php,2025-12,6.863,6.863,0.5853,0.2685,nan
SonarSource/sonar-php,SonarSource__sonar-php,2026-01,6.863,6.863,0.5858,0.2679,nan
SonarSource/sonar-php,SonarSource__sonar-php,2026-02,6.863,6.863,0.5858,0.2679,nan
SonarSource/sonar-php,SonarSource__sonar-php,2026-03,6.863,6.863,0.5857,0.2681,nan
SonarSource/sonar-php,SonarSource__sonar-php,2026-04,6.863,6.863,0.5857,0.2681,nan
SonarSource/sonar-php,SonarSource__sonar-php,2026-05,6.863,6.863,0.5857,0.2681,nan
SonarSource/sonar-xml,SonarSource__sonar-xml,2025-06,0.619,0.619,0.5089,0.4752,nan
SonarSource/sonar-xml,SonarSource__sonar-xml,2025-07,0.619,0.619,0.5089,0.4752,nan
SonarSource/sonar-xml,SonarSource__sonar-xml,2025-08,0.619,0.619,0.5089,0.4752,nan
SonarSource/sonar-xml,SonarSource__sonar-xml,2025-09,0.619,0.619,0.5089,0.4752,nan
SonarSource/sonar-xml,SonarSource__sonar-xml,2025-10,0.619,0.619,0.5089,0.4752,nan
SonarSource/sonar-xml,SonarSource__sonar-xml,2025-11,0.619,0.619,0.5089,0.4752,nan
SonarSource/sonar-xml,SonarSource__sonar-xml,2025-12,0.6667,0.6667,0.5315,0.4579,nan
SonarSource/sonar-xml,SonarSource__sonar-xml,2026-01,0.6667,0.6667,0.5315,0.4579,nan
SonarSource/sonar-xml,SonarSource__sonar-xml,2026-02,0.6667,0.6667,0.5315,0.4579,nan
SonarSource/sonar-xml,SonarSource__sonar-xml,2026-03,0.6667,0.6667,0.5315,0.4579,nan
SonarSource/sonar-xml,SonarSource__sonar-xml,2026-04,0.6667,0.6667,0.5315,0.4579,nan
SonarSource/sonar-xml,SonarSource__sonar-xml,2026-05,0.6667,0.6667,0.5315,0.4579,nan
SonarSource/sonar-xml,SonarSource__sonar-xml,2026-06,0.6667,0.6667,0.5315,0.4579,nan
Spazzinq/FlightControl,Spazzinq__FlightControl,2025-02,3.12,3.12,0.541,0.2944,nan
Spazzinq/FlightControl,Spazzinq__FlightControl,2025-03,3.12,3.12,0.541,0.2944,nan
Spazzinq/FlightControl,Spazzinq__FlightControl,2025-04,3.12,3.12,0.541,0.2944,nan
Spazzinq/FlightControl,Spazzinq__FlightControl,2025-05,3.12,3.12,0.541,0.2944,nan
Spazzinq/FlightControl,Spazzinq__FlightControl,2025-06,3.12,3.12,0.541,0.2944,nan
Spazzinq/FlightControl,Spazzinq__FlightControl,2025-07,3.12,3.12,0.541,0.2944,nan
Spazzinq/FlightControl,Spazzinq__FlightControl,2025-08,3.12,3.12,0.541,0.2944,nan
Spazzinq/FlightControl,Spazzinq__FlightControl,2025-09,3.12,3.12,0.541,0.2944,nan
Spazzinq/FlightControl,Spazzinq__FlightControl,2025-10,3.12,3.12,0.541,0.2944,nan
Spazzinq/FlightControl,Spazzinq__FlightControl,2025-11,3.12,3.12,0.541,0.2944,nan
Spazzinq/FlightControl,Spazzinq__FlightControl,2025-12,3.12,3.12,0.541,0.2944,nan
Spazzinq/FlightControl,Spazzinq__FlightControl,2026-01,3.12,3.12,0.541,0.2944,nan
Spazzinq/FlightControl,Spazzinq__FlightControl,2026-02,3.12,3.12,0.541,0.2944,nan
TerraFirmaGreg-Team/Core-Modern,TerraFirmaGreg-Team__Core-Modern,2025-01,1.0541,1.0541,0.5025,0.4029,nan
TerraFirmaGreg-Team/Core-Modern,TerraFirmaGreg-Team__Core-Modern,2025-02,1.0541,1.0541,0.5025,0.4029,nan
TerraFirmaGreg-Team/Core-Modern,TerraFirmaGreg-Team__Core-Modern,2025-03,1.0541,1.0541,0.5025,0.4029,nan
TerraFirmaGreg-Team/Core-Modern,TerraFirmaGreg-Team__Core-Modern,2025-04,1.0541,1.0541,0.5025,0.4029,nan
TerraFirmaGreg-Team/Core-Modern,TerraFirmaGreg-Team__Core-Modern,2025-05,1.2195,1.2195,0.4907,0.5215,nan
TerraFirmaGreg-Team/Core-Modern,TerraFirmaGreg-Team__Core-Modern,2025-06,1.2381,1.2381,0.487,0.5103,nan
TerraFirmaGreg-Team/Core-Modern,TerraFirmaGreg-Team__Core-Modern,2025-07,1.4737,1.4737,0.4919,0.4843,nan
TerraFirmaGreg-Team/Core-Modern,TerraFirmaGreg-Team__Core-Modern,2025-08,1.5763,1.5763,0.4862,0.489,nan
TerraFirmaGreg-Team/Core-Modern,TerraFirmaGreg-Team__Core-Modern,2025-09,2.1429,2.1429,0.5157,0.4753,nan
TerraFirmaGreg-Team/Core-Modern,TerraFirmaGreg-Team__Core-Modern,2025-10,2.038,2.038,0.5304,0.486,nan
TerraFirmaGreg-Team/Core-Modern,TerraFirmaGreg-Team__Core-Modern,2025-11,2.1585,2.1585,0.5448,0.4744,nan
TerraFirmaGreg-Team/Core-Modern,TerraFirmaGreg-Team__Core-Modern,2025-12,2.3523,2.3523,0.5523,0.4644,nan
TerraFirmaGreg-Team/Core-Modern,TerraFirmaGreg-Team__Core-Modern,2026-01,2.1705,2.1705,0.5591,0.4698,nan
TrueLayer/truelayer-java,TrueLayer__truelayer-java,2024-12,4.3594,4.3594,0.4865,0.3777,nan
TrueLayer/truelayer-java,TrueLayer__truelayer-java,2025-01,4.4,4.4,0.4885,0.3831,nan
TrueLayer/truelayer-java,TrueLayer__truelayer-java,2025-02,4.4923,4.4923,0.497,0.3859,nan
TrueLayer/truelayer-java,TrueLayer__truelayer-java,2025-03,4.4923,4.4923,0.497,0.3859,nan
TrueLayer/truelayer-java,TrueLayer__truelayer-java,2025-04,4.4923,4.4923,0.497,0.3874,nan
TrueLayer/truelayer-java,TrueLayer__truelayer-java,2025-05,4.4923,4.4923,0.497,0.3874,nan
TrueLayer/truelayer-java,TrueLayer__truelayer-java,2025-06,4.4923,4.4923,0.497,0.3874,nan
TrueLayer/truelayer-java,TrueLayer__truelayer-java,2025-07,4.5152,4.5152,0.4943,0.3883,nan
TrueLayer/truelayer-java,TrueLayer__truelayer-java,2025-08,4.5152,4.5152,0.4943,0.3883,nan
TrueLayer/truelayer-java,TrueLayer__truelayer-java,2025-09,4.5455,4.5455,0.4939,0.3888,nan
TrueLayer/truelayer-java,TrueLayer__truelayer-java,2025-10,4.5455,4.5455,0.4939,0.3888,nan
TrueLayer/truelayer-java,TrueLayer__truelayer-java,2025-11,4.597,4.597,0.4942,0.3882,nan
TrueLayer/truelayer-java,TrueLayer__truelayer-java,2025-12,4.597,4.597,0.4942,0.3882,nan
USACE/cwms-data-api,USACE__cwms-data-api,2024-10,4.338,4.338,0.523,0.3888,nan
USACE/cwms-data-api,USACE__cwms-data-api,2024-11,4.4085,4.4085,0.5207,0.39,nan
USACE/cwms-data-api,USACE__cwms-data-api,2024-12,4.527,4.527,0.5206,0.3899,nan
USACE/cwms-data-api,USACE__cwms-data-api,2025-01,4.527,4.527,0.5209,0.3888,nan
USACE/cwms-data-api,USACE__cwms-data-api,2025-02,4.5405,4.5405,0.5208,0.389,nan
USACE/cwms-data-api,USACE__cwms-data-api,2025-03,4.5541,4.5541,0.521,0.3889,nan
USACE/cwms-data-api,USACE__cwms-data-api,2025-04,4.5541,4.5541,0.521,0.3889,nan
USACE/cwms-data-api,USACE__cwms-data-api,2025-05,4.5541,4.5541,0.521,0.3889,nan
USACE/cwms-data-api,USACE__cwms-data-api,2025-06,4.64,4.64,0.5273,0.3831,nan
USACE/cwms-data-api,USACE__cwms-data-api,2025-07,4.8875,4.8875,0.5397,0.3765,nan
USACE/cwms-data-api,USACE__cwms-data-api,2025-08,4.9512,4.9512,0.5418,0.376,nan
USACE/cwms-data-api,USACE__cwms-data-api,2025-09,5.0,5.0,0.5375,0.3804,nan
USACE/cwms-data-api,USACE__cwms-data-api,2025-10,5.1807,5.1807,0.5378,0.3811,nan
Women-Coding-Community/wcc-backend,Women-Coding-Community__wcc-backend,2025-05,3.6207,3.6207,0.5035,0.4758,nan
Women-Coding-Community/wcc-backend,Women-Coding-Community__wcc-backend,2025-06,3.2857,3.2857,0.5041,0.4738,nan
Women-Coding-Community/wcc-backend,Women-Coding-Community__wcc-backend,2025-07,3.2857,3.2857,0.505,0.4729,nan
Women-Coding-Community/wcc-backend,Women-Coding-Community__wcc-backend,2025-08,3.4483,3.4483,0.5191,0.4584,nan
Women-Coding-Community/wcc-backend,Women-Coding-Community__wcc-backend,2025-09,4.3243,4.3243,0.4945,0.4927,nan
Women-Coding-Community/wcc-backend,Women-Coding-Community__wcc-backend,2025-10,4.4737,4.4737,0.5069,0.479,nan
Women-Coding-Community/wcc-backend,Women-Coding-Community__wcc-backend,2025-11,5.2222,5.2222,0.515,0.4726,nan
Women-Coding-Community/wcc-backend,Women-Coding-Community__wcc-backend,2025-12,5.2222,5.2222,0.515,0.4726,nan
Women-Coding-Community/wcc-backend,Women-Coding-Community__wcc-backend,2026-01,5.2222,5.2222,0.515,0.4726,nan
Women-Coding-Community/wcc-backend,Women-Coding-Community__wcc-backend,2026-02,5.4792,5.4792,0.508,0.4799,nan
Women-Coding-Community/wcc-backend,Women-Coding-Community__wcc-backend,2026-03,5.5208,5.5208,0.5104,0.4777,nan
Women-Coding-Community/wcc-backend,Women-Coding-Community__wcc-backend,2026-04,5.5208,5.5208,0.5107,0.4774,nan
Women-Coding-Community/wcc-backend,Women-Coding-Community__wcc-backend,2026-05,5.5208,5.5208,0.5107,0.4774,nan
agoncal/agoncal-application-vintagestore,agoncal__agoncal-application-vintagestore,2025-01,0.3333,0.3333,0.7778,0.2381,nan
agoncal/agoncal-application-vintagestore,agoncal__agoncal-application-vintagestore,2025-02,0.3333,0.3333,0.7778,0.2381,nan
agoncal/agoncal-application-vintagestore,agoncal__agoncal-application-vintagestore,2025-03,0.3333,0.3333,0.7778,0.2381,nan
agoncal/agoncal-application-vintagestore,agoncal__agoncal-application-vintagestore,2025-04,0.3333,0.3333,0.7778,0.2381,nan
agoncal/agoncal-application-vintagestore,agoncal__agoncal-application-vintagestore,2025-05,0.3333,0.3333,0.7778,0.2381,nan
agoncal/agoncal-application-vintagestore,agoncal__agoncal-application-vintagestore,2025-06,0.3333,0.3333,0.7778,0.2381,nan
agoncal/agoncal-application-vintagestore,agoncal__agoncal-application-vintagestore,2025-07,0.3333,0.3333,0.7778,0.2381,nan
agoncal/agoncal-application-vintagestore,agoncal__agoncal-application-vintagestore,2025-08,0.3333,0.3333,0.6444,0.3694,nan
agoncal/agoncal-application-vintagestore,agoncal__agoncal-application-vintagestore,2025-09,0.4167,0.4167,0.5458,0.4403,nan
agoncal/agoncal-application-vintagestore,agoncal__agoncal-application-vintagestore,2025-10,0.4167,0.4167,0.5458,0.4403,nan
agoncal/agoncal-application-vintagestore,agoncal__agoncal-application-vintagestore,2025-11,0.4615,0.4615,0.5038,0.4833,nan
agoncal/agoncal-application-vintagestore,agoncal__agoncal-application-vintagestore,2025-12,0.4615,0.4615,0.5038,0.4833,nan
agoncal/agoncal-application-vintagestore,agoncal__agoncal-application-vintagestore,2026-01,0.4615,0.4615,0.5038,0.4833,nan
akto-api-security/akto,akto-api-security__akto,2024-12,6.7173,6.7173,0.5608,0.4056,nan
akto-api-security/akto,akto-api-security__akto,2025-01,6.8377,6.8377,0.5617,0.4048,nan
akto-api-security/akto,akto-api-security__akto,2025-02,6.2432,6.2432,0.5573,0.4111,nan
akto-api-security/akto,akto-api-security__akto,2025-03,6.317,6.317,0.5575,0.4113,nan
akto-api-security/akto,akto-api-security__akto,2025-04,6.3493,6.3493,0.5637,0.4058,nan
akto-api-security/akto,akto-api-security__akto,2025-05,6.3917,6.3917,0.5652,0.4041,nan
akto-api-security/akto,akto-api-security__akto,2025-06,6.4737,6.4737,0.5668,0.402,nan
akto-api-security/akto,akto-api-security__akto,2025-07,6.504,6.504,0.5732,0.3966,nan
akto-api-security/akto,akto-api-security__akto,2025-08,6.5787,6.5787,0.573,0.3972,nan
akto-api-security/akto,akto-api-security__akto,2025-09,6.6824,6.6824,0.5741,0.3963,nan
akto-api-security/akto,akto-api-security__akto,2025-10,6.6169,6.6169,0.5691,0.402,nan
akto-api-security/akto,akto-api-security__akto,2025-11,6.6917,6.6917,0.5661,0.4041,nan
akto-api-security/akto,akto-api-security__akto,2025-12,6.7169,6.7169,0.5678,0.4032,nan
alibaba/spring-ai-alibaba,alibaba__spring-ai-alibaba,2024-12,1.4565,1.4565,0.5222,0.4446,nan
alibaba/spring-ai-alibaba,alibaba__spring-ai-alibaba,2025-01,1.2949,1.2949,0.4729,0.4858,nan
alibaba/spring-ai-alibaba,alibaba__spring-ai-alibaba,2025-02,1.1386,1.1386,0.464,0.5041,nan
alibaba/spring-ai-alibaba,alibaba__spring-ai-alibaba,2025-03,0.7075,0.7075,0.4469,0.5208,nan
alibaba/spring-ai-alibaba,alibaba__spring-ai-alibaba,2025-04,1.5892,1.5892,0.462,0.4814,nan
alibaba/spring-ai-alibaba,alibaba__spring-ai-alibaba,2025-05,1.8525,1.8525,0.5044,0.4482,nan
alibaba/spring-ai-alibaba,alibaba__spring-ai-alibaba,2025-06,2.1509,2.1509,0.5535,0.4055,nan
alibaba/spring-ai-alibaba,alibaba__spring-ai-alibaba,2025-09,3.2414,3.2414,0.5413,0.3942,nan
alibaba/spring-ai-alibaba,alibaba__spring-ai-alibaba,2025-11,2.8291,2.8291,0.613,0.3069,nan
alibaba/spring-ai-alibaba,alibaba__spring-ai-alibaba,2025-12,3.6871,3.6871,0.6139,0.3117,nan
anboralabs/ks-explorer,anboralabs__ks-explorer,2024-12,2.7609,2.7609,0.5861,0.3841,nan
anboralabs/ks-explorer,anboralabs__ks-explorer,2025-01,2.7609,2.7609,0.5861,0.3841,nan
anboralabs/ks-explorer,anboralabs__ks-explorer,2025-02,2.7609,2.7609,0.5861,0.3841,nan
anboralabs/ks-explorer,anboralabs__ks-explorer,2025-03,2.7609,2.7609,0.5861,0.3841,nan
anboralabs/ks-explorer,anboralabs__ks-explorer,2025-04,2.7609,2.7609,0.5861,0.3841,nan
anboralabs/ks-explorer,anboralabs__ks-explorer,2025-05,2.7609,2.7609,0.5861,0.3841,nan
anboralabs/ks-explorer,anboralabs__ks-explorer,2025-06,2.7609,2.7609,0.5861,0.3841,nan
anboralabs/ks-explorer,anboralabs__ks-explorer,2025-07,2.7609,2.7609,0.5861,0.3841,nan
anboralabs/ks-explorer,anboralabs__ks-explorer,2025-08,2.7609,2.7609,0.5861,0.3841,nan
anboralabs/ks-explorer,anboralabs__ks-explorer,2025-09,2.7609,2.7609,0.5861,0.3841,nan
anboralabs/ks-explorer,anboralabs__ks-explorer,2025-10,2.7609,2.7609,0.5861,0.3841,nan
anboralabs/ks-explorer,anboralabs__ks-explorer,2025-11,2.7609,2.7609,0.5861,0.3841,nan
anboralabs/ks-explorer,anboralabs__ks-explorer,2025-12,2.7609,2.7609,0.5861,0.3841,nan
apache/gravitino,apache__gravitino,2024-12,7.4073,7.4073,0.6525,0.2746,nan
apache/gravitino,apache__gravitino,2025-01,7.3547,7.3547,0.6555,0.2729,nan
apache/gravitino,apache__gravitino,2025-02,7.3321,7.3321,0.6586,0.2704,nan
apache/gravitino,apache__gravitino,2025-03,7.3745,7.3745,0.6599,0.2714,nan
apache/gravitino,apache__gravitino,2025-04,7.375,7.375,0.6576,0.2723,nan
apache/gravitino,apache__gravitino,2025-05,7.3566,7.3566,0.6539,0.2728,nan
apache/gravitino,apache__gravitino,2025-06,7.391,7.391,0.6564,0.277,nan
apache/gravitino,apache__gravitino,2025-07,7.4055,7.4055,0.6574,0.2727,nan
apache/iotdb,apache__iotdb,2024-12,10.807,10.807,0.5971,0.3275,nan
apache/polaris,apache__polaris,2024-12,4.3696,4.3696,0.5833,0.2686,nan
apache/polaris,apache__polaris,2025-01,4.569,4.569,0.6176,0.2963,nan
apache/polaris,apache__polaris,2025-02,3.3836,3.3836,0.6532,0.2583,nan
apache/polaris,apache__polaris,2025-03,4.0,4.0,0.6312,0.2778,nan
apache/polaris,apache__polaris,2025-04,4.1875,4.1875,0.6386,0.2715,nan
apache/polaris,apache__polaris,2025-05,4.2063,4.2063,0.6315,0.268,nan
apache/polaris,apache__polaris,2025-06,4.2941,4.2941,0.6221,0.2758,nan
apache/polaris,apache__polaris,2025-07,4.375,4.375,0.6261,0.2703,nan
apache/polaris,apache__polaris,2025-08,4.4412,4.4412,0.6134,0.2777,nan
apache/polaris,apache__polaris,2025-09,4.2955,4.2955,0.6136,0.2752,nan
apache/struts,apache__struts,2024-11,5.1242,5.1242,0.6134,0.2748,nan
apache/struts,apache__struts,2024-12,4.621,4.621,0.6257,0.2649,nan
apache/struts,apache__struts,2025-01,4.6371,4.6371,0.6265,0.2642,nan
apache/struts,apache__struts,2025-02,4.6573,4.6573,0.6264,0.2643,nan
apache/struts,apache__struts,2025-03,4.6411,4.6411,0.6256,0.2651,nan
apache/struts,apache__struts,2025-04,4.648,4.648,0.6274,0.2644,nan
apache/struts,apache__struts,2025-05,4.648,4.648,0.6274,0.2644,nan
apache/struts,apache__struts,2025-06,4.648,4.648,0.6274,0.2644,nan
apache/struts,apache__struts,2025-07,4.648,4.648,0.6274,0.2644,nan
apache/struts,apache__struts,2025-08,4.648,4.648,0.6274,0.2644,nan
apache/struts,apache__struts,2025-09,4.648,4.648,0.6274,0.2645,nan
apache/struts,apache__struts,2025-10,4.672,4.672,0.626,0.266,nan
apache/struts,apache__struts,2025-11,4.672,4.672,0.626,0.266,nan
atlassian/data-center-helm-charts,atlassian__data-center-helm-charts,2025-02,0.875,0.875,0.6345,0.3655,nan
atlassian/data-center-helm-charts,atlassian__data-center-helm-charts,2025-03,0.875,0.875,0.6342,0.3658,nan
atlassian/data-center-helm-charts,atlassian__data-center-helm-charts,2025-04,0.875,0.875,0.6342,0.3658,nan
atlassian/data-center-helm-charts,atlassian__data-center-helm-charts,2025-05,0.875,0.875,0.6342,0.3658,nan
atlassian/data-center-helm-charts,atlassian__data-center-helm-charts,2025-06,0.875,0.875,0.6342,0.3658,nan
atlassian/data-center-helm-charts,atlassian__data-center-helm-charts,2025-07,0.875,0.875,0.6342,0.3658,nan
atlassian/data-center-helm-charts,atlassian__data-center-helm-charts,2025-08,0.875,0.875,0.6342,0.3658,nan
atlassian/data-center-helm-charts,atlassian__data-center-helm-charts,2025-09,0.875,0.875,0.6341,0.3659,nan
atlassian/data-center-helm-charts,atlassian__data-center-helm-charts,2025-10,0.875,0.875,0.6341,0.3659,nan
atlassian/data-center-helm-charts,atlassian__data-center-helm-charts,2025-11,0.875,0.875,0.6341,0.3659,nan
atlassian/data-center-helm-charts,atlassian__data-center-helm-charts,2025-12,0.875,0.875,0.6341,0.3659,nan
atlassian/data-center-helm-charts,atlassian__data-center-helm-charts,2026-01,0.875,0.875,0.6341,0.3659,nan
atlassian/data-center-helm-charts,atlassian__data-center-helm-charts,2026-02,0.875,0.875,0.6341,0.3659,nan
averbraeck/opentrafficsim,averbraeck__opentrafficsim,2024-12,9.0321,9.0321,0.6174,0.2825,nan
averbraeck/opentrafficsim,averbraeck__opentrafficsim,2025-02,8.9625,8.9625,0.6169,0.2868,nan
averbraeck/opentrafficsim,averbraeck__opentrafficsim,2025-05,9.3046,9.3046,0.599,0.2999,nan
averbraeck/opentrafficsim,averbraeck__opentrafficsim,2025-06,9.2848,9.2848,0.5999,0.2982,nan
averbraeck/opentrafficsim,averbraeck__opentrafficsim,2025-07,9.2848,9.2848,0.5999,0.2982,nan
averbraeck/opentrafficsim,averbraeck__opentrafficsim,2025-08,9.2848,9.2848,0.5999,0.2982,nan
averbraeck/opentrafficsim,averbraeck__opentrafficsim,2025-10,9.5436,9.5436,0.5982,0.2953,nan
axonivy-market/portal,axonivy-market__portal,2024-11,4.3388,4.3388,0.6166,0.3611,nan
axonivy-market/portal,axonivy-market__portal,2024-12,4.4431,4.4431,0.6171,0.3606,nan
axonivy-market/portal,axonivy-market__portal,2025-01,4.4472,4.4472,0.6169,0.3608,nan
axonivy-market/portal,axonivy-market__portal,2025-02,4.4634,4.4634,0.6168,0.3607,nan
axonivy-market/portal,axonivy-market__portal,2025-03,4.439,4.439,0.617,0.3605,nan
axonivy-market/portal,axonivy-market__portal,2025-04,4.2967,4.2967,0.6158,0.3618,nan
axonivy-market/portal,axonivy-market__portal,2025-05,4.2967,4.2967,0.6159,0.3617,nan
axonivy-market/portal,axonivy-market__portal,2025-06,4.8533,4.8533,0.6407,0.3458,nan
axonivy-market/portal,axonivy-market__portal,2025-07,4.8522,4.8522,0.6414,0.3459,nan
axonivy-market/portal,axonivy-market__portal,2025-08,4.9043,4.9043,0.6426,0.3446,nan
axonivy-market/portal,axonivy-market__portal,2025-09,4.9087,4.9087,0.6426,0.3446,nan
axonivy-market/portal,axonivy-market__portal,2025-10,4.9605,4.9605,0.6439,0.3435,nan
axonivy-market/portal,axonivy-market__portal,2025-11,5.0263,5.0263,0.6463,0.3405,nan
baretto-labs/OllamAssist,baretto-labs__OllamAssist,2025-03,2.0,2.0,0.7007,0.2159,nan
baretto-labs/OllamAssist,baretto-labs__OllamAssist,2025-04,2.2,2.2,0.6674,0.2462,nan
baretto-labs/OllamAssist,baretto-labs__OllamAssist,2025-05,2.1333,2.1333,0.6741,0.2396,nan
baretto-labs/OllamAssist,baretto-labs__OllamAssist,2025-06,2.125,2.125,0.6849,0.2341,nan
baretto-labs/OllamAssist,baretto-labs__OllamAssist,2025-07,2.1176,2.1176,0.6977,0.2187,nan
baretto-labs/OllamAssist,baretto-labs__OllamAssist,2025-08,2.2353,2.2353,0.6965,0.2199,nan
baretto-labs/OllamAssist,baretto-labs__OllamAssist,2025-09,2.2,2.2,0.6992,0.2321,nan
baretto-labs/OllamAssist,baretto-labs__OllamAssist,2025-10,1.8077,1.8077,0.7685,0.1741,nan
baretto-labs/OllamAssist,baretto-labs__OllamAssist,2025-11,1.871,1.871,0.7547,0.2021,nan
baretto-labs/OllamAssist,baretto-labs__OllamAssist,2025-12,1.9744,1.9744,0.7587,0.1752,nan
baretto-labs/OllamAssist,baretto-labs__OllamAssist,2026-01,1.9744,1.9744,0.7587,0.1752,nan
baretto-labs/OllamAssist,baretto-labs__OllamAssist,2026-02,1.9744,1.9744,0.7587,0.1752,nan
baretto-labs/OllamAssist,baretto-labs__OllamAssist,2026-03,1.9744,1.9744,0.7587,0.1752,nan
bloxbean/cardano-client-lib,bloxbean__cardano-client-lib,2025-04,6.5775,6.5775,0.544,0.428,nan
bloxbean/cardano-client-lib,bloxbean__cardano-client-lib,2025-05,6.5775,6.5775,0.544,0.428,nan
bloxbean/cardano-client-lib,bloxbean__cardano-client-lib,2025-06,6.5775,6.5775,0.544,0.428,nan
bloxbean/cardano-client-lib,bloxbean__cardano-client-lib,2025-07,6.5775,6.5775,0.544,0.428,nan
bloxbean/cardano-client-lib,bloxbean__cardano-client-lib,2025-08,6.5775,6.5775,0.544,0.428,nan
bloxbean/cardano-client-lib,bloxbean__cardano-client-lib,2025-09,6.5775,6.5775,0.5442,0.4281,nan
bloxbean/cardano-client-lib,bloxbean__cardano-client-lib,2025-10,6.5775,6.5775,0.5443,0.4279,nan
bloxbean/cardano-client-lib,bloxbean__cardano-client-lib,2025-11,6.0942,6.0942,0.532,0.4266,nan
bloxbean/cardano-client-lib,bloxbean__cardano-client-lib,2025-12,6.1571,6.1571,0.5331,0.4255,nan
bloxbean/cardano-client-lib,bloxbean__cardano-client-lib,2026-01,6.1571,6.1571,0.5331,0.4255,nan
bloxbean/cardano-client-lib,bloxbean__cardano-client-lib,2026-02,6.1526,6.1526,0.5327,0.426,nan
bloxbean/cardano-client-lib,bloxbean__cardano-client-lib,2026-03,6.081,6.081,0.5423,0.4173,nan
bloxbean/cardano-client-lib,bloxbean__cardano-client-lib,2026-04,6.0935,6.0935,0.542,0.4204,nan
bytechefhq/bytechef,bytechefhq__bytechef,2025-04,4.1099,4.1099,0.7038,0.2822,nan
bytechefhq/bytechef,bytechefhq__bytechef,2025-06,4.059,4.059,0.7066,0.2807,nan
bytechefhq/bytechef,bytechefhq__bytechef,2025-07,4.0698,4.0698,0.707,0.2795,nan
bytechefhq/bytechef,bytechefhq__bytechef,2025-09,4.0054,4.0054,0.7102,0.2777,nan
bytechefhq/bytechef,bytechefhq__bytechef,2025-10,4.0571,4.0571,0.7114,0.2781,nan
bytechefhq/bytechef,bytechefhq__bytechef,2025-11,4.0562,4.0562,0.7114,0.2779,nan
bytechefhq/bytechef,bytechefhq__bytechef,2025-12,4.1155,4.1155,0.7092,0.2786,nan
bytechefhq/bytechef,bytechefhq__bytechef,2026-01,4.1068,4.1068,0.7091,0.2784,nan
caoccao/Javet,caoccao__Javet,2025-03,8.1714,8.1714,0.5764,0.2691,nan
caoccao/Javet,caoccao__Javet,2025-04,8.1714,8.1714,0.5764,0.2691,nan
caoccao/Javet,caoccao__Javet,2025-05,8.1714,8.1714,0.5764,0.2691,nan
caoccao/Javet,caoccao__Javet,2025-06,8.1714,8.1714,0.5763,0.2693,nan
caoccao/Javet,caoccao__Javet,2025-07,8.1714,8.1714,0.5763,0.2693,nan
caoccao/Javet,caoccao__Javet,2025-08,8.1714,8.1714,0.5763,0.2693,nan
caoccao/Javet,caoccao__Javet,2025-09,8.2,8.2,0.5758,0.2683,nan
caoccao/Javet,caoccao__Javet,2025-10,8.2,8.2,0.5758,0.2683,nan
caoccao/Javet,caoccao__Javet,2025-11,8.2,8.2,0.5758,0.2683,nan
caoccao/Javet,caoccao__Javet,2025-12,8.2,8.2,0.5765,0.2675,nan
caoccao/Javet,caoccao__Javet,2026-01,8.2,8.2,0.5765,0.2675,nan
caoccao/Javet,caoccao__Javet,2026-02,8.2,8.2,0.5765,0.2675,nan
caoccao/Javet,caoccao__Javet,2026-03,8.2,8.2,0.5765,0.2675,nan
caoccao/swc4j,caoccao__swc4j,2025-04,8.4634,8.4634,0.5331,0.3684,nan
caoccao/swc4j,caoccao__swc4j,2025-05,8.4634,8.4634,0.5331,0.3684,nan
caoccao/swc4j,caoccao__swc4j,2025-06,8.5854,8.5854,0.5334,0.3681,nan
caoccao/swc4j,caoccao__swc4j,2025-07,8.5854,8.5854,0.5334,0.3681,nan
caoccao/swc4j,caoccao__swc4j,2025-08,8.5854,8.5854,0.5334,0.3681,nan
caoccao/swc4j,caoccao__swc4j,2025-09,8.5854,8.5854,0.5334,0.3681,nan
caoccao/swc4j,caoccao__swc4j,2025-10,8.5854,8.5854,0.5338,0.3663,nan
caoccao/swc4j,caoccao__swc4j,2025-11,8.5854,8.5854,0.5338,0.3663,nan
caoccao/swc4j,caoccao__swc4j,2025-12,8.5854,8.5854,0.5337,0.3672,nan
caoccao/swc4j,caoccao__swc4j,2026-01,8.5854,8.5854,0.5337,0.3672,nan
caoccao/swc4j,caoccao__swc4j,2026-02,5.9888,5.9888,0.7136,0.2382,nan
caoccao/swc4j,caoccao__swc4j,2026-03,5.8932,5.8932,0.7404,0.2139,nan
caoccao/swc4j,caoccao__swc4j,2026-04,5.8932,5.8932,0.7404,0.2139,nan
cinit/QAuxiliary,cinit__QAuxiliary,2024-12,4.3167,4.3167,0.6733,0.2808,nan
cinit/QAuxiliary,cinit__QAuxiliary,2025-01,4.325,4.325,0.6736,0.2805,nan
cinit/QAuxiliary,cinit__QAuxiliary,2025-02,4.325,4.325,0.6735,0.2805,nan
cinit/QAuxiliary,cinit__QAuxiliary,2025-03,4.2869,4.2869,0.6715,0.2833,nan
cinit/QAuxiliary,cinit__QAuxiliary,2025-04,4.3254,4.3254,0.6851,0.2711,nan
cinit/QAuxiliary,cinit__QAuxiliary,2025-05,4.3254,4.3254,0.6852,0.271,nan
cinit/QAuxiliary,cinit__QAuxiliary,2025-06,4.3125,4.3125,0.6885,0.2684,nan
cinit/QAuxiliary,cinit__QAuxiliary,2025-07,4.3125,4.3125,0.6885,0.2684,nan
cinit/QAuxiliary,cinit__QAuxiliary,2025-08,4.3125,4.3125,0.6885,0.2684,nan
cinit/QAuxiliary,cinit__QAuxiliary,2025-09,4.3203,4.3203,0.6884,0.2685,nan
cinit/QAuxiliary,cinit__QAuxiliary,2025-10,4.3281,4.3281,0.6886,0.2684,nan
cinit/QAuxiliary,cinit__QAuxiliary,2025-11,4.3281,4.3281,0.6886,0.2683,nan
cinit/QAuxiliary,cinit__QAuxiliary,2025-12,4.3281,4.3281,0.6886,0.2683,nan
clerk/clerk-sdk-java,clerk__clerk-sdk-java,2025-03,1.2727,1.2727,0.6671,0.3358,nan
clerk/clerk-sdk-java,clerk__clerk-sdk-java,2025-04,1.3636,1.3636,0.6834,0.318,nan
clerk/clerk-sdk-java,clerk__clerk-sdk-java,2025-05,1.3636,1.3636,0.6834,0.318,nan
clerk/clerk-sdk-java,clerk__clerk-sdk-java,2025-06,1.3636,1.3636,0.6833,0.3182,nan
clerk/clerk-sdk-java,clerk__clerk-sdk-java,2025-07,1.4,1.4,0.6628,0.3254,nan
clerk/clerk-sdk-java,clerk__clerk-sdk-java,2025-08,1.75,1.75,0.6339,0.3523,nan
clerk/clerk-sdk-java,clerk__clerk-sdk-java,2025-09,1.75,1.75,0.6347,0.3505,nan
clerk/clerk-sdk-java,clerk__clerk-sdk-java,2025-10,1.75,1.75,0.6347,0.3505,nan
clerk/clerk-sdk-java,clerk__clerk-sdk-java,2025-11,1.8125,1.8125,0.6334,0.3563,nan
clerk/clerk-sdk-java,clerk__clerk-sdk-java,2025-12,1.7647,1.7647,0.598,0.3884,nan
clerk/clerk-sdk-java,clerk__clerk-sdk-java,2026-01,1.7647,1.7647,0.5979,0.3898,nan
clerk/clerk-sdk-java,clerk__clerk-sdk-java,2026-02,1.7647,1.7647,0.5979,0.3898,nan
clerk/clerk-sdk-java,clerk__clerk-sdk-java,2026-03,1.7647,1.7647,0.598,0.3897,nan
cmu-sei/kaiju,cmu-sei__kaiju,2024-09,3.7143,3.7143,0.5238,0.3892,nan
cmu-sei/kaiju,cmu-sei__kaiju,2024-10,3.7143,3.7143,0.5238,0.3892,nan
cmu-sei/kaiju,cmu-sei__kaiju,2024-11,3.7143,3.7143,0.5238,0.3892,nan
cmu-sei/kaiju,cmu-sei__kaiju,2024-12,3.7143,3.7143,0.5238,0.3892,nan
cmu-sei/kaiju,cmu-sei__kaiju,2025-01,3.7143,3.7143,0.5238,0.3892,nan
cmu-sei/kaiju,cmu-sei__kaiju,2025-02,3.7143,3.7143,0.5238,0.3892,nan
cmu-sei/kaiju,cmu-sei__kaiju,2025-03,3.7143,3.7143,0.5238,0.3892,nan
cmu-sei/kaiju,cmu-sei__kaiju,2025-04,3.7143,3.7143,0.5238,0.3892,nan
cmu-sei/kaiju,cmu-sei__kaiju,2025-05,3.7143,3.7143,0.5238,0.3892,nan
cmu-sei/kaiju,cmu-sei__kaiju,2025-06,3.7143,3.7143,0.5238,0.3892,nan
cmu-sei/kaiju,cmu-sei__kaiju,2025-07,3.7143,3.7143,0.5238,0.3892,nan
cmu-sei/kaiju,cmu-sei__kaiju,2025-08,3.7143,3.7143,0.5238,0.3892,nan
cmu-sei/kaiju,cmu-sei__kaiju,2025-09,3.7143,3.7143,0.5238,0.3892,nan
cryostatio/cryostat,cryostatio__cryostat,2024-12,3.1818,3.1818,0.5326,0.425,nan
cryostatio/cryostat,cryostatio__cryostat,2025-01,3.2727,3.2727,0.5294,0.4203,nan
cryostatio/cryostat,cryostatio__cryostat,2025-02,3.2727,3.2727,0.5291,0.4202,nan
cryostatio/cryostat,cryostatio__cryostat,2025-03,3.2727,3.2727,0.5335,0.4166,nan
cryostatio/cryostat,cryostatio__cryostat,2025-04,3.2727,3.2727,0.5342,0.4159,nan
cryostatio/cryostat,cryostatio__cryostat,2025-05,3.3182,3.3182,0.5299,0.4104,nan
cryostatio/cryostat,cryostatio__cryostat,2025-06,3.3182,3.3182,0.5318,0.4087,nan
cryostatio/cryostat,cryostatio__cryostat,2025-07,3.4545,3.4545,0.5345,0.396,nan
cryostatio/cryostat,cryostatio__cryostat,2025-08,3.3333,3.3333,0.5544,0.3787,nan
cryostatio/cryostat,cryostatio__cryostat,2025-09,3.44,3.44,0.5643,0.3727,nan
cryostatio/cryostat,cryostatio__cryostat,2025-10,3.2963,3.2963,0.5493,0.3916,nan
cryostatio/cryostat,cryostatio__cryostat,2025-11,3.2963,3.2963,0.5474,0.381,nan
cryostatio/cryostat,cryostatio__cryostat,2025-12,3.2963,3.2963,0.5441,0.3842,nan
ctrl-space-labs/gendox-core,ctrl-space-labs__gendox-core,2025-02,3.4872,3.4872,0.5883,0.3845,nan
ctrl-space-labs/gendox-core,ctrl-space-labs__gendox-core,2025-03,3.4872,3.4872,0.5883,0.3845,nan
ctrl-space-labs/gendox-core,ctrl-space-labs__gendox-core,2025-04,3.5,3.5,0.5888,0.3838,nan
ctrl-space-labs/gendox-core,ctrl-space-labs__gendox-core,2025-05,3.4872,3.4872,0.5886,0.384,nan
ctrl-space-labs/gendox-core,ctrl-space-labs__gendox-core,2025-06,3.2222,3.2222,0.61,0.3692,nan
ctrl-space-labs/gendox-core,ctrl-space-labs__gendox-core,2025-07,3.2929,3.2929,0.6106,0.3694,nan
ctrl-space-labs/gendox-core,ctrl-space-labs__gendox-core,2025-08,3.2929,3.2929,0.6106,0.3694,nan
ctrl-space-labs/gendox-core,ctrl-space-labs__gendox-core,2025-09,3.4464,3.4464,0.6136,0.3718,nan
ctrl-space-labs/gendox-core,ctrl-space-labs__gendox-core,2025-10,3.4464,3.4464,0.6136,0.3718,nan
ctrl-space-labs/gendox-core,ctrl-space-labs__gendox-core,2025-11,3.4464,3.4464,0.6136,0.3718,nan
ctrl-space-labs/gendox-core,ctrl-space-labs__gendox-core,2025-12,3.4464,3.4464,0.6136,0.3718,nan
ctrl-space-labs/gendox-core,ctrl-space-labs__gendox-core,2026-01,3.4655,3.4655,0.6193,0.3622,nan
ctrl-space-labs/gendox-core,ctrl-space-labs__gendox-core,2026-02,3.479,3.479,0.6079,0.3739,nan
cygnusx-1-org/Slide,cygnusx-1-org__Slide,2024-09,4.4286,4.4286,0.4733,0.458,nan
cygnusx-1-org/Slide,cygnusx-1-org__Slide,2024-10,4.4286,4.4286,0.4733,0.458,nan
cygnusx-1-org/Slide,cygnusx-1-org__Slide,2024-11,4.4286,4.4286,0.4733,0.458,nan
cygnusx-1-org/Slide,cygnusx-1-org__Slide,2024-12,4.4286,4.4286,0.4733,0.458,nan
cygnusx-1-org/Slide,cygnusx-1-org__Slide,2025-01,4.5,4.5,0.4867,0.4426,nan
cygnusx-1-org/Slide,cygnusx-1-org__Slide,2025-02,4.5,4.5,0.4922,0.4365,nan
cygnusx-1-org/Slide,cygnusx-1-org__Slide,2025-03,4.5,4.5,0.4917,0.4371,nan
cygnusx-1-org/Slide,cygnusx-1-org__Slide,2025-04,4.4412,4.4412,0.4983,0.433,nan
cygnusx-1-org/Slide,cygnusx-1-org__Slide,2025-05,4.4706,4.4706,0.4998,0.4315,nan
cygnusx-1-org/Slide,cygnusx-1-org__Slide,2025-06,4.5294,4.5294,0.4994,0.4322,nan
cygnusx-1-org/Slide,cygnusx-1-org__Slide,2025-07,4.5294,4.5294,0.4994,0.4322,nan
cygnusx-1-org/Slide,cygnusx-1-org__Slide,2025-08,4.5294,4.5294,0.4994,0.4322,nan
cygnusx-1-org/Slide,cygnusx-1-org__Slide,2025-09,4.5294,4.5294,0.4994,0.4322,nan
dadoonet/fscrawler,dadoonet__fscrawler,2025-03,3.0714,3.0714,0.6711,0.2355,nan
dadoonet/fscrawler,dadoonet__fscrawler,2025-04,2.9,2.9,0.6646,0.2316,nan
dadoonet/fscrawler,dadoonet__fscrawler,2025-05,2.8333,2.8333,0.674,0.2348,nan
dadoonet/fscrawler,dadoonet__fscrawler,2025-06,2.8333,2.8333,0.674,0.2348,nan
dadoonet/fscrawler,dadoonet__fscrawler,2025-07,2.8333,2.8333,0.674,0.2348,nan
dadoonet/fscrawler,dadoonet__fscrawler,2025-08,2.8333,2.8333,0.6737,0.2349,nan
dadoonet/fscrawler,dadoonet__fscrawler,2025-09,2.8333,2.8333,0.6737,0.2349,nan
dadoonet/fscrawler,dadoonet__fscrawler,2025-10,2.8333,2.8333,0.6735,0.2359,nan
dadoonet/fscrawler,dadoonet__fscrawler,2025-11,3.1333,3.1333,0.6765,0.2351,nan
dadoonet/fscrawler,dadoonet__fscrawler,2025-12,3.1,3.1,0.6755,0.2342,nan
dadoonet/fscrawler,dadoonet__fscrawler,2026-01,3.1,3.1,0.6755,0.2342,nan
dadoonet/fscrawler,dadoonet__fscrawler,2026-02,3.1333,3.1333,0.6794,0.2305,nan
dadoonet/fscrawler,dadoonet__fscrawler,2026-03,3.1034,3.1034,0.7104,0.2183,nan
dasi0227/Agent,dasi0227__Agent,2026-01,0.6667,0.6667,0.5556,0.3333,nan
dasi0227/Agent,dasi0227__Agent,2026-02,2.1463,2.1463,0.587,0.4115,nan
dasi0227/Agent,dasi0227__Agent,2026-03,2.505,2.505,0.557,0.427,nan
dasi0227/Agent,dasi0227__Agent,2026-04,2.505,2.505,0.557,0.427,nan
dasi0227/Agent,dasi0227__Agent,2026-05,2.505,2.505,0.557,0.427,nan
datageartech/datagear,datageartech__datagear,2025-06,4.5806,4.5806,0.5043,0.3908,nan
datageartech/datagear,datageartech__datagear,2025-07,4.5806,4.5806,0.5041,0.3907,nan
datageartech/datagear,datageartech__datagear,2025-08,4.6129,4.6129,0.5092,0.3936,nan
datageartech/datagear,datageartech__datagear,2025-09,4.6129,4.6129,0.5092,0.3936,nan
datageartech/datagear,datageartech__datagear,2025-10,4.6129,4.6129,0.5092,0.3936,nan
datageartech/datagear,datageartech__datagear,2025-11,4.6129,4.6129,0.5092,0.3936,nan
datageartech/datagear,datageartech__datagear,2025-12,4.6129,4.6129,0.5092,0.3936,nan
datageartech/datagear,datageartech__datagear,2026-01,4.6129,4.6129,0.5092,0.3936,nan
datageartech/datagear,datageartech__datagear,2026-02,4.6129,4.6129,0.5092,0.3936,nan
datageartech/datagear,datageartech__datagear,2026-03,4.6129,4.6129,0.5092,0.3936,nan
datageartech/datagear,datageartech__datagear,2026-04,4.6129,4.6129,0.5092,0.3936,nan
datageartech/datagear,datageartech__datagear,2026-05,4.6129,4.6129,0.5092,0.3936,nan
datageartech/datagear,datageartech__datagear,2026-06,4.6129,4.6129,0.5092,0.3936,nan
datavane/tis,datavane__tis,2025-04,6.1963,6.1963,0.6154,0.2974,nan
datavane/tis,datavane__tis,2025-05,6.2375,6.2375,0.6172,0.2982,nan
datavane/tis,datavane__tis,2025-06,6.25,6.25,0.617,0.2981,nan
datavane/tis,datavane__tis,2025-07,6.2617,6.2617,0.6183,0.2974,nan
datavane/tis,datavane__tis,2025-08,6.3158,6.3158,0.6198,0.2962,nan
datavane/tis,datavane__tis,2025-09,6.322,6.322,0.62,0.2962,nan
datavane/tis,datavane__tis,2025-10,6.322,6.322,0.62,0.2962,nan
datavane/tis,datavane__tis,2025-11,6.5934,6.5934,0.618,0.2951,nan
datavane/tis,datavane__tis,2025-12,6.6627,6.6627,0.6194,0.2928,nan
datavane/tis,datavane__tis,2026-01,6.6893,6.6893,0.62,0.292,nan
datavane/tis,datavane__tis,2026-02,6.7076,6.7076,0.6236,0.2917,nan
datavane/tis,datavane__tis,2026-03,6.685,6.685,0.6229,0.2946,nan
datavane/tis,datavane__tis,2026-04,6.6676,6.6676,0.6226,0.2945,nan
debezium/debezium,debezium__debezium,2025-01,7.0688,7.0688,0.6062,0.2806,nan
debezium/debezium,debezium__debezium,2025-02,7.0969,7.0969,0.6063,0.2807,nan
debezium/debezium,debezium__debezium,2025-03,7.0969,7.0969,0.6062,0.2809,nan
debezium/debezium,debezium__debezium,2025-04,7.114,7.114,0.6065,0.2809,nan
debezium/debezium,debezium__debezium,2025-05,7.2479,7.2479,0.6104,0.2791,nan
debezium/debezium,debezium__debezium,2025-06,7.0247,7.0247,0.6059,0.2816,nan
debezium/debezium,debezium__debezium,2025-07,6.9893,6.9893,0.6079,0.2819,nan
debezium/debezium,debezium__debezium,2025-08,6.9871,6.9871,0.6114,0.2789,nan
debezium/debezium,debezium__debezium,2025-09,6.9897,6.9897,0.6118,0.2785,nan
debezium/debezium,debezium__debezium,2025-10,7.0231,7.0231,0.6122,0.2789,nan
debezium/debezium,debezium__debezium,2025-11,6.9214,6.9214,0.6079,0.2857,nan
debezium/debezium,debezium__debezium,2025-12,6.955,6.955,0.6105,0.282,nan
debezium/debezium,debezium__debezium,2026-01,7.3465,7.3465,0.6031,0.2909,nan
deltazefiro/Amarok-Hider,deltazefiro__Amarok-Hider,2024-08,2.5455,2.5455,0.5695,0.3781,nan
deltazefiro/Amarok-Hider,deltazefiro__Amarok-Hider,2024-09,2.5455,2.5455,0.5695,0.3781,nan
deltazefiro/Amarok-Hider,deltazefiro__Amarok-Hider,2024-10,2.5455,2.5455,0.5695,0.3781,nan
deltazefiro/Amarok-Hider,deltazefiro__Amarok-Hider,2024-11,2.5455,2.5455,0.5695,0.3781,nan
deltazefiro/Amarok-Hider,deltazefiro__Amarok-Hider,2024-12,2.5455,2.5455,0.5695,0.3781,nan
deltazefiro/Amarok-Hider,deltazefiro__Amarok-Hider,2025-01,2.5455,2.5455,0.5695,0.3781,nan
deltazefiro/Amarok-Hider,deltazefiro__Amarok-Hider,2025-02,2.5455,2.5455,0.5673,0.3803,nan
deltazefiro/Amarok-Hider,deltazefiro__Amarok-Hider,2025-03,2.4167,2.4167,0.605,0.3469,nan
deltazefiro/Amarok-Hider,deltazefiro__Amarok-Hider,2025-04,2.4167,2.4167,0.605,0.3469,nan
deltazefiro/Amarok-Hider,deltazefiro__Amarok-Hider,2025-05,2.4167,2.4167,0.605,0.3469,nan
deltazefiro/Amarok-Hider,deltazefiro__Amarok-Hider,2025-06,2.4167,2.4167,0.605,0.3469,nan
deltazefiro/Amarok-Hider,deltazefiro__Amarok-Hider,2025-07,2.4167,2.4167,0.605,0.3469,nan
deltazefiro/Amarok-Hider,deltazefiro__Amarok-Hider,2025-08,2.4167,2.4167,0.6061,0.3459,nan
devonfw/IDEasy,devonfw__IDEasy,2025-01,6.7179,6.7179,0.6184,0.3074,nan
devonfw/IDEasy,devonfw__IDEasy,2025-02,6.9359,6.9359,0.6221,0.3032,nan
devonfw/IDEasy,devonfw__IDEasy,2025-03,7.0125,7.0125,0.6256,0.2997,nan
devonfw/IDEasy,devonfw__IDEasy,2025-04,5.2844,5.2844,0.6681,0.2744,nan
devonfw/IDEasy,devonfw__IDEasy,2025-05,5.3423,5.3423,0.6679,0.2752,nan
devonfw/IDEasy,devonfw__IDEasy,2025-06,5.3874,5.3874,0.6668,0.2761,nan
devonfw/IDEasy,devonfw__IDEasy,2025-07,5.4595,5.4595,0.6662,0.276,nan
devonfw/IDEasy,devonfw__IDEasy,2025-08,5.4775,5.4775,0.6662,0.2758,nan
devonfw/IDEasy,devonfw__IDEasy,2025-09,5.4322,5.4322,0.6847,0.2514,nan
devonfw/IDEasy,devonfw__IDEasy,2025-10,5.4793,5.4793,0.6796,0.2575,nan
devonfw/IDEasy,devonfw__IDEasy,2025-11,5.4919,5.4919,0.6815,0.256,nan
devonfw/IDEasy,devonfw__IDEasy,2025-12,5.464,5.464,0.6812,0.2562,nan
devonfw/IDEasy,devonfw__IDEasy,2026-01,5.6111,5.6111,0.679,0.2576,nan
dhis2/dhis2-core,dhis2__dhis2-core,2025-05,9.9053,9.9053,0.6543,0.2809,nan
dhis2/dhis2-core,dhis2__dhis2-core,2025-07,9.9873,9.9873,0.6545,0.2813,nan
dhis2/dhis2-core,dhis2__dhis2-core,2025-09,10.0494,10.0494,0.6538,0.282,nan
dhis2/dhis2-core,dhis2__dhis2-core,2025-10,10.0281,10.0281,0.6512,0.285,nan
dhis2/dhis2-core,dhis2__dhis2-core,2025-12,10.0559,10.0559,0.6503,0.2862,nan
dhis2/dhis2-core,dhis2__dhis2-core,2026-02,10.1694,10.1694,0.6486,0.288,nan
dhis2/dhis2-core,dhis2__dhis2-core,2026-03,10.2562,10.2562,0.65,0.2868,nan
dhis2/dhis2-core,dhis2__dhis2-core,2026-05,10.3384,10.3384,0.6504,0.2861,nan
dougdonohoe/ddpoker,dougdonohoe__ddpoker,2025-04,5.2963,5.2963,0.513,0.3601,nan
dougdonohoe/ddpoker,dougdonohoe__ddpoker,2025-05,5.2963,5.2963,0.513,0.3601,nan
dougdonohoe/ddpoker,dougdonohoe__ddpoker,2025-06,5.2963,5.2963,0.513,0.3601,nan
dougdonohoe/ddpoker,dougdonohoe__ddpoker,2025-07,5.2963,5.2963,0.513,0.3601,nan
dougdonohoe/ddpoker,dougdonohoe__ddpoker,2025-08,5.2963,5.2963,0.513,0.3601,nan
dougdonohoe/ddpoker,dougdonohoe__ddpoker,2025-09,5.2963,5.2963,0.513,0.3601,nan
dougdonohoe/ddpoker,dougdonohoe__ddpoker,2025-10,5.2963,5.2963,0.513,0.3601,nan
dougdonohoe/ddpoker,dougdonohoe__ddpoker,2025-11,5.2963,5.2963,0.513,0.3601,nan
dougdonohoe/ddpoker,dougdonohoe__ddpoker,2025-12,5.2963,5.2963,0.5138,0.361,nan
dougdonohoe/ddpoker,dougdonohoe__ddpoker,2026-01,5.2963,5.2963,0.5138,0.361,nan
dougdonohoe/ddpoker,dougdonohoe__ddpoker,2026-02,5.2963,5.2963,0.5138,0.361,nan
dougdonohoe/ddpoker,dougdonohoe__ddpoker,2026-03,5.284,5.284,0.5128,0.3599,nan
dougdonohoe/ddpoker,dougdonohoe__ddpoker,2026-04,5.284,5.284,0.5128,0.3599,nan
dromara/skyeye,dromara__skyeye,2025-06,2.3464,2.3464,0.5781,0.325,nan
dromara/skyeye,dromara__skyeye,2025-07,2.3564,2.3564,0.5784,0.3264,nan
dromara/skyeye,dromara__skyeye,2025-08,2.3892,2.3892,0.5774,0.3209,nan
dromara/skyeye,dromara__skyeye,2025-09,2.3798,2.3798,0.5784,0.32,nan
dromara/skyeye,dromara__skyeye,2025-10,2.3719,2.3719,0.5782,0.3204,nan
dromara/skyeye,dromara__skyeye,2025-11,2.3804,2.3804,0.5785,0.3201,nan
dromara/skyeye,dromara__skyeye,2025-12,2.384,2.384,0.579,0.3196,nan
dromara/skyeye,dromara__skyeye,2026-01,2.3737,2.3737,0.5811,0.3205,nan
dromara/skyeye,dromara__skyeye,2026-02,2.3754,2.3754,0.5814,0.321,nan
dromara/skyeye,dromara__skyeye,2026-03,2.389,2.389,0.5811,0.321,nan
dromara/skyeye,dromara__skyeye,2026-04,2.3895,2.3895,0.5811,0.3209,nan
dromara/skyeye,dromara__skyeye,2026-05,2.3895,2.3895,0.5811,0.3209,nan
dromara/skyeye,dromara__skyeye,2026-06,2.3895,2.3895,0.5811,0.3209,nan
e-gleba/cxx-skeleton,e-gleba__cxx-skeleton,2025-07,0.5,0.5,0.8333,0.1591,nan
e-gleba/cxx-skeleton,e-gleba__cxx-skeleton,2025-08,0.5,0.5,0.8333,0.1591,nan
e-gleba/cxx-skeleton,e-gleba__cxx-skeleton,2025-09,0.5,0.5,0.8333,0.1591,nan
e-gleba/cxx-skeleton,e-gleba__cxx-skeleton,2025-10,0.5,0.5,0.8333,0.1591,nan
e-gleba/cxx-skeleton,e-gleba__cxx-skeleton,2025-11,0.5,0.5,0.8333,0.1591,nan
e-gleba/cxx-skeleton,e-gleba__cxx-skeleton,2025-12,0.5,0.5,0.8333,0.1591,nan
e-gleba/cxx-skeleton,e-gleba__cxx-skeleton,2026-01,0.5,0.5,0.8333,0.1591,nan
e-gleba/cxx-skeleton,e-gleba__cxx-skeleton,2026-02,0.5,0.5,0.8333,0.1591,nan
e-gleba/cxx-skeleton,e-gleba__cxx-skeleton,2026-03,0.5,0.5,0.8333,0.1587,nan
e-gleba/cxx-skeleton,e-gleba__cxx-skeleton,2026-04,0.5,0.5,0.8333,0.1587,nan
e-gleba/cxx-skeleton,e-gleba__cxx-skeleton,2026-05,0.5,0.5,0.8333,0.1587,nan
eclipse-lyo/lyo,eclipse-lyo__lyo,2025-05,3.061,3.061,0.7205,0.2483,nan
eclipse-lyo/lyo,eclipse-lyo__lyo,2025-06,3.061,3.061,0.7205,0.2483,nan
eclipse-lyo/lyo,eclipse-lyo__lyo,2025-07,3.061,3.061,0.7205,0.2483,nan
eclipse-lyo/lyo,eclipse-lyo__lyo,2025-08,3.061,3.061,0.7205,0.2482,nan
eclipse-lyo/lyo,eclipse-lyo__lyo,2025-09,3.061,3.061,0.7205,0.2482,nan
eclipse-lyo/lyo,eclipse-lyo__lyo,2025-10,3.061,3.061,0.7205,0.2482,nan
eclipse-lyo/lyo,eclipse-lyo__lyo,2025-11,3.061,3.061,0.7205,0.2482,nan
eclipse-lyo/lyo,eclipse-lyo__lyo,2025-12,3.061,3.061,0.7208,0.2479,nan
eclipse-lyo/lyo,eclipse-lyo__lyo,2026-01,3.061,3.061,0.7225,0.2457,nan
eclipse-lyo/lyo,eclipse-lyo__lyo,2026-02,3.061,3.061,0.7219,0.2463,nan
eclipse-lyo/lyo,eclipse-lyo__lyo,2026-03,3.1098,3.1098,0.7201,0.2439,nan
eclipse-lyo/lyo,eclipse-lyo__lyo,2026-04,3.1098,3.1098,0.7201,0.2439,nan
eclipse-lyo/lyo,eclipse-lyo__lyo,2026-05,3.1098,3.1098,0.7201,0.2439,nan
eclipse-tractusx/tractusx-edc,eclipse-tractusx__tractusx-edc,2025-02,2.1056,2.1056,0.6362,0.2682,nan
eclipse-tractusx/tractusx-edc,eclipse-tractusx__tractusx-edc,2025-03,2.0897,2.0897,0.6367,0.2698,nan
eclipse-tractusx/tractusx-edc,eclipse-tractusx__tractusx-edc,2025-04,2.0839,2.0839,0.6468,0.2624,nan
eclipse-tractusx/tractusx-edc,eclipse-tractusx__tractusx-edc,2025-05,2.0962,2.0962,0.6492,0.2611,nan
eclipse-tractusx/tractusx-edc,eclipse-tractusx__tractusx-edc,2025-06,2.0701,2.0701,0.6442,0.2663,nan
eclipse-tractusx/tractusx-edc,eclipse-tractusx__tractusx-edc,2025-07,2.0705,2.0705,0.6356,0.2722,nan
eclipse-tractusx/tractusx-edc,eclipse-tractusx__tractusx-edc,2025-08,1.9239,1.9239,0.6569,0.2436,nan
eclipse-tractusx/tractusx-edc,eclipse-tractusx__tractusx-edc,2025-09,2.0939,2.0939,0.6578,0.2428,nan
eclipse-tractusx/tractusx-edc,eclipse-tractusx__tractusx-edc,2025-10,2.1682,2.1682,0.6571,0.2449,nan
eclipse-tractusx/tractusx-edc,eclipse-tractusx__tractusx-edc,2025-11,2.1682,2.1682,0.6571,0.2449,nan
eclipse-tractusx/tractusx-edc,eclipse-tractusx__tractusx-edc,2025-12,2.25,2.25,0.6509,0.2493,nan
eclipse-tractusx/tractusx-edc,eclipse-tractusx__tractusx-edc,2026-01,2.2455,2.2455,0.6427,0.2564,nan
eclipse-tractusx/tractusx-edc,eclipse-tractusx__tractusx-edc,2026-02,2.2198,2.2198,0.6507,0.2476,nan
entur/antu,entur__antu,2025-05,2.5385,2.5385,0.525,0.41,nan
entur/antu,entur__antu,2025-06,2.5769,2.5769,0.5168,0.4161,nan
entur/antu,entur__antu,2025-07,2.625,2.625,0.5229,0.4117,nan
entur/antu,entur__antu,2025-08,2.6098,2.6098,0.5271,0.4099,nan
entur/antu,entur__antu,2025-09,2.6098,2.6098,0.5271,0.4099,nan
entur/antu,entur__antu,2025-10,2.5595,2.5595,0.525,0.4153,nan
entur/antu,entur__antu,2025-11,2.6786,2.6786,0.5276,0.4129,nan
entur/antu,entur__antu,2025-12,2.6786,2.6786,0.5276,0.4129,nan
entur/antu,entur__antu,2026-01,2.6786,2.6786,0.5276,0.4129,nan
entur/antu,entur__antu,2026-02,2.6786,2.6786,0.5276,0.4129,nan
entur/antu,entur__antu,2026-03,2.6786,2.6786,0.5276,0.4129,nan
entur/antu,entur__antu,2026-04,2.6786,2.6786,0.5276,0.4129,nan
entur/antu,entur__antu,2026-05,2.6786,2.6786,0.5276,0.4129,nan
exadel-inc/etoolbox-rollout-manager,exadel-inc__etoolbox-rollout-manager,2025-05,0.6,0.6,0.7222,0.2222,nan
exadel-inc/etoolbox-rollout-manager,exadel-inc__etoolbox-rollout-manager,2025-06,0.6,0.6,0.7222,0.2222,nan
exadel-inc/etoolbox-rollout-manager,exadel-inc__etoolbox-rollout-manager,2025-07,0.6,0.6,0.7222,0.2222,nan
exadel-inc/etoolbox-rollout-manager,exadel-inc__etoolbox-rollout-manager,2025-08,0.6,0.6,0.7222,0.2222,nan
exadel-inc/etoolbox-rollout-manager,exadel-inc__etoolbox-rollout-manager,2025-09,0.6,0.6,0.7222,0.2222,nan
exadel-inc/etoolbox-rollout-manager,exadel-inc__etoolbox-rollout-manager,2025-10,0.6,0.6,0.7222,0.2222,nan
exadel-inc/etoolbox-rollout-manager,exadel-inc__etoolbox-rollout-manager,2025-11,0.8667,0.8667,0.7159,0.2175,nan
exadel-inc/etoolbox-rollout-manager,exadel-inc__etoolbox-rollout-manager,2025-12,0.8667,0.8667,0.7159,0.2175,nan
exadel-inc/etoolbox-rollout-manager,exadel-inc__etoolbox-rollout-manager,2026-01,0.8667,0.8667,0.7148,0.2185,nan
exadel-inc/etoolbox-rollout-manager,exadel-inc__etoolbox-rollout-manager,2026-02,0.8667,0.8667,0.7148,0.2185,nan
exadel-inc/etoolbox-rollout-manager,exadel-inc__etoolbox-rollout-manager,2026-03,0.8667,0.8667,0.7148,0.2185,nan
exadel-inc/etoolbox-rollout-manager,exadel-inc__etoolbox-rollout-manager,2026-04,0.8667,0.8667,0.7148,0.2185,nan
exadel-inc/etoolbox-rollout-manager,exadel-inc__etoolbox-rollout-manager,2026-05,0.8667,0.8667,0.7148,0.2185,nan
explore-de/rage4j,explore-de__rage4j,2025-05,2.3571,2.3571,0.5339,0.4159,nan
explore-de/rage4j,explore-de__rage4j,2025-06,2.3571,2.3571,0.5336,0.4145,nan
explore-de/rage4j,explore-de__rage4j,2025-07,2.3571,2.3571,0.5336,0.4145,nan
explore-de/rage4j,explore-de__rage4j,2025-08,2.3571,2.3571,0.5336,0.4145,nan
explore-de/rage4j,explore-de__rage4j,2025-09,2.3158,2.3158,0.5023,0.4617,nan
explore-de/rage4j,explore-de__rage4j,2025-10,2.3158,2.3158,0.5023,0.4617,nan
explore-de/rage4j,explore-de__rage4j,2025-11,2.3158,2.3158,0.5023,0.4617,nan
explore-de/rage4j,explore-de__rage4j,2025-12,2.3182,2.3182,0.5206,0.4365,nan
explore-de/rage4j,explore-de__rage4j,2026-01,2.3182,2.3182,0.5206,0.4365,nan
explore-de/rage4j,explore-de__rage4j,2026-02,2.3182,2.3182,0.5206,0.4365,nan
explore-de/rage4j,explore-de__rage4j,2026-03,2.3182,2.3182,0.5206,0.4365,nan
explore-de/rage4j,explore-de__rage4j,2026-04,2.3182,2.3182,0.5206,0.4365,nan
explore-de/rage4j,explore-de__rage4j,2026-05,2.3182,2.3182,0.5206,0.4365,nan
fanruan/intelli-swift-core,fanruan__intelli-swift-core,2025-04,7.1886,7.1886,0.5091,0.3068,nan
fanruan/intelli-swift-core,fanruan__intelli-swift-core,2025-05,7.1886,7.1886,0.5091,0.3068,nan
fanruan/intelli-swift-core,fanruan__intelli-swift-core,2025-06,7.1886,7.1886,0.5091,0.3068,nan
fanruan/intelli-swift-core,fanruan__intelli-swift-core,2025-07,7.1886,7.1886,0.5091,0.3068,nan
fanruan/intelli-swift-core,fanruan__intelli-swift-core,2025-08,7.1886,7.1886,0.5091,0.3068,nan
fanruan/intelli-swift-core,fanruan__intelli-swift-core,2025-09,7.1886,7.1886,0.5091,0.3068,nan
fanruan/intelli-swift-core,fanruan__intelli-swift-core,2025-10,7.1886,7.1886,0.5091,0.3068,nan
fanruan/intelli-swift-core,fanruan__intelli-swift-core,2025-11,7.1886,7.1886,0.5091,0.3068,nan
fanruan/intelli-swift-core,fanruan__intelli-swift-core,2025-12,7.1886,7.1886,0.5091,0.3068,nan
fanruan/intelli-swift-core,fanruan__intelli-swift-core,2026-01,7.1886,7.1886,0.5091,0.3068,nan
fanruan/intelli-swift-core,fanruan__intelli-swift-core,2026-02,7.1886,7.1886,0.5091,0.3068,nan
fanruan/intelli-swift-core,fanruan__intelli-swift-core,2026-03,7.1886,7.1886,0.5091,0.3068,nan
fanruan/intelli-swift-core,fanruan__intelli-swift-core,2026-04,7.1886,7.1886,0.5091,0.3068,nan
fantahund/VoxelMap,fantahund__VoxelMap,2025-01,2.9231,2.9231,0.6342,0.2656,nan
fantahund/VoxelMap,fantahund__VoxelMap,2025-02,2.9231,2.9231,0.6342,0.2656,nan
fantahund/VoxelMap,fantahund__VoxelMap,2025-03,2.9231,2.9231,0.6363,0.2695,nan
fantahund/VoxelMap,fantahund__VoxelMap,2025-04,2.8,2.8,0.6256,0.2754,nan
fantahund/VoxelMap,fantahund__VoxelMap,2025-05,2.6471,2.6471,0.671,0.2735,nan
fantahund/VoxelMap,fantahund__VoxelMap,2025-06,2.6471,2.6471,0.671,0.2735,nan
fantahund/VoxelMap,fantahund__VoxelMap,2025-07,2.7059,2.7059,0.6797,0.2704,nan
fantahund/VoxelMap,fantahund__VoxelMap,2025-08,2.7059,2.7059,0.6813,0.2742,nan
fantahund/VoxelMap,fantahund__VoxelMap,2025-09,2.7059,2.7059,0.6813,0.2742,nan
fantahund/VoxelMap,fantahund__VoxelMap,2025-10,2.7059,2.7059,0.6813,0.2742,nan
fantahund/VoxelMap,fantahund__VoxelMap,2025-11,2.6471,2.6471,0.6807,0.2696,nan
fantahund/VoxelMap,fantahund__VoxelMap,2025-12,2.7647,2.7647,0.6572,0.2503,nan
fantahund/VoxelMap,fantahund__VoxelMap,2026-01,2.7647,2.7647,0.6572,0.2503,nan
freeplane/freeplane,freeplane__freeplane,2025-01,11.8108,11.8108,0.6633,0.2787,nan
freeplane/freeplane,freeplane__freeplane,2025-02,11.7634,11.7634,0.6595,0.2827,nan
freeplane/freeplane,freeplane__freeplane,2025-03,11.7688,11.7688,0.6597,0.2825,nan
freeplane/freeplane,freeplane__freeplane,2025-04,11.7742,11.7742,0.6597,0.2826,nan
freeplane/freeplane,freeplane__freeplane,2025-05,11.7903,11.7903,0.665,0.2775,nan
freeplane/freeplane,freeplane__freeplane,2025-06,11.8396,11.8396,0.6617,0.2811,nan
freeplane/freeplane,freeplane__freeplane,2025-07,11.9158,11.9158,0.664,0.2799,nan
freeplane/freeplane,freeplane__freeplane,2025-08,11.9789,11.9789,0.6636,0.2808,nan
freeplane/freeplane,freeplane__freeplane,2025-09,11.9789,11.9789,0.6635,0.2808,nan
freeplane/freeplane,freeplane__freeplane,2025-10,12.0785,12.0785,0.6644,0.2803,nan
freeplane/freeplane,freeplane__freeplane,2025-11,12.0785,12.0785,0.6642,0.2804,nan
freeplane/freeplane,freeplane__freeplane,2025-12,12.089,12.089,0.6639,0.2806,nan
freeplane/freeplane,freeplane__freeplane,2026-01,12.0051,12.0051,0.6656,0.2785,nan
google/caliper,google__caliper,2025-02,4.6207,4.6207,0.5413,0.3274,nan
google/caliper,google__caliper,2025-03,4.6207,4.6207,0.5413,0.3274,nan
google/caliper,google__caliper,2025-04,4.6207,4.6207,0.5413,0.3274,nan
google/caliper,google__caliper,2025-05,4.6207,4.6207,0.5413,0.3274,nan
google/caliper,google__caliper,2025-06,4.6207,4.6207,0.5413,0.3274,nan
google/caliper,google__caliper,2025-07,4.6207,4.6207,0.5413,0.3274,nan
google/caliper,google__caliper,2025-08,4.6207,4.6207,0.5413,0.3274,nan
google/caliper,google__caliper,2025-09,4.6207,4.6207,0.5413,0.3274,nan
google/caliper,google__caliper,2025-10,4.6207,4.6207,0.5413,0.3274,nan
google/caliper,google__caliper,2025-11,4.6207,4.6207,0.5413,0.3274,nan
google/caliper,google__caliper,2025-12,4.6207,4.6207,0.5413,0.3274,nan
google/caliper,google__caliper,2026-01,4.6207,4.6207,0.5413,0.3274,nan
google/caliper,google__caliper,2026-02,4.6207,4.6207,0.5413,0.3274,nan
grafioschtrader/grafioschtrader,grafioschtrader__grafioschtrader,2025-06,5.8296,5.8296,0.6305,0.2767,nan
grafioschtrader/grafioschtrader,grafioschtrader__grafioschtrader,2025-07,5.7338,5.7338,0.6338,0.2859,nan
grafioschtrader/grafioschtrader,grafioschtrader__grafioschtrader,2025-08,5.7338,5.7338,0.6343,0.2856,nan
grafioschtrader/grafioschtrader,grafioschtrader__grafioschtrader,2025-09,5.7338,5.7338,0.6343,0.2856,nan
grafioschtrader/grafioschtrader,grafioschtrader__grafioschtrader,2025-10,5.7338,5.7338,0.6343,0.2856,nan
grafioschtrader/grafioschtrader,grafioschtrader__grafioschtrader,2025-11,5.7338,5.7338,0.6344,0.2858,nan
grafioschtrader/grafioschtrader,grafioschtrader__grafioschtrader,2025-12,5.7338,5.7338,0.6354,0.2849,nan
grafioschtrader/grafioschtrader,grafioschtrader__grafioschtrader,2026-01,5.9437,5.9437,0.6367,0.2876,nan
grafioschtrader/grafioschtrader,grafioschtrader__grafioschtrader,2026-02,6.053,6.053,0.6371,0.2941,nan
grafioschtrader/grafioschtrader,grafioschtrader__grafioschtrader,2026-03,6.1795,6.1795,0.6459,0.2878,nan
grafioschtrader/grafioschtrader,grafioschtrader__grafioschtrader,2026-04,6.1795,6.1795,0.6459,0.2878,nan
grafioschtrader/grafioschtrader,grafioschtrader__grafioschtrader,2026-05,6.1795,6.1795,0.6459,0.2878,nan
grafioschtrader/grafioschtrader,grafioschtrader__grafioschtrader,2026-06,6.1795,6.1795,0.6459,0.2878,nan
graphql-java/graphql-java,graphql-java__graphql-java,2024-10,5.4918,5.4918,0.7059,0.2808,nan
graphql-java/graphql-java,graphql-java__graphql-java,2024-11,5.4918,5.4918,0.7059,0.2808,nan
graphql-java/graphql-java,graphql-java__graphql-java,2024-12,5.5484,5.5484,0.7094,0.2773,nan
graphql-java/graphql-java,graphql-java__graphql-java,2025-01,5.5484,5.5484,0.7094,0.2773,nan
graphql-java/graphql-java,graphql-java__graphql-java,2025-02,5.5968,5.5968,0.7055,0.2789,nan
graphql-java/graphql-java,graphql-java__graphql-java,2025-03,5.7302,5.7302,0.7076,0.2753,nan
graphql-java/graphql-java,graphql-java__graphql-java,2025-04,5.7302,5.7302,0.706,0.277,nan
graphql-java/graphql-java,graphql-java__graphql-java,2025-05,5.7419,5.7419,0.7013,0.2817,nan
graphql-java/graphql-java,graphql-java__graphql-java,2025-06,5.8871,5.8871,0.7016,0.2782,nan
graphql-java/graphql-java,graphql-java__graphql-java,2025-07,5.8571,5.8571,0.7054,0.2738,nan
graphql-java/graphql-java,graphql-java__graphql-java,2025-08,6.0,6.0,0.7009,0.2734,nan
graphql-java/graphql-java,graphql-java__graphql-java,2025-09,6.0167,6.0167,0.701,0.2735,nan
graphql-java/graphql-java,graphql-java__graphql-java,2025-10,5.9833,5.9833,0.701,0.2733,nan
guardtime/ksi-java-sdk,guardtime__ksi-java-sdk,2025-06,6.7097,6.7097,0.5075,0.3389,nan
guardtime/ksi-java-sdk,guardtime__ksi-java-sdk,2025-07,6.7097,6.7097,0.5075,0.3389,nan
guardtime/ksi-java-sdk,guardtime__ksi-java-sdk,2025-08,6.7097,6.7097,0.5075,0.3389,nan
guardtime/ksi-java-sdk,guardtime__ksi-java-sdk,2025-09,6.7097,6.7097,0.5075,0.3389,nan
guardtime/ksi-java-sdk,guardtime__ksi-java-sdk,2025-10,6.7097,6.7097,0.5075,0.3389,nan
guardtime/ksi-java-sdk,guardtime__ksi-java-sdk,2025-11,6.7097,6.7097,0.5075,0.3389,nan
guardtime/ksi-java-sdk,guardtime__ksi-java-sdk,2025-12,6.7097,6.7097,0.5075,0.3389,nan
guardtime/ksi-java-sdk,guardtime__ksi-java-sdk,2026-01,6.7097,6.7097,0.5075,0.3389,nan
guardtime/ksi-java-sdk,guardtime__ksi-java-sdk,2026-02,6.7097,6.7097,0.5075,0.3389,nan
guardtime/ksi-java-sdk,guardtime__ksi-java-sdk,2026-03,6.7097,6.7097,0.5075,0.3389,nan
guardtime/ksi-java-sdk,guardtime__ksi-java-sdk,2026-04,6.7097,6.7097,0.5075,0.3389,nan
guardtime/ksi-java-sdk,guardtime__ksi-java-sdk,2026-05,6.7097,6.7097,0.5075,0.3389,nan
guardtime/ksi-java-sdk,guardtime__ksi-java-sdk,2026-06,6.7097,6.7097,0.5075,0.3389,nan
hackvertor/hackvertor,hackvertor__hackvertor,2025-01,1.3333,1.3333,0.3889,0.6111,nan
hackvertor/hackvertor,hackvertor__hackvertor,2025-02,1.3333,1.3333,0.3889,0.6111,nan
hackvertor/hackvertor,hackvertor__hackvertor,2025-03,3.3333,3.3333,0.4578,0.5422,nan
hackvertor/hackvertor,hackvertor__hackvertor,2025-04,3.4444,3.4444,0.4632,0.5368,nan
hackvertor/hackvertor,hackvertor__hackvertor,2025-05,3.4444,3.4444,0.4632,0.5368,nan
hackvertor/hackvertor,hackvertor__hackvertor,2025-06,3.4444,3.4444,0.4632,0.5368,nan
hackvertor/hackvertor,hackvertor__hackvertor,2025-07,3.4444,3.4444,0.4632,0.5368,nan
hackvertor/hackvertor,hackvertor__hackvertor,2025-08,3.6,3.6,0.5069,0.5074,nan
hackvertor/hackvertor,hackvertor__hackvertor,2025-09,3.6,3.6,0.5069,0.5056,nan
hackvertor/hackvertor,hackvertor__hackvertor,2025-10,3.6,3.6,0.5038,0.5087,nan
hackvertor/hackvertor,hackvertor__hackvertor,2025-11,3.6,3.6,0.5029,0.5096,nan
hackvertor/hackvertor,hackvertor__hackvertor,2025-12,3.6,3.6,0.4911,0.52,nan
hackvertor/hackvertor,hackvertor__hackvertor,2026-01,3.6,3.6,0.4911,0.52,nan
hmcts/finrem-case-orchestration-service,hmcts__finrem-case-orchestration-service,2025-02,5.6633,5.6633,0.6462,0.3254,nan
hmcts/finrem-case-orchestration-service,hmcts__finrem-case-orchestration-service,2025-03,5.7525,5.7525,0.642,0.3296,nan
hmcts/finrem-case-orchestration-service,hmcts__finrem-case-orchestration-service,2025-07,5.9667,5.9667,0.6402,0.3329,nan
hmcts/finrem-case-orchestration-service,hmcts__finrem-case-orchestration-service,2025-08,6.1315,6.1315,0.6445,0.329,nan
hmcts/finrem-case-orchestration-service,hmcts__finrem-case-orchestration-service,2025-09,6.2818,6.2818,0.65,0.3239,nan
hmcts/finrem-case-orchestration-service,hmcts__finrem-case-orchestration-service,2025-10,6.3348,6.3348,0.6481,0.3263,nan
hmcts/finrem-case-orchestration-service,hmcts__finrem-case-orchestration-service,2025-11,6.3778,6.3778,0.6458,0.3287,nan
hmcts/finrem-case-orchestration-service,hmcts__finrem-case-orchestration-service,2025-12,6.3467,6.3467,0.6435,0.331,nan
hmcts/finrem-case-orchestration-service,hmcts__finrem-case-orchestration-service,2026-01,6.4381,6.4381,0.6419,0.3319,nan
internetarchive/heritrix3,internetarchive__heritrix3,2024-12,4.9153,4.9153,0.5825,0.3205,nan
internetarchive/heritrix3,internetarchive__heritrix3,2025-01,4.9153,4.9153,0.5825,0.3209,nan
internetarchive/heritrix3,internetarchive__heritrix3,2025-02,4.9153,4.9153,0.5825,0.3209,nan
internetarchive/heritrix3,internetarchive__heritrix3,2025-03,4.9153,4.9153,0.5825,0.3209,nan
internetarchive/heritrix3,internetarchive__heritrix3,2025-04,4.9153,4.9153,0.5825,0.3208,nan
internetarchive/heritrix3,internetarchive__heritrix3,2025-05,4.9153,4.9153,0.5835,0.3199,nan
internetarchive/heritrix3,internetarchive__heritrix3,2025-06,4.8983,4.8983,0.5822,0.3215,nan
internetarchive/heritrix3,internetarchive__heritrix3,2025-07,4.9344,4.9344,0.576,0.3226,nan
internetarchive/heritrix3,internetarchive__heritrix3,2025-08,4.9344,4.9344,0.576,0.3226,nan
internetarchive/heritrix3,internetarchive__heritrix3,2025-09,4.9344,4.9344,0.576,0.3226,nan
internetarchive/heritrix3,internetarchive__heritrix3,2025-10,4.9344,4.9344,0.576,0.3226,nan
internetarchive/heritrix3,internetarchive__heritrix3,2025-11,4.9508,4.9508,0.576,0.3228,nan
internetarchive/heritrix3,internetarchive__heritrix3,2025-12,4.9508,4.9508,0.576,0.3228,nan
itinycheng/flink-platform-backend,itinycheng__flink-platform-backend,2025-03,4.7424,4.7424,0.5639,0.3972,nan
itinycheng/flink-platform-backend,itinycheng__flink-platform-backend,2025-04,4.7424,4.7424,0.5639,0.3972,nan
itinycheng/flink-platform-backend,itinycheng__flink-platform-backend,2025-05,4.7424,4.7424,0.5639,0.3972,nan
itinycheng/flink-platform-backend,itinycheng__flink-platform-backend,2025-06,4.8333,4.8333,0.5641,0.397,nan
itinycheng/flink-platform-backend,itinycheng__flink-platform-backend,2025-07,4.8333,4.8333,0.5638,0.3973,nan
itinycheng/flink-platform-backend,itinycheng__flink-platform-backend,2025-08,4.8333,4.8333,0.5639,0.3972,nan
itinycheng/flink-platform-backend,itinycheng__flink-platform-backend,2025-09,4.8788,4.8788,0.5663,0.3948,nan
itinycheng/flink-platform-backend,itinycheng__flink-platform-backend,2025-10,4.8406,4.8406,0.5691,0.3862,nan
itinycheng/flink-platform-backend,itinycheng__flink-platform-backend,2025-11,4.8116,4.8116,0.5677,0.3859,nan
itinycheng/flink-platform-backend,itinycheng__flink-platform-backend,2025-12,4.8873,4.8873,0.5654,0.3891,nan
itinycheng/flink-platform-backend,itinycheng__flink-platform-backend,2026-01,4.9306,4.9306,0.5609,0.3896,nan
itinycheng/flink-platform-backend,itinycheng__flink-platform-backend,2026-02,5.0,5.0,0.5611,0.3897,nan
itinycheng/flink-platform-backend,itinycheng__flink-platform-backend,2026-03,5.0,5.0,0.5613,0.3895,nan
jacoco/jacoco,jacoco__jacoco,2025-01,3.4559,3.4559,0.5099,0.4313,nan
jacoco/jacoco,jacoco__jacoco,2025-02,3.4706,3.4706,0.51,0.4313,nan
jacoco/jacoco,jacoco__jacoco,2025-03,3.4706,3.4706,0.5099,0.4313,nan
jacoco/jacoco,jacoco__jacoco,2025-04,3.4706,3.4706,0.5099,0.4313,nan
jacoco/jacoco,jacoco__jacoco,2025-05,3.4706,3.4706,0.5085,0.4328,nan
jacoco/jacoco,jacoco__jacoco,2025-06,3.4706,3.4706,0.5085,0.4328,nan
jacoco/jacoco,jacoco__jacoco,2025-07,3.4706,3.4706,0.5085,0.4328,nan
jacoco/jacoco,jacoco__jacoco,2025-08,3.4706,3.4706,0.5085,0.4328,nan
jacoco/jacoco,jacoco__jacoco,2025-09,3.4706,3.4706,0.5084,0.4328,nan
jacoco/jacoco,jacoco__jacoco,2025-10,3.4706,3.4706,0.5084,0.4329,nan
jacoco/jacoco,jacoco__jacoco,2025-11,3.4706,3.4706,0.5082,0.4331,nan
jacoco/jacoco,jacoco__jacoco,2025-12,3.4706,3.4706,0.5082,0.4332,nan
jacoco/jacoco,jacoco__jacoco,2026-01,3.4706,3.4706,0.5081,0.4333,nan
jjazzboss/JJazzLab,jjazzboss__JJazzLab,2025-03,8.3077,8.3077,0.646,0.2264,nan
jjazzboss/JJazzLab,jjazzboss__JJazzLab,2025-04,8.3077,8.3077,0.646,0.2264,nan
jjazzboss/JJazzLab,jjazzboss__JJazzLab,2025-05,8.3518,8.3518,0.6498,0.2237,nan
jjazzboss/JJazzLab,jjazzboss__JJazzLab,2025-06,8.3,8.3,0.6504,0.2225,nan
jjazzboss/JJazzLab,jjazzboss__JJazzLab,2025-07,8.305,8.305,0.6502,0.2225,nan
jjazzboss/JJazzLab,jjazzboss__JJazzLab,2025-08,8.305,8.305,0.6502,0.2225,nan
jjazzboss/JJazzLab,jjazzboss__JJazzLab,2025-09,8.305,8.305,0.6502,0.2225,nan
jjazzboss/JJazzLab,jjazzboss__JJazzLab,2025-10,8.5446,8.5446,0.6509,0.2218,nan
jjazzboss/JJazzLab,jjazzboss__JJazzLab,2025-11,8.5539,8.5539,0.6536,0.2201,nan
jjazzboss/JJazzLab,jjazzboss__JJazzLab,2025-12,8.7389,8.7389,0.6573,0.2182,nan
jjazzboss/JJazzLab,jjazzboss__JJazzLab,2026-01,8.8333,8.8333,0.6559,0.2169,nan
jjazzboss/JJazzLab,jjazzboss__JJazzLab,2026-02,8.8473,8.8473,0.6542,0.218,nan
jjazzboss/JJazzLab,jjazzboss__JJazzLab,2026-03,8.8473,8.8473,0.6542,0.218,nan
jonesdevelopment/sonar,jonesdevelopment__sonar,2024-12,3.9167,3.9167,0.5049,0.3851,nan
jonesdevelopment/sonar,jonesdevelopment__sonar,2025-01,3.9,3.9,0.5063,0.3837,nan
jonesdevelopment/sonar,jonesdevelopment__sonar,2025-02,3.9,3.9,0.5063,0.3837,nan
jonesdevelopment/sonar,jonesdevelopment__sonar,2025-03,3.9,3.9,0.5063,0.3837,nan
jonesdevelopment/sonar,jonesdevelopment__sonar,2025-04,3.9344,3.9344,0.509,0.3828,nan
jonesdevelopment/sonar,jonesdevelopment__sonar,2025-05,3.9344,3.9344,0.509,0.3828,nan
jonesdevelopment/sonar,jonesdevelopment__sonar,2025-06,3.9344,3.9344,0.509,0.3828,nan
jonesdevelopment/sonar,jonesdevelopment__sonar,2025-07,3.9344,3.9344,0.509,0.3828,nan
jonesdevelopment/sonar,jonesdevelopment__sonar,2025-08,3.9344,3.9344,0.509,0.3828,nan
jonesdevelopment/sonar,jonesdevelopment__sonar,2025-09,3.9344,3.9344,0.509,0.3828,nan
jonesdevelopment/sonar,jonesdevelopment__sonar,2025-10,3.9344,3.9344,0.509,0.3828,nan
jonesdevelopment/sonar,jonesdevelopment__sonar,2025-11,3.9344,3.9344,0.5096,0.3822,nan
jonesdevelopment/sonar,jonesdevelopment__sonar,2025-12,3.9344,3.9344,0.5096,0.3822,nan
junrar/junrar,junrar__junrar,2025-04,1.8824,1.8824,0.4367,0.5397,nan
junrar/junrar,junrar__junrar,2025-05,1.8824,1.8824,0.4367,0.5397,nan
junrar/junrar,junrar__junrar,2025-06,1.8824,1.8824,0.4367,0.5397,nan
junrar/junrar,junrar__junrar,2025-07,1.8824,1.8824,0.4367,0.5397,nan
junrar/junrar,junrar__junrar,2025-08,1.8824,1.8824,0.4367,0.5397,nan
junrar/junrar,junrar__junrar,2025-09,1.8824,1.8824,0.4367,0.5397,nan
junrar/junrar,junrar__junrar,2025-10,1.8824,1.8824,0.4367,0.5397,nan
junrar/junrar,junrar__junrar,2025-11,1.8824,1.8824,0.4367,0.5397,nan
junrar/junrar,junrar__junrar,2025-12,1.8824,1.8824,0.4367,0.5397,nan
junrar/junrar,junrar__junrar,2026-01,1.8824,1.8824,0.4367,0.5397,nan
junrar/junrar,junrar__junrar,2026-02,1.8824,1.8824,0.4367,0.5397,nan
junrar/junrar,junrar__junrar,2026-03,1.8824,1.8824,0.4367,0.5397,nan
junrar/junrar,junrar__junrar,2026-04,1.8824,1.8824,0.4354,0.5411,nan
kestra-io/plugin-jdbc,kestra-io__plugin-jdbc,2025-01,0.8261,0.8261,0.9565,0.0246,nan
kestra-io/plugin-jdbc,kestra-io__plugin-jdbc,2025-02,0.8261,0.8261,0.9565,0.0246,nan
kestra-io/plugin-jdbc,kestra-io__plugin-jdbc,2025-03,0.8333,0.8333,0.9583,0.038,nan
kestra-io/plugin-jdbc,kestra-io__plugin-jdbc,2025-04,0.8333,0.8333,0.9583,0.1151,nan
kestra-io/plugin-jdbc,kestra-io__plugin-jdbc,2025-05,0.8333,0.8333,0.9583,0.1153,nan
kestra-io/plugin-jdbc,kestra-io__plugin-jdbc,2025-06,0.8333,0.8333,0.9583,0.1153,nan
kestra-io/plugin-jdbc,kestra-io__plugin-jdbc,2025-07,0.8333,0.8333,0.9583,0.1153,nan
kestra-io/plugin-jdbc,kestra-io__plugin-jdbc,2025-08,0.8333,0.8333,0.9583,0.1151,nan
kestra-io/plugin-jdbc,kestra-io__plugin-jdbc,2025-09,0.8333,0.8333,0.9583,0.1141,nan
kestra-io/plugin-jdbc,kestra-io__plugin-jdbc,2025-10,0.8333,0.8333,0.9583,0.1141,nan
kestra-io/plugin-jdbc,kestra-io__plugin-jdbc,2025-11,0.8333,0.8333,0.9583,0.1143,nan
kestra-io/plugin-jdbc,kestra-io__plugin-jdbc,2025-12,0.8333,0.8333,0.9583,0.1143,nan
kestra-io/plugin-jdbc,kestra-io__plugin-jdbc,2026-01,0.8333,0.8333,0.9583,0.1163,nan
koupleless/runtime,koupleless__runtime,2025-06,2.8103,2.8103,0.5697,0.3849,nan
koupleless/runtime,koupleless__runtime,2025-07,2.8103,2.8103,0.5697,0.3849,nan
koupleless/runtime,koupleless__runtime,2025-08,2.8103,2.8103,0.5697,0.3849,nan
koupleless/runtime,koupleless__runtime,2025-09,2.8103,2.8103,0.5697,0.3849,nan
koupleless/runtime,koupleless__runtime,2025-10,2.819,2.819,0.5687,0.386,nan
koupleless/runtime,koupleless__runtime,2025-11,2.819,2.819,0.5687,0.386,nan
koupleless/runtime,koupleless__runtime,2025-12,2.819,2.819,0.5687,0.386,nan
koupleless/runtime,koupleless__runtime,2026-01,2.819,2.819,0.5687,0.386,nan
koupleless/runtime,koupleless__runtime,2026-02,2.819,2.819,0.5687,0.386,nan
koupleless/runtime,koupleless__runtime,2026-03,2.819,2.819,0.5687,0.386,nan
koupleless/runtime,koupleless__runtime,2026-04,2.819,2.819,0.5687,0.386,nan
koupleless/runtime,koupleless__runtime,2026-05,2.819,2.819,0.5687,0.386,nan
koupleless/runtime,koupleless__runtime,2026-06,2.819,2.819,0.5687,0.386,nan
kousen/java_8_recipes,kousen__java_8_recipes,2024-12,0.0,0.0,0.0,0.9831,nan
kousen/java_8_recipes,kousen__java_8_recipes,2025-01,0.0,0.0,0.0,0.9831,nan
kousen/java_8_recipes,kousen__java_8_recipes,2025-02,0.0,0.0,0.0,0.9831,nan
kousen/java_8_recipes,kousen__java_8_recipes,2025-03,0.0,0.0,0.0,0.9831,nan
kousen/java_8_recipes,kousen__java_8_recipes,2025-04,0.0,0.0,0.0,0.9831,nan
kousen/java_8_recipes,kousen__java_8_recipes,2025-05,0.0,0.0,0.0,0.9831,nan
kousen/java_8_recipes,kousen__java_8_recipes,2025-06,0.0,0.0,0.0,0.9831,nan
kousen/java_8_recipes,kousen__java_8_recipes,2025-07,0.0,0.0,0.0,0.9831,nan
kousen/java_8_recipes,kousen__java_8_recipes,2025-08,0.0,0.0,0.0,0.9831,nan
kousen/java_8_recipes,kousen__java_8_recipes,2025-09,0.0,0.0,0.0,0.9831,nan
kousen/java_8_recipes,kousen__java_8_recipes,2025-10,0.0,0.0,0.0,0.9831,nan
kousen/java_8_recipes,kousen__java_8_recipes,2025-11,0.0,0.0,0.0,0.9831,nan
kousen/java_8_recipes,kousen__java_8_recipes,2025-12,0.0,0.0,0.0,0.9831,nan
kousen/java_latest,kousen__java_latest,2024-09,0.0357,0.0357,0.1429,0.8503,nan
kousen/java_latest,kousen__java_latest,2024-10,0.0357,0.0357,0.1429,0.8503,nan
kousen/java_latest,kousen__java_latest,2024-11,0.0357,0.0357,0.1429,0.8503,nan
kousen/java_latest,kousen__java_latest,2024-12,0.0357,0.0357,0.1429,0.8503,nan
kousen/java_latest,kousen__java_latest,2025-01,0.0357,0.0357,0.1429,0.8503,nan
kousen/java_latest,kousen__java_latest,2025-02,0.0667,0.0667,0.1667,0.8269,nan
kousen/java_latest,kousen__java_latest,2025-03,0.0667,0.0667,0.1667,0.8269,nan
kousen/java_latest,kousen__java_latest,2025-04,0.0667,0.0667,0.1667,0.8269,nan
kousen/java_latest,kousen__java_latest,2025-05,0.0667,0.0667,0.1667,0.8269,nan
kousen/java_latest,kousen__java_latest,2025-06,0.0667,0.0667,0.1667,0.8269,nan
kousen/java_latest,kousen__java_latest,2025-07,0.0667,0.0667,0.1667,0.8269,nan
kousen/java_latest,kousen__java_latest,2025-08,0.0625,0.0625,0.1875,0.8065,nan
kousen/java_latest,kousen__java_latest,2025-09,0.0625,0.0625,0.1875,0.8065,nan
lakernote/EasyPostman,lakernote__EasyPostman,2025-07,3.3548,3.3548,0.565,0.4081,nan
lakernote/EasyPostman,lakernote__EasyPostman,2025-08,4.1915,4.1915,0.5747,0.3934,nan
lakernote/EasyPostman,lakernote__EasyPostman,2025-09,4.9348,4.9348,0.5979,0.3695,nan
lakernote/EasyPostman,lakernote__EasyPostman,2025-10,5.2264,5.2264,0.5864,0.3762,nan
lakernote/EasyPostman,lakernote__EasyPostman,2025-11,5.2857,5.2857,0.6267,0.3454,nan
lakernote/EasyPostman,lakernote__EasyPostman,2025-12,5.8551,5.8551,0.6477,0.3213,nan
lakernote/EasyPostman,lakernote__EasyPostman,2026-01,6.0141,6.0141,0.6262,0.3391,nan
lakernote/EasyPostman,lakernote__EasyPostman,2026-02,6.5067,6.5067,0.6455,0.3211,nan
lakernote/EasyPostman,lakernote__EasyPostman,2026-03,6.6104,6.6104,0.6412,0.3237,nan
lakernote/EasyPostman,lakernote__EasyPostman,2026-04,6.6494,6.6494,0.6403,0.3247,nan
lilishop/lilishop,lilishop__lilishop,2024-12,6.8855,6.8855,0.5555,0.4046,nan
lilishop/lilishop,lilishop__lilishop,2025-01,6.8855,6.8855,0.5555,0.4046,nan
lilishop/lilishop,lilishop__lilishop,2025-02,6.8804,6.8804,0.5556,0.4045,nan
lilishop/lilishop,lilishop__lilishop,2025-03,6.8804,6.8804,0.5556,0.4045,nan
lilishop/lilishop,lilishop__lilishop,2025-04,6.8804,6.8804,0.5556,0.4045,nan
lilishop/lilishop,lilishop__lilishop,2025-05,6.8779,6.8779,0.5556,0.4045,nan
lilishop/lilishop,lilishop__lilishop,2025-06,6.8779,6.8779,0.5556,0.4045,nan
lilishop/lilishop,lilishop__lilishop,2025-07,6.8779,6.8779,0.5556,0.4045,nan
lilishop/lilishop,lilishop__lilishop,2025-08,6.8779,6.8779,0.5556,0.4045,nan
lilishop/lilishop,lilishop__lilishop,2025-09,6.8779,6.8779,0.5556,0.4045,nan
lilishop/lilishop,lilishop__lilishop,2025-10,6.8779,6.8779,0.5556,0.4045,nan
lilishop/lilishop,lilishop__lilishop,2025-11,6.9186,6.9186,0.5556,0.4046,nan
lilishop/lilishop,lilishop__lilishop,2025-12,6.9186,6.9186,0.5556,0.4046,nan
linkedin/rest.li,linkedin__rest.li,2025-04,9.7719,9.7719,0.6404,0.2683,nan
linkedin/rest.li,linkedin__rest.li,2025-06,9.7688,9.7688,0.6403,0.2683,nan
linkedin/rest.li,linkedin__rest.li,2025-08,9.7688,9.7688,0.6403,0.2683,nan
linkedin/rest.li,linkedin__rest.li,2025-09,9.7688,9.7688,0.6403,0.2684,nan
linkedin/rest.li,linkedin__rest.li,2025-10,9.7844,9.7844,0.64,0.2686,nan
linkedin/rest.li,linkedin__rest.li,2025-12,9.8,9.8,0.64,0.2692,nan
linkedin/rest.li,linkedin__rest.li,2026-03,9.8,9.8,0.6399,0.2693,nan
lukas-krecan/JsonUnit,lukas-krecan__JsonUnit,2025-01,2.0,2.0,0.6491,0.2421,nan
lukas-krecan/JsonUnit,lukas-krecan__JsonUnit,2025-02,2.0,2.0,0.6491,0.2421,nan
lukas-krecan/JsonUnit,lukas-krecan__JsonUnit,2025-03,2.0,2.0,0.6491,0.2421,nan
lukas-krecan/JsonUnit,lukas-krecan__JsonUnit,2025-04,2.0,2.0,0.6491,0.2421,nan
lukas-krecan/JsonUnit,lukas-krecan__JsonUnit,2025-05,2.0,2.0,0.6491,0.2421,nan
lukas-krecan/JsonUnit,lukas-krecan__JsonUnit,2025-06,2.0,2.0,0.6491,0.2421,nan
lukas-krecan/JsonUnit,lukas-krecan__JsonUnit,2025-07,2.0,2.0,0.6491,0.2421,nan
lukas-krecan/JsonUnit,lukas-krecan__JsonUnit,2025-08,2.0,2.0,0.6491,0.2421,nan
lukas-krecan/JsonUnit,lukas-krecan__JsonUnit,2025-09,2.0,2.0,0.6491,0.2421,nan
lukas-krecan/JsonUnit,lukas-krecan__JsonUnit,2025-10,2.0,2.0,0.6491,0.2421,nan
lukas-krecan/JsonUnit,lukas-krecan__JsonUnit,2025-11,1.7143,1.7143,0.6722,0.2264,nan
lukas-krecan/JsonUnit,lukas-krecan__JsonUnit,2025-12,1.7143,1.7143,0.6722,0.2264,nan
lukas-krecan/JsonUnit,lukas-krecan__JsonUnit,2026-01,1.7143,1.7143,0.6722,0.2264,nan
micrometer-metrics/micrometer,micrometer-metrics__micrometer,2025-01,6.3333,6.3333,0.7438,0.1843,nan
micrometer-metrics/micrometer,micrometer-metrics__micrometer,2025-02,6.3522,6.3522,0.7441,0.1845,nan
micrometer-metrics/micrometer,micrometer-metrics__micrometer,2025-03,6.3899,6.3899,0.744,0.1845,nan
micrometer-metrics/micrometer,micrometer-metrics__micrometer,2025-04,6.3899,6.3899,0.7439,0.1846,nan
micrometer-metrics/micrometer,micrometer-metrics__micrometer,2025-05,6.6,6.6,0.742,0.1813,nan
micrometer-metrics/micrometer,micrometer-metrics__micrometer,2025-06,6.298,6.298,0.7358,0.1815,nan
micrometer-metrics/micrometer,micrometer-metrics__micrometer,2025-07,5.8924,5.8924,0.7506,0.1746,nan
micrometer-metrics/micrometer,micrometer-metrics__micrometer,2025-08,5.9051,5.9051,0.7506,0.1746,nan
micrometer-metrics/micrometer,micrometer-metrics__micrometer,2025-09,5.8634,5.8634,0.7448,0.1818,nan
micrometer-metrics/micrometer,micrometer-metrics__micrometer,2025-10,5.8415,5.8415,0.7397,0.1852,nan
micrometer-metrics/micrometer,micrometer-metrics__micrometer,2025-11,5.878,5.878,0.7373,0.189,nan
micrometer-metrics/micrometer,micrometer-metrics__micrometer,2025-12,5.8788,5.8788,0.7384,0.1883,nan
micrometer-metrics/micrometer,micrometer-metrics__micrometer,2026-01,5.8848,5.8848,0.7321,0.1945,nan
micronaut-projects/micronaut-core,micronaut-projects__micronaut-core,2025-10,5.6438,5.6438,0.7481,0.2313,nan
micronaut-projects/micronaut-elasticsearch,micronaut-projects__micronaut-elasticsearch,2025-04,0.3,0.3,0.55,0.4767,nan
micronaut-projects/micronaut-elasticsearch,micronaut-projects__micronaut-elasticsearch,2025-05,0.3,0.3,0.55,0.4767,nan
micronaut-projects/micronaut-elasticsearch,micronaut-projects__micronaut-elasticsearch,2025-06,0.3,0.3,0.55,0.4767,nan
micronaut-projects/micronaut-elasticsearch,micronaut-projects__micronaut-elasticsearch,2025-07,0.3,0.3,0.55,0.4767,nan
micronaut-projects/micronaut-elasticsearch,micronaut-projects__micronaut-elasticsearch,2025-08,0.3,0.3,0.55,0.4767,nan
micronaut-projects/micronaut-elasticsearch,micronaut-projects__micronaut-elasticsearch,2025-09,0.3,0.3,0.55,0.4767,nan
micronaut-projects/micronaut-elasticsearch,micronaut-projects__micronaut-elasticsearch,2025-10,0.3,0.3,0.55,0.4767,nan
micronaut-projects/micronaut-elasticsearch,micronaut-projects__micronaut-elasticsearch,2025-11,0.3,0.3,0.55,0.4767,nan
micronaut-projects/micronaut-elasticsearch,micronaut-projects__micronaut-elasticsearch,2025-12,0.3,0.3,0.55,0.4767,nan
micronaut-projects/micronaut-elasticsearch,micronaut-projects__micronaut-elasticsearch,2026-01,0.5,0.5,0.55,0.4833,nan
micronaut-projects/micronaut-elasticsearch,micronaut-projects__micronaut-elasticsearch,2026-02,0.5,0.5,0.55,0.4833,nan
micronaut-projects/micronaut-elasticsearch,micronaut-projects__micronaut-elasticsearch,2026-03,0.5,0.5,0.55,0.4833,nan
micronaut-projects/micronaut-elasticsearch,micronaut-projects__micronaut-elasticsearch,2026-04,0.5,0.5,0.55,0.4833,nan
mixpanel/mixpanel-android,mixpanel__mixpanel-android,2024-12,0.5,0.5,0.7375,0.2056,nan
mixpanel/mixpanel-android,mixpanel__mixpanel-android,2025-01,0.5,0.5,0.7375,0.2056,nan
mixpanel/mixpanel-android,mixpanel__mixpanel-android,2025-02,0.5,0.5,0.7375,0.2056,nan
mixpanel/mixpanel-android,mixpanel__mixpanel-android,2025-03,0.5,0.5,0.7375,0.2056,nan
mixpanel/mixpanel-android,mixpanel__mixpanel-android,2025-04,0.5,0.5,0.7375,0.2056,nan
mixpanel/mixpanel-android,mixpanel__mixpanel-android,2025-05,0.5,0.5,0.7375,0.2056,nan
mixpanel/mixpanel-android,mixpanel__mixpanel-android,2025-06,0.625,0.625,0.7377,0.1934,nan
mixpanel/mixpanel-android,mixpanel__mixpanel-android,2025-07,0.625,0.625,0.7377,0.1934,nan
mixpanel/mixpanel-android,mixpanel__mixpanel-android,2025-08,0.625,0.625,0.7377,0.1934,nan
mixpanel/mixpanel-android,mixpanel__mixpanel-android,2025-09,0.625,0.625,0.7373,0.1983,nan
mixpanel/mixpanel-android,mixpanel__mixpanel-android,2025-10,0.625,0.625,0.7373,0.1983,nan
mixpanel/mixpanel-android,mixpanel__mixpanel-android,2025-11,0.625,0.625,0.7373,0.1983,nan
mixpanel/mixpanel-android,mixpanel__mixpanel-android,2025-12,0.625,0.625,0.7373,0.1983,nan
modlix-india/nocode-saas,modlix-india__nocode-saas,2025-06,4.3171,4.3171,0.4776,0.4322,nan
modlix-india/nocode-saas,modlix-india__nocode-saas,2025-07,4.6544,4.6544,0.4774,0.4391,nan
modlix-india/nocode-saas,modlix-india__nocode-saas,2025-08,4.6651,4.6651,0.4804,0.4395,nan
modlix-india/nocode-saas,modlix-india__nocode-saas,2025-09,5.0814,5.0814,0.526,0.4243,nan
modlix-india/nocode-saas,modlix-india__nocode-saas,2025-10,4.7123,4.7123,0.5215,0.4308,nan
modlix-india/nocode-saas,modlix-india__nocode-saas,2025-11,4.7633,4.7633,0.5242,0.4317,nan
modlix-india/nocode-saas,modlix-india__nocode-saas,2025-12,4.8794,4.8794,0.5238,0.4272,nan
modlix-india/nocode-saas,modlix-india__nocode-saas,2026-01,4.9399,4.9399,0.5213,0.427,nan
modlix-india/nocode-saas,modlix-india__nocode-saas,2026-04,5.0518,5.0518,0.5261,0.4209,nan
modlix-india/nocode-saas,modlix-india__nocode-saas,2026-05,5.0518,5.0518,0.5261,0.4209,nan
msgpack/msgpack-java,msgpack__msgpack-java,2025-01,1.5455,1.5455,0.7068,0.1771,nan
msgpack/msgpack-java,msgpack__msgpack-java,2025-02,1.5455,1.5455,0.7081,0.1758,nan
msgpack/msgpack-java,msgpack__msgpack-java,2025-03,1.5455,1.5455,0.7081,0.1758,nan
msgpack/msgpack-java,msgpack__msgpack-java,2025-04,1.5455,1.5455,0.7081,0.1758,nan
msgpack/msgpack-java,msgpack__msgpack-java,2025-05,1.5455,1.5455,0.7081,0.1758,nan
msgpack/msgpack-java,msgpack__msgpack-java,2025-06,1.5455,1.5455,0.7081,0.1758,nan
msgpack/msgpack-java,msgpack__msgpack-java,2025-07,1.5455,1.5455,0.7081,0.1758,nan
msgpack/msgpack-java,msgpack__msgpack-java,2025-08,1.5455,1.5455,0.7081,0.1758,nan
msgpack/msgpack-java,msgpack__msgpack-java,2025-09,1.5455,1.5455,0.7081,0.1758,nan
msgpack/msgpack-java,msgpack__msgpack-java,2025-10,1.5455,1.5455,0.7081,0.1758,nan
msgpack/msgpack-java,msgpack__msgpack-java,2025-11,1.5455,1.5455,0.7081,0.1758,nan
msgpack/msgpack-java,msgpack__msgpack-java,2025-12,1.5455,1.5455,0.7081,0.1758,nan
msgpack/msgpack-java,msgpack__msgpack-java,2026-01,1.5455,1.5455,0.7081,0.1758,nan
netfishers-onl/Netshot,netfishers-onl__Netshot,2025-01,5.24,5.24,0.5977,0.2939,nan
netfishers-onl/Netshot,netfishers-onl__Netshot,2025-02,5.0741,5.0741,0.5984,0.2907,nan
netfishers-onl/Netshot,netfishers-onl__Netshot,2025-03,5.0741,5.0741,0.5984,0.2907,nan
netfishers-onl/Netshot,netfishers-onl__Netshot,2025-04,5.0741,5.0741,0.5984,0.2907,nan
netfishers-onl/Netshot,netfishers-onl__Netshot,2025-05,5.1538,5.1538,0.5821,0.3028,nan
netfishers-onl/Netshot,netfishers-onl__Netshot,2025-06,5.1538,5.1538,0.5821,0.3028,nan
netfishers-onl/Netshot,netfishers-onl__Netshot,2025-07,5.0,5.0,0.5687,0.3221,nan
netfishers-onl/Netshot,netfishers-onl__Netshot,2025-08,5.0,5.0,0.5687,0.3221,nan
netfishers-onl/Netshot,netfishers-onl__Netshot,2025-09,5.0,5.0,0.5687,0.3221,nan
netfishers-onl/Netshot,netfishers-onl__Netshot,2025-10,5.44,5.44,0.5314,0.3499,nan
netfishers-onl/Netshot,netfishers-onl__Netshot,2025-11,5.625,5.625,0.5515,0.3249,nan
netfishers-onl/Netshot,netfishers-onl__Netshot,2025-12,5.625,5.625,0.5487,0.3276,nan
netfishers-onl/Netshot,netfishers-onl__Netshot,2026-01,5.7083,5.7083,0.5386,0.3376,nan
nikhilmusale70/DSA,nikhilmusale70__DSA,2025-01,0.3438,0.3438,0.3906,0.593,nan
nikhilmusale70/DSA,nikhilmusale70__DSA,2025-02,0.3402,0.3402,0.3866,0.5972,nan
nikhilmusale70/DSA,nikhilmusale70__DSA,2025-03,0.3367,0.3367,0.3827,0.6013,nan
nikhilmusale70/DSA,nikhilmusale70__DSA,2025-04,0.3367,0.3367,0.3827,0.6013,nan
nikhilmusale70/DSA,nikhilmusale70__DSA,2025-05,0.3367,0.3367,0.3827,0.6013,nan
nikhilmusale70/DSA,nikhilmusale70__DSA,2025-06,0.3367,0.3367,0.3827,0.6013,nan
nikhilmusale70/DSA,nikhilmusale70__DSA,2025-07,0.3367,0.3367,0.3827,0.6013,nan
nikhilmusale70/DSA,nikhilmusale70__DSA,2025-08,0.3367,0.3367,0.3827,0.6013,nan
nikhilmusale70/DSA,nikhilmusale70__DSA,2025-09,0.3367,0.3367,0.3827,0.6013,nan
nikhilmusale70/DSA,nikhilmusale70__DSA,2025-10,0.3367,0.3367,0.3827,0.6013,nan
nikhilmusale70/DSA,nikhilmusale70__DSA,2025-11,0.3367,0.3367,0.3827,0.6013,nan
nikhilmusale70/DSA,nikhilmusale70__DSA,2025-12,0.3367,0.3367,0.3827,0.6013,nan
nikhilmusale70/DSA,nikhilmusale70__DSA,2026-01,0.3367,0.3367,0.3827,0.6013,nan
nyetwurk/ecuxplot,nyetwurk__ecuxplot,2025-04,0.8571,0.8571,0.6349,0.2722,nan
nyetwurk/ecuxplot,nyetwurk__ecuxplot,2025-05,0.8571,0.8571,0.6349,0.2722,nan
nyetwurk/ecuxplot,nyetwurk__ecuxplot,2025-06,0.8571,0.8571,0.6349,0.2722,nan
nyetwurk/ecuxplot,nyetwurk__ecuxplot,2025-07,0.8571,0.8571,0.6349,0.2722,nan
nyetwurk/ecuxplot,nyetwurk__ecuxplot,2025-08,0.8571,0.8571,0.6349,0.2722,nan
nyetwurk/ecuxplot,nyetwurk__ecuxplot,2025-09,0.8571,0.8571,0.6349,0.2722,nan
nyetwurk/ecuxplot,nyetwurk__ecuxplot,2025-10,0.8571,0.8571,0.6349,0.2722,nan
nyetwurk/ecuxplot,nyetwurk__ecuxplot,2025-11,1.4444,1.4444,0.6929,0.232,nan
nyetwurk/ecuxplot,nyetwurk__ecuxplot,2025-12,1.4444,1.4444,0.6596,0.2387,nan
nyetwurk/ecuxplot,nyetwurk__ecuxplot,2026-01,1.4444,1.4444,0.6596,0.2387,nan
nyetwurk/ecuxplot,nyetwurk__ecuxplot,2026-02,1.4444,1.4444,0.6596,0.2387,nan
nyetwurk/ecuxplot,nyetwurk__ecuxplot,2026-03,1.4444,1.4444,0.6596,0.2387,nan
nyetwurk/ecuxplot,nyetwurk__ecuxplot,2026-04,1.4444,1.4444,0.6596,0.2387,nan
omnifaces/omnifaces,omnifaces__omnifaces,2024-12,2.1698,2.1698,0.7855,0.1652,nan
omnifaces/omnifaces,omnifaces__omnifaces,2025-01,2.1698,2.1698,0.7855,0.1652,nan
omnifaces/omnifaces,omnifaces__omnifaces,2025-02,2.1698,2.1698,0.7855,0.1652,nan
omnifaces/omnifaces,omnifaces__omnifaces,2025-03,2.1698,2.1698,0.7855,0.1668,nan
omnifaces/omnifaces,omnifaces__omnifaces,2025-04,2.1698,2.1698,0.7855,0.1668,nan
omnifaces/omnifaces,omnifaces__omnifaces,2025-05,2.1698,2.1698,0.7855,0.1668,nan
omnifaces/omnifaces,omnifaces__omnifaces,2025-06,2.1698,2.1698,0.7855,0.1668,nan
omnifaces/omnifaces,omnifaces__omnifaces,2025-07,2.1698,2.1698,0.7855,0.1668,nan
omnifaces/omnifaces,omnifaces__omnifaces,2025-08,2.1698,2.1698,0.7855,0.1668,nan
omnifaces/omnifaces,omnifaces__omnifaces,2025-09,2.1589,2.1589,0.7873,0.1638,nan
omnifaces/omnifaces,omnifaces__omnifaces,2025-10,2.1574,2.1574,0.7882,0.1648,nan
omnifaces/omnifaces,omnifaces__omnifaces,2025-11,2.1743,2.1743,0.7909,0.1601,nan
omnifaces/omnifaces,omnifaces__omnifaces,2025-12,2.1743,2.1743,0.7909,0.1601,nan
onixary/shape-shifter-curse-fabric,onixary__shape-shifter-curse-fabric,2025-02,0.4,0.4,0.6,0.4,nan
onixary/shape-shifter-curse-fabric,onixary__shape-shifter-curse-fabric,2025-03,3.4091,3.4091,0.5743,0.4008,nan
onixary/shape-shifter-curse-fabric,onixary__shape-shifter-curse-fabric,2025-04,3.8936,3.8936,0.5914,0.3892,nan
onixary/shape-shifter-curse-fabric,onixary__shape-shifter-curse-fabric,2025-05,4.0408,4.0408,0.5719,0.403,nan
onixary/shape-shifter-curse-fabric,onixary__shape-shifter-curse-fabric,2025-06,4.06,4.06,0.5839,0.396,nan
onixary/shape-shifter-curse-fabric,onixary__shape-shifter-curse-fabric,2025-07,3.9444,3.9444,0.5768,0.4246,nan
onixary/shape-shifter-curse-fabric,onixary__shape-shifter-curse-fabric,2025-08,4.1429,4.1429,0.5534,0.4482,nan
onixary/shape-shifter-curse-fabric,onixary__shape-shifter-curse-fabric,2025-09,4.0339,4.0339,0.5391,0.4671,nan
onixary/shape-shifter-curse-fabric,onixary__shape-shifter-curse-fabric,2025-10,4.125,4.125,0.5554,0.4344,nan
onixary/shape-shifter-curse-fabric,onixary__shape-shifter-curse-fabric,2025-11,4.2,4.2,0.5452,0.4462,nan
onixary/shape-shifter-curse-fabric,onixary__shape-shifter-curse-fabric,2025-12,4.4412,4.4412,0.5591,0.4259,nan
open-telemetry/opentelemetry-java-contrib,open-telemetry__opentelemetry-java-contrib,2025-02,1.06,1.06,0.4409,0.4771,nan
open-telemetry/opentelemetry-java-contrib,open-telemetry__opentelemetry-java-contrib,2025-03,1.1277,1.1277,0.4383,0.4731,nan
open-telemetry/opentelemetry-java-contrib,open-telemetry__opentelemetry-java-contrib,2025-04,1.1368,1.1368,0.4404,0.4686,nan
open-telemetry/opentelemetry-java-contrib,open-telemetry__opentelemetry-java-contrib,2025-05,1.125,1.125,0.4358,0.4741,nan
open-telemetry/opentelemetry-java-contrib,open-telemetry__opentelemetry-java-contrib,2025-06,1.07,1.07,0.4477,0.4665,nan
open-telemetry/opentelemetry-java-contrib,open-telemetry__opentelemetry-java-contrib,2025-07,1.0094,1.0094,0.4388,0.4672,nan
open-telemetry/opentelemetry-java-contrib,open-telemetry__opentelemetry-java-contrib,2025-08,1.1062,1.1062,0.4428,0.4532,nan
open-telemetry/opentelemetry-java-contrib,open-telemetry__opentelemetry-java-contrib,2025-09,1.2177,1.2177,0.4564,0.4463,nan
open-telemetry/opentelemetry-java-contrib,open-telemetry__opentelemetry-java-contrib,2025-10,1.2698,1.2698,0.4622,0.4398,nan
open-telemetry/opentelemetry-java-contrib,open-telemetry__opentelemetry-java-contrib,2025-11,1.2109,1.2109,0.4654,0.4305,nan
open-telemetry/opentelemetry-java-contrib,open-telemetry__opentelemetry-java-contrib,2025-12,1.2016,1.2016,0.4618,0.4351,nan
open-telemetry/opentelemetry-java-contrib,open-telemetry__opentelemetry-java-contrib,2026-01,1.2016,1.2016,0.4618,0.4351,nan
open-telemetry/opentelemetry-java-contrib,open-telemetry__opentelemetry-java-contrib,2026-02,1.2016,1.2016,0.4618,0.4351,nan
open-telemetry/opentelemetry-java-instrumentation,open-telemetry__opentelemetry-java-instrumentation,2025-03,4.9593,4.9593,0.7703,0.1982,nan
open-telemetry/opentelemetry-java-instrumentation,open-telemetry__opentelemetry-java-instrumentation,2025-04,4.9667,4.9667,0.771,0.1982,nan
open-telemetry/opentelemetry-java-instrumentation,open-telemetry__opentelemetry-java-instrumentation,2025-05,4.9649,4.9649,0.7709,0.1984,nan
open-telemetry/opentelemetry-java-instrumentation,open-telemetry__opentelemetry-java-instrumentation,2025-06,4.9931,4.9931,0.7723,0.1973,nan
open-telemetry/opentelemetry-java-instrumentation,open-telemetry__opentelemetry-java-instrumentation,2025-12,5.189,5.189,0.769,0.1977,nan
open-telemetry/opentelemetry-java-instrumentation,open-telemetry__opentelemetry-java-instrumentation,2026-01,5.1697,5.1697,0.7691,0.1962,nan
open-telemetry/opentelemetry-java-instrumentation,open-telemetry__opentelemetry-java-instrumentation,2026-02,5.192,5.192,0.7692,0.1973,nan
openrewrite/rewrite,openrewrite__rewrite,2024-12,4.9806,4.9806,0.6531,0.2873,nan
openrewrite/rewrite,openrewrite__rewrite,2025-01,4.9809,4.9809,0.653,0.2882,nan
openrewrite/rewrite,openrewrite__rewrite,2025-02,5.0245,5.0245,0.6428,0.2981,nan
openrewrite/rewrite,openrewrite__rewrite,2025-04,6.2333,6.2333,0.6363,0.2982,nan
openrewrite/rewrite,openrewrite__rewrite,2025-07,6.3148,6.3148,0.6577,0.2806,nan
openrewrite/rewrite,openrewrite__rewrite,2025-08,6.3272,6.3272,0.657,0.2813,nan
openrewrite/rewrite,openrewrite__rewrite,2025-10,6.5091,6.5091,0.6472,0.2834,nan
opensearch-project/flow-framework,opensearch-project__flow-framework,2025-05,4.0769,4.0769,0.5213,0.4496,nan
opensearch-project/flow-framework,opensearch-project__flow-framework,2025-06,4.0769,4.0769,0.5219,0.449,nan
opensearch-project/flow-framework,opensearch-project__flow-framework,2025-07,4.0769,4.0769,0.5219,0.449,nan
opensearch-project/flow-framework,opensearch-project__flow-framework,2025-08,4.0769,4.0769,0.5219,0.449,nan
opensearch-project/flow-framework,opensearch-project__flow-framework,2025-09,4.1538,4.1538,0.5221,0.4488,nan
opensearch-project/flow-framework,opensearch-project__flow-framework,2025-10,4.1538,4.1538,0.5221,0.4488,nan
opensearch-project/flow-framework,opensearch-project__flow-framework,2025-11,4.1538,4.1538,0.5221,0.4488,nan
opensearch-project/flow-framework,opensearch-project__flow-framework,2025-12,3.375,3.375,0.6153,0.3629,nan
opensearch-project/flow-framework,opensearch-project__flow-framework,2026-01,3.375,3.375,0.6153,0.3629,nan
opensearch-project/flow-framework,opensearch-project__flow-framework,2026-02,3.375,3.375,0.6208,0.3574,nan
opensearch-project/flow-framework,opensearch-project__flow-framework,2026-03,3.375,3.375,0.6208,0.3574,nan
opensearch-project/flow-framework,opensearch-project__flow-framework,2026-04,3.375,3.375,0.6208,0.3574,nan
opensearch-project/flow-framework,opensearch-project__flow-framework,2026-05,3.375,3.375,0.6208,0.3574,nan
oraxen/oraxen,oraxen__oraxen,2025-02,5.45,5.45,0.6997,0.2829,nan
oraxen/oraxen,oraxen__oraxen,2025-03,5.45,5.45,0.6997,0.2829,nan
oraxen/oraxen,oraxen__oraxen,2025-04,5.45,5.45,0.6997,0.2829,nan
oraxen/oraxen,oraxen__oraxen,2025-05,5.4876,5.4876,0.7029,0.2799,nan
oraxen/oraxen,oraxen__oraxen,2025-06,5.4876,5.4876,0.7029,0.2799,nan
oraxen/oraxen,oraxen__oraxen,2025-07,5.4876,5.4876,0.7029,0.2799,nan
oraxen/oraxen,oraxen__oraxen,2025-08,5.5,5.5,0.705,0.2778,nan
oraxen/oraxen,oraxen__oraxen,2025-09,5.2348,5.2348,0.7189,0.2633,nan
oraxen/oraxen,oraxen__oraxen,2025-10,5.2348,5.2348,0.7187,0.2635,nan
oraxen/oraxen,oraxen__oraxen,2025-11,5.2239,5.2239,0.719,0.261,nan
oraxen/oraxen,oraxen__oraxen,2025-12,5.237,5.237,0.7204,0.2601,nan
oraxen/oraxen,oraxen__oraxen,2026-01,5.329,5.329,0.7458,0.2377,nan
oraxen/oraxen,oraxen__oraxen,2026-02,5.2577,5.2577,0.7538,0.2284,nan
orphan-oss/ognl,orphan-oss__ognl,2025-04,2.2727,2.2727,0.6294,0.2341,nan
orphan-oss/ognl,orphan-oss__ognl,2025-05,2.2727,2.2727,0.6294,0.2341,nan
orphan-oss/ognl,orphan-oss__ognl,2025-06,2.2727,2.2727,0.6294,0.2341,nan
orphan-oss/ognl,orphan-oss__ognl,2025-07,2.1818,2.1818,0.6295,0.2325,nan
orphan-oss/ognl,orphan-oss__ognl,2025-08,2.1818,2.1818,0.6295,0.2325,nan
orphan-oss/ognl,orphan-oss__ognl,2025-09,2.1818,2.1818,0.6295,0.2325,nan
orphan-oss/ognl,orphan-oss__ognl,2025-10,2.1818,2.1818,0.6295,0.2325,nan
orphan-oss/ognl,orphan-oss__ognl,2025-11,2.1818,2.1818,0.6292,0.2327,nan
orphan-oss/ognl,orphan-oss__ognl,2025-12,1.75,1.75,0.6198,0.254,nan
orphan-oss/ognl,orphan-oss__ognl,2026-01,1.75,1.75,0.6198,0.254,nan
orphan-oss/ognl,orphan-oss__ognl,2026-02,1.75,1.75,0.6198,0.254,nan
orphan-oss/ognl,orphan-oss__ognl,2026-03,1.75,1.75,0.6195,0.2543,nan
orphan-oss/ognl,orphan-oss__ognl,2026-04,1.75,1.75,0.6195,0.2543,nan
pablo67340/GUIShop,pablo67340__GUIShop,2025-06,3.2,3.2,0.6262,0.4404,nan
pablo67340/GUIShop,pablo67340__GUIShop,2025-07,3.2,3.2,0.6262,0.4404,nan
pablo67340/GUIShop,pablo67340__GUIShop,2025-08,3.2,3.2,0.6262,0.4404,nan
pablo67340/GUIShop,pablo67340__GUIShop,2025-09,3.2,3.2,0.6262,0.4404,nan
pablo67340/GUIShop,pablo67340__GUIShop,2025-10,3.2,3.2,0.6262,0.4404,nan
pablo67340/GUIShop,pablo67340__GUIShop,2025-11,3.2,3.2,0.6262,0.4404,nan
pablo67340/GUIShop,pablo67340__GUIShop,2025-12,3.2,3.2,0.6262,0.4404,nan
pablo67340/GUIShop,pablo67340__GUIShop,2026-01,3.7333,3.7333,0.5604,0.4762,nan
pablo67340/GUIShop,pablo67340__GUIShop,2026-02,4.375,4.375,0.5651,0.4156,nan
pablo67340/GUIShop,pablo67340__GUIShop,2026-03,4.375,4.375,0.5681,0.4162,nan
pablo67340/GUIShop,pablo67340__GUIShop,2026-04,4.375,4.375,0.5681,0.4162,nan
pablo67340/GUIShop,pablo67340__GUIShop,2026-05,4.375,4.375,0.5681,0.4162,nan
pablo67340/GUIShop,pablo67340__GUIShop,2026-06,4.375,4.375,0.5681,0.4162,nan
pac4j/pac4j,pac4j__pac4j,2025-01,6.6026,6.6026,0.6711,0.2598,nan
pac4j/pac4j,pac4j__pac4j,2025-02,6.6026,6.6026,0.6711,0.2598,nan
pac4j/pac4j,pac4j__pac4j,2025-03,6.607,6.607,0.6712,0.2597,nan
pac4j/pac4j,pac4j__pac4j,2025-04,6.6026,6.6026,0.6708,0.2603,nan
pac4j/pac4j,pac4j__pac4j,2025-05,6.6201,6.6201,0.6704,0.2607,nan
pac4j/pac4j,pac4j__pac4j,2025-06,6.6201,6.6201,0.6704,0.2607,nan
pac4j/pac4j,pac4j__pac4j,2025-07,6.6245,6.6245,0.6706,0.2605,nan
pac4j/pac4j,pac4j__pac4j,2025-08,6.6245,6.6245,0.6707,0.2605,nan
pac4j/pac4j,pac4j__pac4j,2025-09,6.6245,6.6245,0.6707,0.2605,nan
pac4j/pac4j,pac4j__pac4j,2025-10,6.6245,6.6245,0.6705,0.2601,nan
pac4j/pac4j,pac4j__pac4j,2025-11,6.6245,6.6245,0.6706,0.26,nan
pac4j/pac4j,pac4j__pac4j,2025-12,6.6201,6.6201,0.6706,0.2601,nan
pac4j/pac4j,pac4j__pac4j,2026-01,6.6201,6.6201,0.6706,0.2601,nan
phax/ph-commons,phax__ph-commons,2025-02,9.0681,9.0681,0.7123,0.2292,nan
phax/ph-commons,phax__ph-commons,2025-03,9.1181,9.1181,0.7124,0.2274,nan
phax/ph-commons,phax__ph-commons,2025-04,9.1181,9.1181,0.7124,0.2272,nan
phax/ph-commons,phax__ph-commons,2025-05,9.135,9.135,0.712,0.2266,nan
phax/ph-commons,phax__ph-commons,2025-06,9.1477,9.1477,0.712,0.2267,nan
phax/ph-commons,phax__ph-commons,2025-07,9.1477,9.1477,0.7119,0.2268,nan
phax/ph-commons,phax__ph-commons,2025-08,9.1477,9.1477,0.7119,0.2268,nan
phax/ph-commons,phax__ph-commons,2025-09,9.5091,9.5091,0.7023,0.234,nan
phax/ph-commons,phax__ph-commons,2025-10,9.5122,9.5122,0.7023,0.234,nan
phax/ph-commons,phax__ph-commons,2025-11,9.5122,9.5122,0.7023,0.234,nan
phax/ph-commons,phax__ph-commons,2025-12,9.5335,9.5335,0.703,0.2325,nan
phax/ph-commons,phax__ph-commons,2026-01,9.5305,9.5305,0.703,0.2325,nan
phax/ph-commons,phax__ph-commons,2026-02,9.5106,9.5106,0.704,0.2317,nan
plantuml/plantuml,plantuml__plantuml,2025-08,9.8099,9.8099,0.6508,0.2804,nan
plantuml/plantuml,plantuml__plantuml,2025-11,9.7621,9.7621,0.6492,0.2833,nan
plantuml/plantuml,plantuml__plantuml,2026-01,9.8934,9.8934,0.6487,0.2845,nan
plantuml/plantuml,plantuml__plantuml,2026-02,9.9307,9.9307,0.6502,0.2841,nan
plantuml/plantuml,plantuml__plantuml,2026-03,10.2635,10.2635,0.6499,0.2833,nan
plantuml/plantuml,plantuml__plantuml,2026-04,10.2821,10.2821,0.6499,0.2825,nan
powsybl/powsybl-open-rao,powsybl__powsybl-open-rao,2025-06,7.7417,7.7417,0.6262,0.2743,nan
powsybl/powsybl-open-rao,powsybl__powsybl-open-rao,2025-08,7.7667,7.7667,0.6264,0.2756,nan
powsybl/powsybl-open-rao,powsybl__powsybl-open-rao,2025-09,7.8083,7.8083,0.6251,0.277,nan
powsybl/powsybl-open-rao,powsybl__powsybl-open-rao,2025-11,7.928,7.928,0.6276,0.2783,nan
powsybl/powsybl-open-rao,powsybl__powsybl-open-rao,2025-12,8.0,8.0,0.6311,0.2762,nan
powsybl/powsybl-open-rao,powsybl__powsybl-open-rao,2026-01,8.0,8.0,0.6311,0.2762,nan
powsybl/powsybl-open-rao,powsybl__powsybl-open-rao,2026-02,8.0551,8.0551,0.6296,0.2777,nan
powsybl/powsybl-open-rao,powsybl__powsybl-open-rao,2026-04,8.1705,8.1705,0.6298,0.2778,nan
powsybl/powsybl-open-rao,powsybl__powsybl-open-rao,2026-05,8.1705,8.1705,0.6298,0.2778,nan
powsybl/powsybl-open-rao,powsybl__powsybl-open-rao,2026-06,8.1705,8.1705,0.6298,0.2778,nan
protomaps/basemaps,protomaps__basemaps,2025-05,1.3333,1.3333,0.5204,0.4743,nan
protomaps/basemaps,protomaps__basemaps,2025-06,1.2222,1.2222,0.4815,0.5132,nan
protomaps/basemaps,protomaps__basemaps,2025-07,1.2222,1.2222,0.4815,0.5132,nan
protomaps/basemaps,protomaps__basemaps,2025-08,1.2222,1.2222,0.4815,0.5132,nan
protomaps/basemaps,protomaps__basemaps,2025-09,1.2222,1.2222,0.4815,0.5132,nan
protomaps/basemaps,protomaps__basemaps,2025-10,1.2222,1.2222,0.4815,0.5132,nan
protomaps/basemaps,protomaps__basemaps,2025-11,1.3333,1.3333,0.5059,0.4888,nan
protomaps/basemaps,protomaps__basemaps,2025-12,1.3333,1.3333,0.5059,0.4888,nan
protomaps/basemaps,protomaps__basemaps,2026-01,1.3333,1.3333,0.5059,0.4888,nan
protomaps/basemaps,protomaps__basemaps,2026-02,1.3333,1.3333,0.5059,0.4888,nan
protomaps/basemaps,protomaps__basemaps,2026-03,1.3333,1.3333,0.5059,0.4888,nan
protomaps/basemaps,protomaps__basemaps,2026-04,1.3,1.3,0.4564,0.5396,nan
protomaps/basemaps,protomaps__basemaps,2026-05,1.3,1.3,0.4564,0.5396,nan
qlangtech/plugins,qlangtech__plugins,2025-03,2.9939,2.9939,0.5786,0.3443,nan
qlangtech/plugins,qlangtech__plugins,2025-04,2.9939,2.9939,0.5786,0.3443,nan
qlangtech/plugins,qlangtech__plugins,2025-05,3.0123,3.0123,0.5799,0.3431,nan
qlangtech/plugins,qlangtech__plugins,2025-06,2.8423,2.8423,0.5891,0.3351,nan
qlangtech/plugins,qlangtech__plugins,2025-07,2.8635,2.8635,0.5865,0.3373,nan
qlangtech/plugins,qlangtech__plugins,2025-08,2.8585,2.8585,0.5841,0.3405,nan
qlangtech/plugins,qlangtech__plugins,2025-09,2.8176,2.8176,0.5852,0.3395,nan
qlangtech/plugins,qlangtech__plugins,2025-10,2.8176,2.8176,0.5852,0.3395,nan
qlangtech/plugins,qlangtech__plugins,2025-11,2.8176,2.8176,0.5852,0.3395,nan
qlangtech/plugins,qlangtech__plugins,2025-12,2.8062,2.8062,0.5844,0.3406,nan
qlangtech/plugins,qlangtech__plugins,2026-01,2.7864,2.7864,0.5856,0.3386,nan
qlangtech/plugins,qlangtech__plugins,2026-02,2.7754,2.7754,0.5854,0.339,nan
qlangtech/plugins,qlangtech__plugins,2026-03,2.7681,2.7681,0.5838,0.3424,nan
qm123pz/NightSky-Client,qm123pz__NightSky-Client,2025-11,4.7091,4.7091,0.4213,0.4809,nan
qm123pz/NightSky-Client,qm123pz__NightSky-Client,2025-12,5.082,5.082,0.4523,0.4615,nan
qm123pz/NightSky-Client,qm123pz__NightSky-Client,2026-01,5.2097,5.2097,0.463,0.4538,nan
qm123pz/NightSky-Client,qm123pz__NightSky-Client,2026-02,5.2097,5.2097,0.463,0.4538,nan
qm123pz/NightSky-Client,qm123pz__NightSky-Client,2026-03,5.2097,5.2097,0.463,0.4538,nan
quarkiverse/quarkus-hivemq-client,quarkiverse__quarkus-hivemq-client,2025-04,0.2857,0.2857,0.5459,0.4283,nan
quarkiverse/quarkus-hivemq-client,quarkiverse__quarkus-hivemq-client,2025-05,0.2857,0.2857,0.5459,0.4283,nan
quarkiverse/quarkus-hivemq-client,quarkiverse__quarkus-hivemq-client,2025-06,0.2857,0.2857,0.5459,0.4283,nan
quarkiverse/quarkus-hivemq-client,quarkiverse__quarkus-hivemq-client,2025-07,0.2857,0.2857,0.5459,0.4283,nan
quarkiverse/quarkus-hivemq-client,quarkiverse__quarkus-hivemq-client,2025-08,0.2857,0.2857,0.5459,0.4283,nan
quarkiverse/quarkus-hivemq-client,quarkiverse__quarkus-hivemq-client,2025-09,0.2857,0.2857,0.5459,0.4283,nan
quarkiverse/quarkus-hivemq-client,quarkiverse__quarkus-hivemq-client,2025-10,0.2857,0.2857,0.5459,0.4283,nan
quarkiverse/quarkus-hivemq-client,quarkiverse__quarkus-hivemq-client,2025-11,0.4286,0.4286,0.4864,0.4342,nan
quarkiverse/quarkus-hivemq-client,quarkiverse__quarkus-hivemq-client,2025-12,0.4286,0.4286,0.4864,0.4342,nan
quarkiverse/quarkus-hivemq-client,quarkiverse__quarkus-hivemq-client,2026-01,0.4286,0.4286,0.4864,0.4342,nan
quarkiverse/quarkus-hivemq-client,quarkiverse__quarkus-hivemq-client,2026-02,0.4286,0.4286,0.4864,0.4342,nan
quarkiverse/quarkus-hivemq-client,quarkiverse__quarkus-hivemq-client,2026-03,0.4286,0.4286,0.4864,0.4342,nan
quarkiverse/quarkus-hivemq-client,quarkiverse__quarkus-hivemq-client,2026-04,0.4286,0.4286,0.4864,0.4342,nan
rabbitmq/rabbitmq-stream-java-client,rabbitmq__rabbitmq-stream-java-client,2025-03,1.6923,1.6923,0.5818,0.316,nan
rabbitmq/rabbitmq-stream-java-client,rabbitmq__rabbitmq-stream-java-client,2025-04,1.6923,1.6923,0.5818,0.316,nan
rabbitmq/rabbitmq-stream-java-client,rabbitmq__rabbitmq-stream-java-client,2025-05,1.6923,1.6923,0.5818,0.316,nan
rabbitmq/rabbitmq-stream-java-client,rabbitmq__rabbitmq-stream-java-client,2025-06,1.6923,1.6923,0.5818,0.316,nan
rabbitmq/rabbitmq-stream-java-client,rabbitmq__rabbitmq-stream-java-client,2025-07,1.6923,1.6923,0.5817,0.3161,nan
rabbitmq/rabbitmq-stream-java-client,rabbitmq__rabbitmq-stream-java-client,2025-08,1.6923,1.6923,0.5817,0.3173,nan
rabbitmq/rabbitmq-stream-java-client,rabbitmq__rabbitmq-stream-java-client,2025-09,1.6429,1.6429,0.5405,0.342,nan
rabbitmq/rabbitmq-stream-java-client,rabbitmq__rabbitmq-stream-java-client,2025-10,1.6429,1.6429,0.5405,0.3427,nan
rabbitmq/rabbitmq-stream-java-client,rabbitmq__rabbitmq-stream-java-client,2025-11,1.6429,1.6429,0.5405,0.3427,nan
rabbitmq/rabbitmq-stream-java-client,rabbitmq__rabbitmq-stream-java-client,2025-12,1.6429,1.6429,0.5405,0.3427,nan
rabbitmq/rabbitmq-stream-java-client,rabbitmq__rabbitmq-stream-java-client,2026-01,1.6429,1.6429,0.5405,0.3427,nan
rabbitmq/rabbitmq-stream-java-client,rabbitmq__rabbitmq-stream-java-client,2026-02,1.6429,1.6429,0.5405,0.3472,nan
rabbitmq/rabbitmq-stream-java-client,rabbitmq__rabbitmq-stream-java-client,2026-03,1.6429,1.6429,0.5405,0.3472,nan
redis/redis-om-spring,redis__redis-om-spring,2024-08,4.3444,4.3444,0.6567,0.2953,nan
redis/redis-om-spring,redis__redis-om-spring,2024-09,4.3444,4.3444,0.6566,0.2954,nan
redis/redis-om-spring,redis__redis-om-spring,2024-10,4.3444,4.3444,0.6566,0.2954,nan
redis/redis-om-spring,redis__redis-om-spring,2024-11,4.3444,4.3444,0.6564,0.2956,nan
redis/redis-om-spring,redis__redis-om-spring,2024-12,4.3444,4.3444,0.6564,0.2956,nan
redis/redis-om-spring,redis__redis-om-spring,2025-01,4.3444,4.3444,0.6563,0.2961,nan
redis/redis-om-spring,redis__redis-om-spring,2025-02,4.3736,4.3736,0.6494,0.3035,nan
redis/redis-om-spring,redis__redis-om-spring,2025-03,4.3846,4.3846,0.6494,0.3046,nan
redis/redis-om-spring,redis__redis-om-spring,2025-04,4.3956,4.3956,0.6496,0.3045,nan
redis/redis-om-spring,redis__redis-om-spring,2025-05,4.3542,4.3542,0.6576,0.3034,nan
redis/redis-om-spring,redis__redis-om-spring,2025-06,3.9832,3.9832,0.6601,0.3162,nan
redis/redis-om-spring,redis__redis-om-spring,2025-07,3.9832,3.9832,0.6601,0.3162,nan
redis/redis-om-spring,redis__redis-om-spring,2025-08,4.0709,4.0709,0.6654,0.3195,nan
remsfal/remsfal-backend,remsfal__remsfal-backend,2025-01,2.7391,2.7391,0.4656,0.3137,nan
remsfal/remsfal-backend,remsfal__remsfal-backend,2025-02,2.76,2.76,0.424,0.3274,nan
remsfal/remsfal-backend,remsfal__remsfal-backend,2025-03,2.76,2.76,0.424,0.3274,nan
remsfal/remsfal-backend,remsfal__remsfal-backend,2025-04,2.6923,2.6923,0.4038,0.353,nan
remsfal/remsfal-backend,remsfal__remsfal-backend,2025-05,2.8205,2.8205,0.4909,0.3399,nan
remsfal/remsfal-backend,remsfal__remsfal-backend,2025-06,2.8205,2.8205,0.4909,0.3399,nan
remsfal/remsfal-backend,remsfal__remsfal-backend,2025-07,2.8718,2.8718,0.4906,0.334,nan
remsfal/remsfal-backend,remsfal__remsfal-backend,2025-08,3.125,3.125,0.4558,0.3971,nan
remsfal/remsfal-backend,remsfal__remsfal-backend,2025-09,3.3125,3.3125,0.4516,0.376,nan
remsfal/remsfal-backend,remsfal__remsfal-backend,2025-10,3.2609,3.2609,0.4477,0.3709,nan
remsfal/remsfal-backend,remsfal__remsfal-backend,2025-11,3.3696,3.3696,0.4463,0.3717,nan
remsfal/remsfal-backend,remsfal__remsfal-backend,2025-12,3.4222,3.4222,0.4454,0.3757,nan
remsfal/remsfal-backend,remsfal__remsfal-backend,2026-01,3.3696,3.3696,0.436,0.3889,nan
salesforce/multicloudj,salesforce__multicloudj,2025-05,3.2,3.2,0.5928,0.3083,nan
salesforce/multicloudj,salesforce__multicloudj,2025-06,3.2,3.2,0.5968,0.3201,nan
salesforce/multicloudj,salesforce__multicloudj,2025-07,3.5366,3.5366,0.6128,0.3013,nan
salesforce/multicloudj,salesforce__multicloudj,2025-08,3.6585,3.6585,0.5856,0.3292,nan
salesforce/multicloudj,salesforce__multicloudj,2025-09,3.6585,3.6585,0.5851,0.3287,nan
salesforce/multicloudj,salesforce__multicloudj,2025-10,3.6585,3.6585,0.5851,0.3287,nan
salesforce/multicloudj,salesforce__multicloudj,2025-11,3.2679,3.2679,0.6277,0.297,nan
salesforce/multicloudj,salesforce__multicloudj,2025-12,3.4833,3.4833,0.6149,0.3085,nan
salesforce/multicloudj,salesforce__multicloudj,2026-01,3.541,3.541,0.6014,0.32,nan
salesforce/multicloudj,salesforce__multicloudj,2026-02,3.4923,3.4923,0.6248,0.3011,nan
salesforce/multicloudj,salesforce__multicloudj,2026-03,3.5455,3.5455,0.6361,0.2929,nan
salesforce/multicloudj,salesforce__multicloudj,2026-04,3.5769,3.5769,0.6381,0.2918,nan
schmave/demschooltools,schmave__demschooltools,2025-05,2.6316,2.6316,0.6738,0.283,nan
schmave/demschooltools,schmave__demschooltools,2025-06,2.6316,2.6316,0.6738,0.283,nan
schmave/demschooltools,schmave__demschooltools,2025-07,2.6316,2.6316,0.6738,0.283,nan
schmave/demschooltools,schmave__demschooltools,2025-08,2.6316,2.6316,0.6738,0.283,nan
schmave/demschooltools,schmave__demschooltools,2025-09,2.6316,2.6316,0.6736,0.2832,nan
schmave/demschooltools,schmave__demschooltools,2025-10,2.6316,2.6316,0.6736,0.2832,nan
schmave/demschooltools,schmave__demschooltools,2025-11,2.6316,2.6316,0.6736,0.2832,nan
schmave/demschooltools,schmave__demschooltools,2025-12,2.6316,2.6316,0.6736,0.2832,nan
schmave/demschooltools,schmave__demschooltools,2026-01,2.6316,2.6316,0.6736,0.2832,nan
schmave/demschooltools,schmave__demschooltools,2026-02,2.6316,2.6316,0.6736,0.2832,nan
schmave/demschooltools,schmave__demschooltools,2026-03,2.6316,2.6316,0.6736,0.2832,nan
schmave/demschooltools,schmave__demschooltools,2026-04,2.6316,2.6316,0.6736,0.2832,nan
schmave/demschooltools,schmave__demschooltools,2026-05,2.6316,2.6316,0.6736,0.2832,nan
seed4j/seed4j,seed4j__seed4j,2025-01,4.0882,4.0882,0.8951,0.0976,nan
seed4j/seed4j,seed4j__seed4j,2025-02,4.0883,4.0883,0.8959,0.0969,nan
seed4j/seed4j,seed4j__seed4j,2025-03,4.0869,4.0869,0.8961,0.0967,nan
seed4j/seed4j,seed4j__seed4j,2025-04,4.1263,4.1263,0.8957,0.097,nan
seed4j/seed4j,seed4j__seed4j,2025-05,4.1304,4.1304,0.8951,0.0976,nan
seed4j/seed4j,seed4j__seed4j,2025-06,4.1266,4.1266,0.8959,0.0969,nan
seed4j/seed4j,seed4j__seed4j,2025-07,4.1351,4.1351,0.8963,0.0966,nan
seed4j/seed4j,seed4j__seed4j,2025-08,4.1419,4.1419,0.8969,0.0962,nan
seed4j/seed4j,seed4j__seed4j,2025-09,4.1353,4.1353,0.8969,0.0961,nan
seed4j/seed4j,seed4j__seed4j,2025-10,4.1371,4.1371,0.8972,0.0958,nan
seed4j/seed4j,seed4j__seed4j,2025-11,4.1293,4.1293,0.8974,0.0957,nan
seed4j/seed4j,seed4j__seed4j,2025-12,4.1293,4.1293,0.8974,0.0957,nan
seed4j/seed4j,seed4j__seed4j,2026-01,4.1235,4.1235,0.8963,0.0954,nan
sekelsta/horse-colors,sekelsta__horse-colors,2025-01,3.7692,3.7692,0.5885,0.3769,nan
sekelsta/horse-colors,sekelsta__horse-colors,2025-02,3.7692,3.7692,0.5885,0.3769,nan
sekelsta/horse-colors,sekelsta__horse-colors,2025-03,3.7692,3.7692,0.5885,0.3769,nan
sekelsta/horse-colors,sekelsta__horse-colors,2025-04,3.7692,3.7692,0.5885,0.3769,nan
sekelsta/horse-colors,sekelsta__horse-colors,2025-05,3.7692,3.7692,0.5885,0.3769,nan
sekelsta/horse-colors,sekelsta__horse-colors,2025-06,3.7692,3.7692,0.5885,0.3769,nan
sekelsta/horse-colors,sekelsta__horse-colors,2025-07,3.7692,3.7692,0.5885,0.3769,nan
sekelsta/horse-colors,sekelsta__horse-colors,2025-08,3.7692,3.7692,0.5885,0.3769,nan
sekelsta/horse-colors,sekelsta__horse-colors,2025-09,3.7692,3.7692,0.5885,0.3769,nan
sekelsta/horse-colors,sekelsta__horse-colors,2025-10,3.7692,3.7692,0.5885,0.3769,nan
sekelsta/horse-colors,sekelsta__horse-colors,2025-11,3.7692,3.7692,0.5885,0.3769,nan
sekelsta/horse-colors,sekelsta__horse-colors,2025-12,3.7692,3.7692,0.5885,0.3769,nan
sekelsta/horse-colors,sekelsta__horse-colors,2026-01,3.7692,3.7692,0.5885,0.3769,nan
slackhq/astra,slackhq__astra,2024-12,5.275,5.275,0.6024,0.3639,nan
slackhq/astra,slackhq__astra,2025-01,5.275,5.275,0.6024,0.3639,nan
slackhq/astra,slackhq__astra,2025-02,5.2195,5.2195,0.6003,0.3668,nan
slackhq/astra,slackhq__astra,2025-03,5.2195,5.2195,0.5998,0.3674,nan
slackhq/astra,slackhq__astra,2025-04,5.2195,5.2195,0.5998,0.3674,nan
slackhq/astra,slackhq__astra,2025-05,5.1707,5.1707,0.596,0.3711,nan
slackhq/astra,slackhq__astra,2025-06,5.2195,5.2195,0.5965,0.3707,nan
slackhq/astra,slackhq__astra,2025-07,5.2195,5.2195,0.5987,0.3701,nan
slackhq/astra,slackhq__astra,2025-08,5.3415,5.3415,0.6113,0.3597,nan
slackhq/astra,slackhq__astra,2025-09,5.3415,5.3415,0.6111,0.3599,nan
slackhq/astra,slackhq__astra,2025-10,5.093,5.093,0.6297,0.3426,nan
slackhq/astra,slackhq__astra,2025-11,5.093,5.093,0.6297,0.3426,nan
slackhq/astra,slackhq__astra,2025-12,5.093,5.093,0.6297,0.3426,nan
smartboot/smart-mqtt,smartboot__smart-mqtt,2025-05,4.1373,4.1373,0.542,0.3791,nan
smartboot/smart-mqtt,smartboot__smart-mqtt,2025-06,4.4348,4.4348,0.6396,0.3107,nan
smartboot/smart-mqtt,smartboot__smart-mqtt,2025-07,4.3778,4.3778,0.6353,0.3107,nan
smartboot/smart-mqtt,smartboot__smart-mqtt,2025-08,4.3778,4.3778,0.6322,0.3135,nan
smartboot/smart-mqtt,smartboot__smart-mqtt,2025-09,4.3778,4.3778,0.6322,0.3135,nan
smartboot/smart-mqtt,smartboot__smart-mqtt,2025-10,4.3778,4.3778,0.6322,0.3135,nan
smartboot/smart-mqtt,smartboot__smart-mqtt,2025-11,4.3556,4.3556,0.6303,0.3159,nan
smartboot/smart-mqtt,smartboot__smart-mqtt,2025-12,4.3556,4.3556,0.6301,0.3162,nan
smartboot/smart-mqtt,smartboot__smart-mqtt,2026-01,4.3556,4.3556,0.6301,0.3162,nan
smartboot/smart-mqtt,smartboot__smart-mqtt,2026-02,4.3556,4.3556,0.6301,0.3162,nan
smartboot/smart-mqtt,smartboot__smart-mqtt,2026-03,4.4348,4.4348,0.6188,0.3276,nan
smartboot/smart-mqtt,smartboot__smart-mqtt,2026-04,4.2041,4.2041,0.642,0.3075,nan
smartboot/smart-mqtt,smartboot__smart-mqtt,2026-05,4.2041,4.2041,0.642,0.3075,nan
spannm/ucanaccess,spannm__ucanaccess,2025-04,3.5385,3.5385,0.4539,0.3416,nan
spannm/ucanaccess,spannm__ucanaccess,2025-05,3.5385,3.5385,0.4532,0.342,nan
spannm/ucanaccess,spannm__ucanaccess,2025-06,3.5385,3.5385,0.4532,0.342,nan
spannm/ucanaccess,spannm__ucanaccess,2025-07,3.5385,3.5385,0.4532,0.342,nan
spannm/ucanaccess,spannm__ucanaccess,2025-08,3.6154,3.6154,0.4535,0.3412,nan
spannm/ucanaccess,spannm__ucanaccess,2025-09,3.6154,3.6154,0.4534,0.3439,nan
spannm/ucanaccess,spannm__ucanaccess,2025-10,3.6154,3.6154,0.4534,0.3439,nan
spannm/ucanaccess,spannm__ucanaccess,2025-11,3.6154,3.6154,0.4534,0.3439,nan
spannm/ucanaccess,spannm__ucanaccess,2025-12,3.6154,3.6154,0.4534,0.3439,nan
spannm/ucanaccess,spannm__ucanaccess,2026-01,3.6154,3.6154,0.4534,0.3439,nan
spannm/ucanaccess,spannm__ucanaccess,2026-02,3.6154,3.6154,0.4534,0.3439,nan
spannm/ucanaccess,spannm__ucanaccess,2026-03,3.3571,3.3571,0.421,0.3907,nan
spannm/ucanaccess,spannm__ucanaccess,2026-04,3.3571,3.3571,0.421,0.3907,nan
spockframework/spock,spockframework__spock,2024-04,2.5714,2.5714,0.5796,0.3856,nan
spockframework/spock,spockframework__spock,2024-05,2.5714,2.5714,0.5797,0.3861,nan
spockframework/spock,spockframework__spock,2024-06,2.5714,2.5714,0.5797,0.3861,nan
spockframework/spock,spockframework__spock,2024-07,2.5714,2.5714,0.5797,0.3861,nan
spockframework/spock,spockframework__spock,2024-08,2.5714,2.5714,0.5797,0.3861,nan
spockframework/spock,spockframework__spock,2024-09,2.5714,2.5714,0.5798,0.3863,nan
spockframework/spock,spockframework__spock,2024-10,2.6234,2.6234,0.5928,0.3841,nan
spockframework/spock,spockframework__spock,2024-11,2.6234,2.6234,0.5928,0.3835,nan
spockframework/spock,spockframework__spock,2024-12,2.6234,2.6234,0.5928,0.3834,nan
spockframework/spock,spockframework__spock,2025-01,2.7013,2.7013,0.5931,0.3815,nan
spockframework/spock,spockframework__spock,2025-02,2.7013,2.7013,0.5931,0.3815,nan
spockframework/spock,spockframework__spock,2025-03,2.7013,2.7013,0.5931,0.3815,nan
spockframework/spock,spockframework__spock,2025-04,2.7179,2.7179,0.5923,0.3766,nan
spring-projects/spring-integration,spring-projects__spring-integration,2024-09,7.2872,7.2872,0.6428,0.2651,nan
spring-projects/spring-integration,spring-projects__spring-integration,2024-10,7.289,7.289,0.6428,0.2653,nan
spring-projects/spring-integration,spring-projects__spring-integration,2024-11,7.2916,7.2916,0.6448,0.2635,nan
spring-projects/spring-integration,spring-projects__spring-integration,2024-12,7.2916,7.2916,0.6448,0.2635,nan
spring-projects/spring-integration,spring-projects__spring-integration,2025-01,7.2916,7.2916,0.6448,0.2635,nan
spring-projects/spring-integration,spring-projects__spring-integration,2025-02,7.329,7.329,0.6432,0.2646,nan
spring-projects/spring-integration,spring-projects__spring-integration,2025-03,7.3195,7.3195,0.6425,0.2638,nan
spring-projects/spring-integration,spring-projects__spring-integration,2025-04,7.3247,7.3247,0.6426,0.2638,nan
spring-projects/spring-integration,spring-projects__spring-integration,2025-05,7.3368,7.3368,0.6435,0.2643,nan
spring-projects/spring-integration,spring-projects__spring-integration,2025-06,7.3368,7.3368,0.6444,0.2623,nan
spring-projects/spring-integration,spring-projects__spring-integration,2025-07,7.584,7.584,0.6437,0.2622,nan
spring-projects/spring-integration,spring-projects__spring-integration,2025-08,7.6088,7.6088,0.6451,0.2609,nan
spring-projects/spring-integration,spring-projects__spring-integration,2025-09,7.6321,7.6321,0.6453,0.261,nan
standard-webhooks/standard-webhooks,standard-webhooks__standard-webhooks,2025-03,0.3333,0.3333,0.6667,0.3333,nan
standard-webhooks/standard-webhooks,standard-webhooks__standard-webhooks,2025-04,0.3333,0.3333,0.6667,0.3333,nan
standard-webhooks/standard-webhooks,standard-webhooks__standard-webhooks,2025-05,0.3333,0.3333,0.6667,0.3333,nan
standard-webhooks/standard-webhooks,standard-webhooks__standard-webhooks,2025-06,0.3333,0.3333,0.6667,0.3333,nan
standard-webhooks/standard-webhooks,standard-webhooks__standard-webhooks,2025-07,0.3333,0.3333,0.6667,0.3333,nan
standard-webhooks/standard-webhooks,standard-webhooks__standard-webhooks,2025-08,0.3333,0.3333,0.6667,0.3333,nan
standard-webhooks/standard-webhooks,standard-webhooks__standard-webhooks,2025-09,0.3333,0.3333,0.6667,0.3333,nan
standard-webhooks/standard-webhooks,standard-webhooks__standard-webhooks,2025-10,0.3333,0.3333,0.6667,0.3333,nan
standard-webhooks/standard-webhooks,standard-webhooks__standard-webhooks,2025-11,0.3333,0.3333,0.6667,0.3333,nan
standard-webhooks/standard-webhooks,standard-webhooks__standard-webhooks,2025-12,0.3333,0.3333,0.6667,0.3333,nan
standard-webhooks/standard-webhooks,standard-webhooks__standard-webhooks,2026-01,0.3333,0.3333,0.6667,0.3333,nan
standard-webhooks/standard-webhooks,standard-webhooks__standard-webhooks,2026-02,0.3333,0.3333,0.6667,0.381,nan
standard-webhooks/standard-webhooks,standard-webhooks__standard-webhooks,2026-03,0.3333,0.3333,0.6667,0.381,nan
swift-lang/swift-t,swift-lang__swift-t,2025-04,5.0909,5.0909,0.5664,0.3954,nan
swift-lang/swift-t,swift-lang__swift-t,2025-05,5.0909,5.0909,0.5664,0.3954,nan
swift-lang/swift-t,swift-lang__swift-t,2025-06,5.0909,5.0909,0.5664,0.3954,nan
swift-lang/swift-t,swift-lang__swift-t,2025-07,5.0909,5.0909,0.5664,0.3954,nan
swift-lang/swift-t,swift-lang__swift-t,2025-08,5.0909,5.0909,0.5664,0.3954,nan
swift-lang/swift-t,swift-lang__swift-t,2025-09,5.0909,5.0909,0.5664,0.3954,nan
swift-lang/swift-t,swift-lang__swift-t,2025-10,5.0909,5.0909,0.5664,0.3954,nan
swift-lang/swift-t,swift-lang__swift-t,2025-11,5.0909,5.0909,0.5664,0.3954,nan
swift-lang/swift-t,swift-lang__swift-t,2025-12,5.0909,5.0909,0.5664,0.3954,nan
swift-lang/swift-t,swift-lang__swift-t,2026-01,5.0909,5.0909,0.5664,0.3954,nan
swift-lang/swift-t,swift-lang__swift-t,2026-02,5.0909,5.0909,0.5664,0.3954,nan
swift-lang/swift-t,swift-lang__swift-t,2026-03,5.0909,5.0909,0.5664,0.3954,nan
swift-lang/swift-t,swift-lang__swift-t,2026-04,5.0909,5.0909,0.5664,0.3954,nan
tcheeric/nostr-java,tcheeric__nostr-java,2025-01,4.3617,4.3617,0.5453,0.335,nan
tcheeric/nostr-java,tcheeric__nostr-java,2025-02,4.4255,4.4255,0.5288,0.3297,nan
tcheeric/nostr-java,tcheeric__nostr-java,2025-04,4.3333,4.3333,0.4843,0.3953,nan
tcheeric/nostr-java,tcheeric__nostr-java,2025-05,4.3333,4.3333,0.4843,0.3953,nan
tcheeric/nostr-java,tcheeric__nostr-java,2025-06,4.7879,4.7879,0.5086,0.3796,nan
tcheeric/nostr-java,tcheeric__nostr-java,2025-07,4.8182,4.8182,0.5081,0.381,nan
tcheeric/nostr-java,tcheeric__nostr-java,2025-08,4.7429,4.7429,0.5005,0.4073,nan
tcheeric/nostr-java,tcheeric__nostr-java,2025-09,4.9714,4.9714,0.4935,0.418,nan
tcheeric/nostr-java,tcheeric__nostr-java,2025-10,4.9714,4.9714,0.4935,0.418,nan
tcheeric/nostr-java,tcheeric__nostr-java,2025-11,5.9348,5.9348,0.4584,0.4489,nan
tcheeric/nostr-java,tcheeric__nostr-java,2025-12,5.9348,5.9348,0.4584,0.4489,nan
tcheeric/nostr-java,tcheeric__nostr-java,2026-01,5.913,5.913,0.4596,0.4477,nan
tradestreamhq/tradestream,tradestreamhq__tradestream,2025-01,0.2,0.2,0.8,0.1333,nan
tradestreamhq/tradestream,tradestreamhq__tradestream,2025-02,0.2,0.2,0.8,0.1333,nan
tradestreamhq/tradestream,tradestreamhq__tradestream,2025-03,0.9444,0.9444,0.3981,0.4473,nan
tradestreamhq/tradestream,tradestreamhq__tradestream,2025-04,1.16,1.16,0.629,0.3034,nan
tradestreamhq/tradestream,tradestreamhq__tradestream,2025-05,1.16,1.16,0.629,0.3034,nan
tradestreamhq/tradestream,tradestreamhq__tradestream,2025-06,1.16,1.16,0.629,0.3034,nan
tradestreamhq/tradestream,tradestreamhq__tradestream,2025-07,1.6154,1.6154,0.891,0.0792,nan
tradestreamhq/tradestream,tradestreamhq__tradestream,2025-08,1.6234,1.6234,0.8961,0.0749,nan
tradestreamhq/tradestream,tradestreamhq__tradestream,2025-09,1.6234,1.6234,0.8961,0.0749,nan
tradestreamhq/tradestream,tradestreamhq__tradestream,2025-10,1.6234,1.6234,0.8961,0.0749,nan
tradestreamhq/tradestream,tradestreamhq__tradestream,2025-11,1.6234,1.6234,0.8961,0.0749,nan
tradestreamhq/tradestream,tradestreamhq__tradestream,2025-12,1.6234,1.6234,0.8961,0.0749,nan
ttoklip/BackEnd,ttoklip__BackEnd,2025-02,4.7293,4.7293,0.6799,0.3064,nan
ttoklip/BackEnd,ttoklip__BackEnd,2025-03,4.7293,4.7293,0.6799,0.3064,nan
ttoklip/BackEnd,ttoklip__BackEnd,2025-04,4.7293,4.7293,0.6799,0.3064,nan
ttoklip/BackEnd,ttoklip__BackEnd,2025-05,4.7293,4.7293,0.6799,0.3064,nan
ttoklip/BackEnd,ttoklip__BackEnd,2025-06,4.7293,4.7293,0.6799,0.3064,nan
ttoklip/BackEnd,ttoklip__BackEnd,2025-07,4.7293,4.7293,0.6799,0.3064,nan
ttoklip/BackEnd,ttoklip__BackEnd,2025-08,4.7293,4.7293,0.6799,0.3064,nan
ttoklip/BackEnd,ttoklip__BackEnd,2025-09,4.7293,4.7293,0.6799,0.3064,nan
ttoklip/BackEnd,ttoklip__BackEnd,2025-10,4.7293,4.7293,0.6799,0.3064,nan
ttoklip/BackEnd,ttoklip__BackEnd,2025-11,4.7293,4.7293,0.6799,0.3064,nan
ttoklip/BackEnd,ttoklip__BackEnd,2025-12,4.7293,4.7293,0.6799,0.3064,nan
ttoklip/BackEnd,ttoklip__BackEnd,2026-01,4.7293,4.7293,0.6799,0.3064,nan
ttoklip/BackEnd,ttoklip__BackEnd,2026-02,4.7293,4.7293,0.6799,0.3064,nan
wildmountainfarms/solarthing,wildmountainfarms__solarthing,2024-12,6.8421,6.8421,0.554,0.2881,nan
wildmountainfarms/solarthing,wildmountainfarms__solarthing,2025-01,6.9502,6.9502,0.5667,0.2852,nan
wildmountainfarms/solarthing,wildmountainfarms__solarthing,2025-02,6.9502,6.9502,0.5667,0.2852,nan
wildmountainfarms/solarthing,wildmountainfarms__solarthing,2025-03,6.9502,6.9502,0.5667,0.2852,nan
wildmountainfarms/solarthing,wildmountainfarms__solarthing,2025-04,6.9502,6.9502,0.5667,0.2852,nan
wildmountainfarms/solarthing,wildmountainfarms__solarthing,2025-05,6.9502,6.9502,0.5667,0.2852,nan
wildmountainfarms/solarthing,wildmountainfarms__solarthing,2025-06,6.9502,6.9502,0.5667,0.2852,nan
wildmountainfarms/solarthing,wildmountainfarms__solarthing,2025-07,6.9502,6.9502,0.5667,0.2852,nan
wildmountainfarms/solarthing,wildmountainfarms__solarthing,2025-08,6.9502,6.9502,0.5667,0.2852,nan
wildmountainfarms/solarthing,wildmountainfarms__solarthing,2025-09,6.9356,6.9356,0.568,0.2846,nan
wildmountainfarms/solarthing,wildmountainfarms__solarthing,2025-10,6.9356,6.9356,0.568,0.2846,nan
wildmountainfarms/solarthing,wildmountainfarms__solarthing,2025-11,6.9356,6.9356,0.568,0.2846,nan
wildmountainfarms/solarthing,wildmountainfarms__solarthing,2025-12,6.9356,6.9356,0.568,0.2846,nan
wisemapping/wisemapping-open-source,wisemapping__wisemapping-open-source,2025-04,2.9524,2.9524,0.6145,0.3453,nan
wisemapping/wisemapping-open-source,wisemapping__wisemapping-open-source,2025-05,2.9524,2.9524,0.6145,0.3453,nan
wisemapping/wisemapping-open-source,wisemapping__wisemapping-open-source,2025-06,2.9524,2.9524,0.6145,0.3453,nan
wisemapping/wisemapping-open-source,wisemapping__wisemapping-open-source,2025-07,2.9524,2.9524,0.6145,0.3453,nan
wisemapping/wisemapping-open-source,wisemapping__wisemapping-open-source,2025-08,2.9524,2.9524,0.6145,0.3453,nan
wisemapping/wisemapping-open-source,wisemapping__wisemapping-open-source,2025-09,2.9524,2.9524,0.6145,0.3453,nan
wisemapping/wisemapping-open-source,wisemapping__wisemapping-open-source,2025-10,2.875,2.875,0.6719,0.2956,nan
wisemapping/wisemapping-open-source,wisemapping__wisemapping-open-source,2025-11,2.931,2.931,0.6978,0.2726,nan
wisemapping/wisemapping-open-source,wisemapping__wisemapping-open-source,2025-12,2.6765,2.6765,0.71,0.2643,nan
wisemapping/wisemapping-open-source,wisemapping__wisemapping-open-source,2026-01,2.7647,2.7647,0.7102,0.2656,nan
wisemapping/wisemapping-open-source,wisemapping__wisemapping-open-source,2026-02,2.7647,2.7647,0.7139,0.2613,nan
wisemapping/wisemapping-open-source,wisemapping__wisemapping-open-source,2026-03,2.8235,2.8235,0.7139,0.2615,nan
wisemapping/wisemapping-open-source,wisemapping__wisemapping-open-source,2026-04,2.8235,2.8235,0.7139,0.2615,nan
wso2-extensions/identity-organization-management,wso2-extensions__identity-organization-management,2025-02,2.0085,2.0085,0.5644,0.4104,nan
wso2-extensions/identity-organization-management,wso2-extensions__identity-organization-management,2025-03,2.0339,2.0339,0.562,0.4133,nan
wso2-extensions/identity-organization-management,wso2-extensions__identity-organization-management,2025-04,2.0339,2.0339,0.5602,0.4143,nan
wso2-extensions/identity-organization-management,wso2-extensions__identity-organization-management,2025-05,2.0339,2.0339,0.5602,0.4143,nan
wso2-extensions/identity-organization-management,wso2-extensions__identity-organization-management,2025-06,1.9766,1.9766,0.5742,0.4042,nan
wso2-extensions/identity-organization-management,wso2-extensions__identity-organization-management,2025-07,1.9766,1.9766,0.5742,0.4042,nan
wso2-extensions/identity-organization-management,wso2-extensions__identity-organization-management,2025-08,2.3712,2.3712,0.5724,0.4089,nan
wso2-extensions/identity-organization-management,wso2-extensions__identity-organization-management,2025-09,2.3788,2.3788,0.5714,0.4094,nan
wso2-extensions/identity-organization-management,wso2-extensions__identity-organization-management,2025-10,2.3864,2.3864,0.5707,0.41,nan
wso2-extensions/identity-organization-management,wso2-extensions__identity-organization-management,2025-11,2.3864,2.3864,0.5707,0.41,nan
wso2-extensions/identity-organization-management,wso2-extensions__identity-organization-management,2025-12,2.3864,2.3864,0.5707,0.41,nan
wso2-extensions/identity-organization-management,wso2-extensions__identity-organization-management,2026-01,2.3864,2.3864,0.5714,0.4103,nan
wso2-extensions/identity-organization-management,wso2-extensions__identity-organization-management,2026-02,2.3864,2.3864,0.5714,0.4103,nan
wultra/powerauth-server,wultra__powerauth-server,2025-05,3.9425,3.9425,0.5506,0.4519,nan
wultra/powerauth-server,wultra__powerauth-server,2025-06,3.9425,3.9425,0.5506,0.4519,nan
wultra/powerauth-server,wultra__powerauth-server,2025-07,3.954,3.954,0.5511,0.4521,nan
wultra/powerauth-server,wultra__powerauth-server,2025-08,4.8843,4.8843,0.5233,0.4822,nan
wultra/powerauth-server,wultra__powerauth-server,2025-09,4.8387,4.8387,0.5239,0.4759,nan
wultra/powerauth-server,wultra__powerauth-server,2025-10,4.8492,4.8492,0.5265,0.4734,nan
wultra/powerauth-server,wultra__powerauth-server,2025-11,4.9127,4.9127,0.531,0.469,nan
wultra/powerauth-server,wultra__powerauth-server,2025-12,4.9528,4.9528,0.5337,0.4654,nan
wultra/powerauth-server,wultra__powerauth-server,2026-01,5.0079,5.0079,0.5331,0.466,nan
wultra/powerauth-server,wultra__powerauth-server,2026-02,5.0236,5.0236,0.5333,0.4666,nan
wultra/powerauth-server,wultra__powerauth-server,2026-03,5.0236,5.0236,0.5333,0.4666,nan
wultra/powerauth-server,wultra__powerauth-server,2026-04,5.0551,5.0551,0.5327,0.4672,nan
wultra/powerauth-server,wultra__powerauth-server,2026-05,5.0551,5.0551,0.5327,0.4672,nan
xerial/snappy-java,xerial__snappy-java,2025-01,0.4,0.4,0.6,0.2731,nan
xerial/snappy-java,xerial__snappy-java,2025-02,0.4,0.4,0.6,0.2731,nan
xerial/snappy-java,xerial__snappy-java,2025-03,0.4,0.4,0.6,0.2731,nan
xerial/snappy-java,xerial__snappy-java,2025-04,0.4,0.4,0.6,0.2731,nan
xerial/snappy-java,xerial__snappy-java,2025-05,0.4,0.4,0.6,0.2731,nan
xerial/snappy-java,xerial__snappy-java,2025-06,0.4,0.4,0.6,0.2731,nan
xerial/snappy-java,xerial__snappy-java,2025-07,0.4,0.4,0.6,0.2731,nan
xerial/snappy-java,xerial__snappy-java,2025-08,0.4,0.4,0.6,0.2731,nan
xerial/snappy-java,xerial__snappy-java,2025-09,0.4,0.4,0.6,0.2731,nan
xerial/snappy-java,xerial__snappy-java,2025-10,0.4,0.4,0.6,0.2731,nan
xerial/snappy-java,xerial__snappy-java,2025-11,0.4,0.4,0.6,0.2731,nan
xerial/snappy-java,xerial__snappy-java,2025-12,0.4,0.4,0.6,0.2731,nan
xerial/snappy-java,xerial__snappy-java,2026-01,0.4,0.4,0.6,0.2731,nan
xtclang/xvm,xtclang__xvm,2025-07,5.4839,5.4839,0.6361,0.2763,nan
xtclang/xvm,xtclang__xvm,2026-01,5.3514,5.3514,0.6323,0.2918,nan
xtclang/xvm,xtclang__xvm,2026-02,5.3514,5.3514,0.6316,0.2891,nan
yellowstonegames/SquidSquad,yellowstonegames__SquidSquad,2025-02,1.7455,1.7455,0.7089,0.2289,nan
yellowstonegames/SquidSquad,yellowstonegames__SquidSquad,2025-03,1.7049,1.7049,0.7035,0.2282,nan
yellowstonegames/SquidSquad,yellowstonegames__SquidSquad,2025-04,1.6885,1.6885,0.7035,0.2282,nan
yellowstonegames/SquidSquad,yellowstonegames__SquidSquad,2025-05,1.6885,1.6885,0.7003,0.2315,nan
yellowstonegames/SquidSquad,yellowstonegames__SquidSquad,2025-06,1.7049,1.7049,0.6979,0.2339,nan
yellowstonegames/SquidSquad,yellowstonegames__SquidSquad,2025-07,1.8033,1.8033,0.697,0.2348,nan
yellowstonegames/SquidSquad,yellowstonegames__SquidSquad,2025-08,1.8226,1.8226,0.6957,0.2373,nan
yellowstonegames/SquidSquad,yellowstonegames__SquidSquad,2025-09,1.8226,1.8226,0.6957,0.2372,nan
yellowstonegames/SquidSquad,yellowstonegames__SquidSquad,2025-10,1.8226,1.8226,0.6952,0.2379,nan
yellowstonegames/SquidSquad,yellowstonegames__SquidSquad,2025-11,1.7385,1.7385,0.7092,0.2269,nan
yellowstonegames/SquidSquad,yellowstonegames__SquidSquad,2025-12,1.6866,1.6866,0.7179,0.2202,nan
yellowstonegames/SquidSquad,yellowstonegames__SquidSquad,2026-01,1.6716,1.6716,0.7179,0.2202,nan
yellowstonegames/SquidSquad,yellowstonegames__SquidSquad,2026-02,1.6716,1.6716,0.7179,0.2202,nan
yennanliu/CS_basics,yennanliu__CS_basics,2025-04,0.3182,0.3182,0.3333,0.6602,nan
yennanliu/CS_basics,yennanliu__CS_basics,2025-06,0.3209,0.3209,0.336,0.6575,nan
yennanliu/CS_basics,yennanliu__CS_basics,2025-07,0.3209,0.3209,0.336,0.6575,nan
yennanliu/CS_basics,yennanliu__CS_basics,2025-08,0.3209,0.3209,0.336,0.6575,nan
yennanliu/CS_basics,yennanliu__CS_basics,2025-09,0.3209,0.3209,0.336,0.6575,nan
yennanliu/CS_basics,yennanliu__CS_basics,2025-10,0.3218,0.3218,0.3342,0.6593,nan
yennanliu/CS_basics,yennanliu__CS_basics,2025-11,0.3351,0.3351,0.3369,0.6566,nan
yennanliu/CS_basics,yennanliu__CS_basics,2025-12,0.3484,0.3484,0.3449,0.6487,nan
yennanliu/CS_basics,yennanliu__CS_basics,2026-01,0.3457,0.3457,0.3449,0.6487,nan
yennanliu/CS_basics,yennanliu__CS_basics,2026-02,0.3431,0.3431,0.3449,0.6487,nan
yennanliu/CS_basics,yennanliu__CS_basics,2026-03,0.3404,0.3404,0.3422,0.6513,nan
yennanliu/CS_basics,yennanliu__CS_basics,2026-04,0.3422,0.3422,0.3439,0.6496,nan
zilliztech/vts,zilliztech__vts,2025-01,6.5515,6.5515,0.6759,0.2882,nan
zilliztech/vts,zilliztech__vts,2025-06,6.3079,6.3079,0.6743,0.2797,nan
zilliztech/vts,zilliztech__vts,2025-07,6.2663,6.2663,0.6467,0.3036,nan
zilliztech/vts,zilliztech__vts,2025-08,6.2663,6.2663,0.6467,0.3036,nan
zilliztech/vts,zilliztech__vts,2025-09,6.2585,6.2585,0.6474,0.303,nan
zilliztech/vts,zilliztech__vts,2025-10,6.2398,6.2398,0.6488,0.3019,nan
zilliztech/vts,zilliztech__vts,2025-12,6.2469,6.2469,0.6488,0.3019,nan
