repo_name,dir_name,month,cd_count,ud_count,hl_count,gc_count,total_smells,num_packages,loc,kloc
ACGaming/UniversalTweaks,ACGaming__UniversalTweaks,2025-01,29,3,1,0,33,615,18363,18.363
ACGaming/UniversalTweaks,ACGaming__UniversalTweaks,2025-02,30,3,1,0,34,624,18721,18.721
ACGaming/UniversalTweaks,ACGaming__UniversalTweaks,2025-03,32,3,1,0,36,623,18970,18.97
ACGaming/UniversalTweaks,ACGaming__UniversalTweaks,2025-04,32,3,1,0,36,638,19554,19.554
ACGaming/UniversalTweaks,ACGaming__UniversalTweaks,2025-05,32,3,0,0,35,652,19700,19.7
ACGaming/UniversalTweaks,ACGaming__UniversalTweaks,2025-06,32,3,0,0,35,652,19702,19.702
ACGaming/UniversalTweaks,ACGaming__UniversalTweaks,2025-07,32,3,0,0,35,658,19782,19.782
ACGaming/UniversalTweaks,ACGaming__UniversalTweaks,2025-08,33,3,0,0,36,659,19543,19.543
ACGaming/UniversalTweaks,ACGaming__UniversalTweaks,2025-09,35,3,0,0,38,664,19942,19.942
ACGaming/UniversalTweaks,ACGaming__UniversalTweaks,2025-10,35,3,0,0,38,666,19984,19.984
ACGaming/UniversalTweaks,ACGaming__UniversalTweaks,2025-11,35,3,0,0,38,706,20949,20.949
ACGaming/UniversalTweaks,ACGaming__UniversalTweaks,2025-12,35,3,0,0,38,709,21232,21.232
ACGaming/UniversalTweaks,ACGaming__UniversalTweaks,2026-01,35,3,0,0,38,766,22417,22.417
Angular2Guy/MovieManager,Angular2Guy__MovieManager,2025-01,0,0,0,0,0,28,4104,4.104
Angular2Guy/MovieManager,Angular2Guy__MovieManager,2025-02,0,0,0,0,0,28,4133,4.133
Angular2Guy/MovieManager,Angular2Guy__MovieManager,2025-03,0,0,0,0,0,28,4127,4.127
Angular2Guy/MovieManager,Angular2Guy__MovieManager,2025-04,0,0,0,0,0,28,4232,4.232
Angular2Guy/MovieManager,Angular2Guy__MovieManager,2025-05,0,0,0,0,0,28,4259,4.259
Angular2Guy/MovieManager,Angular2Guy__MovieManager,2025-06,0,0,0,0,0,28,4259,4.259
Angular2Guy/MovieManager,Angular2Guy__MovieManager,2025-07,0,0,0,0,0,28,4259,4.259
Angular2Guy/MovieManager,Angular2Guy__MovieManager,2025-08,0,0,0,0,0,28,4259,4.259
Angular2Guy/MovieManager,Angular2Guy__MovieManager,2025-09,0,0,0,0,0,28,4259,4.259
Angular2Guy/MovieManager,Angular2Guy__MovieManager,2025-10,0,0,0,0,0,28,4259,4.259
Angular2Guy/MovieManager,Angular2Guy__MovieManager,2025-11,0,0,0,0,0,28,4259,4.259
Angular2Guy/MovieManager,Angular2Guy__MovieManager,2025-12,0,0,0,0,0,28,4257,4.257
Angular2Guy/MovieManager,Angular2Guy__MovieManager,2026-01,0,0,0,0,0,28,4257,4.257
ArcadeData/arcadedb,ArcadeData__arcadedb,2024-04,212,4,4,2,222,114,117260,117.26
ArcadeData/arcadedb,ArcadeData__arcadedb,2024-05,212,4,4,2,222,114,117855,117.855
ArcadeData/arcadedb,ArcadeData__arcadedb,2024-06,212,4,4,2,222,114,117913,117.913
ArcadeData/arcadedb,ArcadeData__arcadedb,2024-07,212,4,4,2,222,114,117959,117.959
ArcadeData/arcadedb,ArcadeData__arcadedb,2024-08,212,4,4,2,222,114,118148,118.148
ArcadeData/arcadedb,ArcadeData__arcadedb,2024-09,212,4,4,2,222,114,118311,118.311
ArcadeData/arcadedb,ArcadeData__arcadedb,2024-10,220,5,4,2,231,114,118598,118.598
ArcadeData/arcadedb,ArcadeData__arcadedb,2024-11,221,5,4,2,232,114,118937,118.937
ArcadeData/arcadedb,ArcadeData__arcadedb,2024-12,230,6,3,2,241,107,118027,118.027
ArcadeData/arcadedb,ArcadeData__arcadedb,2025-01,230,5,2,2,239,109,118868,118.868
ArcadeData/arcadedb,ArcadeData__arcadedb,2025-02,231,4,2,2,239,109,119694,119.694
ArcadeData/arcadedb,ArcadeData__arcadedb,2025-03,231,6,2,2,241,109,120135,120.135
ArcadeData/arcadedb,ArcadeData__arcadedb,2025-04,231,5,2,2,240,113,121383,121.383
AutoMQ/automq,AutoMQ__automq,2025-05,1089,9,1,4,1103,422,608005,608.005
AutoMQ/automq,AutoMQ__automq,2025-07,1099,8,9,3,1119,448,616217,616.217
AutoMQ/automq,AutoMQ__automq,2025-08,1099,8,9,3,1119,448,616565,616.565
AutoMQ/automq,AutoMQ__automq,2025-12,1104,9,5,16,1134,464,625556,625.556
AutoMQ/automq,AutoMQ__automq,2026-01,1103,9,1,2,1115,464,626220,626.22
BBMRI-ERIC/negotiator,BBMRI-ERIC__negotiator,2024-10,79,2,1,0,82,58,19762,19.762
BBMRI-ERIC/negotiator,BBMRI-ERIC__negotiator,2024-11,79,2,2,0,83,61,20480,20.48
BBMRI-ERIC/negotiator,BBMRI-ERIC__negotiator,2024-12,82,2,4,0,88,57,19275,19.275
BBMRI-ERIC/negotiator,BBMRI-ERIC__negotiator,2025-01,76,2,2,0,80,57,19780,19.78
BBMRI-ERIC/negotiator,BBMRI-ERIC__negotiator,2025-02,76,2,5,0,83,58,20292,20.292
BBMRI-ERIC/negotiator,BBMRI-ERIC__negotiator,2025-03,78,1,4,0,83,58,21072,21.072
BBMRI-ERIC/negotiator,BBMRI-ERIC__negotiator,2025-04,79,1,1,0,81,58,21604,21.604
BBMRI-ERIC/negotiator,BBMRI-ERIC__negotiator,2025-05,78,1,2,0,81,61,23043,23.043
BBMRI-ERIC/negotiator,BBMRI-ERIC__negotiator,2025-06,78,1,2,0,81,62,23897,23.897
BBMRI-ERIC/negotiator,BBMRI-ERIC__negotiator,2025-07,79,1,1,0,81,64,24603,24.603
BBMRI-ERIC/negotiator,BBMRI-ERIC__negotiator,2025-08,71,1,4,0,76,61,26475,26.475
BBMRI-ERIC/negotiator,BBMRI-ERIC__negotiator,2025-09,80,2,4,0,86,60,28263,28.263
BBMRI-ERIC/negotiator,BBMRI-ERIC__negotiator,2025-10,82,2,1,0,85,60,29530,29.53
BenCodez/AdvancedCore,BenCodez__AdvancedCore,2025-02,57,2,2,0,61,70,12994,12.994
BenCodez/AdvancedCore,BenCodez__AdvancedCore,2025-03,57,1,3,0,61,71,13425,13.425
BenCodez/AdvancedCore,BenCodez__AdvancedCore,2025-04,57,1,3,0,61,71,13443,13.443
BenCodez/AdvancedCore,BenCodez__AdvancedCore,2025-05,57,1,3,0,61,71,13534,13.534
BenCodez/AdvancedCore,BenCodez__AdvancedCore,2025-06,54,1,2,0,57,59,12211,12.211
BenCodez/AdvancedCore,BenCodez__AdvancedCore,2025-07,54,1,2,0,57,59,12252,12.252
BenCodez/AdvancedCore,BenCodez__AdvancedCore,2025-08,54,1,2,0,57,59,12271,12.271
BenCodez/AdvancedCore,BenCodez__AdvancedCore,2025-09,54,1,2,0,57,59,12271,12.271
BenCodez/AdvancedCore,BenCodez__AdvancedCore,2025-10,54,1,2,0,57,59,12316,12.316
BenCodez/AdvancedCore,BenCodez__AdvancedCore,2025-11,54,1,2,0,57,59,12489,12.489
BenCodez/AdvancedCore,BenCodez__AdvancedCore,2025-12,54,1,2,0,57,59,12561,12.561
BenCodez/AdvancedCore,BenCodez__AdvancedCore,2026-01,54,1,2,0,57,58,12575,12.575
BenCodez/AdvancedCore,BenCodez__AdvancedCore,2026-02,53,1,2,0,56,59,12918,12.918
DIGI-UW/OpenELIS-Global-2,DIGI-UW__OpenELIS-Global-2,2025-05,1523,15,3,0,1541,793,116288,116.288
DIGI-UW/OpenELIS-Global-2,DIGI-UW__OpenELIS-Global-2,2025-06,1533,15,2,0,1550,794,117434,117.434
DIGI-UW/OpenELIS-Global-2,DIGI-UW__OpenELIS-Global-2,2025-07,1553,16,5,0,1574,796,119951,119.951
DIGI-UW/OpenELIS-Global-2,DIGI-UW__OpenELIS-Global-2,2025-08,1658,16,5,0,1679,796,124851,124.851
DIGI-UW/OpenELIS-Global-2,DIGI-UW__OpenELIS-Global-2,2025-09,1663,16,5,0,1684,804,125842,125.842
DIGI-UW/OpenELIS-Global-2,DIGI-UW__OpenELIS-Global-2,2025-10,1663,16,5,0,1684,804,126089,126.089
DIGI-UW/OpenELIS-Global-2,DIGI-UW__OpenELIS-Global-2,2025-11,1666,16,5,0,1687,814,127157,127.157
DIGI-UW/OpenELIS-Global-2,DIGI-UW__OpenELIS-Global-2,2025-12,1793,19,2,0,1814,856,143918,143.918
DIGI-UW/OpenELIS-Global-2,DIGI-UW__OpenELIS-Global-2,2026-01,1816,18,2,0,1836,870,149986,149.986
DIGI-UW/OpenELIS-Global-2,DIGI-UW__OpenELIS-Global-2,2026-02,1816,18,2,0,1836,870,150581,150.581
DIGI-UW/OpenELIS-Global-2,DIGI-UW__OpenELIS-Global-2,2026-03,1794,18,5,0,1817,892,168361,168.361
DIGI-UW/OpenELIS-Global-2,DIGI-UW__OpenELIS-Global-2,2026-04,1807,18,5,1,1831,895,171249,171.249
DIGI-UW/OpenELIS-Global-2,DIGI-UW__OpenELIS-Global-2,2026-05,1807,18,5,1,1831,895,171249,171.249
DataSQRL/flink-sql-runner,DataSQRL__flink-sql-runner,2024-11,0,0,0,0,0,2,325,0.325
DataSQRL/flink-sql-runner,DataSQRL__flink-sql-runner,2024-12,0,0,0,0,0,2,397,0.397
DataSQRL/flink-sql-runner,DataSQRL__flink-sql-runner,2025-01,0,0,0,0,0,2,397,0.397
DataSQRL/flink-sql-runner,DataSQRL__flink-sql-runner,2025-02,0,0,0,0,0,2,397,0.397
DataSQRL/flink-sql-runner,DataSQRL__flink-sql-runner,2025-03,0,0,0,0,0,2,449,0.449
DataSQRL/flink-sql-runner,DataSQRL__flink-sql-runner,2025-04,1,0,0,0,1,20,3116,3.116
DataSQRL/flink-sql-runner,DataSQRL__flink-sql-runner,2025-05,0,1,0,0,1,38,4477,4.477
DataSQRL/flink-sql-runner,DataSQRL__flink-sql-runner,2025-06,0,1,0,0,1,38,5734,5.734
DataSQRL/flink-sql-runner,DataSQRL__flink-sql-runner,2025-07,0,0,0,0,0,34,6430,6.43
DataSQRL/flink-sql-runner,DataSQRL__flink-sql-runner,2025-08,0,0,0,0,0,34,6436,6.436
DataSQRL/flink-sql-runner,DataSQRL__flink-sql-runner,2025-09,0,0,0,0,0,34,6470,6.47
DataSQRL/flink-sql-runner,DataSQRL__flink-sql-runner,2025-10,0,0,0,0,0,34,6604,6.604
Engineering-Research-and-Development/dsp-true-connector,Engineering-Research-and-Development__dsp-true-connector,2025-05,9,1,1,0,11,70,15503,15.503
Engineering-Research-and-Development/dsp-true-connector,Engineering-Research-and-Development__dsp-true-connector,2025-06,17,3,2,0,22,92,27366,27.366
Engineering-Research-and-Development/dsp-true-connector,Engineering-Research-and-Development__dsp-true-connector,2025-07,19,3,3,0,25,98,28789,28.789
Engineering-Research-and-Development/dsp-true-connector,Engineering-Research-and-Development__dsp-true-connector,2025-08,19,3,3,0,25,98,28789,28.789
Engineering-Research-and-Development/dsp-true-connector,Engineering-Research-and-Development__dsp-true-connector,2025-09,19,3,1,0,23,109,31569,31.569
Engineering-Research-and-Development/dsp-true-connector,Engineering-Research-and-Development__dsp-true-connector,2025-10,19,3,1,0,23,109,31569,31.569
Engineering-Research-and-Development/dsp-true-connector,Engineering-Research-and-Development__dsp-true-connector,2025-11,19,3,1,0,23,112,32118,32.118
Engineering-Research-and-Development/dsp-true-connector,Engineering-Research-and-Development__dsp-true-connector,2025-12,18,3,2,0,23,113,33287,33.287
Engineering-Research-and-Development/dsp-true-connector,Engineering-Research-and-Development__dsp-true-connector,2026-01,18,3,2,0,23,113,33287,33.287
Engineering-Research-and-Development/dsp-true-connector,Engineering-Research-and-Development__dsp-true-connector,2026-02,18,3,5,0,26,114,34034,34.034
Engineering-Research-and-Development/dsp-true-connector,Engineering-Research-and-Development__dsp-true-connector,2026-03,18,3,5,0,26,114,34034,34.034
Engineering-Research-and-Development/dsp-true-connector,Engineering-Research-and-Development__dsp-true-connector,2026-04,18,3,5,0,26,114,34161,34.161
Engineering-Research-and-Development/dsp-true-connector,Engineering-Research-and-Development__dsp-true-connector,2026-05,18,3,5,0,26,114,34161,34.161
GoogleCloudPlatform/jit-groups,GoogleCloudPlatform__jit-groups,2025-04,19,0,1,0,20,16,18587,18.587
GoogleCloudPlatform/jit-groups,GoogleCloudPlatform__jit-groups,2025-05,19,0,1,0,20,16,18587,18.587
GoogleCloudPlatform/jit-groups,GoogleCloudPlatform__jit-groups,2025-06,19,0,1,0,20,16,18587,18.587
GoogleCloudPlatform/jit-groups,GoogleCloudPlatform__jit-groups,2025-07,19,0,1,0,20,16,18587,18.587
GoogleCloudPlatform/jit-groups,GoogleCloudPlatform__jit-groups,2025-08,19,0,1,0,20,19,18860,18.86
GoogleCloudPlatform/jit-groups,GoogleCloudPlatform__jit-groups,2025-09,19,0,1,0,20,19,18860,18.86
GoogleCloudPlatform/jit-groups,GoogleCloudPlatform__jit-groups,2025-10,19,0,1,0,20,19,18860,18.86
GoogleCloudPlatform/jit-groups,GoogleCloudPlatform__jit-groups,2025-11,19,0,1,0,20,19,18860,18.86
GoogleCloudPlatform/jit-groups,GoogleCloudPlatform__jit-groups,2025-12,19,0,1,0,20,19,18860,18.86
GoogleCloudPlatform/jit-groups,GoogleCloudPlatform__jit-groups,2026-01,19,0,1,0,20,19,18860,18.86
GoogleCloudPlatform/jit-groups,GoogleCloudPlatform__jit-groups,2026-02,19,0,1,0,20,19,18860,18.86
GoogleCloudPlatform/jit-groups,GoogleCloudPlatform__jit-groups,2026-03,19,0,1,0,20,19,18860,18.86
GoogleCloudPlatform/jit-groups,GoogleCloudPlatform__jit-groups,2026-04,19,0,1,0,20,19,18860,18.86
GoogleCloudPlatform/spring-cloud-gcp,GoogleCloudPlatform__spring-cloud-gcp,2025-02,37,1,2,2,42,490,131337,131.337
GoogleCloudPlatform/spring-cloud-gcp,GoogleCloudPlatform__spring-cloud-gcp,2025-03,37,1,2,2,42,490,132337,132.337
GoogleCloudPlatform/spring-cloud-gcp,GoogleCloudPlatform__spring-cloud-gcp,2025-04,37,1,3,2,43,488,132457,132.457
GoogleCloudPlatform/spring-cloud-gcp,GoogleCloudPlatform__spring-cloud-gcp,2025-05,37,1,3,2,43,488,132449,132.449
GoogleCloudPlatform/spring-cloud-gcp,GoogleCloudPlatform__spring-cloud-gcp,2025-06,37,1,3,2,43,486,133397,133.397
GoogleCloudPlatform/spring-cloud-gcp,GoogleCloudPlatform__spring-cloud-gcp,2025-07,37,1,3,2,43,487,135474,135.474
GoogleCloudPlatform/spring-cloud-gcp,GoogleCloudPlatform__spring-cloud-gcp,2025-08,37,1,3,2,43,488,136011,136.011
GoogleCloudPlatform/spring-cloud-gcp,GoogleCloudPlatform__spring-cloud-gcp,2025-09,37,1,3,2,43,491,139892,139.892
GoogleCloudPlatform/spring-cloud-gcp,GoogleCloudPlatform__spring-cloud-gcp,2025-10,38,1,3,2,44,491,141676,141.676
GoogleCloudPlatform/spring-cloud-gcp,GoogleCloudPlatform__spring-cloud-gcp,2025-11,38,1,3,2,44,491,142238,142.238
GoogleCloudPlatform/spring-cloud-gcp,GoogleCloudPlatform__spring-cloud-gcp,2025-12,38,1,3,2,44,491,142236,142.236
GoogleCloudPlatform/spring-cloud-gcp,GoogleCloudPlatform__spring-cloud-gcp,2026-01,38,1,3,2,44,491,143815,143.815
GoogleCloudPlatform/spring-cloud-gcp,GoogleCloudPlatform__spring-cloud-gcp,2026-02,38,1,3,2,44,491,144202,144.202
Gubaer/josm-scripting-plugin,Gubaer__josm-scripting-plugin,2025-04,17,0,2,0,19,20,6117,6.117
Gubaer/josm-scripting-plugin,Gubaer__josm-scripting-plugin,2025-05,17,0,2,0,19,20,6117,6.117
Gubaer/josm-scripting-plugin,Gubaer__josm-scripting-plugin,2025-06,17,0,2,0,19,20,6117,6.117
Gubaer/josm-scripting-plugin,Gubaer__josm-scripting-plugin,2025-07,17,0,2,0,19,20,6117,6.117
Gubaer/josm-scripting-plugin,Gubaer__josm-scripting-plugin,2025-08,17,0,2,0,19,20,6117,6.117
Gubaer/josm-scripting-plugin,Gubaer__josm-scripting-plugin,2025-09,17,0,2,0,19,20,6117,6.117
Gubaer/josm-scripting-plugin,Gubaer__josm-scripting-plugin,2025-10,17,0,2,0,19,20,6117,6.117
Gubaer/josm-scripting-plugin,Gubaer__josm-scripting-plugin,2025-11,17,0,2,0,19,20,6117,6.117
Gubaer/josm-scripting-plugin,Gubaer__josm-scripting-plugin,2025-12,17,0,2,0,19,20,6117,6.117
Gubaer/josm-scripting-plugin,Gubaer__josm-scripting-plugin,2026-01,17,0,2,0,19,20,6117,6.117
Gubaer/josm-scripting-plugin,Gubaer__josm-scripting-plugin,2026-02,17,0,2,0,19,20,6117,6.117
Gubaer/josm-scripting-plugin,Gubaer__josm-scripting-plugin,2026-03,17,0,2,0,19,20,6117,6.117
Gubaer/josm-scripting-plugin,Gubaer__josm-scripting-plugin,2026-04,17,0,2,0,19,20,6117,6.117
HDFGroup/hdfview,HDFGroup__hdfview,2025-03,5,2,3,1,11,28,55720,55.72
HDFGroup/hdfview,HDFGroup__hdfview,2025-04,5,2,3,1,11,28,55720,55.72
HDFGroup/hdfview,HDFGroup__hdfview,2025-05,5,2,3,1,11,28,55720,55.72
HDFGroup/hdfview,HDFGroup__hdfview,2025-06,5,2,3,1,11,28,55720,55.72
HDFGroup/hdfview,HDFGroup__hdfview,2025-07,5,2,3,1,11,28,56001,56.001
HDFGroup/hdfview,HDFGroup__hdfview,2025-08,5,2,3,1,11,28,56001,56.001
HDFGroup/hdfview,HDFGroup__hdfview,2025-12,5,2,3,1,11,25,50659,50.659
HDFGroup/hdfview,HDFGroup__hdfview,2026-01,5,2,3,1,11,25,51461,51.461
HDFGroup/hdfview,HDFGroup__hdfview,2026-02,5,2,3,1,11,25,51480,51.48
HDFGroup/hdfview,HDFGroup__hdfview,2026-03,5,2,3,1,11,25,51498,51.498
Haehnchen/idea-php-symfony2-plugin,Haehnchen__idea-php-symfony2-plugin,2025-05,324,10,5,0,339,306,52904,52.904
Haehnchen/idea-php-symfony2-plugin,Haehnchen__idea-php-symfony2-plugin,2025-06,324,10,5,0,339,306,53085,53.085
Haehnchen/idea-php-symfony2-plugin,Haehnchen__idea-php-symfony2-plugin,2025-07,324,10,5,0,339,306,53180,53.18
Haehnchen/idea-php-symfony2-plugin,Haehnchen__idea-php-symfony2-plugin,2025-08,324,10,5,0,339,306,53180,53.18
Haehnchen/idea-php-symfony2-plugin,Haehnchen__idea-php-symfony2-plugin,2025-09,324,10,5,0,339,306,53180,53.18
Haehnchen/idea-php-symfony2-plugin,Haehnchen__idea-php-symfony2-plugin,2025-10,324,10,5,0,339,306,53180,53.18
Haehnchen/idea-php-symfony2-plugin,Haehnchen__idea-php-symfony2-plugin,2025-11,324,10,5,0,339,306,53180,53.18
Haehnchen/idea-php-symfony2-plugin,Haehnchen__idea-php-symfony2-plugin,2025-12,326,10,5,0,341,306,53852,53.852
Haehnchen/idea-php-symfony2-plugin,Haehnchen__idea-php-symfony2-plugin,2026-01,326,10,1,0,337,303,56907,56.907
Haehnchen/idea-php-symfony2-plugin,Haehnchen__idea-php-symfony2-plugin,2026-02,330,10,1,0,341,308,59077,59.077
Haehnchen/idea-php-symfony2-plugin,Haehnchen__idea-php-symfony2-plugin,2026-03,337,10,1,0,348,310,61857,61.857
Haehnchen/idea-php-symfony2-plugin,Haehnchen__idea-php-symfony2-plugin,2026-04,339,10,2,0,351,327,64261,64.261
Haehnchen/idea-php-symfony2-plugin,Haehnchen__idea-php-symfony2-plugin,2026-05,339,10,2,0,351,327,64261,64.261
Hydraheads/RoundaboutMod,Hydraheads__RoundaboutMod,2024-12,105,2,2,1,110,46,35148,35.148
Hydraheads/RoundaboutMod,Hydraheads__RoundaboutMod,2025-01,114,2,2,1,119,47,36414,36.414
Hydraheads/RoundaboutMod,Hydraheads__RoundaboutMod,2025-02,116,2,2,1,121,47,37192,37.192
Hydraheads/RoundaboutMod,Hydraheads__RoundaboutMod,2025-03,94,2,2,1,99,47,39056,39.056
Hydraheads/RoundaboutMod,Hydraheads__RoundaboutMod,2025-04,117,4,3,1,125,50,44563,44.563
Hydraheads/RoundaboutMod,Hydraheads__RoundaboutMod,2025-05,142,7,2,2,153,55,54893,54.893
Hydraheads/RoundaboutMod,Hydraheads__RoundaboutMod,2025-06,152,6,4,2,164,64,63596,63.596
Hydraheads/RoundaboutMod,Hydraheads__RoundaboutMod,2025-07,221,11,4,1,237,99,71334,71.334
Hydraheads/RoundaboutMod,Hydraheads__RoundaboutMod,2025-08,233,9,5,3,250,121,79399,79.399
Hydraheads/RoundaboutMod,Hydraheads__RoundaboutMod,2025-09,214,8,3,2,227,138,84110,84.11
Hydraheads/RoundaboutMod,Hydraheads__RoundaboutMod,2025-10,210,7,3,2,222,140,87115,87.115
Hydraheads/RoundaboutMod,Hydraheads__RoundaboutMod,2025-11,244,9,3,2,258,147,93765,93.765
Hydraheads/RoundaboutMod,Hydraheads__RoundaboutMod,2025-12,252,10,3,2,267,149,100164,100.164
IstiN/dmtools,IstiN__dmtools,2024-12,103,2,3,0,108,71,10968,10.968
IstiN/dmtools,IstiN__dmtools,2025-01,105,3,2,0,110,75,22041,22.041
IstiN/dmtools,IstiN__dmtools,2025-02,135,2,3,0,140,79,22931,22.931
IstiN/dmtools,IstiN__dmtools,2025-03,134,3,3,0,140,83,25169,25.169
IstiN/dmtools,IstiN__dmtools,2025-04,180,4,3,0,187,89,28097,28.097
IstiN/dmtools,IstiN__dmtools,2025-05,180,4,2,0,186,96,30923,30.923
IstiN/dmtools,IstiN__dmtools,2025-06,180,4,2,0,186,96,30925,30.925
IstiN/dmtools,IstiN__dmtools,2025-07,198,5,3,0,206,119,41618,41.618
IstiN/dmtools,IstiN__dmtools,2025-08,205,5,2,0,212,129,49510,49.51
IstiN/dmtools,IstiN__dmtools,2025-09,211,5,2,0,218,138,59550,59.55
IstiN/dmtools,IstiN__dmtools,2025-10,226,6,4,0,236,144,65012,65.012
IstiN/dmtools,IstiN__dmtools,2025-11,259,7,1,0,267,157,84858,84.858
IstiN/dmtools,IstiN__dmtools,2025-12,265,7,1,0,273,161,91950,91.95
LianjiaTech/bella-openapi,LianjiaTech__bella-openapi,2025-05,80,3,3,0,86,52,17761,17.761
LianjiaTech/bella-openapi,LianjiaTech__bella-openapi,2025-06,80,3,3,0,86,52,17863,17.863
LianjiaTech/bella-openapi,LianjiaTech__bella-openapi,2025-07,79,3,4,0,86,64,20636,20.636
LianjiaTech/bella-openapi,LianjiaTech__bella-openapi,2025-08,80,3,4,0,87,71,21732,21.732
LianjiaTech/bella-openapi,LianjiaTech__bella-openapi,2025-09,88,3,3,0,94,78,23870,23.87
LianjiaTech/bella-openapi,LianjiaTech__bella-openapi,2025-10,134,4,7,0,145,84,28573,28.573
LianjiaTech/bella-openapi,LianjiaTech__bella-openapi,2025-11,143,4,9,0,156,87,29718,29.718
LianjiaTech/bella-openapi,LianjiaTech__bella-openapi,2025-12,142,4,5,0,151,88,30334,30.334
LineageOS/android_packages_apps_DocumentsUI,LineageOS__android_packages_apps_DocumentsUI,2024-12,44,3,1,1,49,24,39027,39.027
LineageOS/android_packages_apps_DocumentsUI,LineageOS__android_packages_apps_DocumentsUI,2025-01,44,3,1,1,49,24,39092,39.092
LineageOS/android_packages_apps_DocumentsUI,LineageOS__android_packages_apps_DocumentsUI,2025-02,44,3,1,1,49,24,39491,39.491
LineageOS/android_packages_apps_DocumentsUI,LineageOS__android_packages_apps_DocumentsUI,2025-03,44,3,1,1,49,24,39894,39.894
LineageOS/android_packages_apps_DocumentsUI,LineageOS__android_packages_apps_DocumentsUI,2025-04,44,3,1,1,49,24,40699,40.699
LineageOS/android_packages_apps_DocumentsUI,LineageOS__android_packages_apps_DocumentsUI,2025-05,44,3,1,1,49,24,40699,40.699
LineageOS/android_packages_apps_DocumentsUI,LineageOS__android_packages_apps_DocumentsUI,2025-06,44,3,1,1,49,24,40699,40.699
LineageOS/android_packages_apps_DocumentsUI,LineageOS__android_packages_apps_DocumentsUI,2025-07,44,3,1,1,49,24,40699,40.699
LineageOS/android_packages_apps_DocumentsUI,LineageOS__android_packages_apps_DocumentsUI,2025-08,44,3,1,1,49,24,40890,40.89
LineageOS/android_packages_apps_DocumentsUI,LineageOS__android_packages_apps_DocumentsUI,2025-09,44,3,1,1,49,24,40890,40.89
LineageOS/android_packages_apps_DocumentsUI,LineageOS__android_packages_apps_DocumentsUI,2025-10,44,3,1,1,49,24,40889,40.889
LineageOS/android_packages_apps_DocumentsUI,LineageOS__android_packages_apps_DocumentsUI,2025-11,44,3,1,1,49,24,40889,40.889
LineageOS/android_packages_apps_DocumentsUI,LineageOS__android_packages_apps_DocumentsUI,2025-12,44,2,1,1,48,24,42847,42.847
MCreator/MCreator,MCreator__MCreator,2024-04,838,7,4,1,850,158,58409,58.409
MCreator/MCreator,MCreator__MCreator,2024-05,838,7,4,1,850,158,58441,58.441
MCreator/MCreator,MCreator__MCreator,2024-06,835,6,4,1,846,159,58341,58.341
MCreator/MCreator,MCreator__MCreator,2024-07,854,6,4,1,865,162,58958,58.958
MCreator/MCreator,MCreator__MCreator,2024-08,855,6,4,1,866,162,58996,58.996
MCreator/MCreator,MCreator__MCreator,2024-09,828,9,4,1,842,163,59485,59.485
MCreator/MCreator,MCreator__MCreator,2024-10,848,8,8,1,865,164,60370,60.37
MCreator/MCreator,MCreator__MCreator,2024-11,854,9,7,1,871,165,60765,60.765
MCreator/MCreator,MCreator__MCreator,2024-12,873,8,3,1,885,170,61960,61.96
MCreator/MCreator,MCreator__MCreator,2025-01,902,7,8,1,918,174,63208,63.208
MCreator/MCreator,MCreator__MCreator,2025-02,844,7,2,1,854,175,63368,63.368
MCreator/MCreator,MCreator__MCreator,2025-03,847,7,2,1,857,176,63865,63.865
MCreator/MCreator,MCreator__MCreator,2025-04,848,7,2,1,858,176,63687,63.687
ManaZeak/ManaZeak,ManaZeak__ManaZeak,2025-02,75,9,2,0,86,221,10492,10.492
ManaZeak/ManaZeak,ManaZeak__ManaZeak,2025-03,75,9,2,0,86,221,10492,10.492
ManaZeak/ManaZeak,ManaZeak__ManaZeak,2025-04,75,9,2,0,86,221,10492,10.492
ManaZeak/ManaZeak,ManaZeak__ManaZeak,2025-05,75,9,2,0,86,221,10492,10.492
ManaZeak/ManaZeak,ManaZeak__ManaZeak,2025-06,75,9,2,0,86,221,10492,10.492
ManaZeak/ManaZeak,ManaZeak__ManaZeak,2025-07,75,9,2,0,86,221,10492,10.492
ManaZeak/ManaZeak,ManaZeak__ManaZeak,2025-08,75,9,2,0,86,221,10492,10.492
ManaZeak/ManaZeak,ManaZeak__ManaZeak,2025-09,75,9,2,0,86,221,10492,10.492
ManaZeak/ManaZeak,ManaZeak__ManaZeak,2025-10,75,9,2,0,86,221,10492,10.492
ManaZeak/ManaZeak,ManaZeak__ManaZeak,2025-11,75,9,2,0,86,221,10492,10.492
ManaZeak/ManaZeak,ManaZeak__ManaZeak,2025-12,75,9,2,0,86,221,10492,10.492
ManaZeak/ManaZeak,ManaZeak__ManaZeak,2026-01,75,9,2,0,86,221,10491,10.491
ManaZeak/ManaZeak,ManaZeak__ManaZeak,2026-02,75,9,2,0,86,221,10491,10.491
MikhailSterkhov/bridgenet,MikhailSterkhov__bridgenet,2024-10,77,5,3,0,85,240,21096,21.096
MikhailSterkhov/bridgenet,MikhailSterkhov__bridgenet,2024-11,77,5,3,0,85,240,21096,21.096
MikhailSterkhov/bridgenet,MikhailSterkhov__bridgenet,2024-12,77,5,3,0,85,240,21096,21.096
MikhailSterkhov/bridgenet,MikhailSterkhov__bridgenet,2025-01,77,5,3,0,85,240,21096,21.096
MikhailSterkhov/bridgenet,MikhailSterkhov__bridgenet,2025-02,77,5,3,0,85,240,21096,21.096
MikhailSterkhov/bridgenet,MikhailSterkhov__bridgenet,2025-03,76,5,3,0,84,240,21089,21.089
MikhailSterkhov/bridgenet,MikhailSterkhov__bridgenet,2025-04,76,5,3,0,84,240,21089,21.089
MikhailSterkhov/bridgenet,MikhailSterkhov__bridgenet,2025-05,76,5,3,0,84,240,21089,21.089
MikhailSterkhov/bridgenet,MikhailSterkhov__bridgenet,2025-06,76,5,3,0,84,240,21089,21.089
MikhailSterkhov/bridgenet,MikhailSterkhov__bridgenet,2025-07,76,5,3,0,84,240,21089,21.089
MikhailSterkhov/bridgenet,MikhailSterkhov__bridgenet,2025-08,76,5,3,0,84,240,21089,21.089
MikhailSterkhov/bridgenet,MikhailSterkhov__bridgenet,2025-09,76,5,3,0,84,240,21089,21.089
MikhailSterkhov/bridgenet,MikhailSterkhov__bridgenet,2025-10,76,5,3,0,84,240,21089,21.089
MindsIgnited/continuum-framework,MindsIgnited__continuum-framework,2025-02,12,0,1,0,13,77,9030,9.03
MindsIgnited/continuum-framework,MindsIgnited__continuum-framework,2025-03,12,0,1,0,13,77,9028,9.028
MindsIgnited/continuum-framework,MindsIgnited__continuum-framework,2025-04,12,0,1,0,13,77,9049,9.049
MindsIgnited/continuum-framework,MindsIgnited__continuum-framework,2025-05,12,0,1,0,13,77,9049,9.049
MindsIgnited/continuum-framework,MindsIgnited__continuum-framework,2025-06,12,0,1,0,13,77,9061,9.061
MindsIgnited/continuum-framework,MindsIgnited__continuum-framework,2025-07,12,0,1,0,13,77,9061,9.061
MindsIgnited/continuum-framework,MindsIgnited__continuum-framework,2025-08,12,0,1,0,13,77,9061,9.061
MindsIgnited/continuum-framework,MindsIgnited__continuum-framework,2025-09,12,0,1,0,13,78,9066,9.066
MindsIgnited/continuum-framework,MindsIgnited__continuum-framework,2025-10,12,0,1,0,13,78,9069,9.069
MindsIgnited/continuum-framework,MindsIgnited__continuum-framework,2025-11,12,0,1,0,13,78,9074,9.074
MindsIgnited/continuum-framework,MindsIgnited__continuum-framework,2025-12,12,0,1,0,13,78,9198,9.198
MindsIgnited/continuum-framework,MindsIgnited__continuum-framework,2026-01,11,0,2,0,13,71,8687,8.687
MindsIgnited/continuum-framework,MindsIgnited__continuum-framework,2026-02,11,0,2,0,13,71,8701,8.701
MoonWorm/jsonapi4j,MoonWorm__jsonapi4j,2025-11,24,4,1,0,29,102,10924,10.924
MoonWorm/jsonapi4j,MoonWorm__jsonapi4j,2025-12,34,4,1,0,39,107,11848,11.848
MoonWorm/jsonapi4j,MoonWorm__jsonapi4j,2026-01,34,4,1,0,39,107,11848,11.848
MoonWorm/jsonapi4j,MoonWorm__jsonapi4j,2026-02,39,3,3,0,45,109,13053,13.053
MoonWorm/jsonapi4j,MoonWorm__jsonapi4j,2026-03,40,2,4,0,46,128,13278,13.278
MoonWorm/jsonapi4j,MoonWorm__jsonapi4j,2026-04,40,2,4,0,46,127,13686,13.686
MoonWorm/jsonapi4j,MoonWorm__jsonapi4j,2026-05,40,2,4,0,46,127,13686,13.686
OpenFeign/feign,OpenFeign__feign,2024-04,2,0,3,1,6,63,25410,25.41
OpenFeign/feign,OpenFeign__feign,2024-05,2,0,3,1,6,65,25578,25.578
OpenFeign/feign,OpenFeign__feign,2024-06,2,0,3,1,6,66,25853,25.853
OpenFeign/feign,OpenFeign__feign,2024-07,2,0,3,1,6,66,25928,25.928
OpenFeign/feign,OpenFeign__feign,2024-08,2,0,3,1,6,66,26019,26.019
OpenFeign/feign,OpenFeign__feign,2024-09,2,0,3,1,6,66,26063,26.063
OpenFeign/feign,OpenFeign__feign,2024-10,3,0,3,1,7,76,27581,27.581
OpenFeign/feign,OpenFeign__feign,2024-11,3,0,3,1,7,76,27624,27.624
OpenFeign/feign,OpenFeign__feign,2024-12,6,1,3,1,11,79,29182,29.182
OpenFeign/feign,OpenFeign__feign,2025-01,6,1,3,1,11,79,29182,29.182
OpenFeign/feign,OpenFeign__feign,2025-02,6,1,3,1,11,79,29274,29.274
OpenFeign/feign,OpenFeign__feign,2025-03,6,1,3,1,11,79,29274,29.274
OpenFeign/feign,OpenFeign__feign,2025-04,6,1,3,1,11,79,29277,29.277
OpenFeign/querydsl,OpenFeign__querydsl,2025-01,24,2,2,2,30,141,95625,95.625
OpenFeign/querydsl,OpenFeign__querydsl,2025-02,24,2,2,2,30,141,95621,95.621
OpenFeign/querydsl,OpenFeign__querydsl,2025-03,24,2,2,2,30,141,95653,95.653
OpenFeign/querydsl,OpenFeign__querydsl,2025-04,24,2,2,2,30,141,95663,95.663
OpenFeign/querydsl,OpenFeign__querydsl,2025-05,24,2,2,2,30,141,95809,95.809
OpenFeign/querydsl,OpenFeign__querydsl,2025-06,26,2,2,2,32,141,95849,95.849
OpenFeign/querydsl,OpenFeign__querydsl,2025-07,26,2,1,2,31,134,90976,90.976
OpenFeign/querydsl,OpenFeign__querydsl,2025-08,26,2,1,2,31,134,90979,90.979
OpenFeign/querydsl,OpenFeign__querydsl,2025-09,26,2,1,2,31,134,91219,91.219
OpenFeign/querydsl,OpenFeign__querydsl,2025-10,26,2,1,2,31,134,91219,91.219
OpenFeign/querydsl,OpenFeign__querydsl,2025-11,26,2,1,2,31,134,91832,91.832
OpenFeign/querydsl,OpenFeign__querydsl,2025-12,26,2,1,2,31,134,91931,91.931
OpenFeign/querydsl,OpenFeign__querydsl,2026-01,26,2,1,2,31,134,91931,91.931
PANTHEONtech/lighty,PANTHEONtech__lighty,2025-05,29,2,6,0,37,175,19682,19.682
PANTHEONtech/lighty,PANTHEONtech__lighty,2025-06,29,2,6,0,37,175,19682,19.682
PANTHEONtech/lighty,PANTHEONtech__lighty,2025-07,29,2,6,0,37,175,19663,19.663
PANTHEONtech/lighty,PANTHEONtech__lighty,2025-08,29,2,6,0,37,175,19642,19.642
PANTHEONtech/lighty,PANTHEONtech__lighty,2025-09,29,2,6,0,37,175,19636,19.636
PANTHEONtech/lighty,PANTHEONtech__lighty,2025-10,29,2,6,0,37,175,19651,19.651
PANTHEONtech/lighty,PANTHEONtech__lighty,2025-11,29,2,6,0,37,184,20243,20.243
PANTHEONtech/lighty,PANTHEONtech__lighty,2025-12,29,2,6,0,37,184,20243,20.243
PANTHEONtech/lighty,PANTHEONtech__lighty,2026-01,29,2,6,0,37,185,20485,20.485
PANTHEONtech/lighty,PANTHEONtech__lighty,2026-02,29,2,6,0,37,185,20485,20.485
PANTHEONtech/lighty,PANTHEONtech__lighty,2026-03,29,2,6,0,37,185,20485,20.485
PANTHEONtech/lighty,PANTHEONtech__lighty,2026-04,29,2,6,0,37,185,20477,20.477
PANTHEONtech/lighty,PANTHEONtech__lighty,2026-05,29,2,6,0,37,185,20477,20.477
PacoVK/tapir,PacoVK__tapir,2025-05,6,0,2,0,8,44,4151,4.151
PacoVK/tapir,PacoVK__tapir,2025-06,6,0,2,0,8,44,4151,4.151
PacoVK/tapir,PacoVK__tapir,2025-07,6,0,2,0,8,44,4151,4.151
PacoVK/tapir,PacoVK__tapir,2025-08,6,0,2,0,8,44,4151,4.151
PacoVK/tapir,PacoVK__tapir,2025-09,6,0,2,0,8,44,4151,4.151
PacoVK/tapir,PacoVK__tapir,2025-10,6,0,2,0,8,44,4151,4.151
PacoVK/tapir,PacoVK__tapir,2025-11,6,0,2,0,8,44,4151,4.151
PacoVK/tapir,PacoVK__tapir,2025-12,6,0,2,0,8,44,4262,4.262
PacoVK/tapir,PacoVK__tapir,2026-01,6,0,2,0,8,44,4262,4.262
PacoVK/tapir,PacoVK__tapir,2026-02,6,0,2,0,8,44,4262,4.262
PacoVK/tapir,PacoVK__tapir,2026-03,6,0,2,0,8,44,4266,4.266
PacoVK/tapir,PacoVK__tapir,2026-04,6,0,2,0,8,44,4266,4.266
PacoVK/tapir,PacoVK__tapir,2026-05,6,0,2,0,8,44,4266,4.266
ReVanced/revanced-patches,ReVanced__revanced-patches,2024-12,57,4,3,0,64,129,11276,11.276
ReVanced/revanced-patches,ReVanced__revanced-patches,2025-01,26,4,1,0,31,133,11870,11.87
ReVanced/revanced-patches,ReVanced__revanced-patches,2025-02,26,4,1,0,31,133,12055,12.055
ReVanced/revanced-patches,ReVanced__revanced-patches,2025-03,26,4,1,0,31,135,12177,12.177
ReVanced/revanced-patches,ReVanced__revanced-patches,2025-04,28,4,1,0,33,148,12350,12.35
ReVanced/revanced-patches,ReVanced__revanced-patches,2025-05,30,5,4,0,39,161,12491,12.491
ReVanced/revanced-patches,ReVanced__revanced-patches,2025-06,28,5,1,0,34,178,14399,14.399
ReVanced/revanced-patches,ReVanced__revanced-patches,2025-07,29,5,1,0,35,181,15545,15.545
ReVanced/revanced-patches,ReVanced__revanced-patches,2025-08,29,6,1,0,36,194,16462,16.462
ReVanced/revanced-patches,ReVanced__revanced-patches,2025-09,31,7,1,0,39,197,16698,16.698
ReVanced/revanced-patches,ReVanced__revanced-patches,2025-10,33,5,2,0,40,213,17114,17.114
ReVanced/revanced-patches,ReVanced__revanced-patches,2025-11,37,4,3,0,44,228,17252,17.252
ReVanced/revanced-patches,ReVanced__revanced-patches,2025-12,38,4,2,0,44,228,17602,17.602
SimoneAvogadro/HumanDetection4Tasker,SimoneAvogadro__HumanDetection4Tasker,2025-03,1,0,0,0,1,23,13481,13.481
SimoneAvogadro/HumanDetection4Tasker,SimoneAvogadro__HumanDetection4Tasker,2025-04,0,0,0,0,0,12,657,0.657
SimoneAvogadro/HumanDetection4Tasker,SimoneAvogadro__HumanDetection4Tasker,2025-05,0,0,0,0,0,12,657,0.657
SimoneAvogadro/HumanDetection4Tasker,SimoneAvogadro__HumanDetection4Tasker,2025-06,0,0,0,0,0,12,657,0.657
SimoneAvogadro/HumanDetection4Tasker,SimoneAvogadro__HumanDetection4Tasker,2025-07,0,0,0,0,0,12,657,0.657
SimoneAvogadro/HumanDetection4Tasker,SimoneAvogadro__HumanDetection4Tasker,2025-08,0,0,0,0,0,12,657,0.657
SimoneAvogadro/HumanDetection4Tasker,SimoneAvogadro__HumanDetection4Tasker,2025-09,0,0,0,0,0,12,657,0.657
SimoneAvogadro/HumanDetection4Tasker,SimoneAvogadro__HumanDetection4Tasker,2025-10,0,0,0,0,0,13,876,0.876
SimoneAvogadro/HumanDetection4Tasker,SimoneAvogadro__HumanDetection4Tasker,2025-11,0,0,0,0,0,13,876,0.876
SimoneAvogadro/HumanDetection4Tasker,SimoneAvogadro__HumanDetection4Tasker,2025-12,0,0,0,0,0,13,876,0.876
SimoneAvogadro/HumanDetection4Tasker,SimoneAvogadro__HumanDetection4Tasker,2026-01,0,0,0,0,0,13,876,0.876
SimoneAvogadro/HumanDetection4Tasker,SimoneAvogadro__HumanDetection4Tasker,2026-02,0,0,0,0,0,13,876,0.876
SimoneAvogadro/HumanDetection4Tasker,SimoneAvogadro__HumanDetection4Tasker,2026-03,0,0,0,0,0,13,931,0.931
SistrScarlet/LittleMaidReBirth-Architectury,SistrScarlet__LittleMaidReBirth-Architectury,2025-01,19,1,2,0,22,29,5406,5.406
SistrScarlet/LittleMaidReBirth-Architectury,SistrScarlet__LittleMaidReBirth-Architectury,2025-02,19,1,2,0,22,29,5424,5.424
SistrScarlet/LittleMaidReBirth-Architectury,SistrScarlet__LittleMaidReBirth-Architectury,2025-03,19,1,2,0,22,29,5424,5.424
SistrScarlet/LittleMaidReBirth-Architectury,SistrScarlet__LittleMaidReBirth-Architectury,2025-04,21,1,2,0,24,30,6006,6.006
SistrScarlet/LittleMaidReBirth-Architectury,SistrScarlet__LittleMaidReBirth-Architectury,2025-05,21,1,2,0,24,30,6035,6.035
SistrScarlet/LittleMaidReBirth-Architectury,SistrScarlet__LittleMaidReBirth-Architectury,2025-06,21,1,2,0,24,30,6035,6.035
SistrScarlet/LittleMaidReBirth-Architectury,SistrScarlet__LittleMaidReBirth-Architectury,2025-07,21,1,2,0,24,30,6035,6.035
SistrScarlet/LittleMaidReBirth-Architectury,SistrScarlet__LittleMaidReBirth-Architectury,2025-08,22,2,2,0,26,30,6535,6.535
SistrScarlet/LittleMaidReBirth-Architectury,SistrScarlet__LittleMaidReBirth-Architectury,2025-09,22,2,2,0,26,33,6881,6.881
SistrScarlet/LittleMaidReBirth-Architectury,SistrScarlet__LittleMaidReBirth-Architectury,2025-10,22,2,2,0,26,33,6882,6.882
SistrScarlet/LittleMaidReBirth-Architectury,SistrScarlet__LittleMaidReBirth-Architectury,2025-11,22,2,2,0,26,33,6882,6.882
SistrScarlet/LittleMaidReBirth-Architectury,SistrScarlet__LittleMaidReBirth-Architectury,2025-12,22,2,2,0,26,33,6882,6.882
SistrScarlet/LittleMaidReBirth-Architectury,SistrScarlet__LittleMaidReBirth-Architectury,2026-01,22,2,2,0,26,33,6882,6.882
SmartTools/smartactors-core,SmartTools__smartactors-core,2025-05,7,1,6,0,14,719,58281,58.281
SmartTools/smartactors-core,SmartTools__smartactors-core,2025-06,7,1,6,0,14,719,58281,58.281
SmartTools/smartactors-core,SmartTools__smartactors-core,2025-07,7,1,6,0,14,719,58281,58.281
SmartTools/smartactors-core,SmartTools__smartactors-core,2025-08,12,1,3,0,16,679,51273,51.273
SmartTools/smartactors-core,SmartTools__smartactors-core,2025-09,12,1,3,0,16,679,51273,51.273
SmartTools/smartactors-core,SmartTools__smartactors-core,2025-10,12,1,3,0,16,679,51273,51.273
SmartTools/smartactors-core,SmartTools__smartactors-core,2025-11,12,1,3,0,16,679,51273,51.273
SmartTools/smartactors-core,SmartTools__smartactors-core,2025-12,12,1,3,0,16,679,51273,51.273
SmartTools/smartactors-core,SmartTools__smartactors-core,2026-01,12,1,3,0,16,679,51273,51.273
SmartTools/smartactors-core,SmartTools__smartactors-core,2026-02,12,1,3,0,16,679,51273,51.273
SmartTools/smartactors-core,SmartTools__smartactors-core,2026-03,12,1,3,0,16,679,51273,51.273
SmartTools/smartactors-core,SmartTools__smartactors-core,2026-04,12,1,3,0,16,679,51273,51.273
SmartTools/smartactors-core,SmartTools__smartactors-core,2026-05,12,1,3,0,16,679,51273,51.273
SonarSource/sonar-php,SonarSource__sonar-php,2025-05,152,2,2,1,157,72,45137,45.137
SonarSource/sonar-php,SonarSource__sonar-php,2025-06,152,2,2,1,157,72,45137,45.137
SonarSource/sonar-php,SonarSource__sonar-php,2025-07,152,2,2,1,157,72,45140,45.14
SonarSource/sonar-php,SonarSource__sonar-php,2025-08,152,2,2,1,157,72,45140,45.14
SonarSource/sonar-php,SonarSource__sonar-php,2025-09,152,2,2,1,157,72,45161,45.161
SonarSource/sonar-php,SonarSource__sonar-php,2025-10,153,2,1,1,157,72,45152,45.152
SonarSource/sonar-php,SonarSource__sonar-php,2025-11,153,2,1,1,157,72,45262,45.262
SonarSource/sonar-php,SonarSource__sonar-php,2025-12,153,2,2,1,158,73,44870,44.87
SonarSource/sonar-php,SonarSource__sonar-php,2026-01,153,2,2,1,158,73,44974,44.974
SonarSource/sonar-php,SonarSource__sonar-php,2026-02,153,2,2,1,158,73,44978,44.978
SonarSource/sonar-php,SonarSource__sonar-php,2026-03,153,2,2,1,158,73,45058,45.058
SonarSource/sonar-php,SonarSource__sonar-php,2026-04,153,2,2,1,158,73,45058,45.058
SonarSource/sonar-php,SonarSource__sonar-php,2026-05,153,2,2,1,158,73,45058,45.058
SonarSource/sonar-xml,SonarSource__sonar-xml,2025-06,3,0,0,0,3,21,3437,3.437
SonarSource/sonar-xml,SonarSource__sonar-xml,2025-07,3,0,0,0,3,21,3445,3.445
SonarSource/sonar-xml,SonarSource__sonar-xml,2025-08,3,0,0,0,3,21,3445,3.445
SonarSource/sonar-xml,SonarSource__sonar-xml,2025-09,3,0,0,0,3,21,3445,3.445
SonarSource/sonar-xml,SonarSource__sonar-xml,2025-10,3,0,0,0,3,21,3445,3.445
SonarSource/sonar-xml,SonarSource__sonar-xml,2025-11,3,0,0,0,3,21,3445,3.445
SonarSource/sonar-xml,SonarSource__sonar-xml,2025-12,4,0,0,0,4,21,3592,3.592
SonarSource/sonar-xml,SonarSource__sonar-xml,2026-01,4,0,0,0,4,21,3592,3.592
SonarSource/sonar-xml,SonarSource__sonar-xml,2026-02,4,0,0,0,4,21,3649,3.649
SonarSource/sonar-xml,SonarSource__sonar-xml,2026-03,4,0,0,0,4,21,3649,3.649
SonarSource/sonar-xml,SonarSource__sonar-xml,2026-04,4,0,0,0,4,21,3640,3.64
SonarSource/sonar-xml,SonarSource__sonar-xml,2026-05,4,0,0,0,4,21,3640,3.64
SonarSource/sonar-xml,SonarSource__sonar-xml,2026-06,4,0,0,0,4,21,3640,3.64
Spazzinq/FlightControl,Spazzinq__FlightControl,2025-02,12,0,2,0,14,25,2884,2.884
Spazzinq/FlightControl,Spazzinq__FlightControl,2025-03,12,0,2,0,14,25,2884,2.884
Spazzinq/FlightControl,Spazzinq__FlightControl,2025-04,12,0,2,0,14,25,2884,2.884
Spazzinq/FlightControl,Spazzinq__FlightControl,2025-05,12,0,2,0,14,25,2884,2.884
Spazzinq/FlightControl,Spazzinq__FlightControl,2025-06,12,0,2,0,14,25,2884,2.884
Spazzinq/FlightControl,Spazzinq__FlightControl,2025-07,12,0,2,0,14,25,2884,2.884
Spazzinq/FlightControl,Spazzinq__FlightControl,2025-08,12,0,2,0,14,25,2884,2.884
Spazzinq/FlightControl,Spazzinq__FlightControl,2025-09,12,0,2,0,14,25,2884,2.884
Spazzinq/FlightControl,Spazzinq__FlightControl,2025-10,12,0,2,0,14,25,2884,2.884
Spazzinq/FlightControl,Spazzinq__FlightControl,2025-11,12,0,2,0,14,25,2884,2.884
Spazzinq/FlightControl,Spazzinq__FlightControl,2025-12,12,0,2,0,14,25,2884,2.884
Spazzinq/FlightControl,Spazzinq__FlightControl,2026-01,12,0,2,0,14,25,2884,2.884
Spazzinq/FlightControl,Spazzinq__FlightControl,2026-02,12,0,2,0,14,25,2884,2.884
TerraFirmaGreg-Team/Core-Modern,TerraFirmaGreg-Team__Core-Modern,2025-01,5,0,1,0,6,37,2795,2.795
TerraFirmaGreg-Team/Core-Modern,TerraFirmaGreg-Team__Core-Modern,2025-02,5,0,1,0,6,37,2795,2.795
TerraFirmaGreg-Team/Core-Modern,TerraFirmaGreg-Team__Core-Modern,2025-03,5,0,1,0,6,37,2734,2.734
TerraFirmaGreg-Team/Core-Modern,TerraFirmaGreg-Team__Core-Modern,2025-04,5,0,1,0,6,37,2734,2.734
TerraFirmaGreg-Team/Core-Modern,TerraFirmaGreg-Team__Core-Modern,2025-05,5,0,1,0,6,41,2658,2.658
TerraFirmaGreg-Team/Core-Modern,TerraFirmaGreg-Team__Core-Modern,2025-06,4,0,1,0,5,42,2808,2.808
TerraFirmaGreg-Team/Core-Modern,TerraFirmaGreg-Team__Core-Modern,2025-07,6,1,2,0,9,57,5590,5.59
TerraFirmaGreg-Team/Core-Modern,TerraFirmaGreg-Team__Core-Modern,2025-08,8,0,3,0,11,59,6624,6.624
TerraFirmaGreg-Team/Core-Modern,TerraFirmaGreg-Team__Core-Modern,2025-09,31,1,2,0,34,77,10453,10.453
TerraFirmaGreg-Team/Core-Modern,TerraFirmaGreg-Team__Core-Modern,2025-10,10,1,3,0,14,79,12741,12.741
TerraFirmaGreg-Team/Core-Modern,TerraFirmaGreg-Team__Core-Modern,2025-11,12,1,1,0,14,82,14477,14.477
TerraFirmaGreg-Team/Core-Modern,TerraFirmaGreg-Team__Core-Modern,2025-12,12,3,1,0,16,88,15500,15.5
TerraFirmaGreg-Team/Core-Modern,TerraFirmaGreg-Team__Core-Modern,2026-01,15,1,1,0,17,88,16845,16.845
TrueLayer/truelayer-java,TrueLayer__truelayer-java,2024-12,43,1,2,0,46,64,11460,11.46
TrueLayer/truelayer-java,TrueLayer__truelayer-java,2025-01,43,1,2,0,46,65,11812,11.812
TrueLayer/truelayer-java,TrueLayer__truelayer-java,2025-02,43,1,2,0,46,65,12141,12.141
TrueLayer/truelayer-java,TrueLayer__truelayer-java,2025-03,43,1,2,0,46,65,12141,12.141
TrueLayer/truelayer-java,TrueLayer__truelayer-java,2025-04,43,1,2,0,46,65,12217,12.217
TrueLayer/truelayer-java,TrueLayer__truelayer-java,2025-05,43,1,2,0,46,65,12230,12.23
TrueLayer/truelayer-java,TrueLayer__truelayer-java,2025-06,43,1,2,0,46,65,12230,12.23
TrueLayer/truelayer-java,TrueLayer__truelayer-java,2025-07,45,2,2,0,49,66,12537,12.537
TrueLayer/truelayer-java,TrueLayer__truelayer-java,2025-08,45,2,2,0,49,66,12537,12.537
TrueLayer/truelayer-java,TrueLayer__truelayer-java,2025-09,49,2,2,0,53,66,12549,12.549
TrueLayer/truelayer-java,TrueLayer__truelayer-java,2025-10,49,2,2,0,53,66,12549,12.549
TrueLayer/truelayer-java,TrueLayer__truelayer-java,2025-11,52,2,2,0,56,67,13126,13.126
TrueLayer/truelayer-java,TrueLayer__truelayer-java,2025-12,52,2,2,0,56,67,13126,13.126
USACE/cwms-data-api,USACE__cwms-data-api,2024-10,81,2,4,1,88,71,51863,51.863
USACE/cwms-data-api,USACE__cwms-data-api,2024-11,59,3,5,2,69,71,54473,54.473
USACE/cwms-data-api,USACE__cwms-data-api,2024-12,63,3,4,2,72,74,65075,65.075
USACE/cwms-data-api,USACE__cwms-data-api,2025-01,63,3,4,2,72,74,65908,65.908
USACE/cwms-data-api,USACE__cwms-data-api,2025-02,63,3,4,2,72,74,65919,65.919
USACE/cwms-data-api,USACE__cwms-data-api,2025-03,63,3,4,2,72,74,66221,66.221
USACE/cwms-data-api,USACE__cwms-data-api,2025-04,63,3,4,2,72,74,66224,66.224
USACE/cwms-data-api,USACE__cwms-data-api,2025-05,63,3,4,2,72,74,66255,66.255
USACE/cwms-data-api,USACE__cwms-data-api,2025-06,64,3,4,2,73,75,67809,67.809
USACE/cwms-data-api,USACE__cwms-data-api,2025-07,67,4,1,2,74,80,71632,71.632
USACE/cwms-data-api,USACE__cwms-data-api,2025-08,67,4,7,2,80,82,75231,75.231
USACE/cwms-data-api,USACE__cwms-data-api,2025-09,75,4,8,2,89,82,76438,76.438
USACE/cwms-data-api,USACE__cwms-data-api,2025-10,77,4,6,2,89,83,78264,78.264
Women-Coding-Community/wcc-backend,Women-Coding-Community__wcc-backend,2025-05,16,0,2,0,18,29,4700,4.7
Women-Coding-Community/wcc-backend,Women-Coding-Community__wcc-backend,2025-06,16,0,2,0,18,28,4541,4.541
Women-Coding-Community/wcc-backend,Women-Coding-Community__wcc-backend,2025-07,16,0,2,0,18,28,4620,4.62
Women-Coding-Community/wcc-backend,Women-Coding-Community__wcc-backend,2025-08,17,0,2,0,19,29,5083,5.083
Women-Coding-Community/wcc-backend,Women-Coding-Community__wcc-backend,2025-09,21,0,1,0,22,37,6915,6.915
Women-Coding-Community/wcc-backend,Women-Coding-Community__wcc-backend,2025-10,26,0,1,0,27,38,7794,7.794
Women-Coding-Community/wcc-backend,Women-Coding-Community__wcc-backend,2025-11,46,0,2,0,48,45,10493,10.493
Women-Coding-Community/wcc-backend,Women-Coding-Community__wcc-backend,2025-12,46,0,2,0,48,45,10589,10.589
Women-Coding-Community/wcc-backend,Women-Coding-Community__wcc-backend,2026-01,46,0,2,0,48,45,10589,10.589
Women-Coding-Community/wcc-backend,Women-Coding-Community__wcc-backend,2026-02,51,0,2,0,53,48,16459,16.459
Women-Coding-Community/wcc-backend,Women-Coding-Community__wcc-backend,2026-03,97,0,1,0,98,48,17629,17.629
Women-Coding-Community/wcc-backend,Women-Coding-Community__wcc-backend,2026-04,97,0,1,0,98,48,18540,18.54
Women-Coding-Community/wcc-backend,Women-Coding-Community__wcc-backend,2026-05,97,0,1,0,98,48,18540,18.54
agoncal/agoncal-application-vintagestore,agoncal__agoncal-application-vintagestore,2025-01,0,0,0,0,0,9,774,0.774
agoncal/agoncal-application-vintagestore,agoncal__agoncal-application-vintagestore,2025-02,0,0,0,0,0,9,774,0.774
agoncal/agoncal-application-vintagestore,agoncal__agoncal-application-vintagestore,2025-03,0,0,0,0,0,9,774,0.774
agoncal/agoncal-application-vintagestore,agoncal__agoncal-application-vintagestore,2025-04,0,0,0,0,0,9,774,0.774
agoncal/agoncal-application-vintagestore,agoncal__agoncal-application-vintagestore,2025-05,0,0,0,0,0,9,774,0.774
agoncal/agoncal-application-vintagestore,agoncal__agoncal-application-vintagestore,2025-06,0,0,0,0,0,9,774,0.774
agoncal/agoncal-application-vintagestore,agoncal__agoncal-application-vintagestore,2025-07,0,0,0,0,0,9,774,0.774
agoncal/agoncal-application-vintagestore,agoncal__agoncal-application-vintagestore,2025-08,0,0,0,0,0,9,898,0.898
agoncal/agoncal-application-vintagestore,agoncal__agoncal-application-vintagestore,2025-09,0,0,0,0,0,12,1112,1.112
agoncal/agoncal-application-vintagestore,agoncal__agoncal-application-vintagestore,2025-10,0,0,0,0,0,12,1136,1.136
agoncal/agoncal-application-vintagestore,agoncal__agoncal-application-vintagestore,2025-11,0,0,0,0,0,13,1444,1.444
agoncal/agoncal-application-vintagestore,agoncal__agoncal-application-vintagestore,2025-12,0,0,0,0,0,13,1444,1.444
agoncal/agoncal-application-vintagestore,agoncal__agoncal-application-vintagestore,2026-01,0,0,0,0,0,13,1615,1.615
akto-api-security/akto,akto-api-security__akto,2024-12,490,1,2,1,494,191,59114,59.114
akto-api-security/akto,akto-api-security__akto,2025-01,474,1,1,1,477,191,59981,59.981
akto-api-security/akto,akto-api-security__akto,2025-02,481,1,1,1,484,222,65603,65.603
akto-api-security/akto,akto-api-security__akto,2025-03,499,2,1,1,503,224,66843,66.843
akto-api-security/akto,akto-api-security__akto,2025-04,501,2,3,1,507,229,69251,69.251
akto-api-security/akto,akto-api-security__akto,2025-05,518,1,4,1,524,240,72381,72.381
akto-api-security/akto,akto-api-security__akto,2025-06,523,2,2,1,528,247,75242,75.242
akto-api-security/akto,akto-api-security__akto,2025-07,496,2,1,1,500,252,76875,76.875
akto-api-security/akto,akto-api-security__akto,2025-08,507,2,4,1,514,254,79682,79.682
akto-api-security/akto,akto-api-security__akto,2025-09,502,3,2,1,508,255,81496,81.496
akto-api-security/akto,akto-api-security__akto,2025-10,505,3,2,1,511,261,85169,85.169
akto-api-security/akto,akto-api-security__akto,2025-11,529,3,4,1,537,266,87841,87.841
akto-api-security/akto,akto-api-security__akto,2025-12,533,4,1,1,539,272,91202,91.202
alibaba/spring-ai-alibaba,alibaba__spring-ai-alibaba,2024-12,10,2,2,0,14,92,7825,7.825
alibaba/spring-ai-alibaba,alibaba__spring-ai-alibaba,2025-01,8,1,2,0,11,78,9133,9.133
alibaba/spring-ai-alibaba,alibaba__spring-ai-alibaba,2025-02,8,1,2,0,11,101,12652,12.652
alibaba/spring-ai-alibaba,alibaba__spring-ai-alibaba,2025-03,4,0,1,0,5,106,16976,16.976
alibaba/spring-ai-alibaba,alibaba__spring-ai-alibaba,2025-04,17,2,1,0,20,185,28543,28.543
alibaba/spring-ai-alibaba,alibaba__spring-ai-alibaba,2025-05,25,3,2,0,30,244,35314,35.314
alibaba/spring-ai-alibaba,alibaba__spring-ai-alibaba,2025-06,33,3,4,0,40,318,48156,48.156
alibaba/spring-ai-alibaba,alibaba__spring-ai-alibaba,2025-09,137,12,5,0,154,551,110510,110.51
alibaba/spring-ai-alibaba,alibaba__spring-ai-alibaba,2025-11,39,0,3,0,42,117,21784,21.784
alibaba/spring-ai-alibaba,alibaba__spring-ai-alibaba,2025-12,61,2,1,0,64,147,37033,37.033
anboralabs/ks-explorer,anboralabs__ks-explorer,2024-12,6,0,1,0,7,46,12991,12.991
anboralabs/ks-explorer,anboralabs__ks-explorer,2025-01,6,0,1,0,7,46,12991,12.991
anboralabs/ks-explorer,anboralabs__ks-explorer,2025-02,6,0,1,0,7,46,12991,12.991
anboralabs/ks-explorer,anboralabs__ks-explorer,2025-03,6,0,1,0,7,46,12991,12.991
anboralabs/ks-explorer,anboralabs__ks-explorer,2025-04,6,0,1,0,7,46,12991,12.991
anboralabs/ks-explorer,anboralabs__ks-explorer,2025-05,6,0,1,0,7,46,12991,12.991
anboralabs/ks-explorer,anboralabs__ks-explorer,2025-06,6,0,1,0,7,46,12991,12.991
anboralabs/ks-explorer,anboralabs__ks-explorer,2025-07,6,0,1,0,7,46,12991,12.991
anboralabs/ks-explorer,anboralabs__ks-explorer,2025-08,6,0,1,0,7,46,12991,12.991
anboralabs/ks-explorer,anboralabs__ks-explorer,2025-09,6,0,1,0,7,46,12991,12.991
anboralabs/ks-explorer,anboralabs__ks-explorer,2025-10,6,0,1,0,7,46,12991,12.991
anboralabs/ks-explorer,anboralabs__ks-explorer,2025-11,6,0,1,0,7,46,12991,12.991
anboralabs/ks-explorer,anboralabs__ks-explorer,2025-12,6,0,1,0,7,46,12991,12.991
apache/gravitino,apache__gravitino,2024-12,195,3,2,2,202,248,152986,152.986
apache/gravitino,apache__gravitino,2025-01,214,3,1,2,220,265,165037,165.037
apache/gravitino,apache__gravitino,2025-02,174,5,1,3,183,274,171624,171.624
apache/gravitino,apache__gravitino,2025-03,175,5,1,4,185,275,173319,173.319
apache/gravitino,apache__gravitino,2025-04,179,5,3,4,191,280,178163,178.163
apache/gravitino,apache__gravitino,2025-05,207,6,6,5,224,286,187675,187.675
apache/gravitino,apache__gravitino,2025-06,207,6,3,3,219,289,190602,190.602
apache/gravitino,apache__gravitino,2025-07,232,6,3,3,244,291,194665,194.665
apache/iotdb,apache__iotdb,2024-12,4430,52,4,8,4494,1197,637263,637.263
apache/polaris,apache__polaris,2024-12,39,2,1,0,42,46,29734,29.734
apache/polaris,apache__polaris,2025-01,28,1,2,0,31,58,31240,31.24
apache/polaris,apache__polaris,2025-02,20,1,2,0,23,73,32507,32.507
apache/polaris,apache__polaris,2025-03,32,1,2,0,35,77,34476,34.476
apache/polaris,apache__polaris,2025-04,49,2,2,0,53,96,38501,38.501
apache/polaris,apache__polaris,2025-05,50,1,1,0,52,126,48308,48.308
apache/polaris,apache__polaris,2025-06,54,1,1,0,56,136,51890,51.89
apache/polaris,apache__polaris,2025-07,55,1,2,0,58,136,54715,54.715
apache/polaris,apache__polaris,2025-08,49,1,1,0,51,136,56142,56.142
apache/polaris,apache__polaris,2025-09,66,3,1,0,70,132,57603,57.603
apache/struts,apache__struts,2024-11,339,12,1,1,353,306,147553,147.553
apache/struts,apache__struts,2024-12,208,6,2,3,219,248,113408,113.408
apache/struts,apache__struts,2025-01,210,7,2,3,222,248,113516,113.516
apache/struts,apache__struts,2025-02,210,7,2,3,222,248,114138,114.138
apache/struts,apache__struts,2025-03,208,6,2,1,217,248,114192,114.192
apache/struts,apache__struts,2025-04,209,5,2,3,219,250,115036,115.036
apache/struts,apache__struts,2025-05,209,5,2,3,219,250,115036,115.036
apache/struts,apache__struts,2025-06,209,5,2,3,219,250,115040,115.04
apache/struts,apache__struts,2025-07,209,5,2,3,219,250,115040,115.04
apache/struts,apache__struts,2025-08,209,5,2,3,219,250,115040,115.04
apache/struts,apache__struts,2025-09,209,5,2,3,219,250,115839,115.839
apache/struts,apache__struts,2025-10,209,5,2,1,217,250,115993,115.993
apache/struts,apache__struts,2025-11,209,5,2,1,217,250,116103,116.103
atlassian/data-center-helm-charts,atlassian__data-center-helm-charts,2025-02,1,0,0,0,1,8,5275,5.275
atlassian/data-center-helm-charts,atlassian__data-center-helm-charts,2025-03,1,0,0,0,1,8,5405,5.405
atlassian/data-center-helm-charts,atlassian__data-center-helm-charts,2025-04,1,0,0,0,1,8,5421,5.421
atlassian/data-center-helm-charts,atlassian__data-center-helm-charts,2025-05,1,0,0,0,1,8,5482,5.482
atlassian/data-center-helm-charts,atlassian__data-center-helm-charts,2025-06,1,0,0,0,1,8,5482,5.482
atlassian/data-center-helm-charts,atlassian__data-center-helm-charts,2025-07,1,0,0,0,1,8,5482,5.482
atlassian/data-center-helm-charts,atlassian__data-center-helm-charts,2025-08,1,0,0,0,1,8,5482,5.482
atlassian/data-center-helm-charts,atlassian__data-center-helm-charts,2025-09,1,0,0,0,1,8,5514,5.514
atlassian/data-center-helm-charts,atlassian__data-center-helm-charts,2025-10,1,0,0,0,1,8,5514,5.514
atlassian/data-center-helm-charts,atlassian__data-center-helm-charts,2025-11,1,0,0,0,1,8,5514,5.514
atlassian/data-center-helm-charts,atlassian__data-center-helm-charts,2025-12,1,0,0,0,1,8,5524,5.524
atlassian/data-center-helm-charts,atlassian__data-center-helm-charts,2026-01,1,0,0,0,1,8,5524,5.524
atlassian/data-center-helm-charts,atlassian__data-center-helm-charts,2026-02,1,0,0,0,1,8,5524,5.524
averbraeck/opentrafficsim,averbraeck__opentrafficsim,2024-12,212,7,4,1,224,156,93539,93.539
averbraeck/opentrafficsim,averbraeck__opentrafficsim,2025-02,214,7,5,1,227,160,104691,104.691
averbraeck/opentrafficsim,averbraeck__opentrafficsim,2025-05,212,7,2,1,222,151,104352,104.352
averbraeck/opentrafficsim,averbraeck__opentrafficsim,2025-06,212,7,2,1,222,151,104145,104.145
averbraeck/opentrafficsim,averbraeck__opentrafficsim,2025-07,212,7,2,1,222,151,104145,104.145
averbraeck/opentrafficsim,averbraeck__opentrafficsim,2025-08,212,7,2,1,222,151,104145,104.145
averbraeck/opentrafficsim,averbraeck__opentrafficsim,2025-10,200,8,4,1,213,149,101940,101.94
axonivy-market/portal,axonivy-market__portal,2024-11,253,9,6,0,268,245,51334,51.334
axonivy-market/portal,axonivy-market__portal,2024-12,218,10,3,0,231,246,51778,51.778
axonivy-market/portal,axonivy-market__portal,2025-01,218,10,3,0,231,246,52069,52.069
axonivy-market/portal,axonivy-market__portal,2025-02,223,10,3,0,236,246,52182,52.182
axonivy-market/portal,axonivy-market__portal,2025-03,219,9,3,0,231,246,52827,52.827
axonivy-market/portal,axonivy-market__portal,2025-04,208,10,8,0,226,246,52481,52.481
axonivy-market/portal,axonivy-market__portal,2025-05,208,10,8,0,226,246,52570,52.57
axonivy-market/portal,axonivy-market__portal,2025-06,252,9,1,0,262,225,53038,53.038
axonivy-market/portal,axonivy-market__portal,2025-07,254,9,1,0,264,230,53718,53.718
axonivy-market/portal,axonivy-market__portal,2025-08,256,9,1,0,266,230,54331,54.331
axonivy-market/portal,axonivy-market__portal,2025-09,256,9,1,0,266,230,54812,54.812
axonivy-market/portal,axonivy-market__portal,2025-10,256,9,1,0,266,228,55252,55.252
axonivy-market/portal,axonivy-market__portal,2025-11,268,9,1,0,278,228,55597,55.597
baretto-labs/OllamAssist,baretto-labs__OllamAssist,2025-03,6,0,1,0,7,15,2417,2.417
baretto-labs/OllamAssist,baretto-labs__OllamAssist,2025-04,5,0,1,0,6,15,3131,3.131
baretto-labs/OllamAssist,baretto-labs__OllamAssist,2025-05,3,0,1,0,4,15,3127,3.127
baretto-labs/OllamAssist,baretto-labs__OllamAssist,2025-06,3,0,1,0,4,16,3433,3.433
baretto-labs/OllamAssist,baretto-labs__OllamAssist,2025-07,3,0,1,0,4,17,3670,3.67
baretto-labs/OllamAssist,baretto-labs__OllamAssist,2025-08,3,0,1,0,4,17,3782,3.782
baretto-labs/OllamAssist,baretto-labs__OllamAssist,2025-09,3,0,1,0,4,20,4644,4.644
baretto-labs/OllamAssist,baretto-labs__OllamAssist,2025-10,3,0,1,0,4,26,6862,6.862
baretto-labs/OllamAssist,baretto-labs__OllamAssist,2025-11,7,0,1,0,8,31,7194,7.194
baretto-labs/OllamAssist,baretto-labs__OllamAssist,2025-12,7,1,1,0,9,39,9006,9.006
baretto-labs/OllamAssist,baretto-labs__OllamAssist,2026-01,7,1,1,0,9,39,9024,9.024
baretto-labs/OllamAssist,baretto-labs__OllamAssist,2026-02,7,1,1,0,9,39,9427,9.427
baretto-labs/OllamAssist,baretto-labs__OllamAssist,2026-03,7,1,1,0,9,39,9427,9.427
bloxbean/cardano-client-lib,bloxbean__cardano-client-lib,2025-04,104,4,5,0,113,142,58823,58.823
bloxbean/cardano-client-lib,bloxbean__cardano-client-lib,2025-05,104,4,5,0,113,142,58830,58.83
bloxbean/cardano-client-lib,bloxbean__cardano-client-lib,2025-06,104,4,5,0,113,142,58915,58.915
bloxbean/cardano-client-lib,bloxbean__cardano-client-lib,2025-07,104,4,5,0,113,142,58926,58.926
bloxbean/cardano-client-lib,bloxbean__cardano-client-lib,2025-08,104,4,5,0,113,142,58926,58.926
bloxbean/cardano-client-lib,bloxbean__cardano-client-lib,2025-09,104,4,5,0,113,142,58977,58.977
bloxbean/cardano-client-lib,bloxbean__cardano-client-lib,2025-10,104,4,5,0,113,142,59242,59.242
bloxbean/cardano-client-lib,bloxbean__cardano-client-lib,2025-11,117,6,3,1,127,191,79966,79.966
bloxbean/cardano-client-lib,bloxbean__cardano-client-lib,2025-12,118,6,3,1,128,191,80995,80.995
bloxbean/cardano-client-lib,bloxbean__cardano-client-lib,2026-01,118,6,3,1,128,191,80995,80.995
bloxbean/cardano-client-lib,bloxbean__cardano-client-lib,2026-02,117,7,3,1,128,190,80396,80.396
bloxbean/cardano-client-lib,bloxbean__cardano-client-lib,2026-03,121,6,3,1,131,210,99635,99.635
bloxbean/cardano-client-lib,bloxbean__cardano-client-lib,2026-04,122,7,3,1,133,214,101447,101.447
bytechefhq/bytechef,bytechefhq__bytechef,2025-04,181,17,5,0,203,1710,169638,169.638
bytechefhq/bytechef,bytechefhq__bytechef,2025-06,186,18,4,0,208,1865,187062,187.062
bytechefhq/bytechef,bytechefhq__bytechef,2025-07,174,18,4,0,196,1906,202281,202.281
bytechefhq/bytechef,bytechefhq__bytechef,2025-09,201,18,1,0,220,2019,218666,218.666
bytechefhq/bytechef,bytechefhq__bytechef,2025-10,213,18,6,0,237,2101,230987,230.987
bytechefhq/bytechef,bytechefhq__bytechef,2025-11,214,18,6,0,238,2134,236542,236.542
bytechefhq/bytechef,bytechefhq__bytechef,2025-12,209,17,2,0,228,2165,241863,241.863
bytechefhq/bytechef,bytechefhq__bytechef,2026-01,212,19,10,0,241,2191,246429,246.429
caoccao/Javet,caoccao__Javet,2025-03,129,4,2,0,135,35,22957,22.957
caoccao/Javet,caoccao__Javet,2025-04,129,4,2,0,135,35,22957,22.957
caoccao/Javet,caoccao__Javet,2025-05,129,4,2,0,135,35,22964,22.964
caoccao/Javet,caoccao__Javet,2025-06,129,4,2,0,135,35,22972,22.972
caoccao/Javet,caoccao__Javet,2025-07,129,4,2,0,135,35,22972,22.972
caoccao/Javet,caoccao__Javet,2025-08,129,4,2,0,135,35,22972,22.972
caoccao/Javet,caoccao__Javet,2025-09,129,4,2,0,135,35,23052,23.052
caoccao/Javet,caoccao__Javet,2025-10,129,4,2,0,135,35,23052,23.052
caoccao/Javet,caoccao__Javet,2025-11,129,4,2,0,135,35,23041,23.041
caoccao/Javet,caoccao__Javet,2025-12,129,4,2,0,135,35,23342,23.342
caoccao/Javet,caoccao__Javet,2026-01,129,4,2,0,135,35,23342,23.342
caoccao/Javet,caoccao__Javet,2026-02,129,4,2,0,135,35,23432,23.432
caoccao/Javet,caoccao__Javet,2026-03,129,4,2,0,135,35,23437,23.437
caoccao/swc4j,caoccao__swc4j,2025-04,93,3,2,0,98,41,22889,22.889
caoccao/swc4j,caoccao__swc4j,2025-05,93,3,2,0,98,41,22889,22.889
caoccao/swc4j,caoccao__swc4j,2025-06,96,3,2,0,101,41,23552,23.552
caoccao/swc4j,caoccao__swc4j,2025-07,96,3,2,0,101,41,23552,23.552
caoccao/swc4j,caoccao__swc4j,2025-08,96,3,2,0,101,41,23552,23.552
caoccao/swc4j,caoccao__swc4j,2025-09,96,3,2,0,101,41,23552,23.552
caoccao/swc4j,caoccao__swc4j,2025-10,96,3,2,0,101,41,23601,23.601
caoccao/swc4j,caoccao__swc4j,2025-11,96,3,2,0,101,41,23601,23.601
caoccao/swc4j,caoccao__swc4j,2025-12,96,3,2,0,101,41,23460,23.46
caoccao/swc4j,caoccao__swc4j,2026-01,96,3,2,0,101,41,23460,23.46
caoccao/swc4j,caoccao__swc4j,2026-02,116,4,2,1,123,89,68751,68.751
caoccao/swc4j,caoccao__swc4j,2026-03,120,6,2,1,129,103,77631,77.631
caoccao/swc4j,caoccao__swc4j,2026-04,120,6,2,1,129,103,77631,77.631
cinit/QAuxiliary,cinit__QAuxiliary,2024-12,174,5,1,0,180,120,25795,25.795
cinit/QAuxiliary,cinit__QAuxiliary,2025-01,175,5,1,0,181,120,25815,25.815
cinit/QAuxiliary,cinit__QAuxiliary,2025-02,175,5,1,0,181,120,25887,25.887
cinit/QAuxiliary,cinit__QAuxiliary,2025-03,176,5,1,0,182,122,25969,25.969
cinit/QAuxiliary,cinit__QAuxiliary,2025-04,181,5,4,0,190,126,26257,26.257
cinit/QAuxiliary,cinit__QAuxiliary,2025-05,181,5,4,0,190,126,26274,26.274
cinit/QAuxiliary,cinit__QAuxiliary,2025-06,183,5,4,0,192,128,26329,26.329
cinit/QAuxiliary,cinit__QAuxiliary,2025-07,183,5,4,0,192,128,26357,26.357
cinit/QAuxiliary,cinit__QAuxiliary,2025-08,183,5,4,0,192,128,26357,26.357
cinit/QAuxiliary,cinit__QAuxiliary,2025-09,183,5,4,0,192,128,26347,26.347
cinit/QAuxiliary,cinit__QAuxiliary,2025-10,184,5,4,0,193,128,26328,26.328
cinit/QAuxiliary,cinit__QAuxiliary,2025-11,184,5,4,0,193,128,26335,26.335
cinit/QAuxiliary,cinit__QAuxiliary,2025-12,184,5,4,0,193,128,26362,26.362
clerk/clerk-sdk-java,clerk__clerk-sdk-java,2025-03,3,0,0,2,5,11,65751,65.751
clerk/clerk-sdk-java,clerk__clerk-sdk-java,2025-04,4,0,0,2,6,11,79295,79.295
clerk/clerk-sdk-java,clerk__clerk-sdk-java,2025-05,4,0,0,2,6,11,79295,79.295
clerk/clerk-sdk-java,clerk__clerk-sdk-java,2025-06,4,0,0,2,6,11,80128,80.128
clerk/clerk-sdk-java,clerk__clerk-sdk-java,2025-07,4,0,0,3,7,15,82050,82.05
clerk/clerk-sdk-java,clerk__clerk-sdk-java,2025-08,5,0,1,3,9,16,83503,83.503
clerk/clerk-sdk-java,clerk__clerk-sdk-java,2025-09,5,0,1,3,9,16,104168,104.168
clerk/clerk-sdk-java,clerk__clerk-sdk-java,2025-10,5,0,1,3,9,16,104231,104.231
clerk/clerk-sdk-java,clerk__clerk-sdk-java,2025-11,6,0,1,3,10,16,104283,104.283
clerk/clerk-sdk-java,clerk__clerk-sdk-java,2025-12,6,0,1,3,10,17,106160,106.16
clerk/clerk-sdk-java,clerk__clerk-sdk-java,2026-01,6,0,1,3,10,17,122371,122.371
clerk/clerk-sdk-java,clerk__clerk-sdk-java,2026-02,6,0,1,3,10,17,123132,123.132
clerk/clerk-sdk-java,clerk__clerk-sdk-java,2026-03,6,0,1,3,10,17,131956,131.956
cmu-sei/kaiju,cmu-sei__kaiju,2024-09,44,1,3,0,48,49,14954,14.954
cmu-sei/kaiju,cmu-sei__kaiju,2024-10,44,1,3,0,48,49,14954,14.954
cmu-sei/kaiju,cmu-sei__kaiju,2024-11,44,1,3,0,48,49,14954,14.954
cmu-sei/kaiju,cmu-sei__kaiju,2024-12,44,1,3,0,48,49,14953,14.953
cmu-sei/kaiju,cmu-sei__kaiju,2025-01,44,1,3,0,48,49,14953,14.953
cmu-sei/kaiju,cmu-sei__kaiju,2025-02,44,1,3,0,48,49,14953,14.953
cmu-sei/kaiju,cmu-sei__kaiju,2025-03,44,1,3,0,48,49,14953,14.953
cmu-sei/kaiju,cmu-sei__kaiju,2025-04,44,1,3,0,48,49,14953,14.953
cmu-sei/kaiju,cmu-sei__kaiju,2025-05,44,1,3,0,48,49,14953,14.953
cmu-sei/kaiju,cmu-sei__kaiju,2025-06,44,1,3,0,48,49,14953,14.953
cmu-sei/kaiju,cmu-sei__kaiju,2025-07,44,1,3,0,48,49,14953,14.953
cmu-sei/kaiju,cmu-sei__kaiju,2025-08,44,1,3,0,48,49,14953,14.953
cmu-sei/kaiju,cmu-sei__kaiju,2025-09,44,1,3,0,48,49,14953,14.953
cryostatio/cryostat,cryostatio__cryostat,2024-12,13,1,1,0,15,22,17095,17.095
cryostatio/cryostat,cryostatio__cryostat,2025-01,15,1,2,0,18,22,17854,17.854
cryostatio/cryostat,cryostatio__cryostat,2025-02,15,1,2,0,18,22,18014,18.014
cryostatio/cryostat,cryostatio__cryostat,2025-03,15,1,2,0,18,22,17359,17.359
cryostatio/cryostat,cryostatio__cryostat,2025-04,15,1,2,0,18,22,17387,17.387
cryostatio/cryostat,cryostatio__cryostat,2025-05,15,0,2,0,17,22,18353,18.353
cryostatio/cryostat,cryostatio__cryostat,2025-06,15,0,2,0,17,22,18442,18.442
cryostatio/cryostat,cryostatio__cryostat,2025-07,14,0,2,0,16,22,19699,19.699
cryostatio/cryostat,cryostatio__cryostat,2025-08,14,0,2,0,16,24,20092,20.092
cryostatio/cryostat,cryostatio__cryostat,2025-09,17,1,2,0,20,25,20724,20.724
cryostatio/cryostat,cryostatio__cryostat,2025-10,17,1,2,0,20,27,21570,21.57
cryostatio/cryostat,cryostatio__cryostat,2025-11,17,1,2,0,20,27,21941,21.941
cryostatio/cryostat,cryostatio__cryostat,2025-12,17,1,2,0,20,27,22475,22.475
ctrl-space-labs/gendox-core,ctrl-space-labs__gendox-core,2025-02,24,1,3,0,28,78,16102,16.102
ctrl-space-labs/gendox-core,ctrl-space-labs__gendox-core,2025-03,24,1,3,0,28,78,16102,16.102
ctrl-space-labs/gendox-core,ctrl-space-labs__gendox-core,2025-04,25,1,3,0,29,78,16653,16.653
ctrl-space-labs/gendox-core,ctrl-space-labs__gendox-core,2025-05,25,1,3,0,29,78,16735,16.735
ctrl-space-labs/gendox-core,ctrl-space-labs__gendox-core,2025-06,27,1,1,0,29,99,17807,17.807
ctrl-space-labs/gendox-core,ctrl-space-labs__gendox-core,2025-07,27,1,1,0,29,99,18116,18.116
ctrl-space-labs/gendox-core,ctrl-space-labs__gendox-core,2025-08,27,1,1,0,29,99,18116,18.116
ctrl-space-labs/gendox-core,ctrl-space-labs__gendox-core,2025-09,26,1,1,0,28,112,21464,21.464
ctrl-space-labs/gendox-core,ctrl-space-labs__gendox-core,2025-10,26,1,1,0,28,112,21466,21.466
ctrl-space-labs/gendox-core,ctrl-space-labs__gendox-core,2025-11,26,1,1,0,28,112,21466,21.466
ctrl-space-labs/gendox-core,ctrl-space-labs__gendox-core,2025-12,26,1,1,0,28,112,21466,21.466
ctrl-space-labs/gendox-core,ctrl-space-labs__gendox-core,2026-01,27,1,1,0,29,116,23276,23.276
ctrl-space-labs/gendox-core,ctrl-space-labs__gendox-core,2026-02,27,1,1,0,29,119,23896,23.896
cygnusx-1-org/Slide,cygnusx-1-org__Slide,2024-09,45,3,2,1,51,35,47485,47.485
cygnusx-1-org/Slide,cygnusx-1-org__Slide,2024-10,45,3,2,1,51,35,47485,47.485
cygnusx-1-org/Slide,cygnusx-1-org__Slide,2024-11,45,3,2,1,51,35,47485,47.485
cygnusx-1-org/Slide,cygnusx-1-org__Slide,2024-12,45,3,2,1,51,35,47485,47.485
cygnusx-1-org/Slide,cygnusx-1-org__Slide,2025-01,45,3,2,1,51,34,46939,46.939
cygnusx-1-org/Slide,cygnusx-1-org__Slide,2025-02,45,3,2,2,52,34,59239,59.239
cygnusx-1-org/Slide,cygnusx-1-org__Slide,2025-03,45,3,2,2,52,34,59652,59.652
cygnusx-1-org/Slide,cygnusx-1-org__Slide,2025-04,45,3,2,2,52,34,60064,60.064
cygnusx-1-org/Slide,cygnusx-1-org__Slide,2025-05,46,3,2,2,53,34,60380,60.38
cygnusx-1-org/Slide,cygnusx-1-org__Slide,2025-06,47,3,3,2,55,34,59655,59.655
cygnusx-1-org/Slide,cygnusx-1-org__Slide,2025-07,47,3,3,2,55,34,59660,59.66
cygnusx-1-org/Slide,cygnusx-1-org__Slide,2025-08,47,3,3,2,55,34,59662,59.662
cygnusx-1-org/Slide,cygnusx-1-org__Slide,2025-09,47,3,3,2,55,34,59662,59.662
dadoonet/fscrawler,dadoonet__fscrawler,2025-03,0,0,1,0,1,28,10453,10.453
dadoonet/fscrawler,dadoonet__fscrawler,2025-04,0,0,1,0,1,30,10815,10.815
dadoonet/fscrawler,dadoonet__fscrawler,2025-05,0,0,1,0,1,30,9979,9.979
dadoonet/fscrawler,dadoonet__fscrawler,2025-06,0,0,1,0,1,30,9986,9.986
dadoonet/fscrawler,dadoonet__fscrawler,2025-07,0,0,1,0,1,30,9987,9.987
dadoonet/fscrawler,dadoonet__fscrawler,2025-08,0,0,1,0,1,30,10042,10.042
dadoonet/fscrawler,dadoonet__fscrawler,2025-09,0,0,1,0,1,30,10042,10.042
dadoonet/fscrawler,dadoonet__fscrawler,2025-10,0,0,1,0,1,30,9652,9.652
dadoonet/fscrawler,dadoonet__fscrawler,2025-11,0,0,1,0,1,30,9779,9.779
dadoonet/fscrawler,dadoonet__fscrawler,2025-12,0,1,1,0,2,30,10073,10.073
dadoonet/fscrawler,dadoonet__fscrawler,2026-01,0,1,1,0,2,30,10073,10.073
dadoonet/fscrawler,dadoonet__fscrawler,2026-02,0,1,1,0,2,30,10749,10.749
dadoonet/fscrawler,dadoonet__fscrawler,2026-03,4,1,1,0,6,29,11087,11.087
dasi0227/Agent,dasi0227__Agent,2026-01,0,0,0,0,0,6,249,0.249
dasi0227/Agent,dasi0227__Agent,2026-02,1,0,2,0,3,82,6224,6.224
dasi0227/Agent,dasi0227__Agent,2026-03,1,0,2,0,3,101,8416,8.416
dasi0227/Agent,dasi0227__Agent,2026-04,1,0,2,0,3,101,8416,8.416
dasi0227/Agent,dasi0227__Agent,2026-05,1,0,2,0,3,101,8416,8.416
datageartech/datagear,datageartech__datagear,2025-06,15,0,1,2,18,62,63878,63.878
datageartech/datagear,datageartech__datagear,2025-07,15,0,1,2,18,62,64046,64.046
datageartech/datagear,datageartech__datagear,2025-08,18,0,1,2,21,62,64683,64.683
datageartech/datagear,datageartech__datagear,2025-09,18,0,1,2,21,62,64685,64.685
datageartech/datagear,datageartech__datagear,2025-10,18,0,1,2,21,62,64685,64.685
datageartech/datagear,datageartech__datagear,2025-11,18,0,1,2,21,62,64685,64.685
datageartech/datagear,datageartech__datagear,2025-12,18,0,1,2,21,62,64685,64.685
datageartech/datagear,datageartech__datagear,2026-01,18,0,1,2,21,62,64685,64.685
datageartech/datagear,datageartech__datagear,2026-02,18,0,1,2,21,62,64685,64.685
datageartech/datagear,datageartech__datagear,2026-03,18,0,1,2,21,62,64685,64.685
datageartech/datagear,datageartech__datagear,2026-04,18,0,1,2,21,62,64685,64.685
datageartech/datagear,datageartech__datagear,2026-05,18,0,1,2,21,62,64685,64.685
datageartech/datagear,datageartech__datagear,2026-06,18,0,1,2,21,62,64685,64.685
datavane/tis,datavane__tis,2025-04,677,20,4,0,701,321,78621,78.621
datavane/tis,datavane__tis,2025-05,673,22,3,0,698,320,79046,79.046
datavane/tis,datavane__tis,2025-06,695,22,6,0,723,320,79298,79.298
datavane/tis,datavane__tis,2025-07,699,22,6,0,727,321,79697,79.697
datavane/tis,datavane__tis,2025-08,697,21,3,0,721,323,80187,80.187
datavane/tis,datavane__tis,2025-09,697,21,3,0,721,323,80276,80.276
datavane/tis,datavane__tis,2025-10,697,21,3,0,721,323,80273,80.273
datavane/tis,datavane__tis,2025-11,752,22,2,0,776,332,84216,84.216
datavane/tis,datavane__tis,2025-12,760,22,2,0,784,335,85490,85.49
datavane/tis,datavane__tis,2026-01,765,23,2,0,790,338,86369,86.369
datavane/tis,datavane__tis,2026-02,778,22,7,0,807,342,86886,86.886
datavane/tis,datavane__tis,2026-03,776,22,4,0,802,346,88105,88.105
datavane/tis,datavane__tis,2026-04,777,22,4,0,803,346,88142,88.142
debezium/debezium,debezium__debezium,2025-01,427,11,2,5,445,349,175787,175.787
debezium/debezium,debezium__debezium,2025-02,432,12,7,5,456,351,177884,177.884
debezium/debezium,debezium__debezium,2025-03,432,12,7,5,456,351,178204,178.204
debezium/debezium,debezium__debezium,2025-04,434,13,1,2,450,351,178746,178.746
debezium/debezium,debezium__debezium,2025-05,442,10,8,2,462,355,181519,181.519
debezium/debezium,debezium__debezium,2025-06,431,11,7,2,451,365,179073,179.073
debezium/debezium,debezium__debezium,2025-07,443,10,2,5,460,375,181554,181.554
debezium/debezium,debezium__debezium,2025-08,471,10,2,2,485,389,184644,184.644
debezium/debezium,debezium__debezium,2025-09,472,10,2,5,489,390,185227,185.227
debezium/debezium,debezium__debezium,2025-10,473,9,4,5,491,390,187233,187.233
debezium/debezium,debezium__debezium,2025-11,476,9,4,2,491,407,189986,189.986
debezium/debezium,debezium__debezium,2025-12,479,10,4,5,498,422,191793,191.793
debezium/debezium,debezium__debezium,2026-01,475,11,3,5,494,355,185881,185.881
deltazefiro/Amarok-Hider,deltazefiro__Amarok-Hider,2024-08,10,1,1,0,12,11,2904,2.904
deltazefiro/Amarok-Hider,deltazefiro__Amarok-Hider,2024-09,10,1,1,0,12,11,2921,2.921
deltazefiro/Amarok-Hider,deltazefiro__Amarok-Hider,2024-10,10,1,1,0,12,11,2921,2.921
deltazefiro/Amarok-Hider,deltazefiro__Amarok-Hider,2024-11,10,1,1,0,12,11,2921,2.921
deltazefiro/Amarok-Hider,deltazefiro__Amarok-Hider,2024-12,10,1,1,0,12,11,2921,2.921
deltazefiro/Amarok-Hider,deltazefiro__Amarok-Hider,2025-01,10,1,1,0,12,11,2921,2.921
deltazefiro/Amarok-Hider,deltazefiro__Amarok-Hider,2025-02,10,1,1,0,12,11,2972,2.972
deltazefiro/Amarok-Hider,deltazefiro__Amarok-Hider,2025-03,10,1,1,0,12,12,3004,3.004
deltazefiro/Amarok-Hider,deltazefiro__Amarok-Hider,2025-04,10,1,1,0,12,12,3004,3.004
deltazefiro/Amarok-Hider,deltazefiro__Amarok-Hider,2025-05,10,1,1,0,12,12,3004,3.004
deltazefiro/Amarok-Hider,deltazefiro__Amarok-Hider,2025-06,10,1,1,0,12,12,3051,3.051
deltazefiro/Amarok-Hider,deltazefiro__Amarok-Hider,2025-07,10,1,1,0,12,12,3051,3.051
deltazefiro/Amarok-Hider,deltazefiro__Amarok-Hider,2025-08,10,1,1,0,12,12,3086,3.086
devonfw/IDEasy,devonfw__IDEasy,2025-01,181,4,3,0,188,78,15274,15.274
devonfw/IDEasy,devonfw__IDEasy,2025-02,216,3,4,0,223,78,16390,16.39
devonfw/IDEasy,devonfw__IDEasy,2025-03,302,4,2,0,308,80,17622,17.622
devonfw/IDEasy,devonfw__IDEasy,2025-04,153,2,3,0,158,109,18046,18.046
devonfw/IDEasy,devonfw__IDEasy,2025-05,158,2,3,0,163,111,18531,18.531
devonfw/IDEasy,devonfw__IDEasy,2025-06,154,1,3,0,158,111,18990,18.99
devonfw/IDEasy,devonfw__IDEasy,2025-07,119,2,3,0,124,111,19435,19.435
devonfw/IDEasy,devonfw__IDEasy,2025-08,120,1,3,0,124,111,19574,19.574
devonfw/IDEasy,devonfw__IDEasy,2025-09,129,4,3,0,136,118,20862,20.862
devonfw/IDEasy,devonfw__IDEasy,2025-10,143,4,3,0,150,121,21463,21.463
devonfw/IDEasy,devonfw__IDEasy,2025-11,147,3,4,0,154,124,21804,21.804
devonfw/IDEasy,devonfw__IDEasy,2025-12,147,3,1,0,151,125,22848,22.848
devonfw/IDEasy,devonfw__IDEasy,2026-01,168,4,2,0,174,126,23656,23.656
dhis2/dhis2-core,dhis2__dhis2-core,2025-05,2073,17,1,9,2100,697,490447,490.447
dhis2/dhis2-core,dhis2__dhis2-core,2025-07,2428,17,11,9,2465,709,505414,505.414
dhis2/dhis2-core,dhis2__dhis2-core,2025-09,2451,17,3,8,2479,708,511987,511.987
dhis2/dhis2-core,dhis2__dhis2-core,2025-10,2521,18,12,9,2560,712,515378,515.378
dhis2/dhis2-core,dhis2__dhis2-core,2025-12,2490,17,2,9,2518,716,523897,523.897
dhis2/dhis2-core,dhis2__dhis2-core,2026-02,2435,17,3,9,2464,720,536292,536.292
dhis2/dhis2-core,dhis2__dhis2-core,2026-03,2486,17,7,9,2519,722,550000,550.0
dhis2/dhis2-core,dhis2__dhis2-core,2026-05,2488,17,7,9,2521,724,555630,555.63
dougdonohoe/ddpoker,dougdonohoe__ddpoker,2025-04,16,1,2,3,22,81,97409,97.409
dougdonohoe/ddpoker,dougdonohoe__ddpoker,2025-05,16,1,2,3,22,81,97418,97.418
dougdonohoe/ddpoker,dougdonohoe__ddpoker,2025-06,16,1,2,3,22,81,97418,97.418
dougdonohoe/ddpoker,dougdonohoe__ddpoker,2025-07,16,1,2,3,22,81,97418,97.418
dougdonohoe/ddpoker,dougdonohoe__ddpoker,2025-08,16,1,2,3,22,81,97418,97.418
dougdonohoe/ddpoker,dougdonohoe__ddpoker,2025-09,16,1,2,3,22,81,97418,97.418
dougdonohoe/ddpoker,dougdonohoe__ddpoker,2025-10,16,1,2,3,22,81,97418,97.418
dougdonohoe/ddpoker,dougdonohoe__ddpoker,2025-11,16,1,2,3,22,81,97418,97.418
dougdonohoe/ddpoker,dougdonohoe__ddpoker,2025-12,15,1,2,3,21,81,97394,97.394
dougdonohoe/ddpoker,dougdonohoe__ddpoker,2026-01,15,1,2,3,21,81,97394,97.394
dougdonohoe/ddpoker,dougdonohoe__ddpoker,2026-02,15,1,2,3,21,81,97394,97.394
dougdonohoe/ddpoker,dougdonohoe__ddpoker,2026-03,15,1,2,3,21,81,97393,97.393
dougdonohoe/ddpoker,dougdonohoe__ddpoker,2026-04,15,1,2,3,21,81,97393,97.393
dromara/skyeye,dromara__skyeye,2025-06,103,76,4,0,183,1917,128034,128.034
dromara/skyeye,dromara__skyeye,2025-07,103,76,4,0,183,1908,129379,129.379
dromara/skyeye,dromara__skyeye,2025-08,106,84,4,0,194,1963,135360,135.36
dromara/skyeye,dromara__skyeye,2025-09,106,84,3,0,193,2009,138932,138.932
dromara/skyeye,dromara__skyeye,2025-10,108,84,3,0,195,2022,140348,140.348
dromara/skyeye,dromara__skyeye,2025-11,109,85,4,0,198,2027,142205,142.205
dromara/skyeye,dromara__skyeye,2025-12,109,85,4,0,198,2026,143028,143.028
dromara/skyeye,dromara__skyeye,2026-01,97,85,4,0,186,2050,144426,144.426
dromara/skyeye,dromara__skyeye,2026-02,96,86,2,0,184,2086,149532,149.532
dromara/skyeye,dromara__skyeye,2026-03,104,87,3,0,194,2100,151497,151.497
dromara/skyeye,dromara__skyeye,2026-04,104,87,3,0,194,2100,151804,151.804
dromara/skyeye,dromara__skyeye,2026-05,104,87,3,0,194,2100,151804,151.804
dromara/skyeye,dromara__skyeye,2026-06,104,87,3,0,194,2100,151804,151.804
e-gleba/cxx-skeleton,e-gleba__cxx-skeleton,2025-07,0,0,0,0,0,6,7083,7.083
e-gleba/cxx-skeleton,e-gleba__cxx-skeleton,2025-08,0,0,0,0,0,6,7083,7.083
e-gleba/cxx-skeleton,e-gleba__cxx-skeleton,2025-09,0,0,0,0,0,6,7108,7.108
e-gleba/cxx-skeleton,e-gleba__cxx-skeleton,2025-10,0,0,0,0,0,6,7105,7.105
e-gleba/cxx-skeleton,e-gleba__cxx-skeleton,2025-11,0,0,0,0,0,6,7105,7.105
e-gleba/cxx-skeleton,e-gleba__cxx-skeleton,2025-12,0,0,0,0,0,6,7105,7.105
e-gleba/cxx-skeleton,e-gleba__cxx-skeleton,2026-01,0,0,0,0,0,6,7105,7.105
e-gleba/cxx-skeleton,e-gleba__cxx-skeleton,2026-02,0,0,0,0,0,6,7105,7.105
e-gleba/cxx-skeleton,e-gleba__cxx-skeleton,2026-03,0,0,0,0,0,6,7167,7.167
e-gleba/cxx-skeleton,e-gleba__cxx-skeleton,2026-04,0,0,0,0,0,6,7167,7.167
e-gleba/cxx-skeleton,e-gleba__cxx-skeleton,2026-05,0,0,0,0,0,6,7167,7.167
eclipse-lyo/lyo,eclipse-lyo__lyo,2025-05,9,0,1,0,10,82,38062,38.062
eclipse-lyo/lyo,eclipse-lyo__lyo,2025-06,9,0,1,0,10,82,38062,38.062
eclipse-lyo/lyo,eclipse-lyo__lyo,2025-07,9,0,1,0,10,82,38067,38.067
eclipse-lyo/lyo,eclipse-lyo__lyo,2025-08,9,0,1,0,10,82,38190,38.19
eclipse-lyo/lyo,eclipse-lyo__lyo,2025-09,9,0,1,0,10,82,38190,38.19
eclipse-lyo/lyo,eclipse-lyo__lyo,2025-10,9,0,1,0,10,82,38190,38.19
eclipse-lyo/lyo,eclipse-lyo__lyo,2025-11,9,0,1,0,10,82,38240,38.24
eclipse-lyo/lyo,eclipse-lyo__lyo,2025-12,9,0,1,0,10,82,38186,38.186
eclipse-lyo/lyo,eclipse-lyo__lyo,2026-01,9,0,1,0,10,82,38741,38.741
eclipse-lyo/lyo,eclipse-lyo__lyo,2026-02,9,0,1,0,10,82,38772,38.772
eclipse-lyo/lyo,eclipse-lyo__lyo,2026-03,10,0,1,0,11,82,39337,39.337
eclipse-lyo/lyo,eclipse-lyo__lyo,2026-04,10,0,1,0,11,82,39337,39.337
eclipse-lyo/lyo,eclipse-lyo__lyo,2026-05,10,0,1,0,11,82,39337,39.337
eclipse-tractusx/tractusx-edc,eclipse-tractusx__tractusx-edc,2025-02,9,4,2,0,15,142,14693,14.693
eclipse-tractusx/tractusx-edc,eclipse-tractusx__tractusx-edc,2025-03,9,4,1,0,14,145,14963,14.963
eclipse-tractusx/tractusx-edc,eclipse-tractusx__tractusx-edc,2025-04,9,4,1,0,14,155,15083,15.083
eclipse-tractusx/tractusx-edc,eclipse-tractusx__tractusx-edc,2025-05,9,4,1,0,14,156,15161,15.161
eclipse-tractusx/tractusx-edc,eclipse-tractusx__tractusx-edc,2025-06,9,4,1,0,14,157,15301,15.301
eclipse-tractusx/tractusx-edc,eclipse-tractusx__tractusx-edc,2025-07,9,4,1,0,14,156,15411,15.411
eclipse-tractusx/tractusx-edc,eclipse-tractusx__tractusx-edc,2025-08,11,3,1,0,15,184,17965,17.965
eclipse-tractusx/tractusx-edc,eclipse-tractusx__tractusx-edc,2025-09,12,2,2,0,16,213,22887,22.887
eclipse-tractusx/tractusx-edc,eclipse-tractusx__tractusx-edc,2025-10,13,4,2,0,19,220,24121,24.121
eclipse-tractusx/tractusx-edc,eclipse-tractusx__tractusx-edc,2025-11,13,4,2,0,19,220,24148,24.148
eclipse-tractusx/tractusx-edc,eclipse-tractusx__tractusx-edc,2025-12,13,3,2,0,18,220,24133,24.133
eclipse-tractusx/tractusx-edc,eclipse-tractusx__tractusx-edc,2026-01,13,3,2,0,18,224,25006,25.006
eclipse-tractusx/tractusx-edc,eclipse-tractusx__tractusx-edc,2026-02,13,3,2,0,18,232,25763,25.763
entur/antu,entur__antu,2025-05,5,0,2,0,7,78,16372,16.372
entur/antu,entur__antu,2025-06,9,0,4,0,13,78,16067,16.067
entur/antu,entur__antu,2025-07,10,0,4,0,14,80,17607,17.607
entur/antu,entur__antu,2025-08,10,0,4,0,14,82,18367,18.367
entur/antu,entur__antu,2025-09,10,0,4,0,14,82,18367,18.367
entur/antu,entur__antu,2025-10,10,0,4,0,14,84,18600,18.6
entur/antu,entur__antu,2025-11,10,0,1,0,11,84,19034,19.034
entur/antu,entur__antu,2025-12,10,0,1,0,11,84,19417,19.417
entur/antu,entur__antu,2026-01,10,0,1,0,11,84,19426,19.426
entur/antu,entur__antu,2026-02,10,0,1,0,11,84,19426,19.426
entur/antu,entur__antu,2026-03,10,0,1,0,11,84,19426,19.426
entur/antu,entur__antu,2026-04,10,0,1,0,11,84,19440,19.44
entur/antu,entur__antu,2026-05,10,0,1,0,11,84,19440,19.44
exadel-inc/etoolbox-rollout-manager,exadel-inc__etoolbox-rollout-manager,2025-05,0,0,0,0,0,10,893,0.893
exadel-inc/etoolbox-rollout-manager,exadel-inc__etoolbox-rollout-manager,2025-06,0,0,0,0,0,10,893,0.893
exadel-inc/etoolbox-rollout-manager,exadel-inc__etoolbox-rollout-manager,2025-07,0,0,0,0,0,10,893,0.893
exadel-inc/etoolbox-rollout-manager,exadel-inc__etoolbox-rollout-manager,2025-08,0,0,0,0,0,10,893,0.893
exadel-inc/etoolbox-rollout-manager,exadel-inc__etoolbox-rollout-manager,2025-09,0,0,0,0,0,10,893,0.893
exadel-inc/etoolbox-rollout-manager,exadel-inc__etoolbox-rollout-manager,2025-10,0,0,0,0,0,10,893,0.893
exadel-inc/etoolbox-rollout-manager,exadel-inc__etoolbox-rollout-manager,2025-11,0,0,0,0,0,15,1226,1.226
exadel-inc/etoolbox-rollout-manager,exadel-inc__etoolbox-rollout-manager,2025-12,0,0,0,0,0,15,1225,1.225
exadel-inc/etoolbox-rollout-manager,exadel-inc__etoolbox-rollout-manager,2026-01,0,0,0,0,0,15,1847,1.847
exadel-inc/etoolbox-rollout-manager,exadel-inc__etoolbox-rollout-manager,2026-02,0,0,0,0,0,15,1847,1.847
exadel-inc/etoolbox-rollout-manager,exadel-inc__etoolbox-rollout-manager,2026-03,0,0,0,0,0,15,1847,1.847
exadel-inc/etoolbox-rollout-manager,exadel-inc__etoolbox-rollout-manager,2026-04,0,0,0,0,0,15,1847,1.847
exadel-inc/etoolbox-rollout-manager,exadel-inc__etoolbox-rollout-manager,2026-05,0,0,0,0,0,15,1847,1.847
explore-de/rage4j,explore-de__rage4j,2025-05,1,0,0,0,1,14,1435,1.435
explore-de/rage4j,explore-de__rage4j,2025-06,1,0,0,0,1,14,1447,1.447
explore-de/rage4j,explore-de__rage4j,2025-07,1,0,0,0,1,14,1447,1.447
explore-de/rage4j,explore-de__rage4j,2025-08,1,0,0,0,1,14,1447,1.447
explore-de/rage4j,explore-de__rage4j,2025-09,1,0,0,0,1,19,1973,1.973
explore-de/rage4j,explore-de__rage4j,2025-10,1,0,0,0,1,19,1973,1.973
explore-de/rage4j,explore-de__rage4j,2025-11,1,0,0,0,1,19,1973,1.973
explore-de/rage4j,explore-de__rage4j,2025-12,2,0,0,0,2,22,2596,2.596
explore-de/rage4j,explore-de__rage4j,2026-01,2,0,0,0,2,22,2596,2.596
explore-de/rage4j,explore-de__rage4j,2026-02,2,0,0,0,2,22,2596,2.596
explore-de/rage4j,explore-de__rage4j,2026-03,2,0,0,0,2,22,2596,2.596
explore-de/rage4j,explore-de__rage4j,2026-04,2,0,0,0,2,22,2596,2.596
explore-de/rage4j,explore-de__rage4j,2026-05,2,0,0,0,2,22,2596,2.596
fanruan/intelli-swift-core,fanruan__intelli-swift-core,2025-04,697,10,2,2,711,281,64502,64.502
fanruan/intelli-swift-core,fanruan__intelli-swift-core,2025-05,697,10,2,2,711,281,64502,64.502
fanruan/intelli-swift-core,fanruan__intelli-swift-core,2025-06,697,10,2,2,711,281,64502,64.502
fanruan/intelli-swift-core,fanruan__intelli-swift-core,2025-07,697,10,2,2,711,281,64502,64.502
fanruan/intelli-swift-core,fanruan__intelli-swift-core,2025-08,697,10,2,2,711,281,64502,64.502
fanruan/intelli-swift-core,fanruan__intelli-swift-core,2025-09,697,10,2,2,711,281,64502,64.502
fanruan/intelli-swift-core,fanruan__intelli-swift-core,2025-10,697,10,2,2,711,281,64502,64.502
fanruan/intelli-swift-core,fanruan__intelli-swift-core,2025-11,697,10,2,2,711,281,64502,64.502
fanruan/intelli-swift-core,fanruan__intelli-swift-core,2025-12,697,10,2,2,711,281,64502,64.502
fanruan/intelli-swift-core,fanruan__intelli-swift-core,2026-01,697,10,2,2,711,281,64502,64.502
fanruan/intelli-swift-core,fanruan__intelli-swift-core,2026-02,697,10,2,2,711,281,64502,64.502
fanruan/intelli-swift-core,fanruan__intelli-swift-core,2026-03,697,10,2,2,711,281,64502,64.502
fanruan/intelli-swift-core,fanruan__intelli-swift-core,2026-04,697,10,2,2,711,281,64502,64.502
fantahund/VoxelMap,fantahund__VoxelMap,2025-01,8,1,1,0,10,13,11274,11.274
fantahund/VoxelMap,fantahund__VoxelMap,2025-02,8,1,1,0,10,13,11342,11.342
fantahund/VoxelMap,fantahund__VoxelMap,2025-03,8,1,1,0,10,13,11230,11.23
fantahund/VoxelMap,fantahund__VoxelMap,2025-04,13,1,2,0,16,15,11166,11.166
fantahund/VoxelMap,fantahund__VoxelMap,2025-05,13,1,1,0,15,17,10189,10.189
fantahund/VoxelMap,fantahund__VoxelMap,2025-06,13,1,1,0,15,17,10177,10.177
fantahund/VoxelMap,fantahund__VoxelMap,2025-07,14,1,1,0,16,17,10345,10.345
fantahund/VoxelMap,fantahund__VoxelMap,2025-08,14,1,1,0,16,17,10366,10.366
fantahund/VoxelMap,fantahund__VoxelMap,2025-09,14,1,1,0,16,17,10366,10.366
fantahund/VoxelMap,fantahund__VoxelMap,2025-10,14,1,1,0,16,17,10374,10.374
fantahund/VoxelMap,fantahund__VoxelMap,2025-11,14,1,1,0,16,17,10632,10.632
fantahund/VoxelMap,fantahund__VoxelMap,2025-12,15,1,1,0,17,17,10672,10.672
fantahund/VoxelMap,fantahund__VoxelMap,2026-01,15,1,1,0,17,17,10692,10.692
freeplane/freeplane,freeplane__freeplane,2025-01,842,9,2,1,854,185,104487,104.487
freeplane/freeplane,freeplane__freeplane,2025-02,842,9,2,1,854,186,104964,104.964
freeplane/freeplane,freeplane__freeplane,2025-03,842,9,2,1,854,186,105642,105.642
freeplane/freeplane,freeplane__freeplane,2025-04,841,9,2,1,853,186,105851,105.851
freeplane/freeplane,freeplane__freeplane,2025-05,841,9,2,1,853,186,105931,105.931
freeplane/freeplane,freeplane__freeplane,2025-06,842,9,4,1,856,187,107374,107.374
freeplane/freeplane,freeplane__freeplane,2025-07,868,9,4,1,882,190,109526,109.526
freeplane/freeplane,freeplane__freeplane,2025-08,901,9,4,1,915,190,110389,110.389
freeplane/freeplane,freeplane__freeplane,2025-09,901,10,4,1,916,190,110807,110.807
freeplane/freeplane,freeplane__freeplane,2025-10,902,10,4,1,917,191,113658,113.658
freeplane/freeplane,freeplane__freeplane,2025-11,902,10,4,1,917,191,114012,114.012
freeplane/freeplane,freeplane__freeplane,2025-12,903,10,4,1,918,191,115817,115.817
freeplane/freeplane,freeplane__freeplane,2026-01,960,10,2,1,973,195,117923,117.923
google/caliper,google__caliper,2025-02,9,0,2,0,11,29,10893,10.893
google/caliper,google__caliper,2025-03,9,0,2,0,11,29,10893,10.893
google/caliper,google__caliper,2025-04,9,0,2,0,11,29,10893,10.893
google/caliper,google__caliper,2025-05,9,0,2,0,11,29,10893,10.893
google/caliper,google__caliper,2025-06,9,0,2,0,11,29,10893,10.893
google/caliper,google__caliper,2025-07,9,0,2,0,11,29,10893,10.893
google/caliper,google__caliper,2025-08,9,0,2,0,11,29,10893,10.893
google/caliper,google__caliper,2025-09,9,0,2,0,11,29,10893,10.893
google/caliper,google__caliper,2025-10,9,0,2,0,11,29,10893,10.893
google/caliper,google__caliper,2025-11,9,0,2,0,11,29,10893,10.893
google/caliper,google__caliper,2025-12,9,0,2,0,11,29,10904,10.904
google/caliper,google__caliper,2026-01,9,0,2,0,11,29,10904,10.904
google/caliper,google__caliper,2026-02,9,0,2,0,11,29,10904,10.904
grafioschtrader/grafioschtrader,grafioschtrader__grafioschtrader,2025-06,113,1,5,0,119,135,37181,37.181
grafioschtrader/grafioschtrader,grafioschtrader__grafioschtrader,2025-07,113,1,5,0,119,139,37821,37.821
grafioschtrader/grafioschtrader,grafioschtrader__grafioschtrader,2025-08,113,1,6,0,120,139,38361,38.361
grafioschtrader/grafioschtrader,grafioschtrader__grafioschtrader,2025-09,113,1,6,0,120,139,38361,38.361
grafioschtrader/grafioschtrader,grafioschtrader__grafioschtrader,2025-10,113,1,6,0,120,139,38372,38.372
grafioschtrader/grafioschtrader,grafioschtrader__grafioschtrader,2025-11,113,1,3,0,117,139,38399,38.399
grafioschtrader/grafioschtrader,grafioschtrader__grafioschtrader,2025-12,113,1,3,0,117,139,38439,38.439
grafioschtrader/grafioschtrader,grafioschtrader__grafioschtrader,2026-01,177,1,2,0,180,142,41715,41.715
grafioschtrader/grafioschtrader,grafioschtrader__grafioschtrader,2026-02,209,2,4,0,215,151,47905,47.905
grafioschtrader/grafioschtrader,grafioschtrader__grafioschtrader,2026-03,227,2,4,0,233,156,55204,55.204
grafioschtrader/grafioschtrader,grafioschtrader__grafioschtrader,2026-04,227,2,4,0,233,156,55204,55.204
grafioschtrader/grafioschtrader,grafioschtrader__grafioschtrader,2026-05,227,2,4,0,233,156,55204,55.204
grafioschtrader/grafioschtrader,grafioschtrader__grafioschtrader,2026-06,227,2,4,0,233,156,55204,55.204
graphql-java/graphql-java,graphql-java__graphql-java,2024-10,107,4,1,0,112,61,44106,44.106
graphql-java/graphql-java,graphql-java__graphql-java,2024-11,107,4,1,0,112,61,44106,44.106
graphql-java/graphql-java,graphql-java__graphql-java,2024-12,107,4,1,0,112,62,44531,44.531
graphql-java/graphql-java,graphql-java__graphql-java,2025-01,107,4,1,0,112,62,44545,44.545
graphql-java/graphql-java,graphql-java__graphql-java,2025-02,107,4,1,0,112,62,44582,44.582
graphql-java/graphql-java,graphql-java__graphql-java,2025-03,108,4,4,0,116,63,45569,45.569
graphql-java/graphql-java,graphql-java__graphql-java,2025-04,107,4,4,0,115,63,45743,45.743
graphql-java/graphql-java,graphql-java__graphql-java,2025-05,107,4,3,0,114,62,45984,45.984
graphql-java/graphql-java,graphql-java__graphql-java,2025-06,108,4,3,0,115,62,46396,46.396
graphql-java/graphql-java,graphql-java__graphql-java,2025-07,108,4,3,0,115,63,46775,46.775
graphql-java/graphql-java,graphql-java__graphql-java,2025-08,106,4,1,0,111,60,46638,46.638
graphql-java/graphql-java,graphql-java__graphql-java,2025-09,106,4,4,0,114,60,46910,46.91
graphql-java/graphql-java,graphql-java__graphql-java,2025-10,106,4,1,0,111,60,47381,47.381
guardtime/ksi-java-sdk,guardtime__ksi-java-sdk,2025-06,26,1,1,0,28,31,14721,14.721
guardtime/ksi-java-sdk,guardtime__ksi-java-sdk,2025-07,26,1,1,0,28,31,14721,14.721
guardtime/ksi-java-sdk,guardtime__ksi-java-sdk,2025-08,26,1,1,0,28,31,14721,14.721
guardtime/ksi-java-sdk,guardtime__ksi-java-sdk,2025-09,26,1,1,0,28,31,14721,14.721
guardtime/ksi-java-sdk,guardtime__ksi-java-sdk,2025-10,26,1,1,0,28,31,14721,14.721
guardtime/ksi-java-sdk,guardtime__ksi-java-sdk,2025-11,26,1,1,0,28,31,14721,14.721
guardtime/ksi-java-sdk,guardtime__ksi-java-sdk,2025-12,26,1,1,0,28,31,14721,14.721
guardtime/ksi-java-sdk,guardtime__ksi-java-sdk,2026-01,26,1,1,0,28,31,14721,14.721
guardtime/ksi-java-sdk,guardtime__ksi-java-sdk,2026-02,26,1,1,0,28,31,14721,14.721
guardtime/ksi-java-sdk,guardtime__ksi-java-sdk,2026-03,26,1,1,0,28,31,14721,14.721
guardtime/ksi-java-sdk,guardtime__ksi-java-sdk,2026-04,26,1,1,0,28,31,14721,14.721
guardtime/ksi-java-sdk,guardtime__ksi-java-sdk,2026-05,26,1,1,0,28,31,14721,14.721
guardtime/ksi-java-sdk,guardtime__ksi-java-sdk,2026-06,26,1,1,0,28,31,14721,14.721
hackvertor/hackvertor,hackvertor__hackvertor,2025-01,1,0,0,0,1,3,4550,4.55
hackvertor/hackvertor,hackvertor__hackvertor,2025-02,1,0,0,0,1,3,4550,4.55
hackvertor/hackvertor,hackvertor__hackvertor,2025-03,10,0,1,0,11,9,5780,5.78
hackvertor/hackvertor,hackvertor__hackvertor,2025-04,10,0,1,0,11,9,5821,5.821
hackvertor/hackvertor,hackvertor__hackvertor,2025-05,10,0,1,0,11,9,5831,5.831
hackvertor/hackvertor,hackvertor__hackvertor,2025-06,10,0,1,0,11,9,5831,5.831
hackvertor/hackvertor,hackvertor__hackvertor,2025-07,10,0,1,0,11,9,5828,5.828
hackvertor/hackvertor,hackvertor__hackvertor,2025-08,10,0,1,0,11,10,7187,7.187
hackvertor/hackvertor,hackvertor__hackvertor,2025-09,10,0,1,0,11,10,7329,7.329
hackvertor/hackvertor,hackvertor__hackvertor,2025-10,10,0,1,0,11,10,8656,8.656
hackvertor/hackvertor,hackvertor__hackvertor,2025-11,10,0,1,0,11,10,8997,8.997
hackvertor/hackvertor,hackvertor__hackvertor,2025-12,10,0,1,0,11,10,10874,10.874
hackvertor/hackvertor,hackvertor__hackvertor,2026-01,10,0,1,0,11,10,10909,10.909
hmcts/finrem-case-orchestration-service,hmcts__finrem-case-orchestration-service,2025-02,229,4,3,1,237,196,115929,115.929
hmcts/finrem-case-orchestration-service,hmcts__finrem-case-orchestration-service,2025-03,235,3,3,1,242,198,117492,117.492
hmcts/finrem-case-orchestration-service,hmcts__finrem-case-orchestration-service,2025-07,255,3,3,2,263,210,125275,125.275
hmcts/finrem-case-orchestration-service,hmcts__finrem-case-orchestration-service,2025-08,259,5,3,2,269,213,128212,128.212
hmcts/finrem-case-orchestration-service,hmcts__finrem-case-orchestration-service,2025-09,249,4,3,2,258,220,129965,129.965
hmcts/finrem-case-orchestration-service,hmcts__finrem-case-orchestration-service,2025-10,255,4,3,2,264,224,132668,132.668
hmcts/finrem-case-orchestration-service,hmcts__finrem-case-orchestration-service,2025-11,260,5,3,1,269,225,133964,133.964
hmcts/finrem-case-orchestration-service,hmcts__finrem-case-orchestration-service,2025-12,205,4,3,3,215,225,133107,133.107
hmcts/finrem-case-orchestration-service,hmcts__finrem-case-orchestration-service,2026-01,209,4,3,1,217,226,134176,134.176
internetarchive/heritrix3,internetarchive__heritrix3,2024-12,55,1,2,0,58,59,34122,34.122
internetarchive/heritrix3,internetarchive__heritrix3,2025-01,55,1,2,0,58,59,34179,34.179
internetarchive/heritrix3,internetarchive__heritrix3,2025-02,55,1,2,0,58,59,34200,34.2
internetarchive/heritrix3,internetarchive__heritrix3,2025-03,55,1,2,0,58,59,34200,34.2
internetarchive/heritrix3,internetarchive__heritrix3,2025-04,55,1,2,0,58,59,34105,34.105
internetarchive/heritrix3,internetarchive__heritrix3,2025-05,55,1,2,0,58,59,34102,34.102
internetarchive/heritrix3,internetarchive__heritrix3,2025-06,55,1,2,0,58,59,34546,34.546
internetarchive/heritrix3,internetarchive__heritrix3,2025-07,55,1,4,0,60,61,35669,35.669
internetarchive/heritrix3,internetarchive__heritrix3,2025-08,55,1,4,0,60,61,35672,35.672
internetarchive/heritrix3,internetarchive__heritrix3,2025-09,55,1,4,0,60,61,35696,35.696
internetarchive/heritrix3,internetarchive__heritrix3,2025-10,55,1,4,0,60,61,35721,35.721
internetarchive/heritrix3,internetarchive__heritrix3,2025-11,55,1,4,0,60,61,35938,35.938
internetarchive/heritrix3,internetarchive__heritrix3,2025-12,55,1,4,0,60,61,35901,35.901
itinycheng/flink-platform-backend,itinycheng__flink-platform-backend,2025-03,13,2,2,0,17,66,9371,9.371
itinycheng/flink-platform-backend,itinycheng__flink-platform-backend,2025-04,13,2,2,0,17,66,9371,9.371
itinycheng/flink-platform-backend,itinycheng__flink-platform-backend,2025-05,13,2,2,0,17,66,9371,9.371
itinycheng/flink-platform-backend,itinycheng__flink-platform-backend,2025-06,26,2,2,0,30,66,9460,9.46
itinycheng/flink-platform-backend,itinycheng__flink-platform-backend,2025-07,26,2,2,0,30,66,9505,9.505
itinycheng/flink-platform-backend,itinycheng__flink-platform-backend,2025-08,26,2,2,0,30,66,9532,9.532
itinycheng/flink-platform-backend,itinycheng__flink-platform-backend,2025-09,26,2,2,0,30,66,9452,9.452
itinycheng/flink-platform-backend,itinycheng__flink-platform-backend,2025-10,29,2,1,0,32,69,9715,9.715
itinycheng/flink-platform-backend,itinycheng__flink-platform-backend,2025-11,22,2,1,0,25,69,9711,9.711
itinycheng/flink-platform-backend,itinycheng__flink-platform-backend,2025-12,20,2,3,0,25,71,10155,10.155
itinycheng/flink-platform-backend,itinycheng__flink-platform-backend,2026-01,19,2,2,0,23,72,10285,10.285
itinycheng/flink-platform-backend,itinycheng__flink-platform-backend,2026-02,19,2,2,0,23,72,10465,10.465
itinycheng/flink-platform-backend,itinycheng__flink-platform-backend,2026-03,19,2,2,0,23,72,10474,10.474
jacoco/jacoco,jacoco__jacoco,2025-01,43,0,2,0,45,68,27956,27.956
jacoco/jacoco,jacoco__jacoco,2025-02,43,0,2,0,45,68,28177,28.177
jacoco/jacoco,jacoco__jacoco,2025-03,43,0,2,0,45,68,28181,28.181
jacoco/jacoco,jacoco__jacoco,2025-04,43,0,2,0,45,68,28181,28.181
jacoco/jacoco,jacoco__jacoco,2025-05,43,0,2,0,45,68,28494,28.494
jacoco/jacoco,jacoco__jacoco,2025-06,43,0,2,0,45,68,28559,28.559
jacoco/jacoco,jacoco__jacoco,2025-07,43,0,2,0,45,68,28563,28.563
jacoco/jacoco,jacoco__jacoco,2025-08,43,0,2,0,45,68,28563,28.563
jacoco/jacoco,jacoco__jacoco,2025-09,43,0,2,0,45,68,28646,28.646
jacoco/jacoco,jacoco__jacoco,2025-10,43,0,2,0,45,68,28829,28.829
jacoco/jacoco,jacoco__jacoco,2025-11,43,0,2,0,45,68,29213,29.213
jacoco/jacoco,jacoco__jacoco,2025-12,43,0,2,0,45,68,29223,29.223
jacoco/jacoco,jacoco__jacoco,2026-01,43,0,2,0,45,68,29231,29.231
jjazzboss/JJazzLab,jjazzboss__JJazzLab,2025-03,47,7,3,1,58,195,117501,117.501
jjazzboss/JJazzLab,jjazzboss__JJazzLab,2025-04,47,7,3,1,58,195,117501,117.501
jjazzboss/JJazzLab,jjazzboss__JJazzLab,2025-05,49,7,5,1,62,199,120194,120.194
jjazzboss/JJazzLab,jjazzboss__JJazzLab,2025-06,49,7,2,1,59,200,120449,120.449
jjazzboss/JJazzLab,jjazzboss__JJazzLab,2025-07,49,7,2,1,59,200,120686,120.686
jjazzboss/JJazzLab,jjazzboss__JJazzLab,2025-08,49,7,2,1,59,200,120688,120.688
jjazzboss/JJazzLab,jjazzboss__JJazzLab,2025-09,49,7,2,1,59,200,120688,120.688
jjazzboss/JJazzLab,jjazzboss__JJazzLab,2025-10,52,7,2,1,62,202,123128,123.128
jjazzboss/JJazzLab,jjazzboss__JJazzLab,2025-11,52,7,1,1,61,204,123378,123.378
jjazzboss/JJazzLab,jjazzboss__JJazzLab,2025-12,51,6,1,1,59,203,123682,123.682
jjazzboss/JJazzLab,jjazzboss__JJazzLab,2026-01,53,8,6,1,68,204,125734,125.734
jjazzboss/JJazzLab,jjazzboss__JJazzLab,2026-02,53,8,6,1,68,203,125810,125.81
jjazzboss/JJazzLab,jjazzboss__JJazzLab,2026-03,53,8,6,1,68,203,125810,125.81
jonesdevelopment/sonar,jonesdevelopment__sonar,2024-12,12,0,1,0,13,60,6646,6.646
jonesdevelopment/sonar,jonesdevelopment__sonar,2025-01,12,0,1,0,13,60,6672,6.672
jonesdevelopment/sonar,jonesdevelopment__sonar,2025-02,12,0,1,0,13,60,6677,6.677
jonesdevelopment/sonar,jonesdevelopment__sonar,2025-03,12,0,1,0,13,60,6701,6.701
jonesdevelopment/sonar,jonesdevelopment__sonar,2025-04,12,0,1,0,13,61,6903,6.903
jonesdevelopment/sonar,jonesdevelopment__sonar,2025-05,12,0,1,0,13,61,6906,6.906
jonesdevelopment/sonar,jonesdevelopment__sonar,2025-06,12,0,1,0,13,61,6913,6.913
jonesdevelopment/sonar,jonesdevelopment__sonar,2025-07,12,0,1,0,13,61,6935,6.935
jonesdevelopment/sonar,jonesdevelopment__sonar,2025-08,12,0,1,0,13,61,6932,6.932
jonesdevelopment/sonar,jonesdevelopment__sonar,2025-09,12,0,1,0,13,61,6932,6.932
jonesdevelopment/sonar,jonesdevelopment__sonar,2025-10,12,0,1,0,13,61,6945,6.945
jonesdevelopment/sonar,jonesdevelopment__sonar,2025-11,12,0,1,0,13,61,7004,7.004
jonesdevelopment/sonar,jonesdevelopment__sonar,2025-12,12,0,1,0,13,61,7004,7.004
junrar/junrar,junrar__junrar,2025-04,2,0,1,0,3,17,5635,5.635
junrar/junrar,junrar__junrar,2025-05,2,0,1,0,3,17,5635,5.635
junrar/junrar,junrar__junrar,2025-06,2,0,1,0,3,17,5635,5.635
junrar/junrar,junrar__junrar,2025-07,2,0,1,0,3,17,5635,5.635
junrar/junrar,junrar__junrar,2025-08,2,0,1,0,3,17,5635,5.635
junrar/junrar,junrar__junrar,2025-09,2,0,1,0,3,17,5635,5.635
junrar/junrar,junrar__junrar,2025-10,2,0,1,0,3,17,5635,5.635
junrar/junrar,junrar__junrar,2025-11,2,0,1,0,3,17,5650,5.65
junrar/junrar,junrar__junrar,2025-12,2,0,1,0,3,17,5650,5.65
junrar/junrar,junrar__junrar,2026-01,2,0,1,0,3,17,5650,5.65
junrar/junrar,junrar__junrar,2026-02,2,0,1,0,3,17,5650,5.65
junrar/junrar,junrar__junrar,2026-03,2,0,1,0,3,17,5669,5.669
junrar/junrar,junrar__junrar,2026-04,2,0,1,0,3,17,5696,5.696
kestra-io/plugin-jdbc,kestra-io__plugin-jdbc,2025-01,0,0,0,0,0,23,11633,11.633
kestra-io/plugin-jdbc,kestra-io__plugin-jdbc,2025-02,0,0,0,0,0,23,11763,11.763
kestra-io/plugin-jdbc,kestra-io__plugin-jdbc,2025-03,0,0,0,0,0,24,12770,12.77
kestra-io/plugin-jdbc,kestra-io__plugin-jdbc,2025-04,0,0,0,0,0,24,13439,13.439
kestra-io/plugin-jdbc,kestra-io__plugin-jdbc,2025-05,0,0,0,0,0,24,13076,13.076
kestra-io/plugin-jdbc,kestra-io__plugin-jdbc,2025-06,0,0,0,0,0,24,13136,13.136
kestra-io/plugin-jdbc,kestra-io__plugin-jdbc,2025-07,0,0,0,0,0,24,13309,13.309
kestra-io/plugin-jdbc,kestra-io__plugin-jdbc,2025-08,0,0,0,0,0,24,13363,13.363
kestra-io/plugin-jdbc,kestra-io__plugin-jdbc,2025-09,0,0,0,0,0,24,13376,13.376
kestra-io/plugin-jdbc,kestra-io__plugin-jdbc,2025-10,0,0,0,0,0,24,13373,13.373
kestra-io/plugin-jdbc,kestra-io__plugin-jdbc,2025-11,0,0,0,0,0,24,13803,13.803
kestra-io/plugin-jdbc,kestra-io__plugin-jdbc,2025-12,0,0,0,0,0,24,14550,14.55
kestra-io/plugin-jdbc,kestra-io__plugin-jdbc,2026-01,0,0,0,0,0,24,15934,15.934
koupleless/runtime,koupleless__runtime,2025-06,24,4,2,0,30,116,12814,12.814
koupleless/runtime,koupleless__runtime,2025-07,24,4,2,0,30,116,12814,12.814
koupleless/runtime,koupleless__runtime,2025-08,24,4,2,0,30,116,12814,12.814
koupleless/runtime,koupleless__runtime,2025-09,24,4,2,0,30,116,12814,12.814
koupleless/runtime,koupleless__runtime,2025-10,24,4,2,0,30,116,13000,13.0
koupleless/runtime,koupleless__runtime,2025-11,24,4,2,0,30,116,13000,13.0
koupleless/runtime,koupleless__runtime,2025-12,24,4,2,0,30,116,13000,13.0
koupleless/runtime,koupleless__runtime,2026-01,24,4,2,0,30,116,13000,13.0
koupleless/runtime,koupleless__runtime,2026-02,24,4,2,0,30,116,13000,13.0
koupleless/runtime,koupleless__runtime,2026-03,24,4,2,0,30,116,13000,13.0
koupleless/runtime,koupleless__runtime,2026-04,24,4,2,0,30,116,13000,13.0
koupleless/runtime,koupleless__runtime,2026-05,24,4,2,0,30,116,13000,13.0
koupleless/runtime,koupleless__runtime,2026-06,24,4,2,0,30,116,13000,13.0
kousen/java_8_recipes,kousen__java_8_recipes,2024-12,0,0,0,0,0,19,3722,3.722
kousen/java_8_recipes,kousen__java_8_recipes,2025-01,0,0,0,0,0,19,3722,3.722
kousen/java_8_recipes,kousen__java_8_recipes,2025-02,0,0,0,0,0,19,3722,3.722
kousen/java_8_recipes,kousen__java_8_recipes,2025-03,0,0,0,0,0,19,3722,3.722
kousen/java_8_recipes,kousen__java_8_recipes,2025-04,0,0,0,0,0,19,3722,3.722
kousen/java_8_recipes,kousen__java_8_recipes,2025-05,0,0,0,0,0,19,3722,3.722
kousen/java_8_recipes,kousen__java_8_recipes,2025-06,0,0,0,0,0,19,3722,3.722
kousen/java_8_recipes,kousen__java_8_recipes,2025-07,0,0,0,0,0,19,3728,3.728
kousen/java_8_recipes,kousen__java_8_recipes,2025-08,0,0,0,0,0,19,3728,3.728
kousen/java_8_recipes,kousen__java_8_recipes,2025-09,0,0,0,0,0,19,3728,3.728
kousen/java_8_recipes,kousen__java_8_recipes,2025-10,0,0,0,0,0,19,3728,3.728
kousen/java_8_recipes,kousen__java_8_recipes,2025-11,0,0,0,0,0,19,3728,3.728
kousen/java_8_recipes,kousen__java_8_recipes,2025-12,0,0,0,0,0,19,3728,3.728
kousen/java_latest,kousen__java_latest,2024-09,0,0,0,0,0,28,1914,1.914
kousen/java_latest,kousen__java_latest,2024-10,0,0,0,0,0,28,1914,1.914
kousen/java_latest,kousen__java_latest,2024-11,0,0,0,0,0,28,1914,1.914
kousen/java_latest,kousen__java_latest,2024-12,0,0,0,0,0,28,1916,1.916
kousen/java_latest,kousen__java_latest,2025-01,0,0,0,0,0,28,1918,1.918
kousen/java_latest,kousen__java_latest,2025-02,0,0,0,0,0,30,1925,1.925
kousen/java_latest,kousen__java_latest,2025-03,0,0,0,0,0,30,1985,1.985
kousen/java_latest,kousen__java_latest,2025-04,0,0,0,0,0,30,2203,2.203
kousen/java_latest,kousen__java_latest,2025-05,0,0,0,0,0,30,2203,2.203
kousen/java_latest,kousen__java_latest,2025-06,0,0,0,0,0,30,2203,2.203
kousen/java_latest,kousen__java_latest,2025-07,0,0,0,0,0,30,2203,2.203
kousen/java_latest,kousen__java_latest,2025-08,0,0,0,0,0,32,3547,3.547
kousen/java_latest,kousen__java_latest,2025-09,0,0,0,0,0,32,3548,3.548
lakernote/EasyPostman,lakernote__EasyPostman,2025-07,30,1,2,0,33,31,6392,6.392
lakernote/EasyPostman,lakernote__EasyPostman,2025-08,72,2,1,0,75,47,9676,9.676
lakernote/EasyPostman,lakernote__EasyPostman,2025-09,85,3,4,0,92,46,12283,12.283
lakernote/EasyPostman,lakernote__EasyPostman,2025-10,108,3,1,0,112,53,19251,19.251
lakernote/EasyPostman,lakernote__EasyPostman,2025-11,106,3,1,0,110,56,26150,26.15
lakernote/EasyPostman,lakernote__EasyPostman,2025-12,149,2,3,0,154,69,32211,32.211
lakernote/EasyPostman,lakernote__EasyPostman,2026-01,195,4,1,0,200,71,33725,33.725
lakernote/EasyPostman,lakernote__EasyPostman,2026-02,252,4,1,0,257,75,42433,42.433
lakernote/EasyPostman,lakernote__EasyPostman,2026-03,261,4,1,0,266,77,46927,46.927
lakernote/EasyPostman,lakernote__EasyPostman,2026-04,263,4,1,0,268,77,51997,51.997
lilishop/lilishop,lilishop__lilishop,2024-12,122,9,1,0,132,393,53013,53.013
lilishop/lilishop,lilishop__lilishop,2025-01,122,9,1,0,132,393,53029,53.029
lilishop/lilishop,lilishop__lilishop,2025-02,122,9,1,0,132,393,52809,52.809
lilishop/lilishop,lilishop__lilishop,2025-03,122,9,1,0,132,393,52837,52.837
lilishop/lilishop,lilishop__lilishop,2025-04,122,9,1,0,132,393,52864,52.864
lilishop/lilishop,lilishop__lilishop,2025-05,122,9,1,0,132,393,52865,52.865
lilishop/lilishop,lilishop__lilishop,2025-06,122,9,1,0,132,393,52865,52.865
lilishop/lilishop,lilishop__lilishop,2025-07,122,9,1,0,132,393,52865,52.865
lilishop/lilishop,lilishop__lilishop,2025-08,122,9,1,0,132,393,52865,52.865
lilishop/lilishop,lilishop__lilishop,2025-09,122,9,1,0,132,393,52865,52.865
lilishop/lilishop,lilishop__lilishop,2025-10,122,9,1,0,132,393,52865,52.865
lilishop/lilishop,lilishop__lilishop,2025-11,124,9,1,0,134,393,53575,53.575
lilishop/lilishop,lilishop__lilishop,2025-12,124,9,1,0,134,393,53575,53.575
linkedin/rest.li,linkedin__rest.li,2025-04,371,14,3,3,391,320,297748,297.748
linkedin/rest.li,linkedin__rest.li,2025-06,369,14,3,3,389,320,298172,298.172
linkedin/rest.li,linkedin__rest.li,2025-08,369,14,3,3,389,320,298325,298.325
linkedin/rest.li,linkedin__rest.li,2025-09,369,14,3,3,389,320,298568,298.568
linkedin/rest.li,linkedin__rest.li,2025-10,370,15,3,3,391,320,299778,299.778
linkedin/rest.li,linkedin__rest.li,2025-12,371,15,3,3,392,320,300449,300.449
linkedin/rest.li,linkedin__rest.li,2026-03,371,15,3,3,392,320,301826,301.826
lukas-krecan/JsonUnit,lukas-krecan__JsonUnit,2025-01,2,0,2,0,4,34,7355,7.355
lukas-krecan/JsonUnit,lukas-krecan__JsonUnit,2025-02,2,0,2,0,4,34,7355,7.355
lukas-krecan/JsonUnit,lukas-krecan__JsonUnit,2025-03,2,0,2,0,4,34,7355,7.355
lukas-krecan/JsonUnit,lukas-krecan__JsonUnit,2025-04,2,0,2,0,4,34,7357,7.357
lukas-krecan/JsonUnit,lukas-krecan__JsonUnit,2025-05,2,0,2,0,4,34,7357,7.357
lukas-krecan/JsonUnit,lukas-krecan__JsonUnit,2025-06,2,0,2,0,4,34,7357,7.357
lukas-krecan/JsonUnit,lukas-krecan__JsonUnit,2025-07,2,0,2,0,4,34,7357,7.357
lukas-krecan/JsonUnit,lukas-krecan__JsonUnit,2025-08,2,0,2,0,4,34,7357,7.357
lukas-krecan/JsonUnit,lukas-krecan__JsonUnit,2025-09,2,0,2,0,4,34,7357,7.357
lukas-krecan/JsonUnit,lukas-krecan__JsonUnit,2025-10,2,0,2,0,4,34,7357,7.357
lukas-krecan/JsonUnit,lukas-krecan__JsonUnit,2025-11,2,0,2,0,4,35,7016,7.016
lukas-krecan/JsonUnit,lukas-krecan__JsonUnit,2025-12,2,0,2,0,4,35,7013,7.013
lukas-krecan/JsonUnit,lukas-krecan__JsonUnit,2026-01,2,0,2,0,4,35,7013,7.013
micrometer-metrics/micrometer,micrometer-metrics__micrometer,2025-01,44,3,1,0,48,159,59512,59.512
micrometer-metrics/micrometer,micrometer-metrics__micrometer,2025-02,40,3,1,0,44,159,59825,59.825
micrometer-metrics/micrometer,micrometer-metrics__micrometer,2025-03,40,3,1,0,44,159,60365,60.365
micrometer-metrics/micrometer,micrometer-metrics__micrometer,2025-04,40,3,1,0,44,159,60613,60.613
micrometer-metrics/micrometer,micrometer-metrics__micrometer,2025-05,40,4,1,0,45,150,60266,60.266
micrometer-metrics/micrometer,micrometer-metrics__micrometer,2025-06,40,4,1,0,45,151,60216,60.216
micrometer-metrics/micrometer,micrometer-metrics__micrometer,2025-07,40,3,1,0,44,158,60753,60.753
micrometer-metrics/micrometer,micrometer-metrics__micrometer,2025-08,40,3,1,0,44,158,60897,60.897
micrometer-metrics/micrometer,micrometer-metrics__micrometer,2025-09,41,3,1,0,45,161,61747,61.747
micrometer-metrics/micrometer,micrometer-metrics__micrometer,2025-10,41,3,0,0,44,164,62242,62.242
micrometer-metrics/micrometer,micrometer-metrics__micrometer,2025-11,42,3,0,0,45,164,62908,62.908
micrometer-metrics/micrometer,micrometer-metrics__micrometer,2025-12,46,4,0,0,50,165,63311,63.311
micrometer-metrics/micrometer,micrometer-metrics__micrometer,2026-01,46,4,0,0,50,165,63414,63.414
micronaut-projects/micronaut-core,micronaut-projects__micronaut-core,2025-10,447,6,7,0,460,831,143089,143.089
micronaut-projects/micronaut-elasticsearch,micronaut-projects__micronaut-elasticsearch,2025-04,0,0,0,0,0,10,306,0.306
micronaut-projects/micronaut-elasticsearch,micronaut-projects__micronaut-elasticsearch,2025-05,0,0,0,0,0,10,306,0.306
micronaut-projects/micronaut-elasticsearch,micronaut-projects__micronaut-elasticsearch,2025-06,0,0,0,0,0,10,306,0.306
micronaut-projects/micronaut-elasticsearch,micronaut-projects__micronaut-elasticsearch,2025-07,0,0,0,0,0,10,306,0.306
micronaut-projects/micronaut-elasticsearch,micronaut-projects__micronaut-elasticsearch,2025-08,0,0,0,0,0,10,306,0.306
micronaut-projects/micronaut-elasticsearch,micronaut-projects__micronaut-elasticsearch,2025-09,0,0,0,0,0,10,306,0.306
micronaut-projects/micronaut-elasticsearch,micronaut-projects__micronaut-elasticsearch,2025-10,0,0,0,0,0,10,306,0.306
micronaut-projects/micronaut-elasticsearch,micronaut-projects__micronaut-elasticsearch,2025-11,0,0,0,0,0,10,306,0.306
micronaut-projects/micronaut-elasticsearch,micronaut-projects__micronaut-elasticsearch,2025-12,0,0,0,0,0,10,306,0.306
micronaut-projects/micronaut-elasticsearch,micronaut-projects__micronaut-elasticsearch,2026-01,0,0,0,0,0,10,332,0.332
micronaut-projects/micronaut-elasticsearch,micronaut-projects__micronaut-elasticsearch,2026-02,0,0,0,0,0,10,332,0.332
micronaut-projects/micronaut-elasticsearch,micronaut-projects__micronaut-elasticsearch,2026-03,0,0,0,0,0,10,332,0.332
micronaut-projects/micronaut-elasticsearch,micronaut-projects__micronaut-elasticsearch,2026-04,0,0,0,0,0,10,332,0.332
mixpanel/mixpanel-android,mixpanel__mixpanel-android,2024-12,0,0,0,0,0,8,4315,4.315
mixpanel/mixpanel-android,mixpanel__mixpanel-android,2025-01,0,0,0,0,0,8,4315,4.315
mixpanel/mixpanel-android,mixpanel__mixpanel-android,2025-02,0,0,0,0,0,8,4348,4.348
mixpanel/mixpanel-android,mixpanel__mixpanel-android,2025-03,0,0,0,0,0,8,4348,4.348
mixpanel/mixpanel-android,mixpanel__mixpanel-android,2025-04,0,0,0,0,0,8,4350,4.35
mixpanel/mixpanel-android,mixpanel__mixpanel-android,2025-05,0,0,0,0,0,8,4350,4.35
mixpanel/mixpanel-android,mixpanel__mixpanel-android,2025-06,1,0,0,0,1,8,5656,5.656
mixpanel/mixpanel-android,mixpanel__mixpanel-android,2025-07,1,0,0,0,1,8,5656,5.656
mixpanel/mixpanel-android,mixpanel__mixpanel-android,2025-08,1,0,0,0,1,8,5656,5.656
mixpanel/mixpanel-android,mixpanel__mixpanel-android,2025-09,1,0,0,0,1,8,7008,7.008
mixpanel/mixpanel-android,mixpanel__mixpanel-android,2025-10,1,0,0,0,1,8,7210,7.21
mixpanel/mixpanel-android,mixpanel__mixpanel-android,2025-11,1,0,0,0,1,8,7210,7.21
mixpanel/mixpanel-android,mixpanel__mixpanel-android,2025-12,1,0,0,0,1,8,7210,7.21
modlix-india/nocode-saas,modlix-india__nocode-saas,2025-06,40,6,5,0,51,205,46456,46.456
modlix-india/nocode-saas,modlix-india__nocode-saas,2025-07,48,7,1,0,56,217,51369,51.369
modlix-india/nocode-saas,modlix-india__nocode-saas,2025-08,47,6,2,0,55,218,53228,53.228
modlix-india/nocode-saas,modlix-india__nocode-saas,2025-09,110,16,1,0,127,381,69158,69.158
modlix-india/nocode-saas,modlix-india__nocode-saas,2025-10,76,18,2,0,96,431,76474,76.474
modlix-india/nocode-saas,modlix-india__nocode-saas,2025-11,85,18,7,0,110,452,82847,82.847
modlix-india/nocode-saas,modlix-india__nocode-saas,2025-12,100,21,2,0,123,456,83593,83.593
modlix-india/nocode-saas,modlix-india__nocode-saas,2026-01,100,21,2,0,123,466,88426,88.426
modlix-india/nocode-saas,modlix-india__nocode-saas,2026-04,106,21,1,3,131,483,132543,132.543
modlix-india/nocode-saas,modlix-india__nocode-saas,2026-05,106,21,1,3,131,483,132543,132.543
msgpack/msgpack-java,msgpack__msgpack-java,2025-01,2,0,0,0,2,11,7939,7.939
msgpack/msgpack-java,msgpack__msgpack-java,2025-02,2,0,0,0,2,11,8146,8.146
msgpack/msgpack-java,msgpack__msgpack-java,2025-03,2,0,0,0,2,11,8238,8.238
msgpack/msgpack-java,msgpack__msgpack-java,2025-04,2,0,0,0,2,11,8238,8.238
msgpack/msgpack-java,msgpack__msgpack-java,2025-05,2,0,0,0,2,11,8238,8.238
msgpack/msgpack-java,msgpack__msgpack-java,2025-06,2,0,0,0,2,11,8238,8.238
msgpack/msgpack-java,msgpack__msgpack-java,2025-07,2,0,0,0,2,11,8238,8.238
msgpack/msgpack-java,msgpack__msgpack-java,2025-08,2,0,0,0,2,11,8264,8.264
msgpack/msgpack-java,msgpack__msgpack-java,2025-09,2,0,0,0,2,11,8264,8.264
msgpack/msgpack-java,msgpack__msgpack-java,2025-10,2,0,0,0,2,11,8264,8.264
msgpack/msgpack-java,msgpack__msgpack-java,2025-11,2,0,0,0,2,11,8264,8.264
msgpack/msgpack-java,msgpack__msgpack-java,2025-12,2,0,0,0,2,11,8264,8.264
msgpack/msgpack-java,msgpack__msgpack-java,2026-01,2,0,0,0,2,11,8264,8.264
netfishers-onl/Netshot,netfishers-onl__Netshot,2025-01,49,3,3,0,55,25,21099,21.099
netfishers-onl/Netshot,netfishers-onl__Netshot,2025-02,49,3,2,0,54,27,21981,21.981
netfishers-onl/Netshot,netfishers-onl__Netshot,2025-03,49,3,2,0,54,27,21981,21.981
netfishers-onl/Netshot,netfishers-onl__Netshot,2025-04,49,3,2,0,54,27,21981,21.981
netfishers-onl/Netshot,netfishers-onl__Netshot,2025-05,49,3,3,0,55,26,22383,22.383
netfishers-onl/Netshot,netfishers-onl__Netshot,2025-06,49,3,3,0,55,26,22427,22.427
netfishers-onl/Netshot,netfishers-onl__Netshot,2025-07,49,3,3,0,55,27,23032,23.032
netfishers-onl/Netshot,netfishers-onl__Netshot,2025-08,49,3,3,0,55,27,23032,23.032
netfishers-onl/Netshot,netfishers-onl__Netshot,2025-09,49,3,3,0,55,27,23032,23.032
netfishers-onl/Netshot,netfishers-onl__Netshot,2025-10,49,3,3,0,55,25,22669,22.669
netfishers-onl/Netshot,netfishers-onl__Netshot,2025-11,49,3,2,0,54,24,22727,22.727
netfishers-onl/Netshot,netfishers-onl__Netshot,2025-12,49,3,2,0,54,24,23415,23.415
netfishers-onl/Netshot,netfishers-onl__Netshot,2026-01,55,3,2,0,60,24,25209,25.209
nikhilmusale70/DSA,nikhilmusale70__DSA,2025-01,0,0,0,0,0,96,10039,10.039
nikhilmusale70/DSA,nikhilmusale70__DSA,2025-02,0,0,0,0,0,97,10137,10.137
nikhilmusale70/DSA,nikhilmusale70__DSA,2025-03,0,0,0,0,0,98,10252,10.252
nikhilmusale70/DSA,nikhilmusale70__DSA,2025-04,0,0,0,0,0,98,10252,10.252
nikhilmusale70/DSA,nikhilmusale70__DSA,2025-05,0,0,0,0,0,98,10252,10.252
nikhilmusale70/DSA,nikhilmusale70__DSA,2025-06,0,0,0,0,0,98,10252,10.252
nikhilmusale70/DSA,nikhilmusale70__DSA,2025-07,0,0,0,0,0,98,10252,10.252
nikhilmusale70/DSA,nikhilmusale70__DSA,2025-08,0,0,0,0,0,98,10252,10.252
nikhilmusale70/DSA,nikhilmusale70__DSA,2025-09,0,0,0,0,0,98,10252,10.252
nikhilmusale70/DSA,nikhilmusale70__DSA,2025-10,0,0,0,0,0,98,10252,10.252
nikhilmusale70/DSA,nikhilmusale70__DSA,2025-11,0,0,0,0,0,98,10252,10.252
nikhilmusale70/DSA,nikhilmusale70__DSA,2025-12,0,0,0,0,0,98,10252,10.252
nikhilmusale70/DSA,nikhilmusale70__DSA,2026-01,0,0,0,0,0,98,10252,10.252
nyetwurk/ecuxplot,nyetwurk__ecuxplot,2025-04,0,0,0,0,0,7,4406,4.406
nyetwurk/ecuxplot,nyetwurk__ecuxplot,2025-05,0,0,0,0,0,7,4406,4.406
nyetwurk/ecuxplot,nyetwurk__ecuxplot,2025-06,0,0,0,0,0,7,4406,4.406
nyetwurk/ecuxplot,nyetwurk__ecuxplot,2025-07,0,0,0,0,0,7,4406,4.406
nyetwurk/ecuxplot,nyetwurk__ecuxplot,2025-08,0,0,0,0,0,7,4406,4.406
nyetwurk/ecuxplot,nyetwurk__ecuxplot,2025-09,0,0,0,0,0,7,4406,4.406
nyetwurk/ecuxplot,nyetwurk__ecuxplot,2025-10,0,0,0,0,0,7,4406,4.406
nyetwurk/ecuxplot,nyetwurk__ecuxplot,2025-11,2,0,0,0,2,9,7690,7.69
nyetwurk/ecuxplot,nyetwurk__ecuxplot,2025-12,1,0,1,0,2,9,10706,10.706
nyetwurk/ecuxplot,nyetwurk__ecuxplot,2026-01,1,0,1,0,2,9,10740,10.74
nyetwurk/ecuxplot,nyetwurk__ecuxplot,2026-02,1,0,1,0,2,9,10740,10.74
nyetwurk/ecuxplot,nyetwurk__ecuxplot,2026-03,1,0,1,0,2,9,10740,10.74
nyetwurk/ecuxplot,nyetwurk__ecuxplot,2026-04,1,0,1,0,2,9,10740,10.74
omnifaces/omnifaces,omnifaces__omnifaces,2024-12,28,1,5,0,34,106,18676,18.676
omnifaces/omnifaces,omnifaces__omnifaces,2025-01,28,1,5,0,34,106,18679,18.679
omnifaces/omnifaces,omnifaces__omnifaces,2025-02,28,1,5,0,34,106,18683,18.683
omnifaces/omnifaces,omnifaces__omnifaces,2025-03,28,1,5,0,34,106,18739,18.739
omnifaces/omnifaces,omnifaces__omnifaces,2025-04,28,1,5,0,34,106,18739,18.739
omnifaces/omnifaces,omnifaces__omnifaces,2025-05,28,1,5,0,34,106,18749,18.749
omnifaces/omnifaces,omnifaces__omnifaces,2025-06,28,1,5,0,34,106,18788,18.788
omnifaces/omnifaces,omnifaces__omnifaces,2025-07,28,1,5,0,34,106,18789,18.789
omnifaces/omnifaces,omnifaces__omnifaces,2025-08,28,1,5,0,34,106,18797,18.797
omnifaces/omnifaces,omnifaces__omnifaces,2025-09,28,1,5,0,34,107,18881,18.881
omnifaces/omnifaces,omnifaces__omnifaces,2025-10,28,1,5,0,34,108,19011,19.011
omnifaces/omnifaces,omnifaces__omnifaces,2025-11,28,1,5,0,34,109,19059,19.059
omnifaces/omnifaces,omnifaces__omnifaces,2025-12,28,1,5,0,34,109,19226,19.226
onixary/shape-shifter-curse-fabric,onixary__shape-shifter-curse-fabric,2025-02,1,0,0,0,1,5,34,0.034
onixary/shape-shifter-curse-fabric,onixary__shape-shifter-curse-fabric,2025-03,42,0,2,0,44,44,6412,6.412
onixary/shape-shifter-curse-fabric,onixary__shape-shifter-curse-fabric,2025-04,47,1,5,0,53,47,7689,7.689
onixary/shape-shifter-curse-fabric,onixary__shape-shifter-curse-fabric,2025-05,51,3,1,0,55,49,9674,9.674
onixary/shape-shifter-curse-fabric,onixary__shape-shifter-curse-fabric,2025-06,51,3,1,0,55,50,10683,10.683
onixary/shape-shifter-curse-fabric,onixary__shape-shifter-curse-fabric,2025-07,51,3,1,0,55,54,11899,11.899
onixary/shape-shifter-curse-fabric,onixary__shape-shifter-curse-fabric,2025-08,66,1,6,0,73,56,12734,12.734
onixary/shape-shifter-curse-fabric,onixary__shape-shifter-curse-fabric,2025-09,62,2,4,0,68,59,14253,14.253
onixary/shape-shifter-curse-fabric,onixary__shape-shifter-curse-fabric,2025-10,74,1,2,0,77,64,14997,14.997
onixary/shape-shifter-curse-fabric,onixary__shape-shifter-curse-fabric,2025-11,77,2,2,0,81,65,15808,15.808
onixary/shape-shifter-curse-fabric,onixary__shape-shifter-curse-fabric,2025-12,90,2,5,0,97,68,17403,17.403
open-telemetry/opentelemetry-java-contrib,open-telemetry__opentelemetry-java-contrib,2025-02,18,1,1,0,20,100,36758,36.758
open-telemetry/opentelemetry-java-contrib,open-telemetry__opentelemetry-java-contrib,2025-03,18,1,1,0,20,94,36747,36.747
open-telemetry/opentelemetry-java-contrib,open-telemetry__opentelemetry-java-contrib,2025-04,20,1,1,0,22,95,36913,36.913
open-telemetry/opentelemetry-java-contrib,open-telemetry__opentelemetry-java-contrib,2025-05,20,1,1,0,22,96,37019,37.019
open-telemetry/opentelemetry-java-contrib,open-telemetry__opentelemetry-java-contrib,2025-06,19,2,1,0,22,100,37572,37.572
open-telemetry/opentelemetry-java-contrib,open-telemetry__opentelemetry-java-contrib,2025-07,15,2,1,0,18,106,38194,38.194
open-telemetry/opentelemetry-java-contrib,open-telemetry__opentelemetry-java-contrib,2025-08,16,2,1,0,19,113,40031,40.031
open-telemetry/opentelemetry-java-contrib,open-telemetry__opentelemetry-java-contrib,2025-09,14,1,2,0,17,124,43567,43.567
open-telemetry/opentelemetry-java-contrib,open-telemetry__opentelemetry-java-contrib,2025-10,16,1,2,0,19,126,43848,43.848
open-telemetry/opentelemetry-java-contrib,open-telemetry__opentelemetry-java-contrib,2025-11,19,1,1,0,21,128,45677,45.677
open-telemetry/opentelemetry-java-contrib,open-telemetry__opentelemetry-java-contrib,2025-12,19,1,1,0,21,129,45796,45.796
open-telemetry/opentelemetry-java-contrib,open-telemetry__opentelemetry-java-contrib,2026-01,19,1,1,0,21,129,45831,45.831
open-telemetry/opentelemetry-java-contrib,open-telemetry__opentelemetry-java-contrib,2026-02,19,1,1,0,21,129,45970,45.97
open-telemetry/opentelemetry-java-instrumentation,open-telemetry__opentelemetry-java-instrumentation,2025-03,72,16,3,0,91,983,196302,196.302
open-telemetry/opentelemetry-java-instrumentation,open-telemetry__opentelemetry-java-instrumentation,2025-04,77,16,3,0,96,992,200806,200.806
open-telemetry/opentelemetry-java-instrumentation,open-telemetry__opentelemetry-java-instrumentation,2025-05,79,16,1,0,96,998,204136,204.136
open-telemetry/opentelemetry-java-instrumentation,open-telemetry__opentelemetry-java-instrumentation,2025-06,79,16,1,0,96,1012,211019,211.019
open-telemetry/opentelemetry-java-instrumentation,open-telemetry__opentelemetry-java-instrumentation,2025-12,100,17,3,0,120,1095,237476,237.476
open-telemetry/opentelemetry-java-instrumentation,open-telemetry__opentelemetry-java-instrumentation,2026-01,102,20,4,0,126,1114,240645,240.645
open-telemetry/opentelemetry-java-instrumentation,open-telemetry__opentelemetry-java-instrumentation,2026-02,108,20,4,0,132,1120,242829,242.829
openrewrite/rewrite,openrewrite__rewrite,2024-12,196,6,6,2,210,155,187507,187.507
openrewrite/rewrite,openrewrite__rewrite,2025-01,196,6,5,2,209,157,191000,191.0
openrewrite/rewrite,openrewrite__rewrite,2025-02,202,6,1,1,210,163,199274,199.274
openrewrite/rewrite,openrewrite__rewrite,2025-04,227,7,1,1,236,150,229690,229.69
openrewrite/rewrite,openrewrite__rewrite,2025-07,229,8,7,1,245,162,250608,250.608
openrewrite/rewrite,openrewrite__rewrite,2025-08,229,8,7,1,245,162,253009,253.009
openrewrite/rewrite,openrewrite__rewrite,2025-10,236,7,1,1,245,165,272805,272.805
opensearch-project/flow-framework,opensearch-project__flow-framework,2025-05,9,1,2,0,12,13,21065,21.065
opensearch-project/flow-framework,opensearch-project__flow-framework,2025-06,9,1,2,0,12,13,21218,21.218
opensearch-project/flow-framework,opensearch-project__flow-framework,2025-07,9,1,2,0,12,13,21218,21.218
opensearch-project/flow-framework,opensearch-project__flow-framework,2025-08,9,1,2,0,12,13,22608,22.608
opensearch-project/flow-framework,opensearch-project__flow-framework,2025-09,11,1,2,0,14,13,22641,22.641
opensearch-project/flow-framework,opensearch-project__flow-framework,2025-10,11,1,2,0,14,13,22644,22.644
opensearch-project/flow-framework,opensearch-project__flow-framework,2025-11,11,1,2,0,14,13,22644,22.644
opensearch-project/flow-framework,opensearch-project__flow-framework,2025-12,11,1,2,0,14,16,23529,23.529
opensearch-project/flow-framework,opensearch-project__flow-framework,2026-01,11,1,2,0,14,16,23530,23.53
opensearch-project/flow-framework,opensearch-project__flow-framework,2026-02,11,1,2,0,14,16,23620,23.62
opensearch-project/flow-framework,opensearch-project__flow-framework,2026-03,11,1,2,0,14,16,23620,23.62
opensearch-project/flow-framework,opensearch-project__flow-framework,2026-04,11,1,2,0,14,16,23620,23.62
opensearch-project/flow-framework,opensearch-project__flow-framework,2026-05,11,1,2,0,14,16,23620,23.62
oraxen/oraxen,oraxen__oraxen,2025-02,262,7,2,0,271,120,20613,20.613
oraxen/oraxen,oraxen__oraxen,2025-03,262,7,2,0,271,120,20626,20.626
oraxen/oraxen,oraxen__oraxen,2025-04,262,7,2,0,271,120,20626,20.626
oraxen/oraxen,oraxen__oraxen,2025-05,262,7,2,0,271,121,21508,21.508
oraxen/oraxen,oraxen__oraxen,2025-06,262,7,2,0,271,121,21508,21.508
oraxen/oraxen,oraxen__oraxen,2025-07,262,7,2,0,271,121,21508,21.508
oraxen/oraxen,oraxen__oraxen,2025-08,262,7,2,0,271,122,22127,22.127
oraxen/oraxen,oraxen__oraxen,2025-09,265,7,3,0,275,132,22511,22.511
oraxen/oraxen,oraxen__oraxen,2025-10,265,7,3,0,275,132,22545,22.545
oraxen/oraxen,oraxen__oraxen,2025-11,266,7,3,0,276,134,23232,23.232
oraxen/oraxen,oraxen__oraxen,2025-12,268,7,3,0,278,135,23359,23.359
oraxen/oraxen,oraxen__oraxen,2026-01,302,7,4,0,313,155,32873,32.873
oraxen/oraxen,oraxen__oraxen,2026-02,312,7,4,0,323,163,34809,34.809
orphan-oss/ognl,orphan-oss__ognl,2025-04,2,0,0,1,3,11,14220,14.22
orphan-oss/ognl,orphan-oss__ognl,2025-05,2,0,0,1,3,11,14220,14.22
orphan-oss/ognl,orphan-oss__ognl,2025-06,2,0,0,1,3,11,14220,14.22
orphan-oss/ognl,orphan-oss__ognl,2025-07,2,0,0,0,2,11,10759,10.759
orphan-oss/ognl,orphan-oss__ognl,2025-08,2,0,0,0,2,11,10759,10.759
orphan-oss/ognl,orphan-oss__ognl,2025-09,2,0,0,0,2,11,10759,10.759
orphan-oss/ognl,orphan-oss__ognl,2025-10,2,0,0,0,2,11,10759,10.759
orphan-oss/ognl,orphan-oss__ognl,2025-11,2,0,0,0,2,11,11008,11.008
orphan-oss/ognl,orphan-oss__ognl,2025-12,2,0,1,0,3,16,11817,11.817
orphan-oss/ognl,orphan-oss__ognl,2026-01,2,0,1,0,3,16,11818,11.818
orphan-oss/ognl,orphan-oss__ognl,2026-02,2,0,1,0,3,16,11818,11.818
orphan-oss/ognl,orphan-oss__ognl,2026-03,2,0,1,0,3,16,12037,12.037
orphan-oss/ognl,orphan-oss__ognl,2026-04,2,0,1,0,3,16,12037,12.037
pablo67340/GUIShop,pablo67340__GUIShop,2025-06,15,0,2,0,17,10,3781,3.781
pablo67340/GUIShop,pablo67340__GUIShop,2025-07,15,0,2,0,17,10,3781,3.781
pablo67340/GUIShop,pablo67340__GUIShop,2025-08,15,0,2,0,17,10,3781,3.781
pablo67340/GUIShop,pablo67340__GUIShop,2025-09,15,0,2,0,17,10,3781,3.781
pablo67340/GUIShop,pablo67340__GUIShop,2025-10,15,0,2,0,17,10,3781,3.781
pablo67340/GUIShop,pablo67340__GUIShop,2025-11,15,0,2,0,17,10,3781,3.781
pablo67340/GUIShop,pablo67340__GUIShop,2025-12,15,0,2,0,17,10,3781,3.781
pablo67340/GUIShop,pablo67340__GUIShop,2026-01,25,1,2,0,28,15,8586,8.586
pablo67340/GUIShop,pablo67340__GUIShop,2026-02,27,1,1,0,29,16,10910,10.91
pablo67340/GUIShop,pablo67340__GUIShop,2026-03,27,2,1,0,30,16,11194,11.194
pablo67340/GUIShop,pablo67340__GUIShop,2026-04,27,2,1,0,30,16,11275,11.275
pablo67340/GUIShop,pablo67340__GUIShop,2026-05,27,2,1,0,30,16,11275,11.275
pablo67340/GUIShop,pablo67340__GUIShop,2026-06,27,2,1,0,30,16,11275,11.275
pac4j/pac4j,pac4j__pac4j,2025-01,122,2,6,0,130,229,31005,31.005
pac4j/pac4j,pac4j__pac4j,2025-02,122,2,6,0,130,229,31005,31.005
pac4j/pac4j,pac4j__pac4j,2025-03,122,2,6,0,130,229,31033,31.033
pac4j/pac4j,pac4j__pac4j,2025-04,122,2,6,0,130,229,31314,31.314
pac4j/pac4j,pac4j__pac4j,2025-05,124,2,1,0,127,229,31344,31.344
pac4j/pac4j,pac4j__pac4j,2025-06,124,2,1,0,127,229,31344,31.344
pac4j/pac4j,pac4j__pac4j,2025-07,125,3,1,0,129,229,31398,31.398
pac4j/pac4j,pac4j__pac4j,2025-08,125,3,1,0,129,229,31417,31.417
pac4j/pac4j,pac4j__pac4j,2025-09,125,3,1,0,129,229,31456,31.456
pac4j/pac4j,pac4j__pac4j,2025-10,125,3,1,0,129,229,31509,31.509
pac4j/pac4j,pac4j__pac4j,2025-11,125,3,1,0,129,229,31615,31.615
pac4j/pac4j,pac4j__pac4j,2025-12,125,3,1,0,129,229,31675,31.675
pac4j/pac4j,pac4j__pac4j,2026-01,125,3,1,0,129,229,31675,31.675
phax/ph-commons,phax__ph-commons,2025-02,351,2,8,0,361,235,144218,144.218
phax/ph-commons,phax__ph-commons,2025-03,351,2,2,0,355,237,145062,145.062
phax/ph-commons,phax__ph-commons,2025-04,351,2,2,0,355,237,145087,145.087
phax/ph-commons,phax__ph-commons,2025-05,351,2,2,0,355,237,145302,145.302
phax/ph-commons,phax__ph-commons,2025-06,352,2,2,0,356,237,145376,145.376
phax/ph-commons,phax__ph-commons,2025-07,352,2,2,0,356,237,145427,145.427
phax/ph-commons,phax__ph-commons,2025-08,352,2,2,0,356,237,145427,145.427
phax/ph-commons,phax__ph-commons,2025-09,107,2,3,0,112,328,153665,153.665
phax/ph-commons,phax__ph-commons,2025-10,107,2,3,0,112,328,153715,153.715
phax/ph-commons,phax__ph-commons,2025-11,107,2,3,0,112,328,153792,153.792
phax/ph-commons,phax__ph-commons,2025-12,110,3,3,0,116,328,153694,153.694
phax/ph-commons,phax__ph-commons,2026-01,110,3,3,0,116,328,153843,153.843
phax/ph-commons,phax__ph-commons,2026-02,110,3,1,0,114,329,153959,153.959
plantuml/plantuml,plantuml__plantuml,2025-08,887,12,2,1,902,263,189177,189.177
plantuml/plantuml,plantuml__plantuml,2025-11,868,12,3,1,884,269,192924,192.924
plantuml/plantuml,plantuml__plantuml,2026-01,872,12,2,1,887,272,195788,195.788
plantuml/plantuml,plantuml__plantuml,2026-02,882,13,2,1,898,274,198150,198.15
plantuml/plantuml,plantuml__plantuml,2026-03,1274,14,5,1,1294,277,201326,201.326
plantuml/plantuml,plantuml__plantuml,2026-04,1235,16,6,1,1258,273,201171,201.171
powsybl/powsybl-open-rao,powsybl__powsybl-open-rao,2025-06,46,1,2,1,50,120,71373,71.373
powsybl/powsybl-open-rao,powsybl__powsybl-open-rao,2025-08,46,1,3,1,51,120,71720,71.72
powsybl/powsybl-open-rao,powsybl__powsybl-open-rao,2025-09,46,1,3,1,51,120,71935,71.935
powsybl/powsybl-open-rao,powsybl__powsybl-open-rao,2025-11,46,1,3,1,51,125,73767,73.767
powsybl/powsybl-open-rao,powsybl__powsybl-open-rao,2025-12,47,1,2,1,51,127,74817,74.817
powsybl/powsybl-open-rao,powsybl__powsybl-open-rao,2026-01,47,1,2,1,51,127,75025,75.025
powsybl/powsybl-open-rao,powsybl__powsybl-open-rao,2026-02,48,1,3,1,53,127,75240,75.24
powsybl/powsybl-open-rao,powsybl__powsybl-open-rao,2026-04,50,1,3,1,55,129,77967,77.967
powsybl/powsybl-open-rao,powsybl__powsybl-open-rao,2026-05,50,1,3,1,55,129,77967,77.967
powsybl/powsybl-open-rao,powsybl__powsybl-open-rao,2026-06,50,1,3,1,55,129,77967,77.967
protomaps/basemaps,protomaps__basemaps,2025-05,2,0,0,0,2,9,4943,4.943
protomaps/basemaps,protomaps__basemaps,2025-06,2,0,0,0,2,9,4971,4.971
protomaps/basemaps,protomaps__basemaps,2025-07,2,0,0,0,2,9,4970,4.97
protomaps/basemaps,protomaps__basemaps,2025-08,2,0,0,0,2,9,4970,4.97
protomaps/basemaps,protomaps__basemaps,2025-09,2,0,0,0,2,9,4970,4.97
protomaps/basemaps,protomaps__basemaps,2025-10,2,0,0,0,2,9,4970,4.97
protomaps/basemaps,protomaps__basemaps,2025-11,2,0,0,0,2,9,5064,5.064
protomaps/basemaps,protomaps__basemaps,2025-12,2,0,0,0,2,9,5064,5.064
protomaps/basemaps,protomaps__basemaps,2026-01,2,0,0,0,2,9,5914,5.914
protomaps/basemaps,protomaps__basemaps,2026-02,2,0,0,0,2,9,6128,6.128
protomaps/basemaps,protomaps__basemaps,2026-03,2,0,0,0,2,9,6133,6.133
protomaps/basemaps,protomaps__basemaps,2026-04,2,0,0,0,2,10,9589,9.589
protomaps/basemaps,protomaps__basemaps,2026-05,2,0,0,0,2,10,9589,9.589
qlangtech/plugins,qlangtech__plugins,2025-03,145,12,4,1,162,326,49926,49.926
qlangtech/plugins,qlangtech__plugins,2025-04,145,12,4,1,162,326,50074,50.074
qlangtech/plugins,qlangtech__plugins,2025-05,149,12,4,1,166,326,50677,50.677
qlangtech/plugins,qlangtech__plugins,2025-06,124,10,4,1,139,317,48148,48.148
qlangtech/plugins,qlangtech__plugins,2025-07,124,10,4,1,139,315,48247,48.247
qlangtech/plugins,qlangtech__plugins,2025-08,126,10,3,1,140,318,49177,49.177
qlangtech/plugins,qlangtech__plugins,2025-09,121,10,2,1,134,318,48902,48.902
qlangtech/plugins,qlangtech__plugins,2025-10,121,10,2,1,134,318,48902,48.902
qlangtech/plugins,qlangtech__plugins,2025-11,121,10,2,1,134,318,48902,48.902
qlangtech/plugins,qlangtech__plugins,2025-12,121,10,2,1,134,320,49416,49.416
qlangtech/plugins,qlangtech__plugins,2026-01,121,10,2,1,134,323,50178,50.178
qlangtech/plugins,qlangtech__plugins,2026-02,121,10,2,1,134,325,50588,50.588
qlangtech/plugins,qlangtech__plugins,2026-03,122,11,2,1,136,332,52132,52.132
qm123pz/NightSky-Client,qm123pz__NightSky-Client,2025-11,49,4,1,0,54,55,23193,23.193
qm123pz/NightSky-Client,qm123pz__NightSky-Client,2025-12,58,4,1,0,63,61,25554,25.554
qm123pz/NightSky-Client,qm123pz__NightSky-Client,2026-01,59,4,2,0,65,62,28989,28.989
qm123pz/NightSky-Client,qm123pz__NightSky-Client,2026-02,59,4,2,0,65,62,28989,28.989
qm123pz/NightSky-Client,qm123pz__NightSky-Client,2026-03,59,4,2,0,65,62,28989,28.989
quarkiverse/quarkus-hivemq-client,quarkiverse__quarkus-hivemq-client,2025-04,0,0,0,0,0,14,1250,1.25
quarkiverse/quarkus-hivemq-client,quarkiverse__quarkus-hivemq-client,2025-05,0,0,0,0,0,14,1260,1.26
quarkiverse/quarkus-hivemq-client,quarkiverse__quarkus-hivemq-client,2025-06,0,0,0,0,0,14,1260,1.26
quarkiverse/quarkus-hivemq-client,quarkiverse__quarkus-hivemq-client,2025-07,0,0,0,0,0,14,1260,1.26
quarkiverse/quarkus-hivemq-client,quarkiverse__quarkus-hivemq-client,2025-08,0,0,0,0,0,14,1260,1.26
quarkiverse/quarkus-hivemq-client,quarkiverse__quarkus-hivemq-client,2025-09,0,0,0,0,0,14,1260,1.26
quarkiverse/quarkus-hivemq-client,quarkiverse__quarkus-hivemq-client,2025-10,0,0,0,0,0,14,1260,1.26
quarkiverse/quarkus-hivemq-client,quarkiverse__quarkus-hivemq-client,2025-11,0,0,0,0,0,14,1530,1.53
quarkiverse/quarkus-hivemq-client,quarkiverse__quarkus-hivemq-client,2025-12,0,0,0,0,0,14,1530,1.53
quarkiverse/quarkus-hivemq-client,quarkiverse__quarkus-hivemq-client,2026-01,0,0,0,0,0,14,1530,1.53
quarkiverse/quarkus-hivemq-client,quarkiverse__quarkus-hivemq-client,2026-02,0,0,0,0,0,14,1530,1.53
quarkiverse/quarkus-hivemq-client,quarkiverse__quarkus-hivemq-client,2026-03,0,0,0,0,0,14,1530,1.53
quarkiverse/quarkus-hivemq-client,quarkiverse__quarkus-hivemq-client,2026-04,0,0,0,0,0,14,1530,1.53
rabbitmq/rabbitmq-stream-java-client,rabbitmq__rabbitmq-stream-java-client,2025-03,2,0,1,1,4,13,27000,27.0
rabbitmq/rabbitmq-stream-java-client,rabbitmq__rabbitmq-stream-java-client,2025-04,2,0,1,1,4,13,27174,27.174
rabbitmq/rabbitmq-stream-java-client,rabbitmq__rabbitmq-stream-java-client,2025-05,2,0,1,1,4,13,27150,27.15
rabbitmq/rabbitmq-stream-java-client,rabbitmq__rabbitmq-stream-java-client,2025-06,2,0,1,1,4,13,27177,27.177
rabbitmq/rabbitmq-stream-java-client,rabbitmq__rabbitmq-stream-java-client,2025-07,2,0,1,1,4,13,27461,27.461
rabbitmq/rabbitmq-stream-java-client,rabbitmq__rabbitmq-stream-java-client,2025-08,2,0,1,1,4,13,27565,27.565
rabbitmq/rabbitmq-stream-java-client,rabbitmq__rabbitmq-stream-java-client,2025-09,2,0,1,1,4,14,28804,28.804
rabbitmq/rabbitmq-stream-java-client,rabbitmq__rabbitmq-stream-java-client,2025-10,2,0,1,1,4,14,29910,29.91
rabbitmq/rabbitmq-stream-java-client,rabbitmq__rabbitmq-stream-java-client,2025-11,2,0,1,1,4,14,29914,29.914
rabbitmq/rabbitmq-stream-java-client,rabbitmq__rabbitmq-stream-java-client,2025-12,2,0,1,1,4,14,29937,29.937
rabbitmq/rabbitmq-stream-java-client,rabbitmq__rabbitmq-stream-java-client,2026-01,2,0,1,1,4,14,30110,30.11
rabbitmq/rabbitmq-stream-java-client,rabbitmq__rabbitmq-stream-java-client,2026-02,2,0,1,1,4,14,30202,30.202
rabbitmq/rabbitmq-stream-java-client,rabbitmq__rabbitmq-stream-java-client,2026-03,2,0,1,1,4,14,30485,30.485
redis/redis-om-spring,redis__redis-om-spring,2024-08,80,4,1,0,85,90,30594,30.594
redis/redis-om-spring,redis__redis-om-spring,2024-09,80,4,1,0,85,90,30580,30.58
redis/redis-om-spring,redis__redis-om-spring,2024-10,80,4,1,0,85,90,30585,30.585
redis/redis-om-spring,redis__redis-om-spring,2024-11,80,4,1,0,85,90,30701,30.701
redis/redis-om-spring,redis__redis-om-spring,2024-12,80,4,1,0,85,90,30701,30.701
redis/redis-om-spring,redis__redis-om-spring,2025-01,80,4,1,0,85,90,30721,30.721
redis/redis-om-spring,redis__redis-om-spring,2025-02,83,4,5,0,92,91,31816,31.816
redis/redis-om-spring,redis__redis-om-spring,2025-03,84,4,5,0,93,91,32412,32.412
redis/redis-om-spring,redis__redis-om-spring,2025-04,84,4,5,0,93,91,32682,32.682
redis/redis-om-spring,redis__redis-om-spring,2025-05,88,4,3,0,95,96,33875,33.875
redis/redis-om-spring,redis__redis-om-spring,2025-06,106,5,3,0,114,119,37979,37.979
redis/redis-om-spring,redis__redis-om-spring,2025-07,106,5,3,0,114,119,37979,37.979
redis/redis-om-spring,redis__redis-om-spring,2025-08,111,4,3,0,118,127,41326,41.326
remsfal/remsfal-backend,remsfal__remsfal-backend,2025-01,4,0,2,0,6,23,11837,11.837
remsfal/remsfal-backend,remsfal__remsfal-backend,2025-02,4,0,1,0,5,25,13753,13.753
remsfal/remsfal-backend,remsfal__remsfal-backend,2025-03,4,0,1,0,5,25,13753,13.753
remsfal/remsfal-backend,remsfal__remsfal-backend,2025-04,4,0,3,0,7,26,13665,13.665
remsfal/remsfal-backend,remsfal__remsfal-backend,2025-05,4,2,2,0,8,39,13364,13.364
remsfal/remsfal-backend,remsfal__remsfal-backend,2025-06,4,2,2,0,8,39,13366,13.366
remsfal/remsfal-backend,remsfal__remsfal-backend,2025-07,4,3,2,0,9,39,14723,14.723
remsfal/remsfal-backend,remsfal__remsfal-backend,2025-08,4,1,2,0,7,48,16224,16.224
remsfal/remsfal-backend,remsfal__remsfal-backend,2025-09,4,0,2,0,6,48,16194,16.194
remsfal/remsfal-backend,remsfal__remsfal-backend,2025-10,3,0,2,0,5,46,15712,15.712
remsfal/remsfal-backend,remsfal__remsfal-backend,2025-11,3,0,2,0,5,46,15842,15.842
remsfal/remsfal-backend,remsfal__remsfal-backend,2025-12,2,0,2,0,4,45,16352,16.352
remsfal/remsfal-backend,remsfal__remsfal-backend,2026-01,2,0,2,0,4,46,16410,16.41
salesforce/multicloudj,salesforce__multicloudj,2025-05,2,0,2,0,4,35,14894,14.894
salesforce/multicloudj,salesforce__multicloudj,2025-06,2,0,2,0,4,40,17107,17.107
salesforce/multicloudj,salesforce__multicloudj,2025-07,2,0,2,0,4,41,20134,20.134
salesforce/multicloudj,salesforce__multicloudj,2025-08,2,0,2,0,4,41,22637,22.637
salesforce/multicloudj,salesforce__multicloudj,2025-09,2,0,2,0,4,41,23025,23.025
salesforce/multicloudj,salesforce__multicloudj,2025-10,2,0,2,0,4,41,23031,23.031
salesforce/multicloudj,salesforce__multicloudj,2025-11,4,0,2,0,6,56,29429,29.429
salesforce/multicloudj,salesforce__multicloudj,2025-12,5,0,2,0,7,60,34429,34.429
salesforce/multicloudj,salesforce__multicloudj,2026-01,5,0,4,0,9,61,36496,36.496
salesforce/multicloudj,salesforce__multicloudj,2026-02,5,0,3,0,8,65,40491,40.491
salesforce/multicloudj,salesforce__multicloudj,2026-03,6,0,3,0,9,77,45530,45.53
salesforce/multicloudj,salesforce__multicloudj,2026-04,6,0,3,0,9,78,49313,49.313
schmave/demschooltools,schmave__demschooltools,2025-05,2,0,1,1,4,19,13033,13.033
schmave/demschooltools,schmave__demschooltools,2025-06,2,0,1,1,4,19,13033,13.033
schmave/demschooltools,schmave__demschooltools,2025-07,2,0,1,1,4,19,13033,13.033
schmave/demschooltools,schmave__demschooltools,2025-08,2,0,1,1,4,19,13036,13.036
schmave/demschooltools,schmave__demschooltools,2025-09,2,0,1,1,4,19,12756,12.756
schmave/demschooltools,schmave__demschooltools,2025-10,2,0,1,1,4,19,12756,12.756
schmave/demschooltools,schmave__demschooltools,2025-11,2,0,1,1,4,19,12756,12.756
schmave/demschooltools,schmave__demschooltools,2025-12,2,0,1,1,4,19,12757,12.757
schmave/demschooltools,schmave__demschooltools,2026-01,2,0,1,1,4,19,12757,12.757
schmave/demschooltools,schmave__demschooltools,2026-02,2,0,1,1,4,19,12757,12.757
schmave/demschooltools,schmave__demschooltools,2026-03,2,0,1,1,4,19,12757,12.757
schmave/demschooltools,schmave__demschooltools,2026-04,2,0,1,1,4,19,12757,12.757
schmave/demschooltools,schmave__demschooltools,2026-05,2,0,1,1,4,19,12757,12.757
seed4j/seed4j,seed4j__seed4j,2025-01,89,3,3,0,95,692,40734,40.734
seed4j/seed4j,seed4j__seed4j,2025-02,89,3,3,0,95,702,41005,41.005
seed4j/seed4j,seed4j__seed4j,2025-03,89,3,3,0,95,702,41047,41.047
seed4j/seed4j,seed4j__seed4j,2025-04,90,3,3,0,96,697,41090,41.09
seed4j/seed4j,seed4j__seed4j,2025-05,92,4,3,0,99,698,41321,41.321
seed4j/seed4j,seed4j__seed4j,2025-06,92,3,3,0,98,703,41716,41.716
seed4j/seed4j,seed4j__seed4j,2025-07,94,3,3,0,100,703,42565,42.565
seed4j/seed4j,seed4j__seed4j,2025-08,94,3,3,0,100,712,42587,42.587
seed4j/seed4j,seed4j__seed4j,2025-09,94,3,4,0,101,717,42829,42.829
seed4j/seed4j,seed4j__seed4j,2025-10,94,3,4,0,101,722,43066,43.066
seed4j/seed4j,seed4j__seed4j,2025-11,94,3,3,0,100,727,43169,43.169
seed4j/seed4j,seed4j__seed4j,2025-12,94,3,3,0,100,727,43174,43.174
seed4j/seed4j,seed4j__seed4j,2026-01,94,3,3,0,100,729,43327,43.327
sekelsta/horse-colors,sekelsta__horse-colors,2025-01,17,1,1,0,19,13,4887,4.887
sekelsta/horse-colors,sekelsta__horse-colors,2025-02,17,1,1,0,19,13,4887,4.887
sekelsta/horse-colors,sekelsta__horse-colors,2025-03,17,1,1,0,19,13,4887,4.887
sekelsta/horse-colors,sekelsta__horse-colors,2025-04,17,1,1,0,19,13,4887,4.887
sekelsta/horse-colors,sekelsta__horse-colors,2025-05,17,1,1,0,19,13,4887,4.887
sekelsta/horse-colors,sekelsta__horse-colors,2025-06,17,1,1,0,19,13,4887,4.887
sekelsta/horse-colors,sekelsta__horse-colors,2025-07,17,1,1,0,19,13,4887,4.887
sekelsta/horse-colors,sekelsta__horse-colors,2025-08,17,1,1,0,19,13,4887,4.887
sekelsta/horse-colors,sekelsta__horse-colors,2025-09,17,1,1,0,19,13,4887,4.887
sekelsta/horse-colors,sekelsta__horse-colors,2025-10,17,1,1,0,19,13,4887,4.887
sekelsta/horse-colors,sekelsta__horse-colors,2025-11,17,1,1,0,19,13,4887,4.887
sekelsta/horse-colors,sekelsta__horse-colors,2025-12,17,1,1,0,19,13,4887,4.887
sekelsta/horse-colors,sekelsta__horse-colors,2026-01,17,1,1,0,19,13,4887,4.887
slackhq/astra,slackhq__astra,2024-12,79,2,1,0,82,40,37385,37.385
slackhq/astra,slackhq__astra,2025-01,79,2,1,0,82,40,37383,37.383
slackhq/astra,slackhq__astra,2025-02,80,2,1,0,83,41,37555,37.555
slackhq/astra,slackhq__astra,2025-03,80,2,1,0,83,41,37558,37.558
slackhq/astra,slackhq__astra,2025-04,80,2,1,0,83,41,37575,37.575
slackhq/astra,slackhq__astra,2025-05,80,2,1,0,83,41,37684,37.684
slackhq/astra,slackhq__astra,2025-06,81,2,2,0,85,41,38274,38.274
slackhq/astra,slackhq__astra,2025-07,81,2,2,0,85,41,39696,39.696
slackhq/astra,slackhq__astra,2025-08,81,2,2,0,85,41,45546,45.546
slackhq/astra,slackhq__astra,2025-09,81,2,2,0,85,41,45931,45.931
slackhq/astra,slackhq__astra,2025-10,81,2,2,0,85,43,46058,46.058
slackhq/astra,slackhq__astra,2025-11,81,2,2,0,85,43,46058,46.058
slackhq/astra,slackhq__astra,2025-12,81,2,2,0,85,43,46058,46.058
smartboot/smart-mqtt,smartboot__smart-mqtt,2025-05,13,0,1,0,14,51,7849,7.849
smartboot/smart-mqtt,smartboot__smart-mqtt,2025-06,10,1,1,0,12,46,7838,7.838
smartboot/smart-mqtt,smartboot__smart-mqtt,2025-07,9,1,1,0,11,45,8173,8.173
smartboot/smart-mqtt,smartboot__smart-mqtt,2025-08,9,1,1,0,11,45,8201,8.201
smartboot/smart-mqtt,smartboot__smart-mqtt,2025-09,9,1,1,0,11,45,8206,8.206
smartboot/smart-mqtt,smartboot__smart-mqtt,2025-10,9,1,1,0,11,45,8206,8.206
smartboot/smart-mqtt,smartboot__smart-mqtt,2025-11,9,1,1,0,11,45,8209,8.209
smartboot/smart-mqtt,smartboot__smart-mqtt,2025-12,9,1,1,0,11,45,8241,8.241
smartboot/smart-mqtt,smartboot__smart-mqtt,2026-01,9,1,1,0,11,45,8239,8.239
smartboot/smart-mqtt,smartboot__smart-mqtt,2026-02,9,1,1,0,11,45,8239,8.239
smartboot/smart-mqtt,smartboot__smart-mqtt,2026-03,9,1,1,0,11,46,8740,8.74
smartboot/smart-mqtt,smartboot__smart-mqtt,2026-04,9,1,1,0,11,49,8938,8.938
smartboot/smart-mqtt,smartboot__smart-mqtt,2026-05,9,1,1,0,11,49,8938,8.938
spannm/ucanaccess,spannm__ucanaccess,2025-04,18,0,1,0,19,13,11900,11.9
spannm/ucanaccess,spannm__ucanaccess,2025-05,18,0,1,0,19,13,11916,11.916
spannm/ucanaccess,spannm__ucanaccess,2025-06,18,0,1,0,19,13,11916,11.916
spannm/ucanaccess,spannm__ucanaccess,2025-07,18,0,1,0,19,13,11916,11.916
spannm/ucanaccess,spannm__ucanaccess,2025-08,18,0,1,0,19,13,12045,12.045
spannm/ucanaccess,spannm__ucanaccess,2025-09,18,0,1,0,19,13,12176,12.176
spannm/ucanaccess,spannm__ucanaccess,2025-10,18,0,1,0,19,13,12176,12.176
spannm/ucanaccess,spannm__ucanaccess,2025-11,18,0,1,0,19,13,12177,12.177
spannm/ucanaccess,spannm__ucanaccess,2025-12,18,0,1,0,19,13,12178,12.178
spannm/ucanaccess,spannm__ucanaccess,2026-01,18,0,1,0,19,13,12178,12.178
spannm/ucanaccess,spannm__ucanaccess,2026-02,18,0,1,0,19,13,12178,12.178
spannm/ucanaccess,spannm__ucanaccess,2026-03,18,0,1,0,19,14,12209,12.209
spannm/ucanaccess,spannm__ucanaccess,2026-04,18,0,1,0,19,14,12208,12.208
spockframework/spock,spockframework__spock,2024-04,47,2,3,0,52,77,17306,17.306
spockframework/spock,spockframework__spock,2024-05,47,2,3,0,52,77,17723,17.723
spockframework/spock,spockframework__spock,2024-06,47,2,3,0,52,77,17741,17.741
spockframework/spock,spockframework__spock,2024-07,47,2,3,0,52,77,17741,17.741
spockframework/spock,spockframework__spock,2024-08,47,2,3,0,52,77,17741,17.741
spockframework/spock,spockframework__spock,2024-09,47,2,3,0,52,77,17794,17.794
spockframework/spock,spockframework__spock,2024-10,47,2,1,0,50,77,17863,17.863
spockframework/spock,spockframework__spock,2024-11,47,2,1,0,50,77,17875,17.875
spockframework/spock,spockframework__spock,2024-12,47,2,1,0,50,77,17878,17.878
spockframework/spock,spockframework__spock,2025-01,48,2,3,0,53,77,18226,18.226
spockframework/spock,spockframework__spock,2025-02,48,2,3,0,53,77,18244,18.244
spockframework/spock,spockframework__spock,2025-03,48,2,3,0,53,77,18247,18.247
spockframework/spock,spockframework__spock,2025-04,73,2,3,0,78,78,18433,18.433
spring-projects/spring-integration,spring-projects__spring-integration,2024-09,175,7,10,1,193,390,196841,196.841
spring-projects/spring-integration,spring-projects__spring-integration,2024-10,176,7,10,0,193,391,197116,197.116
spring-projects/spring-integration,spring-projects__spring-integration,2024-11,176,7,10,0,193,391,197220,197.22
spring-projects/spring-integration,spring-projects__spring-integration,2024-12,176,7,10,0,193,391,197207,197.207
spring-projects/spring-integration,spring-projects__spring-integration,2025-01,176,7,10,0,193,391,197289,197.289
spring-projects/spring-integration,spring-projects__spring-integration,2025-02,176,7,7,0,190,389,197147,197.147
spring-projects/spring-integration,spring-projects__spring-integration,2025-03,177,7,7,0,191,385,194597,194.597
spring-projects/spring-integration,spring-projects__spring-integration,2025-04,177,7,7,0,191,385,194804,194.804
spring-projects/spring-integration,spring-projects__spring-integration,2025-05,176,7,7,0,190,389,197324,197.324
spring-projects/spring-integration,spring-projects__spring-integration,2025-06,177,7,7,0,191,389,197198,197.198
spring-projects/spring-integration,spring-projects__spring-integration,2025-07,200,8,7,0,215,387,198705,198.705
spring-projects/spring-integration,spring-projects__spring-integration,2025-08,177,7,7,0,191,386,199671,199.671
spring-projects/spring-integration,spring-projects__spring-integration,2025-09,177,7,7,0,191,386,200423,200.423
standard-webhooks/standard-webhooks,standard-webhooks__standard-webhooks,2025-03,0,0,0,0,0,3,176,0.176
standard-webhooks/standard-webhooks,standard-webhooks__standard-webhooks,2025-04,0,0,0,0,0,3,176,0.176
standard-webhooks/standard-webhooks,standard-webhooks__standard-webhooks,2025-05,0,0,0,0,0,3,176,0.176
standard-webhooks/standard-webhooks,standard-webhooks__standard-webhooks,2025-06,0,0,0,0,0,3,176,0.176
standard-webhooks/standard-webhooks,standard-webhooks__standard-webhooks,2025-07,0,0,0,0,0,3,176,0.176
standard-webhooks/standard-webhooks,standard-webhooks__standard-webhooks,2025-08,0,0,0,0,0,3,176,0.176
standard-webhooks/standard-webhooks,standard-webhooks__standard-webhooks,2025-09,0,0,0,0,0,3,176,0.176
standard-webhooks/standard-webhooks,standard-webhooks__standard-webhooks,2025-10,0,0,0,0,0,3,176,0.176
standard-webhooks/standard-webhooks,standard-webhooks__standard-webhooks,2025-11,0,0,0,0,0,3,176,0.176
standard-webhooks/standard-webhooks,standard-webhooks__standard-webhooks,2025-12,0,0,0,0,0,3,176,0.176
standard-webhooks/standard-webhooks,standard-webhooks__standard-webhooks,2026-01,0,0,0,0,0,3,176,0.176
standard-webhooks/standard-webhooks,standard-webhooks__standard-webhooks,2026-02,0,0,0,0,0,3,277,0.277
standard-webhooks/standard-webhooks,standard-webhooks__standard-webhooks,2026-03,0,0,0,0,0,3,277,0.277
swift-lang/swift-t,swift-lang__swift-t,2025-04,49,3,2,0,54,22,29470,29.47
swift-lang/swift-t,swift-lang__swift-t,2025-05,49,3,2,0,54,22,29470,29.47
swift-lang/swift-t,swift-lang__swift-t,2025-06,49,3,2,0,54,22,29470,29.47
swift-lang/swift-t,swift-lang__swift-t,2025-07,49,3,2,0,54,22,29470,29.47
swift-lang/swift-t,swift-lang__swift-t,2025-08,49,3,2,0,54,22,29470,29.47
swift-lang/swift-t,swift-lang__swift-t,2025-09,49,3,2,0,54,22,29470,29.47
swift-lang/swift-t,swift-lang__swift-t,2025-10,49,3,2,0,54,22,29470,29.47
swift-lang/swift-t,swift-lang__swift-t,2025-11,49,3,2,0,54,22,29470,29.47
swift-lang/swift-t,swift-lang__swift-t,2025-12,49,3,2,0,54,22,29470,29.47
swift-lang/swift-t,swift-lang__swift-t,2026-01,49,3,2,0,54,22,29470,29.47
swift-lang/swift-t,swift-lang__swift-t,2026-02,49,3,2,0,54,22,29470,29.47
swift-lang/swift-t,swift-lang__swift-t,2026-03,49,3,2,0,54,22,29470,29.47
swift-lang/swift-t,swift-lang__swift-t,2026-04,49,3,2,0,54,22,29470,29.47
tcheeric/nostr-java,tcheeric__nostr-java,2025-01,12,2,1,0,15,47,9168,9.168
tcheeric/nostr-java,tcheeric__nostr-java,2025-02,12,2,1,0,15,47,9345,9.345
tcheeric/nostr-java,tcheeric__nostr-java,2025-04,15,1,2,0,18,33,9643,9.643
tcheeric/nostr-java,tcheeric__nostr-java,2025-05,15,1,2,0,18,33,9643,9.643
tcheeric/nostr-java,tcheeric__nostr-java,2025-06,13,2,1,0,16,33,10793,10.793
tcheeric/nostr-java,tcheeric__nostr-java,2025-07,13,2,2,0,17,33,11215,11.215
tcheeric/nostr-java,tcheeric__nostr-java,2025-08,14,2,2,0,18,35,12061,12.061
tcheeric/nostr-java,tcheeric__nostr-java,2025-09,14,1,2,0,17,35,12352,12.352
tcheeric/nostr-java,tcheeric__nostr-java,2025-10,14,1,2,0,17,35,12352,12.352
tcheeric/nostr-java,tcheeric__nostr-java,2025-11,31,1,1,0,33,46,17084,17.084
tcheeric/nostr-java,tcheeric__nostr-java,2025-12,31,1,1,0,33,46,17084,17.084
tcheeric/nostr-java,tcheeric__nostr-java,2026-01,31,1,1,0,33,46,17144,17.144
tradestreamhq/tradestream,tradestreamhq__tradestream,2025-01,0,0,0,0,0,5,1869,1.869
tradestreamhq/tradestream,tradestreamhq__tradestream,2025-02,0,0,0,0,0,5,1869,1.869
tradestreamhq/tradestream,tradestreamhq__tradestream,2025-03,1,0,0,0,1,18,5238,5.238
tradestreamhq/tradestream,tradestreamhq__tradestream,2025-04,1,0,1,0,2,25,6420,6.42
tradestreamhq/tradestream,tradestreamhq__tradestream,2025-05,1,0,1,0,2,25,6420,6.42
tradestreamhq/tradestream,tradestreamhq__tradestream,2025-06,1,0,1,0,2,25,6420,6.42
tradestreamhq/tradestream,tradestreamhq__tradestream,2025-07,0,0,0,0,0,78,12689,12.689
tradestreamhq/tradestream,tradestreamhq__tradestream,2025-08,0,0,0,0,0,77,11837,11.837
tradestreamhq/tradestream,tradestreamhq__tradestream,2025-09,0,0,0,0,0,77,11837,11.837
tradestreamhq/tradestream,tradestreamhq__tradestream,2025-10,0,0,0,0,0,77,11837,11.837
tradestreamhq/tradestream,tradestreamhq__tradestream,2025-11,0,0,0,0,0,77,11837,11.837
tradestreamhq/tradestream,tradestreamhq__tradestream,2025-12,0,0,0,0,0,77,11837,11.837
ttoklip/BackEnd,ttoklip__BackEnd,2025-02,69,4,1,0,74,229,16542,16.542
ttoklip/BackEnd,ttoklip__BackEnd,2025-03,69,4,1,0,74,229,16542,16.542
ttoklip/BackEnd,ttoklip__BackEnd,2025-04,69,4,1,0,74,229,16542,16.542
ttoklip/BackEnd,ttoklip__BackEnd,2025-05,69,4,1,0,74,229,16542,16.542
ttoklip/BackEnd,ttoklip__BackEnd,2025-06,69,4,1,0,74,229,16542,16.542
ttoklip/BackEnd,ttoklip__BackEnd,2025-07,69,4,1,0,74,229,16542,16.542
ttoklip/BackEnd,ttoklip__BackEnd,2025-08,69,4,1,0,74,229,16542,16.542
ttoklip/BackEnd,ttoklip__BackEnd,2025-09,69,4,1,0,74,229,16542,16.542
ttoklip/BackEnd,ttoklip__BackEnd,2025-10,69,4,1,0,74,229,16542,16.542
ttoklip/BackEnd,ttoklip__BackEnd,2025-11,69,4,1,0,74,229,16542,16.542
ttoklip/BackEnd,ttoklip__BackEnd,2025-12,69,4,1,0,74,229,16542,16.542
ttoklip/BackEnd,ttoklip__BackEnd,2026-01,69,4,1,0,74,229,16542,16.542
ttoklip/BackEnd,ttoklip__BackEnd,2026-02,69,4,1,0,74,229,16542,16.542
wildmountainfarms/solarthing,wildmountainfarms__solarthing,2024-12,247,8,8,0,263,190,29160,29.16
wildmountainfarms/solarthing,wildmountainfarms__solarthing,2025-01,261,8,3,0,272,201,29594,29.594
wildmountainfarms/solarthing,wildmountainfarms__solarthing,2025-02,261,8,3,0,272,201,29594,29.594
wildmountainfarms/solarthing,wildmountainfarms__solarthing,2025-03,261,8,3,0,272,201,29594,29.594
wildmountainfarms/solarthing,wildmountainfarms__solarthing,2025-04,261,8,3,0,272,201,29594,29.594
wildmountainfarms/solarthing,wildmountainfarms__solarthing,2025-05,261,8,3,0,272,201,29594,29.594
wildmountainfarms/solarthing,wildmountainfarms__solarthing,2025-06,261,8,3,0,272,201,29594,29.594
wildmountainfarms/solarthing,wildmountainfarms__solarthing,2025-07,261,8,3,0,272,201,29341,29.341
wildmountainfarms/solarthing,wildmountainfarms__solarthing,2025-08,261,8,3,0,272,201,29343,29.343
wildmountainfarms/solarthing,wildmountainfarms__solarthing,2025-09,261,8,3,0,272,202,29409,29.409
wildmountainfarms/solarthing,wildmountainfarms__solarthing,2025-10,261,8,3,0,272,202,29409,29.409
wildmountainfarms/solarthing,wildmountainfarms__solarthing,2025-11,261,8,3,0,272,202,29409,29.409
wildmountainfarms/solarthing,wildmountainfarms__solarthing,2025-12,261,8,3,0,272,202,29409,29.409
wisemapping/wisemapping-open-source,wisemapping__wisemapping-open-source,2025-04,11,0,1,0,12,21,4893,4.893
wisemapping/wisemapping-open-source,wisemapping__wisemapping-open-source,2025-05,11,0,1,0,12,21,4893,4.893
wisemapping/wisemapping-open-source,wisemapping__wisemapping-open-source,2025-06,11,0,1,0,12,21,4893,4.893
wisemapping/wisemapping-open-source,wisemapping__wisemapping-open-source,2025-07,11,0,1,0,12,21,4893,4.893
wisemapping/wisemapping-open-source,wisemapping__wisemapping-open-source,2025-08,11,0,1,0,12,21,4893,4.893
wisemapping/wisemapping-open-source,wisemapping__wisemapping-open-source,2025-09,11,0,1,0,12,21,4909,4.909
wisemapping/wisemapping-open-source,wisemapping__wisemapping-open-source,2025-10,17,1,3,0,21,32,10829,10.829
wisemapping/wisemapping-open-source,wisemapping__wisemapping-open-source,2025-11,18,0,2,0,20,29,15713,15.713
wisemapping/wisemapping-open-source,wisemapping__wisemapping-open-source,2025-12,19,1,2,0,22,34,18198,18.198
wisemapping/wisemapping-open-source,wisemapping__wisemapping-open-source,2026-01,22,1,2,0,25,34,18691,18.691
wisemapping/wisemapping-open-source,wisemapping__wisemapping-open-source,2026-02,22,1,2,0,25,34,17480,17.48
wisemapping/wisemapping-open-source,wisemapping__wisemapping-open-source,2026-03,23,1,2,0,26,34,17504,17.504
wisemapping/wisemapping-open-source,wisemapping__wisemapping-open-source,2026-04,23,1,2,0,26,34,17504,17.504
wso2-extensions/identity-organization-management,wso2-extensions__identity-organization-management,2025-02,19,1,3,0,23,118,14747,14.747
wso2-extensions/identity-organization-management,wso2-extensions__identity-organization-management,2025-03,18,1,4,0,23,118,16095,16.095
wso2-extensions/identity-organization-management,wso2-extensions__identity-organization-management,2025-04,18,1,4,0,23,118,16993,16.993
wso2-extensions/identity-organization-management,wso2-extensions__identity-organization-management,2025-05,18,1,4,0,23,118,16975,16.975
wso2-extensions/identity-organization-management,wso2-extensions__identity-organization-management,2025-06,19,1,5,0,25,128,18205,18.205
wso2-extensions/identity-organization-management,wso2-extensions__identity-organization-management,2025-07,19,1,5,0,25,128,18226,18.226
wso2-extensions/identity-organization-management,wso2-extensions__identity-organization-management,2025-08,20,3,3,0,26,132,21366,21.366
wso2-extensions/identity-organization-management,wso2-extensions__identity-organization-management,2025-09,20,3,3,0,26,132,22112,22.112
wso2-extensions/identity-organization-management,wso2-extensions__identity-organization-management,2025-10,20,3,3,0,26,132,22453,22.453
wso2-extensions/identity-organization-management,wso2-extensions__identity-organization-management,2025-11,20,3,3,0,26,132,22455,22.455
wso2-extensions/identity-organization-management,wso2-extensions__identity-organization-management,2025-12,20,3,3,0,26,132,22455,22.455
wso2-extensions/identity-organization-management,wso2-extensions__identity-organization-management,2026-01,20,2,3,0,25,132,22972,22.972
wso2-extensions/identity-organization-management,wso2-extensions__identity-organization-management,2026-02,20,2,3,0,25,132,22972,22.972
wultra/powerauth-server,wultra__powerauth-server,2025-05,13,1,2,0,16,87,20686,20.686
wultra/powerauth-server,wultra__powerauth-server,2025-06,13,1,2,0,16,87,20688,20.688
wultra/powerauth-server,wultra__powerauth-server,2025-07,13,1,2,0,16,87,20979,20.979
wultra/powerauth-server,wultra__powerauth-server,2025-08,19,4,2,0,25,121,26381,26.381
wultra/powerauth-server,wultra__powerauth-server,2025-09,20,4,2,0,26,124,26716,26.716
wultra/powerauth-server,wultra__powerauth-server,2025-10,20,3,1,0,24,126,28460,28.46
wultra/powerauth-server,wultra__powerauth-server,2025-11,23,3,2,0,28,126,29227,29.227
wultra/powerauth-server,wultra__powerauth-server,2025-12,22,3,3,0,28,127,29834,29.834
wultra/powerauth-server,wultra__powerauth-server,2026-01,22,3,3,0,28,127,30172,30.172
wultra/powerauth-server,wultra__powerauth-server,2026-02,22,3,3,0,28,127,30385,30.385
wultra/powerauth-server,wultra__powerauth-server,2026-03,22,3,3,0,28,127,30502,30.502
wultra/powerauth-server,wultra__powerauth-server,2026-04,23,3,3,0,29,127,30605,30.605
wultra/powerauth-server,wultra__powerauth-server,2026-05,23,3,3,0,29,127,30605,30.605
xerial/snappy-java,xerial__snappy-java,2025-01,0,0,0,0,0,5,3955,3.955
xerial/snappy-java,xerial__snappy-java,2025-02,0,0,0,0,0,5,3955,3.955
xerial/snappy-java,xerial__snappy-java,2025-03,0,0,0,0,0,5,3957,3.957
xerial/snappy-java,xerial__snappy-java,2025-04,0,0,0,0,0,5,3957,3.957
xerial/snappy-java,xerial__snappy-java,2025-05,0,0,0,0,0,5,3957,3.957
xerial/snappy-java,xerial__snappy-java,2025-06,0,0,0,0,0,5,3957,3.957
xerial/snappy-java,xerial__snappy-java,2025-07,0,0,0,0,0,5,3957,3.957
xerial/snappy-java,xerial__snappy-java,2025-08,0,0,0,0,0,5,3961,3.961
xerial/snappy-java,xerial__snappy-java,2025-09,0,0,0,0,0,5,3961,3.961
xerial/snappy-java,xerial__snappy-java,2025-10,0,0,0,0,0,5,3961,3.961
xerial/snappy-java,xerial__snappy-java,2025-11,0,0,0,0,0,5,3961,3.961
xerial/snappy-java,xerial__snappy-java,2025-12,0,0,0,0,0,5,3961,3.961
xerial/snappy-java,xerial__snappy-java,2026-01,0,0,0,0,0,5,3961,3.961
xtclang/xvm,xtclang__xvm,2025-07,120,4,5,5,134,62,134944,134.944
xtclang/xvm,xtclang__xvm,2026-01,129,4,2,4,139,74,115977,115.977
xtclang/xvm,xtclang__xvm,2026-02,129,4,2,4,139,74,118120,118.12
yellowstonegames/SquidSquad,yellowstonegames__SquidSquad,2025-02,5,0,2,3,10,55,98913,98.913
yellowstonegames/SquidSquad,yellowstonegames__SquidSquad,2025-03,5,0,2,3,10,61,101302,101.302
yellowstonegames/SquidSquad,yellowstonegames__SquidSquad,2025-04,5,0,2,3,10,61,101019,101.019
yellowstonegames/SquidSquad,yellowstonegames__SquidSquad,2025-05,5,0,2,3,10,61,102658,102.658
yellowstonegames/SquidSquad,yellowstonegames__SquidSquad,2025-06,5,0,2,3,10,61,104077,104.077
yellowstonegames/SquidSquad,yellowstonegames__SquidSquad,2025-07,5,0,0,3,8,61,104412,104.412
yellowstonegames/SquidSquad,yellowstonegames__SquidSquad,2025-08,5,0,0,3,8,62,105233,105.233
yellowstonegames/SquidSquad,yellowstonegames__SquidSquad,2025-09,5,0,0,3,8,62,105420,105.42
yellowstonegames/SquidSquad,yellowstonegames__SquidSquad,2025-10,5,0,0,3,8,62,106147,106.147
yellowstonegames/SquidSquad,yellowstonegames__SquidSquad,2025-11,5,0,0,3,8,65,106117,106.117
yellowstonegames/SquidSquad,yellowstonegames__SquidSquad,2025-12,5,0,0,3,8,67,107508,107.508
yellowstonegames/SquidSquad,yellowstonegames__SquidSquad,2026-01,5,0,0,3,8,67,107633,107.633
yellowstonegames/SquidSquad,yellowstonegames__SquidSquad,2026-02,5,0,0,3,8,67,107711,107.711
yennanliu/CS_basics,yennanliu__CS_basics,2025-04,0,0,0,0,0,374,69630,69.63
yennanliu/CS_basics,yennanliu__CS_basics,2025-06,0,0,0,1,1,374,76884,76.884
yennanliu/CS_basics,yennanliu__CS_basics,2025-07,0,0,0,1,1,374,78231,78.231
yennanliu/CS_basics,yennanliu__CS_basics,2025-08,0,0,0,1,1,374,78600,78.6
yennanliu/CS_basics,yennanliu__CS_basics,2025-09,0,0,0,1,1,374,79908,79.908
yennanliu/CS_basics,yennanliu__CS_basics,2025-10,0,0,0,1,1,376,82805,82.805
yennanliu/CS_basics,yennanliu__CS_basics,2025-11,0,0,0,1,1,376,86653,86.653
yennanliu/CS_basics,yennanliu__CS_basics,2025-12,0,0,0,1,1,376,91332,91.332
yennanliu/CS_basics,yennanliu__CS_basics,2026-01,0,0,0,1,1,376,96157,96.157
yennanliu/CS_basics,yennanliu__CS_basics,2026-02,0,0,0,0,0,376,88109,88.109
yennanliu/CS_basics,yennanliu__CS_basics,2026-03,0,0,0,0,0,376,88220,88.22
yennanliu/CS_basics,yennanliu__CS_basics,2026-04,0,0,0,0,0,377,89374,89.374
zilliztech/vts,zilliztech__vts,2025-01,303,10,3,2,318,1059,239414,239.414
zilliztech/vts,zilliztech__vts,2025-06,219,8,1,1,229,617,170263,170.263
zilliztech/vts,zilliztech__vts,2025-07,200,7,2,0,209,552,130431,130.431
zilliztech/vts,zilliztech__vts,2025-08,200,7,2,0,209,552,130431,130.431
zilliztech/vts,zilliztech__vts,2025-09,200,7,2,0,209,557,130812,130.812
zilliztech/vts,zilliztech__vts,2025-10,200,7,2,0,209,563,131116,131.116
zilliztech/vts,zilliztech__vts,2025-12,199,7,2,0,208,563,131442,131.442
