repo_name,dir_name,month,cd_count,ud_count,hl_count,gc_count,total_smells,num_packages,loc,kloc
ACGaming/UniversalTweaks,ACGaming__UniversalTweaks,2025-01,65,3,4,0,72,615,18363,18.363
ACGaming/UniversalTweaks,ACGaming__UniversalTweaks,2025-02,67,3,4,0,74,624,18721,18.721
ACGaming/UniversalTweaks,ACGaming__UniversalTweaks,2025-03,69,3,5,0,77,623,18970,18.97
ACGaming/UniversalTweaks,ACGaming__UniversalTweaks,2025-04,69,3,5,0,77,638,19554,19.554
ACGaming/UniversalTweaks,ACGaming__UniversalTweaks,2025-05,75,3,3,0,81,652,19700,19.7
ACGaming/UniversalTweaks,ACGaming__UniversalTweaks,2025-06,75,3,3,0,81,652,19702,19.702
ACGaming/UniversalTweaks,ACGaming__UniversalTweaks,2025-07,75,3,3,0,81,658,19782,19.782
ACGaming/UniversalTweaks,ACGaming__UniversalTweaks,2025-08,75,3,2,0,80,659,19543,19.543
ACGaming/UniversalTweaks,ACGaming__UniversalTweaks,2025-09,79,3,2,0,84,664,19942,19.942
ACGaming/UniversalTweaks,ACGaming__UniversalTweaks,2025-10,79,3,2,0,84,666,19984,19.984
ACGaming/UniversalTweaks,ACGaming__UniversalTweaks,2025-11,79,3,2,0,84,706,20949,20.949
ACGaming/UniversalTweaks,ACGaming__UniversalTweaks,2025-12,79,3,2,0,84,709,21232,21.232
ACGaming/UniversalTweaks,ACGaming__UniversalTweaks,2026-01,79,3,2,0,84,766,22417,22.417
Angular2Guy/MovieManager,Angular2Guy__MovieManager,2025-01,3,0,1,0,4,28,4104,4.104
Angular2Guy/MovieManager,Angular2Guy__MovieManager,2025-02,3,0,1,0,4,28,4133,4.133
Angular2Guy/MovieManager,Angular2Guy__MovieManager,2025-03,3,0,1,0,4,28,4127,4.127
Angular2Guy/MovieManager,Angular2Guy__MovieManager,2025-04,3,0,1,0,4,28,4232,4.232
Angular2Guy/MovieManager,Angular2Guy__MovieManager,2025-05,3,0,1,0,4,28,4259,4.259
Angular2Guy/MovieManager,Angular2Guy__MovieManager,2025-06,3,0,1,0,4,28,4259,4.259
Angular2Guy/MovieManager,Angular2Guy__MovieManager,2025-07,3,0,1,0,4,28,4259,4.259
Angular2Guy/MovieManager,Angular2Guy__MovieManager,2025-08,3,0,1,0,4,28,4259,4.259
Angular2Guy/MovieManager,Angular2Guy__MovieManager,2025-09,3,0,1,0,4,28,4259,4.259
Angular2Guy/MovieManager,Angular2Guy__MovieManager,2025-10,3,0,1,0,4,28,4259,4.259
Angular2Guy/MovieManager,Angular2Guy__MovieManager,2025-11,3,0,1,0,4,28,4259,4.259
Angular2Guy/MovieManager,Angular2Guy__MovieManager,2025-12,3,0,1,0,4,28,4257,4.257
Angular2Guy/MovieManager,Angular2Guy__MovieManager,2026-01,3,0,1,0,4,28,4257,4.257
ArcadeData/arcadedb,ArcadeData__arcadedb,2024-04,2204,4,6,2,2216,114,117260,117.26
ArcadeData/arcadedb,ArcadeData__arcadedb,2024-05,2226,4,6,2,2238,114,117855,117.855
ArcadeData/arcadedb,ArcadeData__arcadedb,2024-06,2229,4,6,2,2241,114,117913,117.913
ArcadeData/arcadedb,ArcadeData__arcadedb,2024-07,2229,4,6,2,2241,114,117959,117.959
ArcadeData/arcadedb,ArcadeData__arcadedb,2024-08,2221,4,6,2,2233,114,118148,118.148
ArcadeData/arcadedb,ArcadeData__arcadedb,2024-09,2224,4,6,2,2236,114,118311,118.311
ArcadeData/arcadedb,ArcadeData__arcadedb,2024-10,2234,5,6,2,2247,114,118598,118.598
ArcadeData/arcadedb,ArcadeData__arcadedb,2024-11,2236,5,6,2,2249,114,118937,118.937
ArcadeData/arcadedb,ArcadeData__arcadedb,2024-12,2209,6,5,2,2222,107,118027,118.027
ArcadeData/arcadedb,ArcadeData__arcadedb,2025-01,2195,5,7,2,2209,109,118868,118.868
ArcadeData/arcadedb,ArcadeData__arcadedb,2025-02,2195,4,7,2,2208,109,119694,119.694
ArcadeData/arcadedb,ArcadeData__arcadedb,2025-03,2192,6,8,2,2208,109,120135,120.135
ArcadeData/arcadedb,ArcadeData__arcadedb,2025-04,2226,5,8,2,2241,113,121383,121.383
AutoMQ/automq,AutoMQ__automq,2025-05,1660,9,4,4,1677,422,608005,608.005
AutoMQ/automq,AutoMQ__automq,2025-07,1676,8,12,3,1699,448,616217,616.217
AutoMQ/automq,AutoMQ__automq,2025-08,1676,8,12,3,1699,448,616565,616.565
AutoMQ/automq,AutoMQ__automq,2025-12,1682,9,8,16,1715,464,625556,625.556
AutoMQ/automq,AutoMQ__automq,2026-01,1680,9,4,2,1695,464,626220,626.22
BBMRI-ERIC/negotiator,BBMRI-ERIC__negotiator,2024-10,108,2,4,0,114,58,19762,19.762
BBMRI-ERIC/negotiator,BBMRI-ERIC__negotiator,2024-11,110,2,6,0,118,61,20480,20.48
BBMRI-ERIC/negotiator,BBMRI-ERIC__negotiator,2024-12,112,2,8,0,122,57,19275,19.275
BBMRI-ERIC/negotiator,BBMRI-ERIC__negotiator,2025-01,106,2,5,0,113,57,19780,19.78
BBMRI-ERIC/negotiator,BBMRI-ERIC__negotiator,2025-02,106,2,9,0,117,58,20292,20.292
BBMRI-ERIC/negotiator,BBMRI-ERIC__negotiator,2025-03,108,1,8,0,117,58,21072,21.072
BBMRI-ERIC/negotiator,BBMRI-ERIC__negotiator,2025-04,109,1,3,0,113,58,21604,21.604
BBMRI-ERIC/negotiator,BBMRI-ERIC__negotiator,2025-05,109,1,4,0,114,61,23043,23.043
BBMRI-ERIC/negotiator,BBMRI-ERIC__negotiator,2025-06,109,1,4,0,114,62,23897,23.897
BBMRI-ERIC/negotiator,BBMRI-ERIC__negotiator,2025-07,110,1,3,0,114,64,24603,24.603
BBMRI-ERIC/negotiator,BBMRI-ERIC__negotiator,2025-08,104,1,6,0,111,61,26475,26.475
BBMRI-ERIC/negotiator,BBMRI-ERIC__negotiator,2025-09,109,2,5,0,116,60,28263,28.263
BBMRI-ERIC/negotiator,BBMRI-ERIC__negotiator,2025-10,111,2,2,0,115,60,29530,29.53
BenCodez/AdvancedCore,BenCodez__AdvancedCore,2025-02,163,2,7,0,172,70,12994,12.994
BenCodez/AdvancedCore,BenCodez__AdvancedCore,2025-03,247,1,7,0,255,71,13425,13.425
BenCodez/AdvancedCore,BenCodez__AdvancedCore,2025-04,247,1,7,0,255,71,13443,13.443
BenCodez/AdvancedCore,BenCodez__AdvancedCore,2025-05,247,1,7,0,255,71,13534,13.534
BenCodez/AdvancedCore,BenCodez__AdvancedCore,2025-06,239,1,3,0,243,59,12211,12.211
BenCodez/AdvancedCore,BenCodez__AdvancedCore,2025-07,239,1,3,0,243,59,12252,12.252
BenCodez/AdvancedCore,BenCodez__AdvancedCore,2025-08,239,1,3,0,243,59,12271,12.271
BenCodez/AdvancedCore,BenCodez__AdvancedCore,2025-09,239,1,3,0,243,59,12271,12.271
BenCodez/AdvancedCore,BenCodez__AdvancedCore,2025-10,239,1,3,0,243,59,12316,12.316
BenCodez/AdvancedCore,BenCodez__AdvancedCore,2025-11,239,1,5,0,245,59,12489,12.489
BenCodez/AdvancedCore,BenCodez__AdvancedCore,2025-12,239,1,5,0,245,59,12561,12.561
BenCodez/AdvancedCore,BenCodez__AdvancedCore,2026-01,239,1,5,0,245,58,12575,12.575
BenCodez/AdvancedCore,BenCodez__AdvancedCore,2026-02,241,1,3,0,245,59,12918,12.918
DIGI-UW/OpenELIS-Global-2,DIGI-UW__OpenELIS-Global-2,2025-05,1697,15,6,0,1718,793,116288,116.288
DIGI-UW/OpenELIS-Global-2,DIGI-UW__OpenELIS-Global-2,2025-06,1707,15,7,0,1729,794,117434,117.434
DIGI-UW/OpenELIS-Global-2,DIGI-UW__OpenELIS-Global-2,2025-07,1727,16,10,0,1753,796,119951,119.951
DIGI-UW/OpenELIS-Global-2,DIGI-UW__OpenELIS-Global-2,2025-08,1832,16,10,0,1858,796,124851,124.851
DIGI-UW/OpenELIS-Global-2,DIGI-UW__OpenELIS-Global-2,2025-09,1837,16,10,0,1863,804,125842,125.842
DIGI-UW/OpenELIS-Global-2,DIGI-UW__OpenELIS-Global-2,2025-10,1837,16,10,0,1863,804,126089,126.089
DIGI-UW/OpenELIS-Global-2,DIGI-UW__OpenELIS-Global-2,2025-11,1841,16,10,0,1867,814,127157,127.157
DIGI-UW/OpenELIS-Global-2,DIGI-UW__OpenELIS-Global-2,2025-12,1975,19,3,0,1997,856,143918,143.918
DIGI-UW/OpenELIS-Global-2,DIGI-UW__OpenELIS-Global-2,2026-01,1996,18,6,0,2020,870,149986,149.986
DIGI-UW/OpenELIS-Global-2,DIGI-UW__OpenELIS-Global-2,2026-02,1996,18,6,0,2020,870,150581,150.581
DIGI-UW/OpenELIS-Global-2,DIGI-UW__OpenELIS-Global-2,2026-03,1975,18,9,0,2002,892,168361,168.361
DIGI-UW/OpenELIS-Global-2,DIGI-UW__OpenELIS-Global-2,2026-04,1990,18,9,1,2018,895,171249,171.249
DIGI-UW/OpenELIS-Global-2,DIGI-UW__OpenELIS-Global-2,2026-05,1990,18,9,1,2018,895,171249,171.249
DataSQRL/flink-sql-runner,DataSQRL__flink-sql-runner,2024-11,0,0,0,0,0,2,325,0.325
DataSQRL/flink-sql-runner,DataSQRL__flink-sql-runner,2024-12,0,0,0,0,0,2,397,0.397
DataSQRL/flink-sql-runner,DataSQRL__flink-sql-runner,2025-01,0,0,0,0,0,2,397,0.397
DataSQRL/flink-sql-runner,DataSQRL__flink-sql-runner,2025-02,0,0,0,0,0,2,397,0.397
DataSQRL/flink-sql-runner,DataSQRL__flink-sql-runner,2025-03,0,0,0,0,0,2,449,0.449
DataSQRL/flink-sql-runner,DataSQRL__flink-sql-runner,2025-04,8,0,0,0,8,20,3116,3.116
DataSQRL/flink-sql-runner,DataSQRL__flink-sql-runner,2025-05,7,1,1,0,9,38,4477,4.477
DataSQRL/flink-sql-runner,DataSQRL__flink-sql-runner,2025-06,7,1,1,0,9,38,5734,5.734
DataSQRL/flink-sql-runner,DataSQRL__flink-sql-runner,2025-07,7,0,2,0,9,34,6430,6.43
DataSQRL/flink-sql-runner,DataSQRL__flink-sql-runner,2025-08,7,0,2,0,9,34,6436,6.436
DataSQRL/flink-sql-runner,DataSQRL__flink-sql-runner,2025-09,7,0,2,0,9,34,6470,6.47
DataSQRL/flink-sql-runner,DataSQRL__flink-sql-runner,2025-10,7,0,3,0,10,34,6604,6.604
Engineering-Research-and-Development/dsp-true-connector,Engineering-Research-and-Development__dsp-true-connector,2025-05,10,1,3,0,14,70,15503,15.503
Engineering-Research-and-Development/dsp-true-connector,Engineering-Research-and-Development__dsp-true-connector,2025-06,17,3,4,0,24,92,27366,27.366
Engineering-Research-and-Development/dsp-true-connector,Engineering-Research-and-Development__dsp-true-connector,2025-07,19,3,5,0,27,98,28789,28.789
Engineering-Research-and-Development/dsp-true-connector,Engineering-Research-and-Development__dsp-true-connector,2025-08,19,3,5,0,27,98,28789,28.789
Engineering-Research-and-Development/dsp-true-connector,Engineering-Research-and-Development__dsp-true-connector,2025-09,22,3,3,0,28,109,31569,31.569
Engineering-Research-and-Development/dsp-true-connector,Engineering-Research-and-Development__dsp-true-connector,2025-10,22,3,3,0,28,109,31569,31.569
Engineering-Research-and-Development/dsp-true-connector,Engineering-Research-and-Development__dsp-true-connector,2025-11,22,3,3,0,28,112,32118,32.118
Engineering-Research-and-Development/dsp-true-connector,Engineering-Research-and-Development__dsp-true-connector,2025-12,21,3,3,0,27,113,33287,33.287
Engineering-Research-and-Development/dsp-true-connector,Engineering-Research-and-Development__dsp-true-connector,2026-01,21,3,3,0,27,113,33287,33.287
Engineering-Research-and-Development/dsp-true-connector,Engineering-Research-and-Development__dsp-true-connector,2026-02,21,3,11,0,35,114,34034,34.034
Engineering-Research-and-Development/dsp-true-connector,Engineering-Research-and-Development__dsp-true-connector,2026-03,21,3,11,0,35,114,34034,34.034
Engineering-Research-and-Development/dsp-true-connector,Engineering-Research-and-Development__dsp-true-connector,2026-04,21,3,11,0,35,114,34161,34.161
Engineering-Research-and-Development/dsp-true-connector,Engineering-Research-and-Development__dsp-true-connector,2026-05,21,3,11,0,35,114,34161,34.161
GoogleCloudPlatform/jit-groups,GoogleCloudPlatform__jit-groups,2025-04,26,0,3,0,29,16,18587,18.587
GoogleCloudPlatform/jit-groups,GoogleCloudPlatform__jit-groups,2025-05,26,0,3,0,29,16,18587,18.587
GoogleCloudPlatform/jit-groups,GoogleCloudPlatform__jit-groups,2025-06,26,0,3,0,29,16,18587,18.587
GoogleCloudPlatform/jit-groups,GoogleCloudPlatform__jit-groups,2025-07,26,0,3,0,29,16,18587,18.587
GoogleCloudPlatform/jit-groups,GoogleCloudPlatform__jit-groups,2025-08,26,0,3,0,29,19,18860,18.86
GoogleCloudPlatform/jit-groups,GoogleCloudPlatform__jit-groups,2025-09,26,0,3,0,29,19,18860,18.86
GoogleCloudPlatform/jit-groups,GoogleCloudPlatform__jit-groups,2025-10,26,0,3,0,29,19,18860,18.86
GoogleCloudPlatform/jit-groups,GoogleCloudPlatform__jit-groups,2025-11,26,0,3,0,29,19,18860,18.86
GoogleCloudPlatform/jit-groups,GoogleCloudPlatform__jit-groups,2025-12,26,0,3,0,29,19,18860,18.86
GoogleCloudPlatform/jit-groups,GoogleCloudPlatform__jit-groups,2026-01,26,0,3,0,29,19,18860,18.86
GoogleCloudPlatform/jit-groups,GoogleCloudPlatform__jit-groups,2026-02,26,0,3,0,29,19,18860,18.86
GoogleCloudPlatform/jit-groups,GoogleCloudPlatform__jit-groups,2026-03,26,0,3,0,29,19,18860,18.86
GoogleCloudPlatform/jit-groups,GoogleCloudPlatform__jit-groups,2026-04,26,0,3,0,29,19,18860,18.86
GoogleCloudPlatform/spring-cloud-gcp,GoogleCloudPlatform__spring-cloud-gcp,2025-02,60,1,8,2,71,490,131337,131.337
GoogleCloudPlatform/spring-cloud-gcp,GoogleCloudPlatform__spring-cloud-gcp,2025-03,60,1,8,2,71,490,132337,132.337
GoogleCloudPlatform/spring-cloud-gcp,GoogleCloudPlatform__spring-cloud-gcp,2025-04,60,1,9,2,72,488,132457,132.457
GoogleCloudPlatform/spring-cloud-gcp,GoogleCloudPlatform__spring-cloud-gcp,2025-05,60,1,9,2,72,488,132449,132.449
GoogleCloudPlatform/spring-cloud-gcp,GoogleCloudPlatform__spring-cloud-gcp,2025-06,60,1,9,2,72,486,133397,133.397
GoogleCloudPlatform/spring-cloud-gcp,GoogleCloudPlatform__spring-cloud-gcp,2025-07,60,1,9,2,72,487,135474,135.474
GoogleCloudPlatform/spring-cloud-gcp,GoogleCloudPlatform__spring-cloud-gcp,2025-08,60,1,9,2,72,488,136011,136.011
GoogleCloudPlatform/spring-cloud-gcp,GoogleCloudPlatform__spring-cloud-gcp,2025-09,60,1,9,2,72,491,139892,139.892
GoogleCloudPlatform/spring-cloud-gcp,GoogleCloudPlatform__spring-cloud-gcp,2025-10,61,1,9,2,73,491,141676,141.676
GoogleCloudPlatform/spring-cloud-gcp,GoogleCloudPlatform__spring-cloud-gcp,2025-11,61,1,9,2,73,491,142238,142.238
GoogleCloudPlatform/spring-cloud-gcp,GoogleCloudPlatform__spring-cloud-gcp,2025-12,61,1,9,2,73,491,142236,142.236
GoogleCloudPlatform/spring-cloud-gcp,GoogleCloudPlatform__spring-cloud-gcp,2026-01,61,1,9,2,73,491,143815,143.815
GoogleCloudPlatform/spring-cloud-gcp,GoogleCloudPlatform__spring-cloud-gcp,2026-02,61,1,9,2,73,491,144202,144.202
Gubaer/josm-scripting-plugin,Gubaer__josm-scripting-plugin,2025-04,43,0,6,0,49,20,6117,6.117
Gubaer/josm-scripting-plugin,Gubaer__josm-scripting-plugin,2025-05,43,0,6,0,49,20,6117,6.117
Gubaer/josm-scripting-plugin,Gubaer__josm-scripting-plugin,2025-06,43,0,6,0,49,20,6117,6.117
Gubaer/josm-scripting-plugin,Gubaer__josm-scripting-plugin,2025-07,43,0,6,0,49,20,6117,6.117
Gubaer/josm-scripting-plugin,Gubaer__josm-scripting-plugin,2025-08,43,0,6,0,49,20,6117,6.117
Gubaer/josm-scripting-plugin,Gubaer__josm-scripting-plugin,2025-09,43,0,6,0,49,20,6117,6.117
Gubaer/josm-scripting-plugin,Gubaer__josm-scripting-plugin,2025-10,43,0,6,0,49,20,6117,6.117
Gubaer/josm-scripting-plugin,Gubaer__josm-scripting-plugin,2025-11,43,0,6,0,49,20,6117,6.117
Gubaer/josm-scripting-plugin,Gubaer__josm-scripting-plugin,2025-12,43,0,6,0,49,20,6117,6.117
Gubaer/josm-scripting-plugin,Gubaer__josm-scripting-plugin,2026-01,43,0,6,0,49,20,6117,6.117
Gubaer/josm-scripting-plugin,Gubaer__josm-scripting-plugin,2026-02,43,0,6,0,49,20,6117,6.117
Gubaer/josm-scripting-plugin,Gubaer__josm-scripting-plugin,2026-03,43,0,6,0,49,20,6117,6.117
Gubaer/josm-scripting-plugin,Gubaer__josm-scripting-plugin,2026-04,43,0,6,0,49,20,6117,6.117
HDFGroup/hdfview,HDFGroup__hdfview,2025-03,24,2,4,1,31,28,55720,55.72
HDFGroup/hdfview,HDFGroup__hdfview,2025-04,24,2,4,1,31,28,55720,55.72
HDFGroup/hdfview,HDFGroup__hdfview,2025-05,24,2,4,1,31,28,55720,55.72
HDFGroup/hdfview,HDFGroup__hdfview,2025-06,24,2,4,1,31,28,55720,55.72
HDFGroup/hdfview,HDFGroup__hdfview,2025-07,24,2,4,1,31,28,56001,56.001
HDFGroup/hdfview,HDFGroup__hdfview,2025-08,24,2,4,1,31,28,56001,56.001
HDFGroup/hdfview,HDFGroup__hdfview,2025-12,30,2,4,1,37,25,50659,50.659
HDFGroup/hdfview,HDFGroup__hdfview,2026-01,30,2,4,1,37,25,51461,51.461
HDFGroup/hdfview,HDFGroup__hdfview,2026-02,30,2,4,1,37,25,51480,51.48
HDFGroup/hdfview,HDFGroup__hdfview,2026-03,30,2,4,1,37,25,51498,51.498
Haehnchen/idea-php-symfony2-plugin,Haehnchen__idea-php-symfony2-plugin,2025-05,443,10,7,0,460,306,52904,52.904
Haehnchen/idea-php-symfony2-plugin,Haehnchen__idea-php-symfony2-plugin,2025-06,443,10,7,0,460,306,53085,53.085
Haehnchen/idea-php-symfony2-plugin,Haehnchen__idea-php-symfony2-plugin,2025-07,443,10,7,0,460,306,53180,53.18
Haehnchen/idea-php-symfony2-plugin,Haehnchen__idea-php-symfony2-plugin,2025-08,443,10,7,0,460,306,53180,53.18
Haehnchen/idea-php-symfony2-plugin,Haehnchen__idea-php-symfony2-plugin,2025-09,443,10,7,0,460,306,53180,53.18
Haehnchen/idea-php-symfony2-plugin,Haehnchen__idea-php-symfony2-plugin,2025-10,443,10,7,0,460,306,53180,53.18
Haehnchen/idea-php-symfony2-plugin,Haehnchen__idea-php-symfony2-plugin,2025-11,443,10,7,0,460,306,53180,53.18
Haehnchen/idea-php-symfony2-plugin,Haehnchen__idea-php-symfony2-plugin,2025-12,445,10,10,0,465,306,53852,53.852
Haehnchen/idea-php-symfony2-plugin,Haehnchen__idea-php-symfony2-plugin,2026-01,446,10,7,0,463,303,56907,56.907
Haehnchen/idea-php-symfony2-plugin,Haehnchen__idea-php-symfony2-plugin,2026-02,453,10,7,0,470,308,59077,59.077
Haehnchen/idea-php-symfony2-plugin,Haehnchen__idea-php-symfony2-plugin,2026-03,504,10,8,0,522,310,61857,61.857
Haehnchen/idea-php-symfony2-plugin,Haehnchen__idea-php-symfony2-plugin,2026-04,506,10,3,0,519,327,64261,64.261
Haehnchen/idea-php-symfony2-plugin,Haehnchen__idea-php-symfony2-plugin,2026-05,506,10,3,0,519,327,64261,64.261
Hydraheads/RoundaboutMod,Hydraheads__RoundaboutMod,2024-12,168,2,3,1,174,46,35148,35.148
Hydraheads/RoundaboutMod,Hydraheads__RoundaboutMod,2025-01,179,2,6,1,188,47,36414,36.414
Hydraheads/RoundaboutMod,Hydraheads__RoundaboutMod,2025-02,183,2,4,1,190,47,37192,37.192
Hydraheads/RoundaboutMod,Hydraheads__RoundaboutMod,2025-03,182,2,4,1,189,47,39056,39.056
Hydraheads/RoundaboutMod,Hydraheads__RoundaboutMod,2025-04,296,4,5,1,306,50,44563,44.563
Hydraheads/RoundaboutMod,Hydraheads__RoundaboutMod,2025-05,377,7,4,2,390,55,54893,54.893
Hydraheads/RoundaboutMod,Hydraheads__RoundaboutMod,2025-06,412,6,7,2,427,64,63596,63.596
Hydraheads/RoundaboutMod,Hydraheads__RoundaboutMod,2025-07,616,11,12,1,640,99,71334,71.334
Hydraheads/RoundaboutMod,Hydraheads__RoundaboutMod,2025-08,656,9,8,3,676,121,79399,79.399
Hydraheads/RoundaboutMod,Hydraheads__RoundaboutMod,2025-09,670,8,7,2,687,138,84110,84.11
Hydraheads/RoundaboutMod,Hydraheads__RoundaboutMod,2025-10,699,7,5,2,713,140,87115,87.115
Hydraheads/RoundaboutMod,Hydraheads__RoundaboutMod,2025-11,774,9,16,2,801,147,93765,93.765
Hydraheads/RoundaboutMod,Hydraheads__RoundaboutMod,2025-12,855,10,18,2,885,149,100164,100.164
IstiN/dmtools,IstiN__dmtools,2024-12,143,2,6,0,151,71,10968,10.968
IstiN/dmtools,IstiN__dmtools,2025-01,146,3,4,0,153,75,22041,22.041
IstiN/dmtools,IstiN__dmtools,2025-02,181,2,5,0,188,79,22931,22.931
IstiN/dmtools,IstiN__dmtools,2025-03,179,3,9,0,191,83,25169,25.169
IstiN/dmtools,IstiN__dmtools,2025-04,229,4,5,0,238,89,28097,28.097
IstiN/dmtools,IstiN__dmtools,2025-05,229,4,4,0,237,96,30923,30.923
IstiN/dmtools,IstiN__dmtools,2025-06,229,4,4,0,237,96,30925,30.925
IstiN/dmtools,IstiN__dmtools,2025-07,252,5,6,0,263,119,41618,41.618
IstiN/dmtools,IstiN__dmtools,2025-08,281,5,5,0,291,129,49510,49.51
IstiN/dmtools,IstiN__dmtools,2025-09,294,5,7,0,306,138,59550,59.55
IstiN/dmtools,IstiN__dmtools,2025-10,317,6,7,0,330,144,65012,65.012
IstiN/dmtools,IstiN__dmtools,2025-11,350,7,6,0,363,157,84858,84.858
IstiN/dmtools,IstiN__dmtools,2025-12,356,7,3,0,366,161,91950,91.95
LianjiaTech/bella-openapi,LianjiaTech__bella-openapi,2025-05,128,3,5,0,136,52,17761,17.761
LianjiaTech/bella-openapi,LianjiaTech__bella-openapi,2025-06,128,3,5,0,136,52,17863,17.863
LianjiaTech/bella-openapi,LianjiaTech__bella-openapi,2025-07,131,3,6,0,140,64,20636,20.636
LianjiaTech/bella-openapi,LianjiaTech__bella-openapi,2025-08,132,3,6,0,141,71,21732,21.732
LianjiaTech/bella-openapi,LianjiaTech__bella-openapi,2025-09,143,3,5,0,151,78,23870,23.87
LianjiaTech/bella-openapi,LianjiaTech__bella-openapi,2025-10,191,4,27,0,222,84,28573,28.573
LianjiaTech/bella-openapi,LianjiaTech__bella-openapi,2025-11,200,4,11,0,215,87,29718,29.718
LianjiaTech/bella-openapi,LianjiaTech__bella-openapi,2025-12,199,4,7,0,210,88,30334,30.334
LineageOS/android_packages_apps_DocumentsUI,LineageOS__android_packages_apps_DocumentsUI,2024-12,288,3,4,1,296,24,39027,39.027
LineageOS/android_packages_apps_DocumentsUI,LineageOS__android_packages_apps_DocumentsUI,2025-01,288,3,4,1,296,24,39092,39.092
LineageOS/android_packages_apps_DocumentsUI,LineageOS__android_packages_apps_DocumentsUI,2025-02,294,3,7,1,305,24,39491,39.491
LineageOS/android_packages_apps_DocumentsUI,LineageOS__android_packages_apps_DocumentsUI,2025-03,296,3,4,1,304,24,39894,39.894
LineageOS/android_packages_apps_DocumentsUI,LineageOS__android_packages_apps_DocumentsUI,2025-04,297,3,7,1,308,24,40699,40.699
LineageOS/android_packages_apps_DocumentsUI,LineageOS__android_packages_apps_DocumentsUI,2025-05,297,3,7,1,308,24,40699,40.699
LineageOS/android_packages_apps_DocumentsUI,LineageOS__android_packages_apps_DocumentsUI,2025-06,297,3,7,1,308,24,40699,40.699
LineageOS/android_packages_apps_DocumentsUI,LineageOS__android_packages_apps_DocumentsUI,2025-07,297,3,7,1,308,24,40699,40.699
LineageOS/android_packages_apps_DocumentsUI,LineageOS__android_packages_apps_DocumentsUI,2025-08,297,3,7,1,308,24,40890,40.89
LineageOS/android_packages_apps_DocumentsUI,LineageOS__android_packages_apps_DocumentsUI,2025-09,297,3,7,1,308,24,40890,40.89
LineageOS/android_packages_apps_DocumentsUI,LineageOS__android_packages_apps_DocumentsUI,2025-10,297,3,7,1,308,24,40889,40.889
LineageOS/android_packages_apps_DocumentsUI,LineageOS__android_packages_apps_DocumentsUI,2025-11,297,3,7,1,308,24,40889,40.889
LineageOS/android_packages_apps_DocumentsUI,LineageOS__android_packages_apps_DocumentsUI,2025-12,297,2,6,1,306,24,42847,42.847
MCreator/MCreator,MCreator__MCreator,2024-04,3039,7,18,1,3065,158,58409,58.409
MCreator/MCreator,MCreator__MCreator,2024-05,3040,7,18,1,3066,158,58441,58.441
MCreator/MCreator,MCreator__MCreator,2024-06,2998,6,9,1,3014,159,58341,58.341
MCreator/MCreator,MCreator__MCreator,2024-07,2725,6,12,1,2744,162,58958,58.958
MCreator/MCreator,MCreator__MCreator,2024-08,2726,6,12,1,2745,162,58996,58.996
MCreator/MCreator,MCreator__MCreator,2024-09,2705,9,7,1,2722,163,59485,59.485
MCreator/MCreator,MCreator__MCreator,2024-10,2745,8,15,1,2769,164,60370,60.37
MCreator/MCreator,MCreator__MCreator,2024-11,2772,9,10,1,2792,165,60765,60.765
MCreator/MCreator,MCreator__MCreator,2024-12,3192,8,12,1,3213,170,61960,61.96
MCreator/MCreator,MCreator__MCreator,2025-01,3332,7,20,1,3360,174,63208,63.208
MCreator/MCreator,MCreator__MCreator,2025-02,3277,7,7,1,3292,175,63368,63.368
MCreator/MCreator,MCreator__MCreator,2025-03,3313,7,6,1,3327,176,63865,63.865
MCreator/MCreator,MCreator__MCreator,2025-04,3321,7,14,1,3343,176,63687,63.687
ManaZeak/ManaZeak,ManaZeak__ManaZeak,2025-02,89,9,4,0,102,221,10492,10.492
ManaZeak/ManaZeak,ManaZeak__ManaZeak,2025-03,89,9,4,0,102,221,10492,10.492
ManaZeak/ManaZeak,ManaZeak__ManaZeak,2025-04,89,9,4,0,102,221,10492,10.492
ManaZeak/ManaZeak,ManaZeak__ManaZeak,2025-05,89,9,4,0,102,221,10492,10.492
ManaZeak/ManaZeak,ManaZeak__ManaZeak,2025-06,89,9,4,0,102,221,10492,10.492
ManaZeak/ManaZeak,ManaZeak__ManaZeak,2025-07,89,9,4,0,102,221,10492,10.492
ManaZeak/ManaZeak,ManaZeak__ManaZeak,2025-08,89,9,4,0,102,221,10492,10.492
ManaZeak/ManaZeak,ManaZeak__ManaZeak,2025-09,89,9,4,0,102,221,10492,10.492
ManaZeak/ManaZeak,ManaZeak__ManaZeak,2025-10,89,9,4,0,102,221,10492,10.492
ManaZeak/ManaZeak,ManaZeak__ManaZeak,2025-11,89,9,4,0,102,221,10492,10.492
ManaZeak/ManaZeak,ManaZeak__ManaZeak,2025-12,89,9,4,0,102,221,10492,10.492
ManaZeak/ManaZeak,ManaZeak__ManaZeak,2026-01,89,9,4,0,102,221,10491,10.491
ManaZeak/ManaZeak,ManaZeak__ManaZeak,2026-02,89,9,4,0,102,221,10491,10.491
MikhailSterkhov/bridgenet,MikhailSterkhov__bridgenet,2024-10,130,5,7,0,142,240,21096,21.096
MikhailSterkhov/bridgenet,MikhailSterkhov__bridgenet,2024-11,130,5,7,0,142,240,21096,21.096
MikhailSterkhov/bridgenet,MikhailSterkhov__bridgenet,2024-12,130,5,7,0,142,240,21096,21.096
MikhailSterkhov/bridgenet,MikhailSterkhov__bridgenet,2025-01,130,5,7,0,142,240,21096,21.096
MikhailSterkhov/bridgenet,MikhailSterkhov__bridgenet,2025-02,130,5,7,0,142,240,21096,21.096
MikhailSterkhov/bridgenet,MikhailSterkhov__bridgenet,2025-03,129,5,7,0,141,240,21089,21.089
MikhailSterkhov/bridgenet,MikhailSterkhov__bridgenet,2025-04,129,5,7,0,141,240,21089,21.089
MikhailSterkhov/bridgenet,MikhailSterkhov__bridgenet,2025-05,129,5,7,0,141,240,21089,21.089
MikhailSterkhov/bridgenet,MikhailSterkhov__bridgenet,2025-06,129,5,7,0,141,240,21089,21.089
MikhailSterkhov/bridgenet,MikhailSterkhov__bridgenet,2025-07,129,5,7,0,141,240,21089,21.089
MikhailSterkhov/bridgenet,MikhailSterkhov__bridgenet,2025-08,129,5,7,0,141,240,21089,21.089
MikhailSterkhov/bridgenet,MikhailSterkhov__bridgenet,2025-09,129,5,7,0,141,240,21089,21.089
MikhailSterkhov/bridgenet,MikhailSterkhov__bridgenet,2025-10,129,5,7,0,141,240,21089,21.089
MindsIgnited/continuum-framework,MindsIgnited__continuum-framework,2025-02,36,0,2,0,38,77,9030,9.03
MindsIgnited/continuum-framework,MindsIgnited__continuum-framework,2025-03,36,0,2,0,38,77,9028,9.028
MindsIgnited/continuum-framework,MindsIgnited__continuum-framework,2025-04,36,0,2,0,38,77,9049,9.049
MindsIgnited/continuum-framework,MindsIgnited__continuum-framework,2025-05,36,0,2,0,38,77,9049,9.049
MindsIgnited/continuum-framework,MindsIgnited__continuum-framework,2025-06,36,0,2,0,38,77,9061,9.061
MindsIgnited/continuum-framework,MindsIgnited__continuum-framework,2025-07,36,0,2,0,38,77,9061,9.061
MindsIgnited/continuum-framework,MindsIgnited__continuum-framework,2025-08,36,0,2,0,38,77,9061,9.061
MindsIgnited/continuum-framework,MindsIgnited__continuum-framework,2025-09,36,0,2,0,38,78,9066,9.066
MindsIgnited/continuum-framework,MindsIgnited__continuum-framework,2025-10,36,0,2,0,38,78,9069,9.069
MindsIgnited/continuum-framework,MindsIgnited__continuum-framework,2025-11,36,0,2,0,38,78,9074,9.074
MindsIgnited/continuum-framework,MindsIgnited__continuum-framework,2025-12,36,0,2,0,38,78,9198,9.198
MindsIgnited/continuum-framework,MindsIgnited__continuum-framework,2026-01,35,0,4,0,39,71,8687,8.687
MindsIgnited/continuum-framework,MindsIgnited__continuum-framework,2026-02,35,0,4,0,39,71,8701,8.701
MoonWorm/jsonapi4j,MoonWorm__jsonapi4j,2025-11,33,4,6,0,43,102,10924,10.924
MoonWorm/jsonapi4j,MoonWorm__jsonapi4j,2025-12,43,4,2,0,49,107,11848,11.848
MoonWorm/jsonapi4j,MoonWorm__jsonapi4j,2026-01,43,4,2,0,49,107,11848,11.848
MoonWorm/jsonapi4j,MoonWorm__jsonapi4j,2026-02,47,3,5,0,55,109,13053,13.053
MoonWorm/jsonapi4j,MoonWorm__jsonapi4j,2026-03,47,2,8,0,57,128,13278,13.278
MoonWorm/jsonapi4j,MoonWorm__jsonapi4j,2026-04,47,2,7,0,56,127,13686,13.686
MoonWorm/jsonapi4j,MoonWorm__jsonapi4j,2026-05,47,2,7,0,56,127,13686,13.686
OpenFeign/feign,OpenFeign__feign,2024-04,20,0,9,1,30,63,25410,25.41
OpenFeign/feign,OpenFeign__feign,2024-05,20,0,9,1,30,65,25578,25.578
OpenFeign/feign,OpenFeign__feign,2024-06,20,0,9,1,30,66,25853,25.853
OpenFeign/feign,OpenFeign__feign,2024-07,20,0,9,1,30,66,25928,25.928
OpenFeign/feign,OpenFeign__feign,2024-08,20,0,9,1,30,66,26019,26.019
OpenFeign/feign,OpenFeign__feign,2024-09,20,0,9,1,30,66,26063,26.063
OpenFeign/feign,OpenFeign__feign,2024-10,21,0,5,1,27,76,27581,27.581
OpenFeign/feign,OpenFeign__feign,2024-11,21,0,5,1,27,76,27624,27.624
OpenFeign/feign,OpenFeign__feign,2024-12,24,1,5,1,31,79,29182,29.182
OpenFeign/feign,OpenFeign__feign,2025-01,24,1,5,1,31,79,29182,29.182
OpenFeign/feign,OpenFeign__feign,2025-02,24,1,5,1,31,79,29274,29.274
OpenFeign/feign,OpenFeign__feign,2025-03,24,1,5,1,31,79,29274,29.274
OpenFeign/feign,OpenFeign__feign,2025-04,24,1,5,1,31,79,29277,29.277
OpenFeign/querydsl,OpenFeign__querydsl,2025-01,398,2,19,2,421,141,95625,95.625
OpenFeign/querydsl,OpenFeign__querydsl,2025-02,398,2,19,2,421,141,95621,95.621
OpenFeign/querydsl,OpenFeign__querydsl,2025-03,398,2,19,2,421,141,95653,95.653
OpenFeign/querydsl,OpenFeign__querydsl,2025-04,398,2,19,2,421,141,95663,95.663
OpenFeign/querydsl,OpenFeign__querydsl,2025-05,398,2,19,2,421,141,95809,95.809
OpenFeign/querydsl,OpenFeign__querydsl,2025-06,400,2,19,2,423,141,95849,95.849
OpenFeign/querydsl,OpenFeign__querydsl,2025-07,398,2,9,2,411,134,90976,90.976
OpenFeign/querydsl,OpenFeign__querydsl,2025-08,398,2,9,2,411,134,90979,90.979
OpenFeign/querydsl,OpenFeign__querydsl,2025-09,398,2,5,2,407,134,91219,91.219
OpenFeign/querydsl,OpenFeign__querydsl,2025-10,398,2,5,2,407,134,91219,91.219
OpenFeign/querydsl,OpenFeign__querydsl,2025-11,398,2,8,2,410,134,91832,91.832
OpenFeign/querydsl,OpenFeign__querydsl,2025-12,398,2,8,2,410,134,91931,91.931
OpenFeign/querydsl,OpenFeign__querydsl,2026-01,398,2,8,2,410,134,91931,91.931
PANTHEONtech/lighty,PANTHEONtech__lighty,2025-05,29,2,11,0,42,175,19682,19.682
PANTHEONtech/lighty,PANTHEONtech__lighty,2025-06,29,2,11,0,42,175,19682,19.682
PANTHEONtech/lighty,PANTHEONtech__lighty,2025-07,29,2,11,0,42,175,19663,19.663
PANTHEONtech/lighty,PANTHEONtech__lighty,2025-08,29,2,11,0,42,175,19642,19.642
PANTHEONtech/lighty,PANTHEONtech__lighty,2025-09,29,2,11,0,42,175,19636,19.636
PANTHEONtech/lighty,PANTHEONtech__lighty,2025-10,29,2,11,0,42,175,19651,19.651
PANTHEONtech/lighty,PANTHEONtech__lighty,2025-11,29,2,12,0,43,184,20243,20.243
PANTHEONtech/lighty,PANTHEONtech__lighty,2025-12,29,2,12,0,43,184,20243,20.243
PANTHEONtech/lighty,PANTHEONtech__lighty,2026-01,29,2,12,0,43,185,20485,20.485
PANTHEONtech/lighty,PANTHEONtech__lighty,2026-02,29,2,12,0,43,185,20485,20.485
PANTHEONtech/lighty,PANTHEONtech__lighty,2026-03,29,2,12,0,43,185,20485,20.485
PANTHEONtech/lighty,PANTHEONtech__lighty,2026-04,29,2,12,0,43,185,20477,20.477
PANTHEONtech/lighty,PANTHEONtech__lighty,2026-05,29,2,12,0,43,185,20477,20.477
PacoVK/tapir,PacoVK__tapir,2025-05,6,0,4,0,10,44,4151,4.151
PacoVK/tapir,PacoVK__tapir,2025-06,6,0,4,0,10,44,4151,4.151
PacoVK/tapir,PacoVK__tapir,2025-07,6,0,4,0,10,44,4151,4.151
PacoVK/tapir,PacoVK__tapir,2025-08,6,0,4,0,10,44,4151,4.151
PacoVK/tapir,PacoVK__tapir,2025-09,6,0,4,0,10,44,4151,4.151
PacoVK/tapir,PacoVK__tapir,2025-10,6,0,4,0,10,44,4151,4.151
PacoVK/tapir,PacoVK__tapir,2025-11,6,0,4,0,10,44,4151,4.151
PacoVK/tapir,PacoVK__tapir,2025-12,6,0,4,0,10,44,4262,4.262
PacoVK/tapir,PacoVK__tapir,2026-01,6,0,4,0,10,44,4262,4.262
PacoVK/tapir,PacoVK__tapir,2026-02,6,0,4,0,10,44,4262,4.262
PacoVK/tapir,PacoVK__tapir,2026-03,6,0,4,0,10,44,4266,4.266
PacoVK/tapir,PacoVK__tapir,2026-04,6,0,4,0,10,44,4266,4.266
PacoVK/tapir,PacoVK__tapir,2026-05,6,0,4,0,10,44,4266,4.266
ReVanced/revanced-patches,ReVanced__revanced-patches,2024-12,114,4,4,0,122,129,11276,11.276
ReVanced/revanced-patches,ReVanced__revanced-patches,2025-01,59,4,3,0,66,133,11870,11.87
ReVanced/revanced-patches,ReVanced__revanced-patches,2025-02,61,4,3,0,68,133,12055,12.055
ReVanced/revanced-patches,ReVanced__revanced-patches,2025-03,61,4,3,0,68,135,12177,12.177
ReVanced/revanced-patches,ReVanced__revanced-patches,2025-04,63,4,3,0,70,148,12350,12.35
ReVanced/revanced-patches,ReVanced__revanced-patches,2025-05,65,5,7,0,77,161,12491,12.491
ReVanced/revanced-patches,ReVanced__revanced-patches,2025-06,77,5,3,0,85,178,14399,14.399
ReVanced/revanced-patches,ReVanced__revanced-patches,2025-07,79,5,3,0,87,181,15545,15.545
ReVanced/revanced-patches,ReVanced__revanced-patches,2025-08,80,6,3,0,89,194,16462,16.462
ReVanced/revanced-patches,ReVanced__revanced-patches,2025-09,78,7,3,0,88,197,16698,16.698
ReVanced/revanced-patches,ReVanced__revanced-patches,2025-10,83,5,4,0,92,213,17114,17.114
ReVanced/revanced-patches,ReVanced__revanced-patches,2025-11,86,4,4,0,94,228,17252,17.252
ReVanced/revanced-patches,ReVanced__revanced-patches,2025-12,87,4,3,0,94,228,17602,17.602
SimoneAvogadro/HumanDetection4Tasker,SimoneAvogadro__HumanDetection4Tasker,2025-03,6,0,3,0,9,23,13481,13.481
SimoneAvogadro/HumanDetection4Tasker,SimoneAvogadro__HumanDetection4Tasker,2025-04,0,0,0,0,0,12,657,0.657
SimoneAvogadro/HumanDetection4Tasker,SimoneAvogadro__HumanDetection4Tasker,2025-05,0,0,0,0,0,12,657,0.657
SimoneAvogadro/HumanDetection4Tasker,SimoneAvogadro__HumanDetection4Tasker,2025-06,0,0,0,0,0,12,657,0.657
SimoneAvogadro/HumanDetection4Tasker,SimoneAvogadro__HumanDetection4Tasker,2025-07,0,0,0,0,0,12,657,0.657
SimoneAvogadro/HumanDetection4Tasker,SimoneAvogadro__HumanDetection4Tasker,2025-08,0,0,0,0,0,12,657,0.657
SimoneAvogadro/HumanDetection4Tasker,SimoneAvogadro__HumanDetection4Tasker,2025-09,0,0,0,0,0,12,657,0.657
SimoneAvogadro/HumanDetection4Tasker,SimoneAvogadro__HumanDetection4Tasker,2025-10,0,0,0,0,0,13,876,0.876
SimoneAvogadro/HumanDetection4Tasker,SimoneAvogadro__HumanDetection4Tasker,2025-11,0,0,0,0,0,13,876,0.876
SimoneAvogadro/HumanDetection4Tasker,SimoneAvogadro__HumanDetection4Tasker,2025-12,0,0,0,0,0,13,876,0.876
SimoneAvogadro/HumanDetection4Tasker,SimoneAvogadro__HumanDetection4Tasker,2026-01,0,0,0,0,0,13,876,0.876
SimoneAvogadro/HumanDetection4Tasker,SimoneAvogadro__HumanDetection4Tasker,2026-02,0,0,0,0,0,13,876,0.876
SimoneAvogadro/HumanDetection4Tasker,SimoneAvogadro__HumanDetection4Tasker,2026-03,0,0,0,0,0,13,931,0.931
SistrScarlet/LittleMaidReBirth-Architectury,SistrScarlet__LittleMaidReBirth-Architectury,2025-01,39,1,6,0,46,29,5406,5.406
SistrScarlet/LittleMaidReBirth-Architectury,SistrScarlet__LittleMaidReBirth-Architectury,2025-02,39,1,6,0,46,29,5424,5.424
SistrScarlet/LittleMaidReBirth-Architectury,SistrScarlet__LittleMaidReBirth-Architectury,2025-03,39,1,6,0,46,29,5424,5.424
SistrScarlet/LittleMaidReBirth-Architectury,SistrScarlet__LittleMaidReBirth-Architectury,2025-04,51,1,6,0,58,30,6006,6.006
SistrScarlet/LittleMaidReBirth-Architectury,SistrScarlet__LittleMaidReBirth-Architectury,2025-05,51,1,3,0,55,30,6035,6.035
SistrScarlet/LittleMaidReBirth-Architectury,SistrScarlet__LittleMaidReBirth-Architectury,2025-06,51,1,3,0,55,30,6035,6.035
SistrScarlet/LittleMaidReBirth-Architectury,SistrScarlet__LittleMaidReBirth-Architectury,2025-07,51,1,3,0,55,30,6035,6.035
SistrScarlet/LittleMaidReBirth-Architectury,SistrScarlet__LittleMaidReBirth-Architectury,2025-08,54,2,3,0,59,30,6535,6.535
SistrScarlet/LittleMaidReBirth-Architectury,SistrScarlet__LittleMaidReBirth-Architectury,2025-09,54,2,3,0,59,33,6881,6.881
SistrScarlet/LittleMaidReBirth-Architectury,SistrScarlet__LittleMaidReBirth-Architectury,2025-10,54,2,3,0,59,33,6882,6.882
SistrScarlet/LittleMaidReBirth-Architectury,SistrScarlet__LittleMaidReBirth-Architectury,2025-11,54,2,3,0,59,33,6882,6.882
SistrScarlet/LittleMaidReBirth-Architectury,SistrScarlet__LittleMaidReBirth-Architectury,2025-12,54,2,3,0,59,33,6882,6.882
SistrScarlet/LittleMaidReBirth-Architectury,SistrScarlet__LittleMaidReBirth-Architectury,2026-01,54,2,3,0,59,33,6882,6.882
SmartTools/smartactors-core,SmartTools__smartactors-core,2025-05,27,1,8,0,36,719,58281,58.281
SmartTools/smartactors-core,SmartTools__smartactors-core,2025-06,27,1,8,0,36,719,58281,58.281
SmartTools/smartactors-core,SmartTools__smartactors-core,2025-07,27,1,8,0,36,719,58281,58.281
SmartTools/smartactors-core,SmartTools__smartactors-core,2025-08,36,1,8,0,45,679,51273,51.273
SmartTools/smartactors-core,SmartTools__smartactors-core,2025-09,36,1,8,0,45,679,51273,51.273
SmartTools/smartactors-core,SmartTools__smartactors-core,2025-10,36,1,8,0,45,679,51273,51.273
SmartTools/smartactors-core,SmartTools__smartactors-core,2025-11,36,1,8,0,45,679,51273,51.273
SmartTools/smartactors-core,SmartTools__smartactors-core,2025-12,36,1,8,0,45,679,51273,51.273
SmartTools/smartactors-core,SmartTools__smartactors-core,2026-01,36,1,8,0,45,679,51273,51.273
SmartTools/smartactors-core,SmartTools__smartactors-core,2026-02,36,1,8,0,45,679,51273,51.273
SmartTools/smartactors-core,SmartTools__smartactors-core,2026-03,36,1,8,0,45,679,51273,51.273
SmartTools/smartactors-core,SmartTools__smartactors-core,2026-04,36,1,8,0,45,679,51273,51.273
SmartTools/smartactors-core,SmartTools__smartactors-core,2026-05,36,1,8,0,45,679,51273,51.273
SonarSource/sonar-php,SonarSource__sonar-php,2025-05,228,2,5,1,236,72,45137,45.137
SonarSource/sonar-php,SonarSource__sonar-php,2025-06,228,2,5,1,236,72,45137,45.137
SonarSource/sonar-php,SonarSource__sonar-php,2025-07,228,2,5,1,236,72,45140,45.14
SonarSource/sonar-php,SonarSource__sonar-php,2025-08,228,2,5,1,236,72,45140,45.14
SonarSource/sonar-php,SonarSource__sonar-php,2025-09,228,2,5,1,236,72,45161,45.161
SonarSource/sonar-php,SonarSource__sonar-php,2025-10,229,2,4,1,236,72,45152,45.152
SonarSource/sonar-php,SonarSource__sonar-php,2025-11,229,2,4,1,236,72,45262,45.262
SonarSource/sonar-php,SonarSource__sonar-php,2025-12,229,2,5,1,237,73,44870,44.87
SonarSource/sonar-php,SonarSource__sonar-php,2026-01,229,2,5,1,237,73,44974,44.974
SonarSource/sonar-php,SonarSource__sonar-php,2026-02,229,2,5,1,237,73,44978,44.978
SonarSource/sonar-php,SonarSource__sonar-php,2026-03,229,2,5,1,237,73,45058,45.058
SonarSource/sonar-php,SonarSource__sonar-php,2026-04,229,2,5,1,237,73,45058,45.058
SonarSource/sonar-php,SonarSource__sonar-php,2026-05,229,2,5,1,237,73,45058,45.058
SonarSource/sonar-xml,SonarSource__sonar-xml,2025-06,13,0,1,0,14,21,3437,3.437
SonarSource/sonar-xml,SonarSource__sonar-xml,2025-07,13,0,1,0,14,21,3445,3.445
SonarSource/sonar-xml,SonarSource__sonar-xml,2025-08,13,0,1,0,14,21,3445,3.445
SonarSource/sonar-xml,SonarSource__sonar-xml,2025-09,13,0,1,0,14,21,3445,3.445
SonarSource/sonar-xml,SonarSource__sonar-xml,2025-10,13,0,1,0,14,21,3445,3.445
SonarSource/sonar-xml,SonarSource__sonar-xml,2025-11,13,0,1,0,14,21,3445,3.445
SonarSource/sonar-xml,SonarSource__sonar-xml,2025-12,15,0,1,0,16,21,3592,3.592
SonarSource/sonar-xml,SonarSource__sonar-xml,2026-01,15,0,1,0,16,21,3592,3.592
SonarSource/sonar-xml,SonarSource__sonar-xml,2026-02,15,0,1,0,16,21,3649,3.649
SonarSource/sonar-xml,SonarSource__sonar-xml,2026-03,15,0,1,0,16,21,3649,3.649
SonarSource/sonar-xml,SonarSource__sonar-xml,2026-04,15,0,1,0,16,21,3640,3.64
SonarSource/sonar-xml,SonarSource__sonar-xml,2026-05,15,0,1,0,16,21,3640,3.64
SonarSource/sonar-xml,SonarSource__sonar-xml,2026-06,15,0,1,0,16,21,3640,3.64
Spazzinq/FlightControl,Spazzinq__FlightControl,2025-02,32,0,3,0,35,25,2884,2.884
Spazzinq/FlightControl,Spazzinq__FlightControl,2025-03,32,0,3,0,35,25,2884,2.884
Spazzinq/FlightControl,Spazzinq__FlightControl,2025-04,32,0,3,0,35,25,2884,2.884
Spazzinq/FlightControl,Spazzinq__FlightControl,2025-05,32,0,3,0,35,25,2884,2.884
Spazzinq/FlightControl,Spazzinq__FlightControl,2025-06,32,0,3,0,35,25,2884,2.884
Spazzinq/FlightControl,Spazzinq__FlightControl,2025-07,32,0,3,0,35,25,2884,2.884
Spazzinq/FlightControl,Spazzinq__FlightControl,2025-08,32,0,3,0,35,25,2884,2.884
Spazzinq/FlightControl,Spazzinq__FlightControl,2025-09,32,0,3,0,35,25,2884,2.884
Spazzinq/FlightControl,Spazzinq__FlightControl,2025-10,32,0,3,0,35,25,2884,2.884
Spazzinq/FlightControl,Spazzinq__FlightControl,2025-11,32,0,3,0,35,25,2884,2.884
Spazzinq/FlightControl,Spazzinq__FlightControl,2025-12,32,0,3,0,35,25,2884,2.884
Spazzinq/FlightControl,Spazzinq__FlightControl,2026-01,32,0,3,0,35,25,2884,2.884
Spazzinq/FlightControl,Spazzinq__FlightControl,2026-02,32,0,3,0,35,25,2884,2.884
TerraFirmaGreg-Team/Core-Modern,TerraFirmaGreg-Team__Core-Modern,2025-01,9,0,1,0,10,37,2795,2.795
TerraFirmaGreg-Team/Core-Modern,TerraFirmaGreg-Team__Core-Modern,2025-02,9,0,1,0,10,37,2795,2.795
TerraFirmaGreg-Team/Core-Modern,TerraFirmaGreg-Team__Core-Modern,2025-03,9,0,1,0,10,37,2734,2.734
TerraFirmaGreg-Team/Core-Modern,TerraFirmaGreg-Team__Core-Modern,2025-04,9,0,1,0,10,37,2734,2.734
TerraFirmaGreg-Team/Core-Modern,TerraFirmaGreg-Team__Core-Modern,2025-05,11,0,2,0,13,41,2658,2.658
TerraFirmaGreg-Team/Core-Modern,TerraFirmaGreg-Team__Core-Modern,2025-06,9,0,2,0,11,42,2808,2.808
TerraFirmaGreg-Team/Core-Modern,TerraFirmaGreg-Team__Core-Modern,2025-07,16,1,3,0,20,57,5590,5.59
TerraFirmaGreg-Team/Core-Modern,TerraFirmaGreg-Team__Core-Modern,2025-08,20,0,6,0,26,59,6624,6.624
TerraFirmaGreg-Team/Core-Modern,TerraFirmaGreg-Team__Core-Modern,2025-09,73,1,5,0,79,77,10453,10.453
TerraFirmaGreg-Team/Core-Modern,TerraFirmaGreg-Team__Core-Modern,2025-10,33,1,5,0,39,79,12741,12.741
TerraFirmaGreg-Team/Core-Modern,TerraFirmaGreg-Team__Core-Modern,2025-11,41,1,3,0,45,82,14477,14.477
TerraFirmaGreg-Team/Core-Modern,TerraFirmaGreg-Team__Core-Modern,2025-12,41,3,3,0,47,88,15500,15.5
TerraFirmaGreg-Team/Core-Modern,TerraFirmaGreg-Team__Core-Modern,2026-01,44,1,3,0,48,88,16845,16.845
TrueLayer/truelayer-java,TrueLayer__truelayer-java,2024-12,75,1,6,0,82,64,11460,11.46
TrueLayer/truelayer-java,TrueLayer__truelayer-java,2025-01,75,1,6,0,82,65,11812,11.812
TrueLayer/truelayer-java,TrueLayer__truelayer-java,2025-02,75,1,4,0,80,65,12141,12.141
TrueLayer/truelayer-java,TrueLayer__truelayer-java,2025-03,75,1,4,0,80,65,12141,12.141
TrueLayer/truelayer-java,TrueLayer__truelayer-java,2025-04,75,1,4,0,80,65,12217,12.217
TrueLayer/truelayer-java,TrueLayer__truelayer-java,2025-05,75,1,4,0,80,65,12230,12.23
TrueLayer/truelayer-java,TrueLayer__truelayer-java,2025-06,75,1,4,0,80,65,12230,12.23
TrueLayer/truelayer-java,TrueLayer__truelayer-java,2025-07,78,2,4,0,84,66,12537,12.537
TrueLayer/truelayer-java,TrueLayer__truelayer-java,2025-08,78,2,4,0,84,66,12537,12.537
TrueLayer/truelayer-java,TrueLayer__truelayer-java,2025-09,82,2,4,0,88,66,12549,12.549
TrueLayer/truelayer-java,TrueLayer__truelayer-java,2025-10,82,2,4,0,88,66,12549,12.549
TrueLayer/truelayer-java,TrueLayer__truelayer-java,2025-11,87,2,4,0,93,67,13126,13.126
TrueLayer/truelayer-java,TrueLayer__truelayer-java,2025-12,87,2,4,0,93,67,13126,13.126
USACE/cwms-data-api,USACE__cwms-data-api,2024-10,107,2,5,1,115,71,51863,51.863
USACE/cwms-data-api,USACE__cwms-data-api,2024-11,87,3,15,2,107,71,54473,54.473
USACE/cwms-data-api,USACE__cwms-data-api,2024-12,98,3,8,2,111,74,65075,65.075
USACE/cwms-data-api,USACE__cwms-data-api,2025-01,99,3,8,2,112,74,65908,65.908
USACE/cwms-data-api,USACE__cwms-data-api,2025-02,99,3,8,2,112,74,65919,65.919
USACE/cwms-data-api,USACE__cwms-data-api,2025-03,99,3,8,2,112,74,66221,66.221
USACE/cwms-data-api,USACE__cwms-data-api,2025-04,99,3,8,2,112,74,66224,66.224
USACE/cwms-data-api,USACE__cwms-data-api,2025-05,99,3,8,2,112,74,66255,66.255
USACE/cwms-data-api,USACE__cwms-data-api,2025-06,102,3,12,2,119,75,67809,67.809
USACE/cwms-data-api,USACE__cwms-data-api,2025-07,107,4,9,2,122,80,71632,71.632
USACE/cwms-data-api,USACE__cwms-data-api,2025-08,105,4,12,2,123,82,75231,75.231
USACE/cwms-data-api,USACE__cwms-data-api,2025-09,113,4,17,2,136,82,76438,76.438
USACE/cwms-data-api,USACE__cwms-data-api,2025-10,116,4,12,2,134,83,78264,78.264
Women-Coding-Community/wcc-backend,Women-Coding-Community__wcc-backend,2025-05,18,0,6,0,24,29,4700,4.7
Women-Coding-Community/wcc-backend,Women-Coding-Community__wcc-backend,2025-06,18,0,6,0,24,28,4541,4.541
Women-Coding-Community/wcc-backend,Women-Coding-Community__wcc-backend,2025-07,18,0,6,0,24,28,4620,4.62
Women-Coding-Community/wcc-backend,Women-Coding-Community__wcc-backend,2025-08,19,0,6,0,25,29,5083,5.083
Women-Coding-Community/wcc-backend,Women-Coding-Community__wcc-backend,2025-09,23,0,3,0,26,37,6915,6.915
Women-Coding-Community/wcc-backend,Women-Coding-Community__wcc-backend,2025-10,27,0,17,0,44,38,7794,7.794
Women-Coding-Community/wcc-backend,Women-Coding-Community__wcc-backend,2025-11,48,0,4,0,52,45,10493,10.493
Women-Coding-Community/wcc-backend,Women-Coding-Community__wcc-backend,2025-12,48,0,4,0,52,45,10589,10.589
Women-Coding-Community/wcc-backend,Women-Coding-Community__wcc-backend,2026-01,48,0,4,0,52,45,10589,10.589
Women-Coding-Community/wcc-backend,Women-Coding-Community__wcc-backend,2026-02,55,0,4,0,59,48,16459,16.459
Women-Coding-Community/wcc-backend,Women-Coding-Community__wcc-backend,2026-03,101,0,3,0,104,48,17629,17.629
Women-Coding-Community/wcc-backend,Women-Coding-Community__wcc-backend,2026-04,101,0,3,0,104,48,18540,18.54
Women-Coding-Community/wcc-backend,Women-Coding-Community__wcc-backend,2026-05,101,0,3,0,104,48,18540,18.54
agoncal/agoncal-application-vintagestore,agoncal__agoncal-application-vintagestore,2025-01,1,0,2,0,3,9,774,0.774
agoncal/agoncal-application-vintagestore,agoncal__agoncal-application-vintagestore,2025-02,1,0,2,0,3,9,774,0.774
agoncal/agoncal-application-vintagestore,agoncal__agoncal-application-vintagestore,2025-03,1,0,2,0,3,9,774,0.774
agoncal/agoncal-application-vintagestore,agoncal__agoncal-application-vintagestore,2025-04,1,0,2,0,3,9,774,0.774
agoncal/agoncal-application-vintagestore,agoncal__agoncal-application-vintagestore,2025-05,1,0,2,0,3,9,774,0.774
agoncal/agoncal-application-vintagestore,agoncal__agoncal-application-vintagestore,2025-06,1,0,2,0,3,9,774,0.774
agoncal/agoncal-application-vintagestore,agoncal__agoncal-application-vintagestore,2025-07,1,0,2,0,3,9,774,0.774
agoncal/agoncal-application-vintagestore,agoncal__agoncal-application-vintagestore,2025-08,1,0,1,0,2,9,898,0.898
agoncal/agoncal-application-vintagestore,agoncal__agoncal-application-vintagestore,2025-09,1,0,1,0,2,12,1112,1.112
agoncal/agoncal-application-vintagestore,agoncal__agoncal-application-vintagestore,2025-10,1,0,1,0,2,12,1136,1.136
agoncal/agoncal-application-vintagestore,agoncal__agoncal-application-vintagestore,2025-11,1,0,1,0,2,13,1444,1.444
agoncal/agoncal-application-vintagestore,agoncal__agoncal-application-vintagestore,2025-12,1,0,1,0,2,13,1444,1.444
agoncal/agoncal-application-vintagestore,agoncal__agoncal-application-vintagestore,2026-01,1,0,1,0,2,13,1615,1.615
akto-api-security/akto,akto-api-security__akto,2024-12,553,1,3,1,558,191,59114,59.114
akto-api-security/akto,akto-api-security__akto,2025-01,540,1,8,1,550,191,59981,59.981
akto-api-security/akto,akto-api-security__akto,2025-02,550,1,8,1,560,222,65603,65.603
akto-api-security/akto,akto-api-security__akto,2025-03,570,2,9,1,582,224,66843,66.843
akto-api-security/akto,akto-api-security__akto,2025-04,572,2,11,1,586,229,69251,69.251
akto-api-security/akto,akto-api-security__akto,2025-05,591,1,6,1,599,240,72381,72.381
akto-api-security/akto,akto-api-security__akto,2025-06,598,2,9,1,610,247,75242,75.242
akto-api-security/akto,akto-api-security__akto,2025-07,572,2,2,1,577,252,76875,76.875
akto-api-security/akto,akto-api-security__akto,2025-08,583,2,5,1,591,254,79682,79.682
akto-api-security/akto,akto-api-security__akto,2025-09,582,3,10,1,596,255,81496,81.496
akto-api-security/akto,akto-api-security__akto,2025-10,595,3,10,1,609,261,85169,85.169
akto-api-security/akto,akto-api-security__akto,2025-11,622,3,8,1,634,266,87841,87.841
akto-api-security/akto,akto-api-security__akto,2025-12,626,4,8,1,639,272,91202,91.202
alibaba/spring-ai-alibaba,alibaba__spring-ai-alibaba,2024-12,13,2,4,0,19,92,7825,7.825
alibaba/spring-ai-alibaba,alibaba__spring-ai-alibaba,2025-01,9,1,4,0,14,78,9133,9.133
alibaba/spring-ai-alibaba,alibaba__spring-ai-alibaba,2025-02,9,1,4,0,14,101,12652,12.652
alibaba/spring-ai-alibaba,alibaba__spring-ai-alibaba,2025-03,5,0,4,0,9,106,16976,16.976
alibaba/spring-ai-alibaba,alibaba__spring-ai-alibaba,2025-04,27,2,11,0,40,185,28543,28.543
alibaba/spring-ai-alibaba,alibaba__spring-ai-alibaba,2025-05,48,3,5,0,56,244,35314,35.314
alibaba/spring-ai-alibaba,alibaba__spring-ai-alibaba,2025-06,60,3,7,0,70,318,48156,48.156
alibaba/spring-ai-alibaba,alibaba__spring-ai-alibaba,2025-09,213,12,11,0,236,551,110510,110.51
alibaba/spring-ai-alibaba,alibaba__spring-ai-alibaba,2025-11,124,0,4,0,128,117,21784,21.784
alibaba/spring-ai-alibaba,alibaba__spring-ai-alibaba,2025-12,156,2,6,0,164,147,37033,37.033
anboralabs/ks-explorer,anboralabs__ks-explorer,2024-12,10,0,2,0,12,46,12991,12.991
anboralabs/ks-explorer,anboralabs__ks-explorer,2025-01,10,0,2,0,12,46,12991,12.991
anboralabs/ks-explorer,anboralabs__ks-explorer,2025-02,10,0,2,0,12,46,12991,12.991
anboralabs/ks-explorer,anboralabs__ks-explorer,2025-03,10,0,2,0,12,46,12991,12.991
anboralabs/ks-explorer,anboralabs__ks-explorer,2025-04,10,0,2,0,12,46,12991,12.991
anboralabs/ks-explorer,anboralabs__ks-explorer,2025-05,10,0,2,0,12,46,12991,12.991
anboralabs/ks-explorer,anboralabs__ks-explorer,2025-06,10,0,2,0,12,46,12991,12.991
anboralabs/ks-explorer,anboralabs__ks-explorer,2025-07,10,0,2,0,12,46,12991,12.991
anboralabs/ks-explorer,anboralabs__ks-explorer,2025-08,10,0,2,0,12,46,12991,12.991
anboralabs/ks-explorer,anboralabs__ks-explorer,2025-09,10,0,2,0,12,46,12991,12.991
anboralabs/ks-explorer,anboralabs__ks-explorer,2025-10,10,0,2,0,12,46,12991,12.991
anboralabs/ks-explorer,anboralabs__ks-explorer,2025-11,10,0,2,0,12,46,12991,12.991
anboralabs/ks-explorer,anboralabs__ks-explorer,2025-12,10,0,2,0,12,46,12991,12.991
apache/gravitino,apache__gravitino,2024-12,353,3,6,2,364,248,152986,152.986
apache/gravitino,apache__gravitino,2025-01,403,3,9,2,417,265,165037,165.037
apache/gravitino,apache__gravitino,2025-02,384,5,6,3,398,274,171624,171.624
apache/gravitino,apache__gravitino,2025-03,355,5,6,4,370,275,173319,173.319
apache/gravitino,apache__gravitino,2025-04,359,5,8,4,376,280,178163,178.163
apache/gravitino,apache__gravitino,2025-05,396,6,10,5,417,286,187675,187.675
apache/gravitino,apache__gravitino,2025-06,397,6,7,3,413,289,190602,190.602
apache/gravitino,apache__gravitino,2025-07,389,6,7,3,405,291,194665,194.665
apache/iotdb,apache__iotdb,2024-12,8442,52,19,8,8521,1197,637263,637.263
apache/polaris,apache__polaris,2024-12,54,2,5,0,61,46,29734,29.734
apache/polaris,apache__polaris,2025-01,43,1,7,0,51,58,31240,31.24
apache/polaris,apache__polaris,2025-02,32,1,6,0,39,73,32507,32.507
apache/polaris,apache__polaris,2025-03,47,1,7,0,55,77,34476,34.476
apache/polaris,apache__polaris,2025-04,63,2,6,0,71,96,38501,38.501
apache/polaris,apache__polaris,2025-05,68,1,3,0,72,126,48308,48.308
apache/polaris,apache__polaris,2025-06,76,1,8,0,85,136,51890,51.89
apache/polaris,apache__polaris,2025-07,80,1,4,0,85,136,54715,54.715
apache/polaris,apache__polaris,2025-08,74,1,7,0,82,136,56142,56.142
apache/polaris,apache__polaris,2025-09,91,3,3,0,97,132,57603,57.603
apache/struts,apache__struts,2024-11,491,12,2,1,506,306,147553,147.553
apache/struts,apache__struts,2024-12,280,6,3,3,292,248,113408,113.408
apache/struts,apache__struts,2025-01,282,7,3,3,295,248,113516,113.516
apache/struts,apache__struts,2025-02,282,7,3,3,295,248,114138,114.138
apache/struts,apache__struts,2025-03,280,6,3,1,290,248,114192,114.192
apache/struts,apache__struts,2025-04,281,5,3,3,292,250,115036,115.036
apache/struts,apache__struts,2025-05,281,5,3,3,292,250,115036,115.036
apache/struts,apache__struts,2025-06,281,5,3,3,292,250,115040,115.04
apache/struts,apache__struts,2025-07,281,5,3,3,292,250,115040,115.04
apache/struts,apache__struts,2025-08,281,5,3,3,292,250,115040,115.04
apache/struts,apache__struts,2025-09,281,5,3,3,292,250,115839,115.839
apache/struts,apache__struts,2025-10,281,5,3,1,290,250,115993,115.993
apache/struts,apache__struts,2025-11,281,5,3,1,290,250,116103,116.103
atlassian/data-center-helm-charts,atlassian__data-center-helm-charts,2025-02,3,0,0,0,3,8,5275,5.275
atlassian/data-center-helm-charts,atlassian__data-center-helm-charts,2025-03,3,0,0,0,3,8,5405,5.405
atlassian/data-center-helm-charts,atlassian__data-center-helm-charts,2025-04,3,0,0,0,3,8,5421,5.421
atlassian/data-center-helm-charts,atlassian__data-center-helm-charts,2025-05,3,0,0,0,3,8,5482,5.482
atlassian/data-center-helm-charts,atlassian__data-center-helm-charts,2025-06,3,0,0,0,3,8,5482,5.482
atlassian/data-center-helm-charts,atlassian__data-center-helm-charts,2025-07,3,0,0,0,3,8,5482,5.482
atlassian/data-center-helm-charts,atlassian__data-center-helm-charts,2025-08,3,0,0,0,3,8,5482,5.482
atlassian/data-center-helm-charts,atlassian__data-center-helm-charts,2025-09,3,0,0,0,3,8,5514,5.514
atlassian/data-center-helm-charts,atlassian__data-center-helm-charts,2025-10,3,0,0,0,3,8,5514,5.514
atlassian/data-center-helm-charts,atlassian__data-center-helm-charts,2025-11,3,0,0,0,3,8,5514,5.514
atlassian/data-center-helm-charts,atlassian__data-center-helm-charts,2025-12,3,0,0,0,3,8,5524,5.524
atlassian/data-center-helm-charts,atlassian__data-center-helm-charts,2026-01,3,0,0,0,3,8,5524,5.524
atlassian/data-center-helm-charts,atlassian__data-center-helm-charts,2026-02,3,0,0,0,3,8,5524,5.524
averbraeck/opentrafficsim,averbraeck__opentrafficsim,2024-12,327,7,18,1,353,156,93539,93.539
averbraeck/opentrafficsim,averbraeck__opentrafficsim,2025-02,412,7,8,1,428,160,104691,104.691
averbraeck/opentrafficsim,averbraeck__opentrafficsim,2025-05,404,7,5,1,417,151,104352,104.352
averbraeck/opentrafficsim,averbraeck__opentrafficsim,2025-06,404,7,5,1,417,151,104145,104.145
averbraeck/opentrafficsim,averbraeck__opentrafficsim,2025-07,404,7,5,1,417,151,104145,104.145
averbraeck/opentrafficsim,averbraeck__opentrafficsim,2025-08,404,7,5,1,417,151,104145,104.145
averbraeck/opentrafficsim,averbraeck__opentrafficsim,2025-10,426,8,13,1,448,149,101940,101.94
axonivy-market/portal,axonivy-market__portal,2024-11,407,9,13,0,429,245,51334,51.334
axonivy-market/portal,axonivy-market__portal,2024-12,404,10,6,0,420,246,51778,51.778
axonivy-market/portal,axonivy-market__portal,2025-01,402,10,6,0,418,246,52069,52.069
axonivy-market/portal,axonivy-market__portal,2025-02,407,10,4,0,421,246,52182,52.182
axonivy-market/portal,axonivy-market__portal,2025-03,398,9,6,0,413,246,52827,52.827
axonivy-market/portal,axonivy-market__portal,2025-04,386,10,14,0,410,246,52481,52.481
axonivy-market/portal,axonivy-market__portal,2025-05,386,10,14,0,410,246,52570,52.57
axonivy-market/portal,axonivy-market__portal,2025-06,434,9,6,0,449,225,53038,53.038
axonivy-market/portal,axonivy-market__portal,2025-07,436,9,6,0,451,230,53718,53.718
axonivy-market/portal,axonivy-market__portal,2025-08,437,9,6,0,452,230,54331,54.331
axonivy-market/portal,axonivy-market__portal,2025-09,437,9,6,0,452,230,54812,54.812
axonivy-market/portal,axonivy-market__portal,2025-10,475,9,6,0,490,228,55252,55.252
axonivy-market/portal,axonivy-market__portal,2025-11,487,9,6,0,502,228,55597,55.597
baretto-labs/OllamAssist,baretto-labs__OllamAssist,2025-03,7,0,2,0,9,15,2417,2.417
baretto-labs/OllamAssist,baretto-labs__OllamAssist,2025-04,6,0,3,0,9,15,3131,3.131
baretto-labs/OllamAssist,baretto-labs__OllamAssist,2025-05,4,0,3,0,7,15,3127,3.127
baretto-labs/OllamAssist,baretto-labs__OllamAssist,2025-06,4,0,3,0,7,16,3433,3.433
baretto-labs/OllamAssist,baretto-labs__OllamAssist,2025-07,4,0,2,0,6,17,3670,3.67
baretto-labs/OllamAssist,baretto-labs__OllamAssist,2025-08,4,0,2,0,6,17,3782,3.782
baretto-labs/OllamAssist,baretto-labs__OllamAssist,2025-09,4,0,2,0,6,20,4644,4.644
baretto-labs/OllamAssist,baretto-labs__OllamAssist,2025-10,4,0,3,0,7,26,6862,6.862
baretto-labs/OllamAssist,baretto-labs__OllamAssist,2025-11,8,0,3,0,11,31,7194,7.194
baretto-labs/OllamAssist,baretto-labs__OllamAssist,2025-12,8,1,4,0,13,39,9006,9.006
baretto-labs/OllamAssist,baretto-labs__OllamAssist,2026-01,8,1,4,0,13,39,9024,9.024
baretto-labs/OllamAssist,baretto-labs__OllamAssist,2026-02,8,1,4,0,13,39,9427,9.427
baretto-labs/OllamAssist,baretto-labs__OllamAssist,2026-03,8,1,4,0,13,39,9427,9.427
bloxbean/cardano-client-lib,bloxbean__cardano-client-lib,2025-04,137,4,10,0,151,142,58823,58.823
bloxbean/cardano-client-lib,bloxbean__cardano-client-lib,2025-05,137,4,10,0,151,142,58830,58.83
bloxbean/cardano-client-lib,bloxbean__cardano-client-lib,2025-06,137,4,10,0,151,142,58915,58.915
bloxbean/cardano-client-lib,bloxbean__cardano-client-lib,2025-07,137,4,10,0,151,142,58926,58.926
bloxbean/cardano-client-lib,bloxbean__cardano-client-lib,2025-08,137,4,10,0,151,142,58926,58.926
bloxbean/cardano-client-lib,bloxbean__cardano-client-lib,2025-09,137,4,10,0,151,142,58977,58.977
bloxbean/cardano-client-lib,bloxbean__cardano-client-lib,2025-10,137,4,10,0,151,142,59242,59.242
bloxbean/cardano-client-lib,bloxbean__cardano-client-lib,2025-11,173,6,6,1,186,191,79966,79.966
bloxbean/cardano-client-lib,bloxbean__cardano-client-lib,2025-12,177,6,8,1,192,191,80995,80.995
bloxbean/cardano-client-lib,bloxbean__cardano-client-lib,2026-01,177,6,8,1,192,191,80995,80.995
bloxbean/cardano-client-lib,bloxbean__cardano-client-lib,2026-02,176,7,8,1,192,190,80396,80.396
bloxbean/cardano-client-lib,bloxbean__cardano-client-lib,2026-03,183,6,7,1,197,210,99635,99.635
bloxbean/cardano-client-lib,bloxbean__cardano-client-lib,2026-04,185,7,12,1,205,214,101447,101.447
bytechefhq/bytechef,bytechefhq__bytechef,2025-04,216,17,13,0,246,1710,169638,169.638
bytechefhq/bytechef,bytechefhq__bytechef,2025-06,227,18,8,0,253,1865,187062,187.062
bytechefhq/bytechef,bytechefhq__bytechef,2025-07,215,18,7,0,240,1906,202281,202.281
bytechefhq/bytechef,bytechefhq__bytechef,2025-09,241,18,5,0,264,2019,218666,218.666
bytechefhq/bytechef,bytechefhq__bytechef,2025-10,253,18,13,0,284,2101,230987,230.987
bytechefhq/bytechef,bytechefhq__bytechef,2025-11,256,18,12,0,286,2134,236542,236.542
bytechefhq/bytechef,bytechefhq__bytechef,2025-12,252,17,8,0,277,2165,241863,241.863
bytechefhq/bytechef,bytechefhq__bytechef,2026-01,255,19,16,0,290,2191,246429,246.429
caoccao/Javet,caoccao__Javet,2025-03,333,4,15,0,352,35,22957,22.957
caoccao/Javet,caoccao__Javet,2025-04,333,4,15,0,352,35,22957,22.957
caoccao/Javet,caoccao__Javet,2025-05,333,4,15,0,352,35,22964,22.964
caoccao/Javet,caoccao__Javet,2025-06,333,4,15,0,352,35,22972,22.972
caoccao/Javet,caoccao__Javet,2025-07,333,4,15,0,352,35,22972,22.972
caoccao/Javet,caoccao__Javet,2025-08,333,4,15,0,352,35,22972,22.972
caoccao/Javet,caoccao__Javet,2025-09,333,4,15,0,352,35,23052,23.052
caoccao/Javet,caoccao__Javet,2025-10,333,4,15,0,352,35,23052,23.052
caoccao/Javet,caoccao__Javet,2025-11,333,4,15,0,352,35,23041,23.041
caoccao/Javet,caoccao__Javet,2025-12,333,4,15,0,352,35,23342,23.342
caoccao/Javet,caoccao__Javet,2026-01,333,4,15,0,352,35,23342,23.342
caoccao/Javet,caoccao__Javet,2026-02,333,4,15,0,352,35,23432,23.432
caoccao/Javet,caoccao__Javet,2026-03,333,4,15,0,352,35,23437,23.437
caoccao/swc4j,caoccao__swc4j,2025-04,866,3,10,0,879,41,22889,22.889
caoccao/swc4j,caoccao__swc4j,2025-05,866,3,10,0,879,41,22889,22.889
caoccao/swc4j,caoccao__swc4j,2025-06,869,3,16,0,888,41,23552,23.552
caoccao/swc4j,caoccao__swc4j,2025-07,869,3,16,0,888,41,23552,23.552
caoccao/swc4j,caoccao__swc4j,2025-08,869,3,16,0,888,41,23552,23.552
caoccao/swc4j,caoccao__swc4j,2025-09,869,3,16,0,888,41,23552,23.552
caoccao/swc4j,caoccao__swc4j,2025-10,871,3,10,0,884,41,23601,23.601
caoccao/swc4j,caoccao__swc4j,2025-11,871,3,10,0,884,41,23601,23.601
caoccao/swc4j,caoccao__swc4j,2025-12,871,3,10,0,884,41,23460,23.46
caoccao/swc4j,caoccao__swc4j,2026-01,871,3,10,0,884,41,23460,23.46
caoccao/swc4j,caoccao__swc4j,2026-02,904,4,30,1,939,89,68751,68.751
caoccao/swc4j,caoccao__swc4j,2026-03,921,6,9,1,937,103,77631,77.631
caoccao/swc4j,caoccao__swc4j,2026-04,921,6,9,1,937,103,77631,77.631
cinit/QAuxiliary,cinit__QAuxiliary,2024-12,204,5,2,0,211,120,25795,25.795
cinit/QAuxiliary,cinit__QAuxiliary,2025-01,205,5,2,0,212,120,25815,25.815
cinit/QAuxiliary,cinit__QAuxiliary,2025-02,205,5,2,0,212,120,25887,25.887
cinit/QAuxiliary,cinit__QAuxiliary,2025-03,206,5,2,0,213,122,25969,25.969
cinit/QAuxiliary,cinit__QAuxiliary,2025-04,211,5,6,0,222,126,26257,26.257
cinit/QAuxiliary,cinit__QAuxiliary,2025-05,211,5,6,0,222,126,26274,26.274
cinit/QAuxiliary,cinit__QAuxiliary,2025-06,213,5,6,0,224,128,26329,26.329
cinit/QAuxiliary,cinit__QAuxiliary,2025-07,213,5,6,0,224,128,26357,26.357
cinit/QAuxiliary,cinit__QAuxiliary,2025-08,213,5,6,0,224,128,26357,26.357
cinit/QAuxiliary,cinit__QAuxiliary,2025-09,213,5,6,0,224,128,26347,26.347
cinit/QAuxiliary,cinit__QAuxiliary,2025-10,214,5,6,0,225,128,26328,26.328
cinit/QAuxiliary,cinit__QAuxiliary,2025-11,214,5,6,0,225,128,26335,26.335
cinit/QAuxiliary,cinit__QAuxiliary,2025-12,214,5,6,0,225,128,26362,26.362
clerk/clerk-sdk-java,clerk__clerk-sdk-java,2025-03,5,0,2,2,9,11,65751,65.751
clerk/clerk-sdk-java,clerk__clerk-sdk-java,2025-04,7,0,3,2,12,11,79295,79.295
clerk/clerk-sdk-java,clerk__clerk-sdk-java,2025-05,7,0,3,2,12,11,79295,79.295
clerk/clerk-sdk-java,clerk__clerk-sdk-java,2025-06,8,0,3,2,13,11,80128,80.128
clerk/clerk-sdk-java,clerk__clerk-sdk-java,2025-07,9,0,3,3,15,15,82050,82.05
clerk/clerk-sdk-java,clerk__clerk-sdk-java,2025-08,10,0,17,3,30,16,83503,83.503
clerk/clerk-sdk-java,clerk__clerk-sdk-java,2025-09,16,0,5,3,24,16,104168,104.168
clerk/clerk-sdk-java,clerk__clerk-sdk-java,2025-10,16,0,5,3,24,16,104231,104.231
clerk/clerk-sdk-java,clerk__clerk-sdk-java,2025-11,17,0,5,3,25,16,104283,104.283
clerk/clerk-sdk-java,clerk__clerk-sdk-java,2025-12,39,0,12,3,54,17,106160,106.16
clerk/clerk-sdk-java,clerk__clerk-sdk-java,2026-01,44,0,13,3,60,17,122371,122.371
clerk/clerk-sdk-java,clerk__clerk-sdk-java,2026-02,44,0,13,3,60,17,123132,123.132
clerk/clerk-sdk-java,clerk__clerk-sdk-java,2026-03,44,0,5,3,52,17,131956,131.956
cmu-sei/kaiju,cmu-sei__kaiju,2024-09,119,1,7,0,127,49,14954,14.954
cmu-sei/kaiju,cmu-sei__kaiju,2024-10,119,1,7,0,127,49,14954,14.954
cmu-sei/kaiju,cmu-sei__kaiju,2024-11,119,1,7,0,127,49,14954,14.954
cmu-sei/kaiju,cmu-sei__kaiju,2024-12,119,1,7,0,127,49,14953,14.953
cmu-sei/kaiju,cmu-sei__kaiju,2025-01,119,1,7,0,127,49,14953,14.953
cmu-sei/kaiju,cmu-sei__kaiju,2025-02,119,1,7,0,127,49,14953,14.953
cmu-sei/kaiju,cmu-sei__kaiju,2025-03,119,1,7,0,127,49,14953,14.953
cmu-sei/kaiju,cmu-sei__kaiju,2025-04,119,1,7,0,127,49,14953,14.953
cmu-sei/kaiju,cmu-sei__kaiju,2025-05,119,1,7,0,127,49,14953,14.953
cmu-sei/kaiju,cmu-sei__kaiju,2025-06,119,1,7,0,127,49,14953,14.953
cmu-sei/kaiju,cmu-sei__kaiju,2025-07,119,1,7,0,127,49,14953,14.953
cmu-sei/kaiju,cmu-sei__kaiju,2025-08,119,1,7,0,127,49,14953,14.953
cmu-sei/kaiju,cmu-sei__kaiju,2025-09,119,1,7,0,127,49,14953,14.953
cryostatio/cryostat,cryostatio__cryostat,2024-12,35,1,3,0,39,22,17095,17.095
cryostatio/cryostat,cryostatio__cryostat,2025-01,44,1,5,0,50,22,17854,17.854
cryostatio/cryostat,cryostatio__cryostat,2025-02,44,1,5,0,50,22,18014,18.014
cryostatio/cryostat,cryostatio__cryostat,2025-03,44,1,5,0,50,22,17359,17.359
cryostatio/cryostat,cryostatio__cryostat,2025-04,44,1,5,0,50,22,17387,17.387
cryostatio/cryostat,cryostatio__cryostat,2025-05,48,0,6,0,54,22,18353,18.353
cryostatio/cryostat,cryostatio__cryostat,2025-06,48,0,3,0,51,22,18442,18.442
cryostatio/cryostat,cryostatio__cryostat,2025-07,51,0,3,0,54,22,19699,19.699
cryostatio/cryostat,cryostatio__cryostat,2025-08,51,0,3,0,54,24,20092,20.092
cryostatio/cryostat,cryostatio__cryostat,2025-09,61,1,5,0,67,25,20724,20.724
cryostatio/cryostat,cryostatio__cryostat,2025-10,62,1,3,0,66,27,21570,21.57
cryostatio/cryostat,cryostatio__cryostat,2025-11,65,1,3,0,69,27,21941,21.941
cryostatio/cryostat,cryostatio__cryostat,2025-12,63,1,3,0,67,27,22475,22.475
ctrl-space-labs/gendox-core,ctrl-space-labs__gendox-core,2025-02,43,1,6,0,50,78,16102,16.102
ctrl-space-labs/gendox-core,ctrl-space-labs__gendox-core,2025-03,43,1,6,0,50,78,16102,16.102
ctrl-space-labs/gendox-core,ctrl-space-labs__gendox-core,2025-04,44,1,7,0,52,78,16653,16.653
ctrl-space-labs/gendox-core,ctrl-space-labs__gendox-core,2025-05,44,1,7,0,52,78,16735,16.735
ctrl-space-labs/gendox-core,ctrl-space-labs__gendox-core,2025-06,46,1,3,0,50,99,17807,17.807
ctrl-space-labs/gendox-core,ctrl-space-labs__gendox-core,2025-07,48,1,3,0,52,99,18116,18.116
ctrl-space-labs/gendox-core,ctrl-space-labs__gendox-core,2025-08,48,1,3,0,52,99,18116,18.116
ctrl-space-labs/gendox-core,ctrl-space-labs__gendox-core,2025-09,48,1,2,0,51,112,21464,21.464
ctrl-space-labs/gendox-core,ctrl-space-labs__gendox-core,2025-10,48,1,2,0,51,112,21466,21.466
ctrl-space-labs/gendox-core,ctrl-space-labs__gendox-core,2025-11,48,1,2,0,51,112,21466,21.466
ctrl-space-labs/gendox-core,ctrl-space-labs__gendox-core,2025-12,48,1,2,0,51,112,21466,21.466
ctrl-space-labs/gendox-core,ctrl-space-labs__gendox-core,2026-01,53,1,4,0,58,116,23276,23.276
ctrl-space-labs/gendox-core,ctrl-space-labs__gendox-core,2026-02,53,1,4,0,58,119,23896,23.896
cygnusx-1-org/Slide,cygnusx-1-org__Slide,2024-09,581,3,6,1,591,35,47485,47.485
cygnusx-1-org/Slide,cygnusx-1-org__Slide,2024-10,581,3,6,1,591,35,47485,47.485
cygnusx-1-org/Slide,cygnusx-1-org__Slide,2024-11,581,3,6,1,591,35,47485,47.485
cygnusx-1-org/Slide,cygnusx-1-org__Slide,2024-12,581,3,6,1,591,35,47485,47.485
cygnusx-1-org/Slide,cygnusx-1-org__Slide,2025-01,578,3,6,1,588,34,46939,46.939
cygnusx-1-org/Slide,cygnusx-1-org__Slide,2025-02,530,3,6,2,541,34,59239,59.239
cygnusx-1-org/Slide,cygnusx-1-org__Slide,2025-03,538,3,6,2,549,34,59652,59.652
cygnusx-1-org/Slide,cygnusx-1-org__Slide,2025-04,541,3,6,2,552,34,60064,60.064
cygnusx-1-org/Slide,cygnusx-1-org__Slide,2025-05,543,3,5,2,553,34,60380,60.38
cygnusx-1-org/Slide,cygnusx-1-org__Slide,2025-06,643,3,6,2,654,34,59655,59.655
cygnusx-1-org/Slide,cygnusx-1-org__Slide,2025-07,643,3,6,2,654,34,59660,59.66
cygnusx-1-org/Slide,cygnusx-1-org__Slide,2025-08,643,3,6,2,654,34,59662,59.662
cygnusx-1-org/Slide,cygnusx-1-org__Slide,2025-09,643,3,6,2,654,34,59662,59.662
dadoonet/fscrawler,dadoonet__fscrawler,2025-03,0,0,3,0,3,28,10453,10.453
dadoonet/fscrawler,dadoonet__fscrawler,2025-04,0,0,3,0,3,30,10815,10.815
dadoonet/fscrawler,dadoonet__fscrawler,2025-05,0,0,3,0,3,30,9979,9.979
dadoonet/fscrawler,dadoonet__fscrawler,2025-06,0,0,3,0,3,30,9986,9.986
dadoonet/fscrawler,dadoonet__fscrawler,2025-07,0,0,3,0,3,30,9987,9.987
dadoonet/fscrawler,dadoonet__fscrawler,2025-08,0,0,4,0,4,30,10042,10.042
dadoonet/fscrawler,dadoonet__fscrawler,2025-09,0,0,4,0,4,30,10042,10.042
dadoonet/fscrawler,dadoonet__fscrawler,2025-10,0,0,4,0,4,30,9652,9.652
dadoonet/fscrawler,dadoonet__fscrawler,2025-11,0,0,4,0,4,30,9779,9.779
dadoonet/fscrawler,dadoonet__fscrawler,2025-12,0,1,4,0,5,30,10073,10.073
dadoonet/fscrawler,dadoonet__fscrawler,2026-01,0,1,4,0,5,30,10073,10.073
dadoonet/fscrawler,dadoonet__fscrawler,2026-02,0,1,2,0,3,30,10749,10.749
dadoonet/fscrawler,dadoonet__fscrawler,2026-03,4,1,5,0,10,29,11087,11.087
dasi0227/Agent,dasi0227__Agent,2026-01,0,0,0,0,0,6,249,0.249
dasi0227/Agent,dasi0227__Agent,2026-02,1,0,3,0,4,82,6224,6.224
dasi0227/Agent,dasi0227__Agent,2026-03,1,0,4,0,5,101,8416,8.416
dasi0227/Agent,dasi0227__Agent,2026-04,1,0,4,0,5,101,8416,8.416
dasi0227/Agent,dasi0227__Agent,2026-05,1,0,4,0,5,101,8416,8.416
datageartech/datagear,datageartech__datagear,2025-06,43,0,5,2,50,62,63878,63.878
datageartech/datagear,datageartech__datagear,2025-07,43,0,9,2,54,62,64046,64.046
datageartech/datagear,datageartech__datagear,2025-08,46,0,10,2,58,62,64683,64.683
datageartech/datagear,datageartech__datagear,2025-09,46,0,10,2,58,62,64685,64.685
datageartech/datagear,datageartech__datagear,2025-10,46,0,10,2,58,62,64685,64.685
datageartech/datagear,datageartech__datagear,2025-11,46,0,10,2,58,62,64685,64.685
datageartech/datagear,datageartech__datagear,2025-12,46,0,10,2,58,62,64685,64.685
datageartech/datagear,datageartech__datagear,2026-01,46,0,10,2,58,62,64685,64.685
datageartech/datagear,datageartech__datagear,2026-02,46,0,10,2,58,62,64685,64.685
datageartech/datagear,datageartech__datagear,2026-03,46,0,10,2,58,62,64685,64.685
datageartech/datagear,datageartech__datagear,2026-04,46,0,10,2,58,62,64685,64.685
datageartech/datagear,datageartech__datagear,2026-05,46,0,10,2,58,62,64685,64.685
datageartech/datagear,datageartech__datagear,2026-06,46,0,10,2,58,62,64685,64.685
datavane/tis,datavane__tis,2025-04,1210,20,11,0,1241,321,78621,78.621
datavane/tis,datavane__tis,2025-05,1217,22,5,0,1244,320,79046,79.046
datavane/tis,datavane__tis,2025-06,1237,22,7,0,1266,320,79298,79.298
datavane/tis,datavane__tis,2025-07,1244,22,7,0,1273,321,79697,79.697
datavane/tis,datavane__tis,2025-08,1240,21,10,0,1271,323,80187,80.187
datavane/tis,datavane__tis,2025-09,1245,21,10,0,1276,323,80276,80.276
datavane/tis,datavane__tis,2025-10,1245,21,10,0,1276,323,80273,80.273
datavane/tis,datavane__tis,2025-11,1255,22,12,0,1289,332,84216,84.216
datavane/tis,datavane__tis,2025-12,1268,22,4,0,1294,335,85490,85.49
datavane/tis,datavane__tis,2026-01,1284,23,5,0,1312,338,86369,86.369
datavane/tis,datavane__tis,2026-02,1336,22,9,0,1367,342,86886,86.886
datavane/tis,datavane__tis,2026-03,1326,22,13,0,1361,346,88105,88.105
datavane/tis,datavane__tis,2026-04,1327,22,13,0,1362,346,88142,88.142
debezium/debezium,debezium__debezium,2025-01,757,11,8,5,781,349,175787,175.787
debezium/debezium,debezium__debezium,2025-02,766,12,10,5,793,351,177884,177.884
debezium/debezium,debezium__debezium,2025-03,766,12,10,5,793,351,178204,178.204
debezium/debezium,debezium__debezium,2025-04,768,13,4,2,787,351,178746,178.746
debezium/debezium,debezium__debezium,2025-05,772,10,13,2,797,355,181519,181.519
debezium/debezium,debezium__debezium,2025-06,765,11,11,2,789,365,179073,179.073
debezium/debezium,debezium__debezium,2025-07,782,10,7,5,804,375,181554,181.554
debezium/debezium,debezium__debezium,2025-08,809,10,4,2,825,389,184644,184.644
debezium/debezium,debezium__debezium,2025-09,810,10,4,5,829,390,185227,185.227
debezium/debezium,debezium__debezium,2025-10,813,9,6,5,833,390,187233,187.233
debezium/debezium,debezium__debezium,2025-11,793,9,7,2,811,407,189986,189.986
debezium/debezium,debezium__debezium,2025-12,796,10,7,5,818,422,191793,191.793
debezium/debezium,debezium__debezium,2026-01,803,11,9,5,828,355,185881,185.881
deltazefiro/Amarok-Hider,deltazefiro__Amarok-Hider,2024-08,21,1,3,0,25,11,2904,2.904
deltazefiro/Amarok-Hider,deltazefiro__Amarok-Hider,2024-09,21,1,3,0,25,11,2921,2.921
deltazefiro/Amarok-Hider,deltazefiro__Amarok-Hider,2024-10,21,1,3,0,25,11,2921,2.921
deltazefiro/Amarok-Hider,deltazefiro__Amarok-Hider,2024-11,21,1,3,0,25,11,2921,2.921
deltazefiro/Amarok-Hider,deltazefiro__Amarok-Hider,2024-12,21,1,3,0,25,11,2921,2.921
deltazefiro/Amarok-Hider,deltazefiro__Amarok-Hider,2025-01,21,1,3,0,25,11,2921,2.921
deltazefiro/Amarok-Hider,deltazefiro__Amarok-Hider,2025-02,20,1,3,0,24,11,2972,2.972
deltazefiro/Amarok-Hider,deltazefiro__Amarok-Hider,2025-03,17,1,2,0,20,12,3004,3.004
deltazefiro/Amarok-Hider,deltazefiro__Amarok-Hider,2025-04,17,1,2,0,20,12,3004,3.004
deltazefiro/Amarok-Hider,deltazefiro__Amarok-Hider,2025-05,17,1,2,0,20,12,3004,3.004
deltazefiro/Amarok-Hider,deltazefiro__Amarok-Hider,2025-06,18,1,2,0,21,12,3051,3.051
deltazefiro/Amarok-Hider,deltazefiro__Amarok-Hider,2025-07,18,1,2,0,21,12,3051,3.051
deltazefiro/Amarok-Hider,deltazefiro__Amarok-Hider,2025-08,18,1,2,0,21,12,3086,3.086
devonfw/IDEasy,devonfw__IDEasy,2025-01,255,4,9,0,268,78,15274,15.274
devonfw/IDEasy,devonfw__IDEasy,2025-02,289,3,7,0,299,78,16390,16.39
devonfw/IDEasy,devonfw__IDEasy,2025-03,565,4,9,0,578,80,17622,17.622
devonfw/IDEasy,devonfw__IDEasy,2025-04,419,2,8,0,429,109,18046,18.046
devonfw/IDEasy,devonfw__IDEasy,2025-05,453,2,9,0,464,111,18531,18.531
devonfw/IDEasy,devonfw__IDEasy,2025-06,451,1,8,0,460,111,18990,18.99
devonfw/IDEasy,devonfw__IDEasy,2025-07,416,2,5,0,423,111,19435,19.435
devonfw/IDEasy,devonfw__IDEasy,2025-08,421,1,5,0,427,111,19574,19.574
devonfw/IDEasy,devonfw__IDEasy,2025-09,440,4,12,0,456,118,20862,20.862
devonfw/IDEasy,devonfw__IDEasy,2025-10,471,4,10,0,485,121,21463,21.463
devonfw/IDEasy,devonfw__IDEasy,2025-11,483,3,11,0,497,124,21804,21.804
devonfw/IDEasy,devonfw__IDEasy,2025-12,495,3,6,0,504,125,22848,22.848
devonfw/IDEasy,devonfw__IDEasy,2026-01,535,4,7,0,546,126,23656,23.656
dhis2/dhis2-core,dhis2__dhis2-core,2025-05,2555,17,7,9,2588,697,490447,490.447
dhis2/dhis2-core,dhis2__dhis2-core,2025-07,3004,17,17,9,3047,709,505414,505.414
dhis2/dhis2-core,dhis2__dhis2-core,2025-09,3042,17,9,8,3076,708,511987,511.987
dhis2/dhis2-core,dhis2__dhis2-core,2025-10,3127,18,23,9,3177,712,515378,515.378
dhis2/dhis2-core,dhis2__dhis2-core,2025-12,3061,17,9,9,3096,716,523897,523.897
dhis2/dhis2-core,dhis2__dhis2-core,2026-02,2973,17,7,9,3006,720,536292,536.292
dhis2/dhis2-core,dhis2__dhis2-core,2026-03,3067,17,22,9,3115,722,550000,550.0
dhis2/dhis2-core,dhis2__dhis2-core,2026-05,3087,17,17,9,3130,724,555630,555.63
dougdonohoe/ddpoker,dougdonohoe__ddpoker,2025-04,471,1,4,3,479,81,97409,97.409
dougdonohoe/ddpoker,dougdonohoe__ddpoker,2025-05,471,1,4,3,479,81,97418,97.418
dougdonohoe/ddpoker,dougdonohoe__ddpoker,2025-06,471,1,4,3,479,81,97418,97.418
dougdonohoe/ddpoker,dougdonohoe__ddpoker,2025-07,471,1,4,3,479,81,97418,97.418
dougdonohoe/ddpoker,dougdonohoe__ddpoker,2025-08,471,1,4,3,479,81,97418,97.418
dougdonohoe/ddpoker,dougdonohoe__ddpoker,2025-09,471,1,4,3,479,81,97418,97.418
dougdonohoe/ddpoker,dougdonohoe__ddpoker,2025-10,471,1,4,3,479,81,97418,97.418
dougdonohoe/ddpoker,dougdonohoe__ddpoker,2025-11,471,1,4,3,479,81,97418,97.418
dougdonohoe/ddpoker,dougdonohoe__ddpoker,2025-12,473,1,4,3,481,81,97394,97.394
dougdonohoe/ddpoker,dougdonohoe__ddpoker,2026-01,473,1,4,3,481,81,97394,97.394
dougdonohoe/ddpoker,dougdonohoe__ddpoker,2026-02,473,1,4,3,481,81,97394,97.394
dougdonohoe/ddpoker,dougdonohoe__ddpoker,2026-03,473,1,4,3,481,81,97393,97.393
dougdonohoe/ddpoker,dougdonohoe__ddpoker,2026-04,473,1,4,3,481,81,97393,97.393
dromara/skyeye,dromara__skyeye,2025-06,160,76,9,0,245,1917,128034,128.034
dromara/skyeye,dromara__skyeye,2025-07,161,76,9,0,246,1908,129379,129.379
dromara/skyeye,dromara__skyeye,2025-08,165,84,7,0,256,1963,135360,135.36
dromara/skyeye,dromara__skyeye,2025-09,166,84,6,0,256,2009,138932,138.932
dromara/skyeye,dromara__skyeye,2025-10,168,84,6,0,258,2022,140348,140.348
dromara/skyeye,dromara__skyeye,2025-11,169,85,6,0,260,2027,142205,142.205
dromara/skyeye,dromara__skyeye,2025-12,169,85,6,0,260,2026,143028,143.028
dromara/skyeye,dromara__skyeye,2026-01,141,85,7,0,233,2050,144426,144.426
dromara/skyeye,dromara__skyeye,2026-02,142,86,4,0,232,2086,149532,149.532
dromara/skyeye,dromara__skyeye,2026-03,149,87,6,0,242,2100,151497,151.497
dromara/skyeye,dromara__skyeye,2026-04,149,87,5,0,241,2100,151804,151.804
dromara/skyeye,dromara__skyeye,2026-05,149,87,5,0,241,2100,151804,151.804
dromara/skyeye,dromara__skyeye,2026-06,149,87,5,0,241,2100,151804,151.804
e-gleba/cxx-skeleton,e-gleba__cxx-skeleton,2025-07,5,0,2,0,7,6,7083,7.083
e-gleba/cxx-skeleton,e-gleba__cxx-skeleton,2025-08,5,0,2,0,7,6,7083,7.083
e-gleba/cxx-skeleton,e-gleba__cxx-skeleton,2025-09,5,0,2,0,7,6,7108,7.108
e-gleba/cxx-skeleton,e-gleba__cxx-skeleton,2025-10,5,0,2,0,7,6,7105,7.105
e-gleba/cxx-skeleton,e-gleba__cxx-skeleton,2025-11,5,0,2,0,7,6,7105,7.105
e-gleba/cxx-skeleton,e-gleba__cxx-skeleton,2025-12,5,0,2,0,7,6,7105,7.105
e-gleba/cxx-skeleton,e-gleba__cxx-skeleton,2026-01,5,0,2,0,7,6,7105,7.105
e-gleba/cxx-skeleton,e-gleba__cxx-skeleton,2026-02,5,0,2,0,7,6,7105,7.105
e-gleba/cxx-skeleton,e-gleba__cxx-skeleton,2026-03,6,0,1,0,7,6,7167,7.167
e-gleba/cxx-skeleton,e-gleba__cxx-skeleton,2026-04,6,0,1,0,7,6,7167,7.167
e-gleba/cxx-skeleton,e-gleba__cxx-skeleton,2026-05,6,0,1,0,7,6,7167,7.167
eclipse-lyo/lyo,eclipse-lyo__lyo,2025-05,16,0,2,0,18,82,38062,38.062
eclipse-lyo/lyo,eclipse-lyo__lyo,2025-06,16,0,2,0,18,82,38062,38.062
eclipse-lyo/lyo,eclipse-lyo__lyo,2025-07,16,0,2,0,18,82,38067,38.067
eclipse-lyo/lyo,eclipse-lyo__lyo,2025-08,16,0,2,0,18,82,38190,38.19
eclipse-lyo/lyo,eclipse-lyo__lyo,2025-09,16,0,2,0,18,82,38190,38.19
eclipse-lyo/lyo,eclipse-lyo__lyo,2025-10,16,0,2,0,18,82,38190,38.19
eclipse-lyo/lyo,eclipse-lyo__lyo,2025-11,16,0,2,0,18,82,38240,38.24
eclipse-lyo/lyo,eclipse-lyo__lyo,2025-12,16,0,2,0,18,82,38186,38.186
eclipse-lyo/lyo,eclipse-lyo__lyo,2026-01,16,0,4,0,20,82,38741,38.741
eclipse-lyo/lyo,eclipse-lyo__lyo,2026-02,16,0,3,0,19,82,38772,38.772
eclipse-lyo/lyo,eclipse-lyo__lyo,2026-03,17,0,3,0,20,82,39337,39.337
eclipse-lyo/lyo,eclipse-lyo__lyo,2026-04,17,0,3,0,20,82,39337,39.337
eclipse-lyo/lyo,eclipse-lyo__lyo,2026-05,17,0,3,0,20,82,39337,39.337
eclipse-tractusx/tractusx-edc,eclipse-tractusx__tractusx-edc,2025-02,13,4,4,0,21,142,14693,14.693
eclipse-tractusx/tractusx-edc,eclipse-tractusx__tractusx-edc,2025-03,13,4,3,0,20,145,14963,14.963
eclipse-tractusx/tractusx-edc,eclipse-tractusx__tractusx-edc,2025-04,13,4,4,0,21,155,15083,15.083
eclipse-tractusx/tractusx-edc,eclipse-tractusx__tractusx-edc,2025-05,13,4,4,0,21,156,15161,15.161
eclipse-tractusx/tractusx-edc,eclipse-tractusx__tractusx-edc,2025-06,13,4,3,0,20,157,15301,15.301
eclipse-tractusx/tractusx-edc,eclipse-tractusx__tractusx-edc,2025-07,13,4,4,0,21,156,15411,15.411
eclipse-tractusx/tractusx-edc,eclipse-tractusx__tractusx-edc,2025-08,15,3,4,0,22,184,17965,17.965
eclipse-tractusx/tractusx-edc,eclipse-tractusx__tractusx-edc,2025-09,16,2,5,0,23,213,22887,22.887
eclipse-tractusx/tractusx-edc,eclipse-tractusx__tractusx-edc,2025-10,17,4,5,0,26,220,24121,24.121
eclipse-tractusx/tractusx-edc,eclipse-tractusx__tractusx-edc,2025-11,17,4,5,0,26,220,24148,24.148
eclipse-tractusx/tractusx-edc,eclipse-tractusx__tractusx-edc,2025-12,17,3,7,0,27,220,24133,24.133
eclipse-tractusx/tractusx-edc,eclipse-tractusx__tractusx-edc,2026-01,17,3,8,0,28,224,25006,25.006
eclipse-tractusx/tractusx-edc,eclipse-tractusx__tractusx-edc,2026-02,17,3,8,0,28,232,25763,25.763
entur/antu,entur__antu,2025-05,10,0,4,0,14,78,16372,16.372
entur/antu,entur__antu,2025-06,14,0,6,0,20,78,16067,16.067
entur/antu,entur__antu,2025-07,15,0,6,0,21,80,17607,17.607
entur/antu,entur__antu,2025-08,15,0,6,0,21,82,18367,18.367
entur/antu,entur__antu,2025-09,15,0,6,0,21,82,18367,18.367
entur/antu,entur__antu,2025-10,15,0,6,0,21,84,18600,18.6
entur/antu,entur__antu,2025-11,15,0,3,0,18,84,19034,19.034
entur/antu,entur__antu,2025-12,15,0,3,0,18,84,19417,19.417
entur/antu,entur__antu,2026-01,15,0,3,0,18,84,19426,19.426
entur/antu,entur__antu,2026-02,15,0,3,0,18,84,19426,19.426
entur/antu,entur__antu,2026-03,15,0,3,0,18,84,19426,19.426
entur/antu,entur__antu,2026-04,15,0,3,0,18,84,19440,19.44
entur/antu,entur__antu,2026-05,15,0,3,0,18,84,19440,19.44
exadel-inc/etoolbox-rollout-manager,exadel-inc__etoolbox-rollout-manager,2025-05,0,0,0,0,0,10,893,0.893
exadel-inc/etoolbox-rollout-manager,exadel-inc__etoolbox-rollout-manager,2025-06,0,0,0,0,0,10,893,0.893
exadel-inc/etoolbox-rollout-manager,exadel-inc__etoolbox-rollout-manager,2025-07,0,0,0,0,0,10,893,0.893
exadel-inc/etoolbox-rollout-manager,exadel-inc__etoolbox-rollout-manager,2025-08,0,0,0,0,0,10,893,0.893
exadel-inc/etoolbox-rollout-manager,exadel-inc__etoolbox-rollout-manager,2025-09,0,0,0,0,0,10,893,0.893
exadel-inc/etoolbox-rollout-manager,exadel-inc__etoolbox-rollout-manager,2025-10,0,0,0,0,0,10,893,0.893
exadel-inc/etoolbox-rollout-manager,exadel-inc__etoolbox-rollout-manager,2025-11,0,0,0,0,0,15,1226,1.226
exadel-inc/etoolbox-rollout-manager,exadel-inc__etoolbox-rollout-manager,2025-12,0,0,0,0,0,15,1225,1.225
exadel-inc/etoolbox-rollout-manager,exadel-inc__etoolbox-rollout-manager,2026-01,0,0,1,0,1,15,1847,1.847
exadel-inc/etoolbox-rollout-manager,exadel-inc__etoolbox-rollout-manager,2026-02,0,0,1,0,1,15,1847,1.847
exadel-inc/etoolbox-rollout-manager,exadel-inc__etoolbox-rollout-manager,2026-03,0,0,1,0,1,15,1847,1.847
exadel-inc/etoolbox-rollout-manager,exadel-inc__etoolbox-rollout-manager,2026-04,0,0,1,0,1,15,1847,1.847
exadel-inc/etoolbox-rollout-manager,exadel-inc__etoolbox-rollout-manager,2026-05,0,0,1,0,1,15,1847,1.847
explore-de/rage4j,explore-de__rage4j,2025-05,1,0,2,0,3,14,1435,1.435
explore-de/rage4j,explore-de__rage4j,2025-06,2,0,2,0,4,14,1447,1.447
explore-de/rage4j,explore-de__rage4j,2025-07,2,0,2,0,4,14,1447,1.447
explore-de/rage4j,explore-de__rage4j,2025-08,2,0,2,0,4,14,1447,1.447
explore-de/rage4j,explore-de__rage4j,2025-09,2,0,2,0,4,19,1973,1.973
explore-de/rage4j,explore-de__rage4j,2025-10,2,0,2,0,4,19,1973,1.973
explore-de/rage4j,explore-de__rage4j,2025-11,2,0,2,0,4,19,1973,1.973
explore-de/rage4j,explore-de__rage4j,2025-12,4,0,2,0,6,22,2596,2.596
explore-de/rage4j,explore-de__rage4j,2026-01,4,0,2,0,6,22,2596,2.596
explore-de/rage4j,explore-de__rage4j,2026-02,4,0,2,0,6,22,2596,2.596
explore-de/rage4j,explore-de__rage4j,2026-03,4,0,2,0,6,22,2596,2.596
explore-de/rage4j,explore-de__rage4j,2026-04,4,0,2,0,6,22,2596,2.596
explore-de/rage4j,explore-de__rage4j,2026-05,4,0,2,0,6,22,2596,2.596
fanruan/intelli-swift-core,fanruan__intelli-swift-core,2025-04,798,10,20,2,830,281,64502,64.502
fanruan/intelli-swift-core,fanruan__intelli-swift-core,2025-05,798,10,20,2,830,281,64502,64.502
fanruan/intelli-swift-core,fanruan__intelli-swift-core,2025-06,798,10,20,2,830,281,64502,64.502
fanruan/intelli-swift-core,fanruan__intelli-swift-core,2025-07,798,10,20,2,830,281,64502,64.502
fanruan/intelli-swift-core,fanruan__intelli-swift-core,2025-08,798,10,20,2,830,281,64502,64.502
fanruan/intelli-swift-core,fanruan__intelli-swift-core,2025-09,798,10,20,2,830,281,64502,64.502
fanruan/intelli-swift-core,fanruan__intelli-swift-core,2025-10,798,10,20,2,830,281,64502,64.502
fanruan/intelli-swift-core,fanruan__intelli-swift-core,2025-11,798,10,20,2,830,281,64502,64.502
fanruan/intelli-swift-core,fanruan__intelli-swift-core,2025-12,798,10,20,2,830,281,64502,64.502
fanruan/intelli-swift-core,fanruan__intelli-swift-core,2026-01,798,10,20,2,830,281,64502,64.502
fanruan/intelli-swift-core,fanruan__intelli-swift-core,2026-02,798,10,20,2,830,281,64502,64.502
fanruan/intelli-swift-core,fanruan__intelli-swift-core,2026-03,798,10,20,2,830,281,64502,64.502
fanruan/intelli-swift-core,fanruan__intelli-swift-core,2026-04,798,10,20,2,830,281,64502,64.502
fantahund/VoxelMap,fantahund__VoxelMap,2025-01,92,1,5,0,98,13,11274,11.274
fantahund/VoxelMap,fantahund__VoxelMap,2025-02,92,1,5,0,98,13,11342,11.342
fantahund/VoxelMap,fantahund__VoxelMap,2025-03,91,1,5,0,97,13,11230,11.23
fantahund/VoxelMap,fantahund__VoxelMap,2025-04,97,1,3,0,101,15,11166,11.166
fantahund/VoxelMap,fantahund__VoxelMap,2025-05,100,1,3,0,104,17,10189,10.189
fantahund/VoxelMap,fantahund__VoxelMap,2025-06,100,1,3,0,104,17,10177,10.177
fantahund/VoxelMap,fantahund__VoxelMap,2025-07,101,1,4,0,106,17,10345,10.345
fantahund/VoxelMap,fantahund__VoxelMap,2025-08,101,1,4,0,106,17,10366,10.366
fantahund/VoxelMap,fantahund__VoxelMap,2025-09,101,1,4,0,106,17,10366,10.366
fantahund/VoxelMap,fantahund__VoxelMap,2025-10,101,1,4,0,106,17,10374,10.374
fantahund/VoxelMap,fantahund__VoxelMap,2025-11,105,1,3,0,109,17,10632,10.632
fantahund/VoxelMap,fantahund__VoxelMap,2025-12,106,1,5,0,112,17,10672,10.672
fantahund/VoxelMap,fantahund__VoxelMap,2026-01,106,1,5,0,112,17,10692,10.692
freeplane/freeplane,freeplane__freeplane,2025-01,3426,9,9,1,3445,185,104487,104.487
freeplane/freeplane,freeplane__freeplane,2025-02,3427,9,9,1,3446,186,104964,104.964
freeplane/freeplane,freeplane__freeplane,2025-03,3423,9,9,1,3442,186,105642,105.642
freeplane/freeplane,freeplane__freeplane,2025-04,3424,9,9,1,3443,186,105851,105.851
freeplane/freeplane,freeplane__freeplane,2025-05,3428,9,7,1,3445,186,105931,105.931
freeplane/freeplane,freeplane__freeplane,2025-06,3437,9,9,1,3456,187,107374,107.374
freeplane/freeplane,freeplane__freeplane,2025-07,3555,9,9,1,3574,190,109526,109.526
freeplane/freeplane,freeplane__freeplane,2025-08,3608,9,9,1,3627,190,110389,110.389
freeplane/freeplane,freeplane__freeplane,2025-09,3616,10,9,1,3636,190,110807,110.807
freeplane/freeplane,freeplane__freeplane,2025-10,3681,10,6,1,3698,191,113658,113.658
freeplane/freeplane,freeplane__freeplane,2025-11,3698,10,8,1,3717,191,114012,114.012
freeplane/freeplane,freeplane__freeplane,2025-12,3763,10,9,1,3783,191,115817,115.817
freeplane/freeplane,freeplane__freeplane,2026-01,3846,10,7,1,3864,195,117923,117.923
google/caliper,google__caliper,2025-02,24,0,4,0,28,29,10893,10.893
google/caliper,google__caliper,2025-03,24,0,4,0,28,29,10893,10.893
google/caliper,google__caliper,2025-04,24,0,4,0,28,29,10893,10.893
google/caliper,google__caliper,2025-05,24,0,4,0,28,29,10893,10.893
google/caliper,google__caliper,2025-06,24,0,4,0,28,29,10893,10.893
google/caliper,google__caliper,2025-07,24,0,4,0,28,29,10893,10.893
google/caliper,google__caliper,2025-08,24,0,4,0,28,29,10893,10.893
google/caliper,google__caliper,2025-09,24,0,4,0,28,29,10893,10.893
google/caliper,google__caliper,2025-10,24,0,4,0,28,29,10893,10.893
google/caliper,google__caliper,2025-11,24,0,4,0,28,29,10893,10.893
google/caliper,google__caliper,2025-12,24,0,4,0,28,29,10904,10.904
google/caliper,google__caliper,2026-01,24,0,4,0,28,29,10904,10.904
google/caliper,google__caliper,2026-02,24,0,4,0,28,29,10904,10.904
grafioschtrader/grafioschtrader,grafioschtrader__grafioschtrader,2025-06,139,1,7,0,147,135,37181,37.181
grafioschtrader/grafioschtrader,grafioschtrader__grafioschtrader,2025-07,139,1,7,0,147,139,37821,37.821
grafioschtrader/grafioschtrader,grafioschtrader__grafioschtrader,2025-08,139,1,8,0,148,139,38361,38.361
grafioschtrader/grafioschtrader,grafioschtrader__grafioschtrader,2025-09,139,1,8,0,148,139,38361,38.361
grafioschtrader/grafioschtrader,grafioschtrader__grafioschtrader,2025-10,139,1,8,0,148,139,38372,38.372
grafioschtrader/grafioschtrader,grafioschtrader__grafioschtrader,2025-11,139,1,5,0,145,139,38399,38.399
grafioschtrader/grafioschtrader,grafioschtrader__grafioschtrader,2025-12,139,1,5,0,145,139,38439,38.439
grafioschtrader/grafioschtrader,grafioschtrader__grafioschtrader,2026-01,203,1,12,0,216,142,41715,41.715
grafioschtrader/grafioschtrader,grafioschtrader__grafioschtrader,2026-02,235,2,7,0,244,151,47905,47.905
grafioschtrader/grafioschtrader,grafioschtrader__grafioschtrader,2026-03,256,2,9,0,267,156,55204,55.204
grafioschtrader/grafioschtrader,grafioschtrader__grafioschtrader,2026-04,256,2,9,0,267,156,55204,55.204
grafioschtrader/grafioschtrader,grafioschtrader__grafioschtrader,2026-05,256,2,9,0,267,156,55204,55.204
grafioschtrader/grafioschtrader,grafioschtrader__grafioschtrader,2026-06,256,2,9,0,267,156,55204,55.204
graphql-java/graphql-java,graphql-java__graphql-java,2024-10,755,4,6,0,765,61,44106,44.106
graphql-java/graphql-java,graphql-java__graphql-java,2024-11,755,4,6,0,765,61,44106,44.106
graphql-java/graphql-java,graphql-java__graphql-java,2024-12,757,4,3,0,764,62,44531,44.531
graphql-java/graphql-java,graphql-java__graphql-java,2025-01,757,4,3,0,764,62,44545,44.545
graphql-java/graphql-java,graphql-java__graphql-java,2025-02,757,4,3,0,764,62,44582,44.582
graphql-java/graphql-java,graphql-java__graphql-java,2025-03,758,4,6,0,768,63,45569,45.569
graphql-java/graphql-java,graphql-java__graphql-java,2025-04,757,4,8,0,769,63,45743,45.743
graphql-java/graphql-java,graphql-java__graphql-java,2025-05,757,4,4,0,765,62,45984,45.984
graphql-java/graphql-java,graphql-java__graphql-java,2025-06,762,4,7,0,773,62,46396,46.396
graphql-java/graphql-java,graphql-java__graphql-java,2025-07,763,4,7,0,774,63,46775,46.775
graphql-java/graphql-java,graphql-java__graphql-java,2025-08,728,4,6,0,738,60,46638,46.638
graphql-java/graphql-java,graphql-java__graphql-java,2025-09,729,4,9,0,742,60,46910,46.91
graphql-java/graphql-java,graphql-java__graphql-java,2025-10,729,4,2,0,735,60,47381,47.381
guardtime/ksi-java-sdk,guardtime__ksi-java-sdk,2025-06,30,1,2,0,33,31,14721,14.721
guardtime/ksi-java-sdk,guardtime__ksi-java-sdk,2025-07,30,1,2,0,33,31,14721,14.721
guardtime/ksi-java-sdk,guardtime__ksi-java-sdk,2025-08,30,1,2,0,33,31,14721,14.721
guardtime/ksi-java-sdk,guardtime__ksi-java-sdk,2025-09,30,1,2,0,33,31,14721,14.721
guardtime/ksi-java-sdk,guardtime__ksi-java-sdk,2025-10,30,1,2,0,33,31,14721,14.721
guardtime/ksi-java-sdk,guardtime__ksi-java-sdk,2025-11,30,1,2,0,33,31,14721,14.721
guardtime/ksi-java-sdk,guardtime__ksi-java-sdk,2025-12,30,1,2,0,33,31,14721,14.721
guardtime/ksi-java-sdk,guardtime__ksi-java-sdk,2026-01,30,1,2,0,33,31,14721,14.721
guardtime/ksi-java-sdk,guardtime__ksi-java-sdk,2026-02,30,1,2,0,33,31,14721,14.721
guardtime/ksi-java-sdk,guardtime__ksi-java-sdk,2026-03,30,1,2,0,33,31,14721,14.721
guardtime/ksi-java-sdk,guardtime__ksi-java-sdk,2026-04,30,1,2,0,33,31,14721,14.721
guardtime/ksi-java-sdk,guardtime__ksi-java-sdk,2026-05,30,1,2,0,33,31,14721,14.721
guardtime/ksi-java-sdk,guardtime__ksi-java-sdk,2026-06,30,1,2,0,33,31,14721,14.721
hackvertor/hackvertor,hackvertor__hackvertor,2025-01,9,0,1,0,10,3,4550,4.55
hackvertor/hackvertor,hackvertor__hackvertor,2025-02,9,0,1,0,10,3,4550,4.55
hackvertor/hackvertor,hackvertor__hackvertor,2025-03,51,0,3,0,54,9,5780,5.78
hackvertor/hackvertor,hackvertor__hackvertor,2025-04,55,0,2,0,57,9,5821,5.821
hackvertor/hackvertor,hackvertor__hackvertor,2025-05,55,0,2,0,57,9,5831,5.831
hackvertor/hackvertor,hackvertor__hackvertor,2025-06,55,0,2,0,57,9,5831,5.831
hackvertor/hackvertor,hackvertor__hackvertor,2025-07,55,0,2,0,57,9,5828,5.828
hackvertor/hackvertor,hackvertor__hackvertor,2025-08,55,0,3,0,58,10,7187,7.187
hackvertor/hackvertor,hackvertor__hackvertor,2025-09,55,0,3,0,58,10,7329,7.329
hackvertor/hackvertor,hackvertor__hackvertor,2025-10,56,0,3,0,59,10,8656,8.656
hackvertor/hackvertor,hackvertor__hackvertor,2025-11,57,0,3,0,60,10,8997,8.997
hackvertor/hackvertor,hackvertor__hackvertor,2025-12,63,0,3,0,66,10,10874,10.874
hackvertor/hackvertor,hackvertor__hackvertor,2026-01,63,0,3,0,66,10,10909,10.909
hmcts/finrem-case-orchestration-service,hmcts__finrem-case-orchestration-service,2025-02,262,4,10,1,277,196,115929,115.929
hmcts/finrem-case-orchestration-service,hmcts__finrem-case-orchestration-service,2025-03,268,3,10,1,282,198,117492,117.492
hmcts/finrem-case-orchestration-service,hmcts__finrem-case-orchestration-service,2025-07,288,3,10,2,303,210,125275,125.275
hmcts/finrem-case-orchestration-service,hmcts__finrem-case-orchestration-service,2025-08,293,5,9,2,309,213,128212,128.212
hmcts/finrem-case-orchestration-service,hmcts__finrem-case-orchestration-service,2025-09,282,4,11,2,299,220,129965,129.965
hmcts/finrem-case-orchestration-service,hmcts__finrem-case-orchestration-service,2025-10,288,4,8,2,302,224,132668,132.668
hmcts/finrem-case-orchestration-service,hmcts__finrem-case-orchestration-service,2025-11,293,5,13,1,312,225,133964,133.964
hmcts/finrem-case-orchestration-service,hmcts__finrem-case-orchestration-service,2025-12,239,4,10,3,256,225,133107,133.107
hmcts/finrem-case-orchestration-service,hmcts__finrem-case-orchestration-service,2026-01,243,4,11,1,259,226,134176,134.176
internetarchive/heritrix3,internetarchive__heritrix3,2024-12,100,1,6,0,107,59,34122,34.122
internetarchive/heritrix3,internetarchive__heritrix3,2025-01,100,1,6,0,107,59,34179,34.179
internetarchive/heritrix3,internetarchive__heritrix3,2025-02,100,1,6,0,107,59,34200,34.2
internetarchive/heritrix3,internetarchive__heritrix3,2025-03,100,1,6,0,107,59,34200,34.2
internetarchive/heritrix3,internetarchive__heritrix3,2025-04,100,1,6,0,107,59,34105,34.105
internetarchive/heritrix3,internetarchive__heritrix3,2025-05,101,1,6,0,108,59,34102,34.102
internetarchive/heritrix3,internetarchive__heritrix3,2025-06,102,1,3,0,106,59,34546,34.546
internetarchive/heritrix3,internetarchive__heritrix3,2025-07,102,1,8,0,111,61,35669,35.669
internetarchive/heritrix3,internetarchive__heritrix3,2025-08,102,1,8,0,111,61,35672,35.672
internetarchive/heritrix3,internetarchive__heritrix3,2025-09,102,1,8,0,111,61,35696,35.696
internetarchive/heritrix3,internetarchive__heritrix3,2025-10,102,1,8,0,111,61,35721,35.721
internetarchive/heritrix3,internetarchive__heritrix3,2025-11,102,1,8,0,111,61,35938,35.938
internetarchive/heritrix3,internetarchive__heritrix3,2025-12,102,1,8,0,111,61,35901,35.901
itinycheng/flink-platform-backend,itinycheng__flink-platform-backend,2025-03,19,2,7,0,28,66,9371,9.371
itinycheng/flink-platform-backend,itinycheng__flink-platform-backend,2025-04,19,2,7,0,28,66,9371,9.371
itinycheng/flink-platform-backend,itinycheng__flink-platform-backend,2025-05,19,2,7,0,28,66,9371,9.371
itinycheng/flink-platform-backend,itinycheng__flink-platform-backend,2025-06,32,2,7,0,41,66,9460,9.46
itinycheng/flink-platform-backend,itinycheng__flink-platform-backend,2025-07,32,2,7,0,41,66,9505,9.505
itinycheng/flink-platform-backend,itinycheng__flink-platform-backend,2025-08,32,2,7,0,41,66,9532,9.532
itinycheng/flink-platform-backend,itinycheng__flink-platform-backend,2025-09,32,2,4,0,38,66,9452,9.452
itinycheng/flink-platform-backend,itinycheng__flink-platform-backend,2025-10,37,2,6,0,45,69,9715,9.715
itinycheng/flink-platform-backend,itinycheng__flink-platform-backend,2025-11,30,2,6,0,38,69,9711,9.711
itinycheng/flink-platform-backend,itinycheng__flink-platform-backend,2025-12,28,2,6,0,36,71,10155,10.155
itinycheng/flink-platform-backend,itinycheng__flink-platform-backend,2026-01,27,2,4,0,33,72,10285,10.285
itinycheng/flink-platform-backend,itinycheng__flink-platform-backend,2026-02,26,2,4,0,32,72,10465,10.465
itinycheng/flink-platform-backend,itinycheng__flink-platform-backend,2026-03,26,2,4,0,32,72,10474,10.474
jacoco/jacoco,jacoco__jacoco,2025-01,46,0,4,0,50,68,27956,27.956
jacoco/jacoco,jacoco__jacoco,2025-02,45,0,4,0,49,68,28177,28.177
jacoco/jacoco,jacoco__jacoco,2025-03,45,0,4,0,49,68,28181,28.181
jacoco/jacoco,jacoco__jacoco,2025-04,45,0,4,0,49,68,28181,28.181
jacoco/jacoco,jacoco__jacoco,2025-05,45,0,4,0,49,68,28494,28.494
jacoco/jacoco,jacoco__jacoco,2025-06,45,0,4,0,49,68,28559,28.559
jacoco/jacoco,jacoco__jacoco,2025-07,45,0,4,0,49,68,28563,28.563
jacoco/jacoco,jacoco__jacoco,2025-08,45,0,4,0,49,68,28563,28.563
jacoco/jacoco,jacoco__jacoco,2025-09,45,0,4,0,49,68,28646,28.646
jacoco/jacoco,jacoco__jacoco,2025-10,45,0,4,0,49,68,28829,28.829
jacoco/jacoco,jacoco__jacoco,2025-11,45,0,4,0,49,68,29213,29.213
jacoco/jacoco,jacoco__jacoco,2025-12,45,0,4,0,49,68,29223,29.223
jacoco/jacoco,jacoco__jacoco,2026-01,45,0,4,0,49,68,29231,29.231
jjazzboss/JJazzLab,jjazzboss__JJazzLab,2025-03,180,7,4,1,192,195,117501,117.501
jjazzboss/JJazzLab,jjazzboss__JJazzLab,2025-04,180,7,4,1,192,195,117501,117.501
jjazzboss/JJazzLab,jjazzboss__JJazzLab,2025-05,194,7,7,1,209,199,120194,120.194
jjazzboss/JJazzLab,jjazzboss__JJazzLab,2025-06,193,7,5,1,206,200,120449,120.449
jjazzboss/JJazzLab,jjazzboss__JJazzLab,2025-07,201,7,7,1,216,200,120686,120.686
jjazzboss/JJazzLab,jjazzboss__JJazzLab,2025-08,201,7,7,1,216,200,120688,120.688
jjazzboss/JJazzLab,jjazzboss__JJazzLab,2025-09,201,7,7,1,216,200,120688,120.688
jjazzboss/JJazzLab,jjazzboss__JJazzLab,2025-10,206,7,6,1,220,202,123128,123.128
jjazzboss/JJazzLab,jjazzboss__JJazzLab,2025-11,210,7,8,1,226,204,123378,123.378
jjazzboss/JJazzLab,jjazzboss__JJazzLab,2025-12,211,6,8,1,226,203,123682,123.682
jjazzboss/JJazzLab,jjazzboss__JJazzLab,2026-01,212,8,9,1,230,204,125734,125.734
jjazzboss/JJazzLab,jjazzboss__JJazzLab,2026-02,212,8,9,1,230,203,125810,125.81
jjazzboss/JJazzLab,jjazzboss__JJazzLab,2026-03,212,8,9,1,230,203,125810,125.81
jonesdevelopment/sonar,jonesdevelopment__sonar,2024-12,27,0,3,0,30,60,6646,6.646
jonesdevelopment/sonar,jonesdevelopment__sonar,2025-01,27,0,3,0,30,60,6672,6.672
jonesdevelopment/sonar,jonesdevelopment__sonar,2025-02,27,0,3,0,30,60,6677,6.677
jonesdevelopment/sonar,jonesdevelopment__sonar,2025-03,27,0,3,0,30,60,6701,6.701
jonesdevelopment/sonar,jonesdevelopment__sonar,2025-04,27,0,3,0,30,61,6903,6.903
jonesdevelopment/sonar,jonesdevelopment__sonar,2025-05,27,0,3,0,30,61,6906,6.906
jonesdevelopment/sonar,jonesdevelopment__sonar,2025-06,27,0,3,0,30,61,6913,6.913
jonesdevelopment/sonar,jonesdevelopment__sonar,2025-07,27,0,3,0,30,61,6935,6.935
jonesdevelopment/sonar,jonesdevelopment__sonar,2025-08,27,0,3,0,30,61,6932,6.932
jonesdevelopment/sonar,jonesdevelopment__sonar,2025-09,27,0,3,0,30,61,6932,6.932
jonesdevelopment/sonar,jonesdevelopment__sonar,2025-10,27,0,3,0,30,61,6945,6.945
jonesdevelopment/sonar,jonesdevelopment__sonar,2025-11,27,0,3,0,30,61,7004,7.004
jonesdevelopment/sonar,jonesdevelopment__sonar,2025-12,27,0,3,0,30,61,7004,7.004
junrar/junrar,junrar__junrar,2025-04,13,0,3,0,16,17,5635,5.635
junrar/junrar,junrar__junrar,2025-05,13,0,3,0,16,17,5635,5.635
junrar/junrar,junrar__junrar,2025-06,13,0,3,0,16,17,5635,5.635
junrar/junrar,junrar__junrar,2025-07,13,0,3,0,16,17,5635,5.635
junrar/junrar,junrar__junrar,2025-08,13,0,3,0,16,17,5635,5.635
junrar/junrar,junrar__junrar,2025-09,13,0,3,0,16,17,5635,5.635
junrar/junrar,junrar__junrar,2025-10,13,0,3,0,16,17,5635,5.635
junrar/junrar,junrar__junrar,2025-11,13,0,3,0,16,17,5650,5.65
junrar/junrar,junrar__junrar,2025-12,13,0,3,0,16,17,5650,5.65
junrar/junrar,junrar__junrar,2026-01,13,0,3,0,16,17,5650,5.65
junrar/junrar,junrar__junrar,2026-02,13,0,3,0,16,17,5650,5.65
junrar/junrar,junrar__junrar,2026-03,13,0,3,0,16,17,5669,5.669
junrar/junrar,junrar__junrar,2026-04,13,0,3,0,16,17,5696,5.696
kestra-io/plugin-jdbc,kestra-io__plugin-jdbc,2025-01,1,0,0,0,1,23,11633,11.633
kestra-io/plugin-jdbc,kestra-io__plugin-jdbc,2025-02,1,0,0,0,1,23,11763,11.763
kestra-io/plugin-jdbc,kestra-io__plugin-jdbc,2025-03,1,0,0,0,1,24,12770,12.77
kestra-io/plugin-jdbc,kestra-io__plugin-jdbc,2025-04,1,0,0,0,1,24,13439,13.439
kestra-io/plugin-jdbc,kestra-io__plugin-jdbc,2025-05,1,0,1,0,2,24,13076,13.076
kestra-io/plugin-jdbc,kestra-io__plugin-jdbc,2025-06,1,0,1,0,2,24,13136,13.136
kestra-io/plugin-jdbc,kestra-io__plugin-jdbc,2025-07,1,0,1,0,2,24,13309,13.309
kestra-io/plugin-jdbc,kestra-io__plugin-jdbc,2025-08,1,0,1,0,2,24,13363,13.363
kestra-io/plugin-jdbc,kestra-io__plugin-jdbc,2025-09,1,0,1,0,2,24,13376,13.376
kestra-io/plugin-jdbc,kestra-io__plugin-jdbc,2025-10,1,0,1,0,2,24,13373,13.373
kestra-io/plugin-jdbc,kestra-io__plugin-jdbc,2025-11,1,0,1,0,2,24,13803,13.803
kestra-io/plugin-jdbc,kestra-io__plugin-jdbc,2025-12,1,0,1,0,2,24,14550,14.55
kestra-io/plugin-jdbc,kestra-io__plugin-jdbc,2026-01,1,0,1,0,2,24,15934,15.934
koupleless/runtime,koupleless__runtime,2025-06,30,4,5,0,39,116,12814,12.814
koupleless/runtime,koupleless__runtime,2025-07,30,4,5,0,39,116,12814,12.814
koupleless/runtime,koupleless__runtime,2025-08,30,4,5,0,39,116,12814,12.814
koupleless/runtime,koupleless__runtime,2025-09,30,4,5,0,39,116,12814,12.814
koupleless/runtime,koupleless__runtime,2025-10,30,4,5,0,39,116,13000,13.0
koupleless/runtime,koupleless__runtime,2025-11,30,4,5,0,39,116,13000,13.0
koupleless/runtime,koupleless__runtime,2025-12,30,4,5,0,39,116,13000,13.0
koupleless/runtime,koupleless__runtime,2026-01,30,4,5,0,39,116,13000,13.0
koupleless/runtime,koupleless__runtime,2026-02,30,4,5,0,39,116,13000,13.0
koupleless/runtime,koupleless__runtime,2026-03,30,4,5,0,39,116,13000,13.0
koupleless/runtime,koupleless__runtime,2026-04,30,4,5,0,39,116,13000,13.0
koupleless/runtime,koupleless__runtime,2026-05,30,4,5,0,39,116,13000,13.0
koupleless/runtime,koupleless__runtime,2026-06,30,4,5,0,39,116,13000,13.0
kousen/java_8_recipes,kousen__java_8_recipes,2024-12,0,0,0,0,0,19,3722,3.722
kousen/java_8_recipes,kousen__java_8_recipes,2025-01,0,0,0,0,0,19,3722,3.722
kousen/java_8_recipes,kousen__java_8_recipes,2025-02,0,0,0,0,0,19,3722,3.722
kousen/java_8_recipes,kousen__java_8_recipes,2025-03,0,0,0,0,0,19,3722,3.722
kousen/java_8_recipes,kousen__java_8_recipes,2025-04,0,0,0,0,0,19,3722,3.722
kousen/java_8_recipes,kousen__java_8_recipes,2025-05,0,0,0,0,0,19,3722,3.722
kousen/java_8_recipes,kousen__java_8_recipes,2025-06,0,0,0,0,0,19,3722,3.722
kousen/java_8_recipes,kousen__java_8_recipes,2025-07,0,0,0,0,0,19,3728,3.728
kousen/java_8_recipes,kousen__java_8_recipes,2025-08,0,0,0,0,0,19,3728,3.728
kousen/java_8_recipes,kousen__java_8_recipes,2025-09,0,0,0,0,0,19,3728,3.728
kousen/java_8_recipes,kousen__java_8_recipes,2025-10,0,0,0,0,0,19,3728,3.728
kousen/java_8_recipes,kousen__java_8_recipes,2025-11,0,0,0,0,0,19,3728,3.728
kousen/java_8_recipes,kousen__java_8_recipes,2025-12,0,0,0,0,0,19,3728,3.728
kousen/java_latest,kousen__java_latest,2024-09,0,0,1,0,1,28,1914,1.914
kousen/java_latest,kousen__java_latest,2024-10,0,0,1,0,1,28,1914,1.914
kousen/java_latest,kousen__java_latest,2024-11,0,0,1,0,1,28,1914,1.914
kousen/java_latest,kousen__java_latest,2024-12,0,0,1,0,1,28,1916,1.916
kousen/java_latest,kousen__java_latest,2025-01,0,0,1,0,1,28,1918,1.918
kousen/java_latest,kousen__java_latest,2025-02,0,0,1,0,1,30,1925,1.925
kousen/java_latest,kousen__java_latest,2025-03,0,0,1,0,1,30,1985,1.985
kousen/java_latest,kousen__java_latest,2025-04,0,0,1,0,1,30,2203,2.203
kousen/java_latest,kousen__java_latest,2025-05,0,0,1,0,1,30,2203,2.203
kousen/java_latest,kousen__java_latest,2025-06,0,0,1,0,1,30,2203,2.203
kousen/java_latest,kousen__java_latest,2025-07,0,0,1,0,1,30,2203,2.203
kousen/java_latest,kousen__java_latest,2025-08,0,0,1,0,1,32,3547,3.547
kousen/java_latest,kousen__java_latest,2025-09,0,0,1,0,1,32,3548,3.548
lakernote/EasyPostman,lakernote__EasyPostman,2025-07,37,1,3,0,41,31,6392,6.392
lakernote/EasyPostman,lakernote__EasyPostman,2025-08,85,2,2,0,89,47,9676,9.676
lakernote/EasyPostman,lakernote__EasyPostman,2025-09,101,3,6,0,110,46,12283,12.283
lakernote/EasyPostman,lakernote__EasyPostman,2025-10,131,3,3,0,137,53,19251,19.251
lakernote/EasyPostman,lakernote__EasyPostman,2025-11,134,3,5,0,142,56,26150,26.15
lakernote/EasyPostman,lakernote__EasyPostman,2025-12,194,2,5,0,201,69,32211,32.211
lakernote/EasyPostman,lakernote__EasyPostman,2026-01,244,4,3,0,251,71,33725,33.725
lakernote/EasyPostman,lakernote__EasyPostman,2026-02,331,4,4,0,339,75,42433,42.433
lakernote/EasyPostman,lakernote__EasyPostman,2026-03,348,4,2,0,354,77,46927,46.927
lakernote/EasyPostman,lakernote__EasyPostman,2026-04,353,4,3,0,360,77,51997,51.997
lilishop/lilishop,lilishop__lilishop,2024-12,132,9,14,0,155,393,53013,53.013
lilishop/lilishop,lilishop__lilishop,2025-01,132,9,14,0,155,393,53029,53.029
lilishop/lilishop,lilishop__lilishop,2025-02,132,9,4,0,145,393,52809,52.809
lilishop/lilishop,lilishop__lilishop,2025-03,132,9,4,0,145,393,52837,52.837
lilishop/lilishop,lilishop__lilishop,2025-04,132,9,4,0,145,393,52864,52.864
lilishop/lilishop,lilishop__lilishop,2025-05,132,9,4,0,145,393,52865,52.865
lilishop/lilishop,lilishop__lilishop,2025-06,132,9,4,0,145,393,52865,52.865
lilishop/lilishop,lilishop__lilishop,2025-07,132,9,4,0,145,393,52865,52.865
lilishop/lilishop,lilishop__lilishop,2025-08,132,9,4,0,145,393,52865,52.865
lilishop/lilishop,lilishop__lilishop,2025-09,132,9,4,0,145,393,52865,52.865
lilishop/lilishop,lilishop__lilishop,2025-10,132,9,4,0,145,393,52865,52.865
lilishop/lilishop,lilishop__lilishop,2025-11,134,9,4,0,147,393,53575,53.575
lilishop/lilishop,lilishop__lilishop,2025-12,134,9,4,0,147,393,53575,53.575
linkedin/rest.li,linkedin__rest.li,2025-04,508,14,10,3,535,320,297748,297.748
linkedin/rest.li,linkedin__rest.li,2025-06,506,14,10,3,533,320,298172,298.172
linkedin/rest.li,linkedin__rest.li,2025-08,506,14,10,3,533,320,298325,298.325
linkedin/rest.li,linkedin__rest.li,2025-09,506,14,10,3,533,320,298568,298.568
linkedin/rest.li,linkedin__rest.li,2025-10,509,15,10,3,537,320,299778,299.778
linkedin/rest.li,linkedin__rest.li,2025-12,510,15,10,3,538,320,300449,300.449
linkedin/rest.li,linkedin__rest.li,2026-03,510,15,10,3,538,320,301826,301.826
lukas-krecan/JsonUnit,lukas-krecan__JsonUnit,2025-01,8,0,7,0,15,34,7355,7.355
lukas-krecan/JsonUnit,lukas-krecan__JsonUnit,2025-02,8,0,7,0,15,34,7355,7.355
lukas-krecan/JsonUnit,lukas-krecan__JsonUnit,2025-03,8,0,7,0,15,34,7355,7.355
lukas-krecan/JsonUnit,lukas-krecan__JsonUnit,2025-04,8,0,7,0,15,34,7357,7.357
lukas-krecan/JsonUnit,lukas-krecan__JsonUnit,2025-05,8,0,7,0,15,34,7357,7.357
lukas-krecan/JsonUnit,lukas-krecan__JsonUnit,2025-06,8,0,7,0,15,34,7357,7.357
lukas-krecan/JsonUnit,lukas-krecan__JsonUnit,2025-07,8,0,7,0,15,34,7357,7.357
lukas-krecan/JsonUnit,lukas-krecan__JsonUnit,2025-08,8,0,7,0,15,34,7357,7.357
lukas-krecan/JsonUnit,lukas-krecan__JsonUnit,2025-09,8,0,7,0,15,34,7357,7.357
lukas-krecan/JsonUnit,lukas-krecan__JsonUnit,2025-10,8,0,7,0,15,34,7357,7.357
lukas-krecan/JsonUnit,lukas-krecan__JsonUnit,2025-11,8,0,3,0,11,35,7016,7.016
lukas-krecan/JsonUnit,lukas-krecan__JsonUnit,2025-12,8,0,3,0,11,35,7013,7.013
lukas-krecan/JsonUnit,lukas-krecan__JsonUnit,2026-01,8,0,3,0,11,35,7013,7.013
micrometer-metrics/micrometer,micrometer-metrics__micrometer,2025-01,129,3,4,0,136,159,59512,59.512
micrometer-metrics/micrometer,micrometer-metrics__micrometer,2025-02,125,3,4,0,132,159,59825,59.825
micrometer-metrics/micrometer,micrometer-metrics__micrometer,2025-03,125,3,4,0,132,159,60365,60.365
micrometer-metrics/micrometer,micrometer-metrics__micrometer,2025-04,124,3,4,0,131,159,60613,60.613
micrometer-metrics/micrometer,micrometer-metrics__micrometer,2025-05,123,4,4,0,131,150,60266,60.266
micrometer-metrics/micrometer,micrometer-metrics__micrometer,2025-06,123,4,5,0,132,151,60216,60.216
micrometer-metrics/micrometer,micrometer-metrics__micrometer,2025-07,124,3,2,0,129,158,60753,60.753
micrometer-metrics/micrometer,micrometer-metrics__micrometer,2025-08,124,3,2,0,129,158,60897,60.897
micrometer-metrics/micrometer,micrometer-metrics__micrometer,2025-09,126,3,2,0,131,161,61747,61.747
micrometer-metrics/micrometer,micrometer-metrics__micrometer,2025-10,127,3,1,0,131,164,62242,62.242
micrometer-metrics/micrometer,micrometer-metrics__micrometer,2025-11,129,3,2,0,134,164,62908,62.908
micrometer-metrics/micrometer,micrometer-metrics__micrometer,2025-12,132,4,2,0,138,165,63311,63.311
micrometer-metrics/micrometer,micrometer-metrics__micrometer,2026-01,132,4,2,0,138,165,63414,63.414
micronaut-projects/micronaut-core,micronaut-projects__micronaut-core,2025-10,1071,6,15,0,1092,831,143089,143.089
micronaut-projects/micronaut-elasticsearch,micronaut-projects__micronaut-elasticsearch,2025-04,0,0,0,0,0,10,306,0.306
micronaut-projects/micronaut-elasticsearch,micronaut-projects__micronaut-elasticsearch,2025-05,0,0,0,0,0,10,306,0.306
micronaut-projects/micronaut-elasticsearch,micronaut-projects__micronaut-elasticsearch,2025-06,0,0,0,0,0,10,306,0.306
micronaut-projects/micronaut-elasticsearch,micronaut-projects__micronaut-elasticsearch,2025-07,0,0,0,0,0,10,306,0.306
micronaut-projects/micronaut-elasticsearch,micronaut-projects__micronaut-elasticsearch,2025-08,0,0,0,0,0,10,306,0.306
micronaut-projects/micronaut-elasticsearch,micronaut-projects__micronaut-elasticsearch,2025-09,0,0,0,0,0,10,306,0.306
micronaut-projects/micronaut-elasticsearch,micronaut-projects__micronaut-elasticsearch,2025-10,0,0,0,0,0,10,306,0.306
micronaut-projects/micronaut-elasticsearch,micronaut-projects__micronaut-elasticsearch,2025-11,0,0,0,0,0,10,306,0.306
micronaut-projects/micronaut-elasticsearch,micronaut-projects__micronaut-elasticsearch,2025-12,0,0,0,0,0,10,306,0.306
micronaut-projects/micronaut-elasticsearch,micronaut-projects__micronaut-elasticsearch,2026-01,0,0,0,0,0,10,332,0.332
micronaut-projects/micronaut-elasticsearch,micronaut-projects__micronaut-elasticsearch,2026-02,0,0,0,0,0,10,332,0.332
micronaut-projects/micronaut-elasticsearch,micronaut-projects__micronaut-elasticsearch,2026-03,0,0,0,0,0,10,332,0.332
micronaut-projects/micronaut-elasticsearch,micronaut-projects__micronaut-elasticsearch,2026-04,0,0,0,0,0,10,332,0.332
mixpanel/mixpanel-android,mixpanel__mixpanel-android,2024-12,1,0,1,0,2,8,4315,4.315
mixpanel/mixpanel-android,mixpanel__mixpanel-android,2025-01,1,0,1,0,2,8,4315,4.315
mixpanel/mixpanel-android,mixpanel__mixpanel-android,2025-02,1,0,1,0,2,8,4348,4.348
mixpanel/mixpanel-android,mixpanel__mixpanel-android,2025-03,1,0,1,0,2,8,4348,4.348
mixpanel/mixpanel-android,mixpanel__mixpanel-android,2025-04,1,0,1,0,2,8,4350,4.35
mixpanel/mixpanel-android,mixpanel__mixpanel-android,2025-05,1,0,1,0,2,8,4350,4.35
mixpanel/mixpanel-android,mixpanel__mixpanel-android,2025-06,2,0,1,0,3,8,5656,5.656
mixpanel/mixpanel-android,mixpanel__mixpanel-android,2025-07,2,0,1,0,3,8,5656,5.656
mixpanel/mixpanel-android,mixpanel__mixpanel-android,2025-08,2,0,1,0,3,8,5656,5.656
mixpanel/mixpanel-android,mixpanel__mixpanel-android,2025-09,2,0,1,0,3,8,7008,7.008
mixpanel/mixpanel-android,mixpanel__mixpanel-android,2025-10,2,0,1,0,3,8,7210,7.21
mixpanel/mixpanel-android,mixpanel__mixpanel-android,2025-11,2,0,1,0,3,8,7210,7.21
mixpanel/mixpanel-android,mixpanel__mixpanel-android,2025-12,2,0,1,0,3,8,7210,7.21
modlix-india/nocode-saas,modlix-india__nocode-saas,2025-06,306,6,7,0,319,205,46456,46.456
modlix-india/nocode-saas,modlix-india__nocode-saas,2025-07,342,7,4,0,353,217,51369,51.369
modlix-india/nocode-saas,modlix-india__nocode-saas,2025-08,346,6,7,0,359,218,53228,53.228
modlix-india/nocode-saas,modlix-india__nocode-saas,2025-09,457,16,14,0,487,381,69158,69.158
modlix-india/nocode-saas,modlix-india__nocode-saas,2025-10,442,18,15,0,475,431,76474,76.474
modlix-india/nocode-saas,modlix-india__nocode-saas,2025-11,498,18,21,0,537,452,82847,82.847
modlix-india/nocode-saas,modlix-india__nocode-saas,2025-12,515,21,17,0,553,456,83593,83.593
modlix-india/nocode-saas,modlix-india__nocode-saas,2026-01,523,21,7,0,551,466,88426,88.426
modlix-india/nocode-saas,modlix-india__nocode-saas,2026-04,546,21,17,3,587,483,132543,132.543
modlix-india/nocode-saas,modlix-india__nocode-saas,2026-05,546,21,17,3,587,483,132543,132.543
msgpack/msgpack-java,msgpack__msgpack-java,2025-01,20,0,2,0,22,11,7939,7.939
msgpack/msgpack-java,msgpack__msgpack-java,2025-02,20,0,2,0,22,11,8146,8.146
msgpack/msgpack-java,msgpack__msgpack-java,2025-03,20,0,2,0,22,11,8238,8.238
msgpack/msgpack-java,msgpack__msgpack-java,2025-04,20,0,2,0,22,11,8238,8.238
msgpack/msgpack-java,msgpack__msgpack-java,2025-05,20,0,2,0,22,11,8238,8.238
msgpack/msgpack-java,msgpack__msgpack-java,2025-06,20,0,2,0,22,11,8238,8.238
msgpack/msgpack-java,msgpack__msgpack-java,2025-07,20,0,2,0,22,11,8238,8.238
msgpack/msgpack-java,msgpack__msgpack-java,2025-08,20,0,2,0,22,11,8264,8.264
msgpack/msgpack-java,msgpack__msgpack-java,2025-09,20,0,2,0,22,11,8264,8.264
msgpack/msgpack-java,msgpack__msgpack-java,2025-10,20,0,2,0,22,11,8264,8.264
msgpack/msgpack-java,msgpack__msgpack-java,2025-11,20,0,2,0,22,11,8264,8.264
msgpack/msgpack-java,msgpack__msgpack-java,2025-12,20,0,2,0,22,11,8264,8.264
msgpack/msgpack-java,msgpack__msgpack-java,2026-01,20,0,2,0,22,11,8264,8.264
netfishers-onl/Netshot,netfishers-onl__Netshot,2025-01,238,3,7,0,248,25,21099,21.099
netfishers-onl/Netshot,netfishers-onl__Netshot,2025-02,239,3,6,0,248,27,21981,21.981
netfishers-onl/Netshot,netfishers-onl__Netshot,2025-03,239,3,6,0,248,27,21981,21.981
netfishers-onl/Netshot,netfishers-onl__Netshot,2025-04,239,3,6,0,248,27,21981,21.981
netfishers-onl/Netshot,netfishers-onl__Netshot,2025-05,241,3,7,0,251,26,22383,22.383
netfishers-onl/Netshot,netfishers-onl__Netshot,2025-06,241,3,7,0,251,26,22427,22.427
netfishers-onl/Netshot,netfishers-onl__Netshot,2025-07,242,3,7,0,252,27,23032,23.032
netfishers-onl/Netshot,netfishers-onl__Netshot,2025-08,242,3,7,0,252,27,23032,23.032
netfishers-onl/Netshot,netfishers-onl__Netshot,2025-09,242,3,7,0,252,27,23032,23.032
netfishers-onl/Netshot,netfishers-onl__Netshot,2025-10,239,3,7,0,249,25,22669,22.669
netfishers-onl/Netshot,netfishers-onl__Netshot,2025-11,241,3,6,0,250,24,22727,22.727
netfishers-onl/Netshot,netfishers-onl__Netshot,2025-12,241,3,4,0,248,24,23415,23.415
netfishers-onl/Netshot,netfishers-onl__Netshot,2026-01,242,3,4,0,249,24,25209,25.209
nikhilmusale70/DSA,nikhilmusale70__DSA,2025-01,1,0,0,0,1,96,10039,10.039
nikhilmusale70/DSA,nikhilmusale70__DSA,2025-02,1,0,0,0,1,97,10137,10.137
nikhilmusale70/DSA,nikhilmusale70__DSA,2025-03,1,0,0,0,1,98,10252,10.252
nikhilmusale70/DSA,nikhilmusale70__DSA,2025-04,1,0,0,0,1,98,10252,10.252
nikhilmusale70/DSA,nikhilmusale70__DSA,2025-05,1,0,0,0,1,98,10252,10.252
nikhilmusale70/DSA,nikhilmusale70__DSA,2025-06,1,0,0,0,1,98,10252,10.252
nikhilmusale70/DSA,nikhilmusale70__DSA,2025-07,1,0,0,0,1,98,10252,10.252
nikhilmusale70/DSA,nikhilmusale70__DSA,2025-08,1,0,0,0,1,98,10252,10.252
nikhilmusale70/DSA,nikhilmusale70__DSA,2025-09,1,0,0,0,1,98,10252,10.252
nikhilmusale70/DSA,nikhilmusale70__DSA,2025-10,1,0,0,0,1,98,10252,10.252
nikhilmusale70/DSA,nikhilmusale70__DSA,2025-11,1,0,0,0,1,98,10252,10.252
nikhilmusale70/DSA,nikhilmusale70__DSA,2025-12,1,0,0,0,1,98,10252,10.252
nikhilmusale70/DSA,nikhilmusale70__DSA,2026-01,1,0,0,0,1,98,10252,10.252
nyetwurk/ecuxplot,nyetwurk__ecuxplot,2025-04,7,0,1,0,8,7,4406,4.406
nyetwurk/ecuxplot,nyetwurk__ecuxplot,2025-05,7,0,1,0,8,7,4406,4.406
nyetwurk/ecuxplot,nyetwurk__ecuxplot,2025-06,7,0,1,0,8,7,4406,4.406
nyetwurk/ecuxplot,nyetwurk__ecuxplot,2025-07,7,0,1,0,8,7,4406,4.406
nyetwurk/ecuxplot,nyetwurk__ecuxplot,2025-08,7,0,1,0,8,7,4406,4.406
nyetwurk/ecuxplot,nyetwurk__ecuxplot,2025-09,7,0,1,0,8,7,4406,4.406
nyetwurk/ecuxplot,nyetwurk__ecuxplot,2025-10,7,0,1,0,8,7,4406,4.406
nyetwurk/ecuxplot,nyetwurk__ecuxplot,2025-11,7,0,1,0,8,9,7690,7.69
nyetwurk/ecuxplot,nyetwurk__ecuxplot,2025-12,11,0,3,0,14,9,10706,10.706
nyetwurk/ecuxplot,nyetwurk__ecuxplot,2026-01,11,0,3,0,14,9,10740,10.74
nyetwurk/ecuxplot,nyetwurk__ecuxplot,2026-02,11,0,3,0,14,9,10740,10.74
nyetwurk/ecuxplot,nyetwurk__ecuxplot,2026-03,11,0,3,0,14,9,10740,10.74
nyetwurk/ecuxplot,nyetwurk__ecuxplot,2026-04,11,0,3,0,14,9,10740,10.74
omnifaces/omnifaces,omnifaces__omnifaces,2024-12,75,1,8,0,84,106,18676,18.676
omnifaces/omnifaces,omnifaces__omnifaces,2025-01,75,1,8,0,84,106,18679,18.679
omnifaces/omnifaces,omnifaces__omnifaces,2025-02,75,1,8,0,84,106,18683,18.683
omnifaces/omnifaces,omnifaces__omnifaces,2025-03,75,1,8,0,84,106,18739,18.739
omnifaces/omnifaces,omnifaces__omnifaces,2025-04,75,1,8,0,84,106,18739,18.739
omnifaces/omnifaces,omnifaces__omnifaces,2025-05,75,1,8,0,84,106,18749,18.749
omnifaces/omnifaces,omnifaces__omnifaces,2025-06,75,1,8,0,84,106,18788,18.788
omnifaces/omnifaces,omnifaces__omnifaces,2025-07,75,1,8,0,84,106,18789,18.789
omnifaces/omnifaces,omnifaces__omnifaces,2025-08,75,1,8,0,84,106,18797,18.797
omnifaces/omnifaces,omnifaces__omnifaces,2025-09,75,1,8,0,84,107,18881,18.881
omnifaces/omnifaces,omnifaces__omnifaces,2025-10,76,1,8,0,85,108,19011,19.011
omnifaces/omnifaces,omnifaces__omnifaces,2025-11,72,1,8,0,81,109,19059,19.059
omnifaces/omnifaces,omnifaces__omnifaces,2025-12,72,1,9,0,82,109,19226,19.226
onixary/shape-shifter-curse-fabric,onixary__shape-shifter-curse-fabric,2025-02,2,0,0,0,2,5,34,0.034
onixary/shape-shifter-curse-fabric,onixary__shape-shifter-curse-fabric,2025-03,71,0,4,0,75,44,6412,6.412
onixary/shape-shifter-curse-fabric,onixary__shape-shifter-curse-fabric,2025-04,80,1,6,0,87,47,7689,7.689
onixary/shape-shifter-curse-fabric,onixary__shape-shifter-curse-fabric,2025-05,82,3,3,0,88,49,9674,9.674
onixary/shape-shifter-curse-fabric,onixary__shape-shifter-curse-fabric,2025-06,82,3,3,0,88,50,10683,10.683
onixary/shape-shifter-curse-fabric,onixary__shape-shifter-curse-fabric,2025-07,82,3,2,0,87,54,11899,11.899
onixary/shape-shifter-curse-fabric,onixary__shape-shifter-curse-fabric,2025-08,103,1,8,0,112,56,12734,12.734
onixary/shape-shifter-curse-fabric,onixary__shape-shifter-curse-fabric,2025-09,96,2,7,0,105,59,14253,14.253
onixary/shape-shifter-curse-fabric,onixary__shape-shifter-curse-fabric,2025-10,158,1,4,0,163,64,14997,14.997
onixary/shape-shifter-curse-fabric,onixary__shape-shifter-curse-fabric,2025-11,155,2,4,0,161,65,15808,15.808
onixary/shape-shifter-curse-fabric,onixary__shape-shifter-curse-fabric,2025-12,175,2,7,0,184,68,17403,17.403
open-telemetry/opentelemetry-java-contrib,open-telemetry__opentelemetry-java-contrib,2025-02,46,1,6,0,53,100,36758,36.758
open-telemetry/opentelemetry-java-contrib,open-telemetry__opentelemetry-java-contrib,2025-03,45,1,6,0,52,94,36747,36.747
open-telemetry/opentelemetry-java-contrib,open-telemetry__opentelemetry-java-contrib,2025-04,47,1,6,0,54,95,36913,36.913
open-telemetry/opentelemetry-java-contrib,open-telemetry__opentelemetry-java-contrib,2025-05,47,1,6,0,54,96,37019,37.019
open-telemetry/opentelemetry-java-contrib,open-telemetry__opentelemetry-java-contrib,2025-06,48,2,4,0,54,100,37572,37.572
open-telemetry/opentelemetry-java-contrib,open-telemetry__opentelemetry-java-contrib,2025-07,45,2,2,0,49,106,38194,38.194
open-telemetry/opentelemetry-java-contrib,open-telemetry__opentelemetry-java-contrib,2025-08,49,2,2,0,53,113,40031,40.031
open-telemetry/opentelemetry-java-contrib,open-telemetry__opentelemetry-java-contrib,2025-09,50,1,7,0,58,124,43567,43.567
open-telemetry/opentelemetry-java-contrib,open-telemetry__opentelemetry-java-contrib,2025-10,53,1,5,0,59,126,43848,43.848
open-telemetry/opentelemetry-java-contrib,open-telemetry__opentelemetry-java-contrib,2025-11,51,1,9,0,61,128,45677,45.677
open-telemetry/opentelemetry-java-contrib,open-telemetry__opentelemetry-java-contrib,2025-12,51,1,9,0,61,129,45796,45.796
open-telemetry/opentelemetry-java-contrib,open-telemetry__opentelemetry-java-contrib,2026-01,51,1,9,0,61,129,45831,45.831
open-telemetry/opentelemetry-java-contrib,open-telemetry__opentelemetry-java-contrib,2026-02,51,1,9,0,61,129,45970,45.97
open-telemetry/opentelemetry-java-instrumentation,open-telemetry__opentelemetry-java-instrumentation,2025-03,185,16,10,0,211,983,196302,196.302
open-telemetry/opentelemetry-java-instrumentation,open-telemetry__opentelemetry-java-instrumentation,2025-04,191,16,10,0,217,992,200806,200.806
open-telemetry/opentelemetry-java-instrumentation,open-telemetry__opentelemetry-java-instrumentation,2025-05,193,16,8,0,217,998,204136,204.136
open-telemetry/opentelemetry-java-instrumentation,open-telemetry__opentelemetry-java-instrumentation,2025-06,195,16,10,0,221,1012,211019,211.019
open-telemetry/opentelemetry-java-instrumentation,open-telemetry__opentelemetry-java-instrumentation,2025-12,226,17,11,0,254,1095,237476,237.476
open-telemetry/opentelemetry-java-instrumentation,open-telemetry__opentelemetry-java-instrumentation,2026-01,229,20,6,0,255,1114,240645,240.645
open-telemetry/opentelemetry-java-instrumentation,open-telemetry__opentelemetry-java-instrumentation,2026-02,237,20,13,0,270,1120,242829,242.829
openrewrite/rewrite,openrewrite__rewrite,2024-12,499,6,8,2,515,155,187507,187.507
openrewrite/rewrite,openrewrite__rewrite,2025-01,502,6,6,2,516,157,191000,191.0
openrewrite/rewrite,openrewrite__rewrite,2025-02,532,6,4,1,543,163,199274,199.274
openrewrite/rewrite,openrewrite__rewrite,2025-04,585,7,3,1,596,150,229690,229.69
openrewrite/rewrite,openrewrite__rewrite,2025-07,640,8,17,1,666,162,250608,250.608
openrewrite/rewrite,openrewrite__rewrite,2025-08,640,8,11,1,660,162,253009,253.009
openrewrite/rewrite,openrewrite__rewrite,2025-10,659,7,6,1,673,165,272805,272.805
opensearch-project/flow-framework,opensearch-project__flow-framework,2025-05,14,1,5,0,20,13,21065,21.065
opensearch-project/flow-framework,opensearch-project__flow-framework,2025-06,14,1,5,0,20,13,21218,21.218
opensearch-project/flow-framework,opensearch-project__flow-framework,2025-07,14,1,5,0,20,13,21218,21.218
opensearch-project/flow-framework,opensearch-project__flow-framework,2025-08,14,1,5,0,20,13,22608,22.608
opensearch-project/flow-framework,opensearch-project__flow-framework,2025-09,17,1,5,0,23,13,22641,22.641
opensearch-project/flow-framework,opensearch-project__flow-framework,2025-10,17,1,5,0,23,13,22644,22.644
opensearch-project/flow-framework,opensearch-project__flow-framework,2025-11,17,1,5,0,23,13,22644,22.644
opensearch-project/flow-framework,opensearch-project__flow-framework,2025-12,17,1,5,0,23,16,23529,23.529
opensearch-project/flow-framework,opensearch-project__flow-framework,2026-01,17,1,5,0,23,16,23530,23.53
opensearch-project/flow-framework,opensearch-project__flow-framework,2026-02,17,1,6,0,24,16,23620,23.62
opensearch-project/flow-framework,opensearch-project__flow-framework,2026-03,17,1,6,0,24,16,23620,23.62
opensearch-project/flow-framework,opensearch-project__flow-framework,2026-04,17,1,6,0,24,16,23620,23.62
opensearch-project/flow-framework,opensearch-project__flow-framework,2026-05,17,1,6,0,24,16,23620,23.62
oraxen/oraxen,oraxen__oraxen,2025-02,706,7,6,0,719,120,20613,20.613
oraxen/oraxen,oraxen__oraxen,2025-03,706,7,6,0,719,120,20626,20.626
oraxen/oraxen,oraxen__oraxen,2025-04,706,7,6,0,719,120,20626,20.626
oraxen/oraxen,oraxen__oraxen,2025-05,706,7,7,0,720,121,21508,21.508
oraxen/oraxen,oraxen__oraxen,2025-06,706,7,7,0,720,121,21508,21.508
oraxen/oraxen,oraxen__oraxen,2025-07,706,7,7,0,720,121,21508,21.508
oraxen/oraxen,oraxen__oraxen,2025-08,706,7,5,0,718,122,22127,22.127
oraxen/oraxen,oraxen__oraxen,2025-09,713,7,7,0,727,132,22511,22.511
oraxen/oraxen,oraxen__oraxen,2025-10,713,7,7,0,727,132,22545,22.545
oraxen/oraxen,oraxen__oraxen,2025-11,715,7,7,0,729,134,23232,23.232
oraxen/oraxen,oraxen__oraxen,2025-12,720,7,7,0,734,135,23359,23.359
oraxen/oraxen,oraxen__oraxen,2026-01,769,7,7,0,783,155,32873,32.873
oraxen/oraxen,oraxen__oraxen,2026-02,796,7,14,0,817,163,34809,34.809
orphan-oss/ognl,orphan-oss__ognl,2025-04,131,0,4,1,136,11,14220,14.22
orphan-oss/ognl,orphan-oss__ognl,2025-05,131,0,4,1,136,11,14220,14.22
orphan-oss/ognl,orphan-oss__ognl,2025-06,131,0,4,1,136,11,14220,14.22
orphan-oss/ognl,orphan-oss__ognl,2025-07,131,0,4,0,135,11,10759,10.759
orphan-oss/ognl,orphan-oss__ognl,2025-08,131,0,4,0,135,11,10759,10.759
orphan-oss/ognl,orphan-oss__ognl,2025-09,131,0,4,0,135,11,10759,10.759
orphan-oss/ognl,orphan-oss__ognl,2025-10,131,0,4,0,135,11,10759,10.759
orphan-oss/ognl,orphan-oss__ognl,2025-11,112,0,4,0,116,11,11008,11.008
orphan-oss/ognl,orphan-oss__ognl,2025-12,112,0,5,0,117,16,11817,11.817
orphan-oss/ognl,orphan-oss__ognl,2026-01,112,0,5,0,117,16,11818,11.818
orphan-oss/ognl,orphan-oss__ognl,2026-02,112,0,5,0,117,16,11818,11.818
orphan-oss/ognl,orphan-oss__ognl,2026-03,112,0,5,0,117,16,12037,12.037
orphan-oss/ognl,orphan-oss__ognl,2026-04,112,0,5,0,117,16,12037,12.037
pablo67340/GUIShop,pablo67340__GUIShop,2025-06,53,0,3,0,56,10,3781,3.781
pablo67340/GUIShop,pablo67340__GUIShop,2025-07,53,0,3,0,56,10,3781,3.781
pablo67340/GUIShop,pablo67340__GUIShop,2025-08,53,0,3,0,56,10,3781,3.781
pablo67340/GUIShop,pablo67340__GUIShop,2025-09,53,0,3,0,56,10,3781,3.781
pablo67340/GUIShop,pablo67340__GUIShop,2025-10,53,0,3,0,56,10,3781,3.781
pablo67340/GUIShop,pablo67340__GUIShop,2025-11,53,0,3,0,56,10,3781,3.781
pablo67340/GUIShop,pablo67340__GUIShop,2025-12,53,0,3,0,56,10,3781,3.781
pablo67340/GUIShop,pablo67340__GUIShop,2026-01,73,1,4,0,78,15,8586,8.586
pablo67340/GUIShop,pablo67340__GUIShop,2026-02,78,1,3,0,82,16,10910,10.91
pablo67340/GUIShop,pablo67340__GUIShop,2026-03,78,2,3,0,83,16,11194,11.194
pablo67340/GUIShop,pablo67340__GUIShop,2026-04,78,2,3,0,83,16,11275,11.275
pablo67340/GUIShop,pablo67340__GUIShop,2026-05,78,2,3,0,83,16,11275,11.275
pablo67340/GUIShop,pablo67340__GUIShop,2026-06,78,2,3,0,83,16,11275,11.275
pac4j/pac4j,pac4j__pac4j,2025-01,177,2,9,0,188,229,31005,31.005
pac4j/pac4j,pac4j__pac4j,2025-02,177,2,9,0,188,229,31005,31.005
pac4j/pac4j,pac4j__pac4j,2025-03,177,2,9,0,188,229,31033,31.033
pac4j/pac4j,pac4j__pac4j,2025-04,178,2,8,0,188,229,31314,31.314
pac4j/pac4j,pac4j__pac4j,2025-05,180,2,3,0,185,229,31344,31.344
pac4j/pac4j,pac4j__pac4j,2025-06,180,2,3,0,185,229,31344,31.344
pac4j/pac4j,pac4j__pac4j,2025-07,181,3,3,0,187,229,31398,31.398
pac4j/pac4j,pac4j__pac4j,2025-08,181,3,3,0,187,229,31417,31.417
pac4j/pac4j,pac4j__pac4j,2025-09,181,3,3,0,187,229,31456,31.456
pac4j/pac4j,pac4j__pac4j,2025-10,181,3,3,0,187,229,31509,31.509
pac4j/pac4j,pac4j__pac4j,2025-11,181,3,3,0,187,229,31615,31.615
pac4j/pac4j,pac4j__pac4j,2025-12,183,3,3,0,189,229,31675,31.675
pac4j/pac4j,pac4j__pac4j,2026-01,183,3,3,0,189,229,31675,31.675
phax/ph-commons,phax__ph-commons,2025-02,718,2,9,0,729,235,144218,144.218
phax/ph-commons,phax__ph-commons,2025-03,719,2,3,0,724,237,145062,145.062
phax/ph-commons,phax__ph-commons,2025-04,719,2,3,0,724,237,145087,145.087
phax/ph-commons,phax__ph-commons,2025-05,719,2,3,0,724,237,145302,145.302
phax/ph-commons,phax__ph-commons,2025-06,720,2,3,0,725,237,145376,145.376
phax/ph-commons,phax__ph-commons,2025-07,720,2,3,0,725,237,145427,145.427
phax/ph-commons,phax__ph-commons,2025-08,720,2,3,0,725,237,145427,145.427
phax/ph-commons,phax__ph-commons,2025-09,238,2,6,0,246,328,153665,153.665
phax/ph-commons,phax__ph-commons,2025-10,238,2,20,0,260,328,153715,153.715
phax/ph-commons,phax__ph-commons,2025-11,238,2,20,0,260,328,153792,153.792
phax/ph-commons,phax__ph-commons,2025-12,241,3,20,0,264,328,153694,153.694
phax/ph-commons,phax__ph-commons,2026-01,242,3,21,0,266,328,153843,153.843
phax/ph-commons,phax__ph-commons,2026-02,242,3,19,0,264,329,153959,153.959
plantuml/plantuml,plantuml__plantuml,2025-08,5729,12,5,1,5747,263,189177,189.177
plantuml/plantuml,plantuml__plantuml,2025-11,4752,12,11,1,4776,269,192924,192.924
plantuml/plantuml,plantuml__plantuml,2026-01,4771,12,11,1,4795,272,195788,195.788
plantuml/plantuml,plantuml__plantuml,2026-02,4802,13,11,1,4827,274,198150,198.15
plantuml/plantuml,plantuml__plantuml,2026-03,5101,14,9,1,5125,277,201326,201.326
plantuml/plantuml,plantuml__plantuml,2026-04,5060,16,11,1,5088,273,201171,201.171
powsybl/powsybl-open-rao,powsybl__powsybl-open-rao,2025-06,108,1,5,1,115,120,71373,71.373
powsybl/powsybl-open-rao,powsybl__powsybl-open-rao,2025-08,108,1,6,1,116,120,71720,71.72
powsybl/powsybl-open-rao,powsybl__powsybl-open-rao,2025-09,108,1,6,1,116,120,71935,71.935
powsybl/powsybl-open-rao,powsybl__powsybl-open-rao,2025-11,114,1,11,1,127,125,73767,73.767
powsybl/powsybl-open-rao,powsybl__powsybl-open-rao,2025-12,117,1,5,1,124,127,74817,74.817
powsybl/powsybl-open-rao,powsybl__powsybl-open-rao,2026-01,117,1,5,1,124,127,75025,75.025
powsybl/powsybl-open-rao,powsybl__powsybl-open-rao,2026-02,118,1,7,1,127,127,75240,75.24
powsybl/powsybl-open-rao,powsybl__powsybl-open-rao,2026-04,122,1,5,1,129,129,77967,77.967
powsybl/powsybl-open-rao,powsybl__powsybl-open-rao,2026-05,122,1,5,1,129,129,77967,77.967
powsybl/powsybl-open-rao,powsybl__powsybl-open-rao,2026-06,122,1,5,1,129,129,77967,77.967
protomaps/basemaps,protomaps__basemaps,2025-05,3,0,1,0,4,9,4943,4.943
protomaps/basemaps,protomaps__basemaps,2025-06,2,0,1,0,3,9,4971,4.971
protomaps/basemaps,protomaps__basemaps,2025-07,2,0,1,0,3,9,4970,4.97
protomaps/basemaps,protomaps__basemaps,2025-08,2,0,1,0,3,9,4970,4.97
protomaps/basemaps,protomaps__basemaps,2025-09,2,0,1,0,3,9,4970,4.97
protomaps/basemaps,protomaps__basemaps,2025-10,2,0,1,0,3,9,4970,4.97
protomaps/basemaps,protomaps__basemaps,2025-11,2,0,2,0,4,9,5064,5.064
protomaps/basemaps,protomaps__basemaps,2025-12,2,0,2,0,4,9,5064,5.064
protomaps/basemaps,protomaps__basemaps,2026-01,2,0,2,0,4,9,5914,5.914
protomaps/basemaps,protomaps__basemaps,2026-02,2,0,2,0,4,9,6128,6.128
protomaps/basemaps,protomaps__basemaps,2026-03,2,0,2,0,4,9,6133,6.133
protomaps/basemaps,protomaps__basemaps,2026-04,2,0,2,0,4,10,9589,9.589
protomaps/basemaps,protomaps__basemaps,2026-05,2,0,2,0,4,10,9589,9.589
qlangtech/plugins,qlangtech__plugins,2025-03,255,12,6,1,274,326,49926,49.926
qlangtech/plugins,qlangtech__plugins,2025-04,256,12,6,1,275,326,50074,50.074
qlangtech/plugins,qlangtech__plugins,2025-05,266,12,6,1,285,326,50677,50.677
qlangtech/plugins,qlangtech__plugins,2025-06,241,10,5,1,257,317,48148,48.148
qlangtech/plugins,qlangtech__plugins,2025-07,240,10,6,1,257,315,48247,48.247
qlangtech/plugins,qlangtech__plugins,2025-08,244,10,8,1,263,318,49177,49.177
qlangtech/plugins,qlangtech__plugins,2025-09,238,10,8,1,257,318,48902,48.902
qlangtech/plugins,qlangtech__plugins,2025-10,238,10,8,1,257,318,48902,48.902
qlangtech/plugins,qlangtech__plugins,2025-11,238,10,8,1,257,318,48902,48.902
qlangtech/plugins,qlangtech__plugins,2025-12,238,10,8,1,257,320,49416,49.416
qlangtech/plugins,qlangtech__plugins,2026-01,240,10,13,1,264,323,50178,50.178
qlangtech/plugins,qlangtech__plugins,2026-02,241,10,13,1,265,325,50588,50.588
qlangtech/plugins,qlangtech__plugins,2026-03,244,11,8,1,264,332,52132,52.132
qm123pz/NightSky-Client,qm123pz__NightSky-Client,2025-11,88,4,3,0,95,55,23193,23.193
qm123pz/NightSky-Client,qm123pz__NightSky-Client,2025-12,104,4,4,0,112,61,25554,25.554
qm123pz/NightSky-Client,qm123pz__NightSky-Client,2026-01,109,4,7,0,120,62,28989,28.989
qm123pz/NightSky-Client,qm123pz__NightSky-Client,2026-02,109,4,7,0,120,62,28989,28.989
qm123pz/NightSky-Client,qm123pz__NightSky-Client,2026-03,109,4,7,0,120,62,28989,28.989
quarkiverse/quarkus-hivemq-client,quarkiverse__quarkus-hivemq-client,2025-04,0,0,1,0,1,14,1250,1.25
quarkiverse/quarkus-hivemq-client,quarkiverse__quarkus-hivemq-client,2025-05,0,0,1,0,1,14,1260,1.26
quarkiverse/quarkus-hivemq-client,quarkiverse__quarkus-hivemq-client,2025-06,0,0,1,0,1,14,1260,1.26
quarkiverse/quarkus-hivemq-client,quarkiverse__quarkus-hivemq-client,2025-07,0,0,1,0,1,14,1260,1.26
quarkiverse/quarkus-hivemq-client,quarkiverse__quarkus-hivemq-client,2025-08,0,0,1,0,1,14,1260,1.26
quarkiverse/quarkus-hivemq-client,quarkiverse__quarkus-hivemq-client,2025-09,0,0,1,0,1,14,1260,1.26
quarkiverse/quarkus-hivemq-client,quarkiverse__quarkus-hivemq-client,2025-10,0,0,1,0,1,14,1260,1.26
quarkiverse/quarkus-hivemq-client,quarkiverse__quarkus-hivemq-client,2025-11,0,0,1,0,1,14,1530,1.53
quarkiverse/quarkus-hivemq-client,quarkiverse__quarkus-hivemq-client,2025-12,0,0,1,0,1,14,1530,1.53
quarkiverse/quarkus-hivemq-client,quarkiverse__quarkus-hivemq-client,2026-01,0,0,1,0,1,14,1530,1.53
quarkiverse/quarkus-hivemq-client,quarkiverse__quarkus-hivemq-client,2026-02,0,0,1,0,1,14,1530,1.53
quarkiverse/quarkus-hivemq-client,quarkiverse__quarkus-hivemq-client,2026-03,0,0,1,0,1,14,1530,1.53
quarkiverse/quarkus-hivemq-client,quarkiverse__quarkus-hivemq-client,2026-04,0,0,1,0,1,14,1530,1.53
rabbitmq/rabbitmq-stream-java-client,rabbitmq__rabbitmq-stream-java-client,2025-03,46,0,4,1,51,13,27000,27.0
rabbitmq/rabbitmq-stream-java-client,rabbitmq__rabbitmq-stream-java-client,2025-04,46,0,4,1,51,13,27174,27.174
rabbitmq/rabbitmq-stream-java-client,rabbitmq__rabbitmq-stream-java-client,2025-05,46,0,4,1,51,13,27150,27.15
rabbitmq/rabbitmq-stream-java-client,rabbitmq__rabbitmq-stream-java-client,2025-06,46,0,4,1,51,13,27177,27.177
rabbitmq/rabbitmq-stream-java-client,rabbitmq__rabbitmq-stream-java-client,2025-07,48,0,4,1,53,13,27461,27.461
rabbitmq/rabbitmq-stream-java-client,rabbitmq__rabbitmq-stream-java-client,2025-08,47,0,4,1,52,13,27565,27.565
rabbitmq/rabbitmq-stream-java-client,rabbitmq__rabbitmq-stream-java-client,2025-09,48,0,4,1,53,14,28804,28.804
rabbitmq/rabbitmq-stream-java-client,rabbitmq__rabbitmq-stream-java-client,2025-10,48,0,4,1,53,14,29910,29.91
rabbitmq/rabbitmq-stream-java-client,rabbitmq__rabbitmq-stream-java-client,2025-11,48,0,4,1,53,14,29914,29.914
rabbitmq/rabbitmq-stream-java-client,rabbitmq__rabbitmq-stream-java-client,2025-12,48,0,4,1,53,14,29937,29.937
rabbitmq/rabbitmq-stream-java-client,rabbitmq__rabbitmq-stream-java-client,2026-01,48,0,4,1,53,14,30110,30.11
rabbitmq/rabbitmq-stream-java-client,rabbitmq__rabbitmq-stream-java-client,2026-02,48,0,5,1,54,14,30202,30.202
rabbitmq/rabbitmq-stream-java-client,rabbitmq__rabbitmq-stream-java-client,2026-03,49,0,3,1,53,14,30485,30.485
redis/redis-om-spring,redis__redis-om-spring,2024-08,97,4,7,0,108,90,30594,30.594
redis/redis-om-spring,redis__redis-om-spring,2024-09,97,4,7,0,108,90,30580,30.58
redis/redis-om-spring,redis__redis-om-spring,2024-10,97,4,7,0,108,90,30585,30.585
redis/redis-om-spring,redis__redis-om-spring,2024-11,97,4,7,0,108,90,30701,30.701
redis/redis-om-spring,redis__redis-om-spring,2024-12,97,4,7,0,108,90,30701,30.701
redis/redis-om-spring,redis__redis-om-spring,2025-01,97,4,7,0,108,90,30721,30.721
redis/redis-om-spring,redis__redis-om-spring,2025-02,101,4,7,0,112,91,31816,31.816
redis/redis-om-spring,redis__redis-om-spring,2025-03,102,4,7,0,113,91,32412,32.412
redis/redis-om-spring,redis__redis-om-spring,2025-04,102,4,7,0,113,91,32682,32.682
redis/redis-om-spring,redis__redis-om-spring,2025-05,106,4,5,0,115,96,33875,33.875
redis/redis-om-spring,redis__redis-om-spring,2025-06,123,5,8,0,136,119,37979,37.979
redis/redis-om-spring,redis__redis-om-spring,2025-07,123,5,8,0,136,119,37979,37.979
redis/redis-om-spring,redis__redis-om-spring,2025-08,129,4,7,0,140,127,41326,41.326
remsfal/remsfal-backend,remsfal__remsfal-backend,2025-01,9,0,6,0,15,23,11837,11.837
remsfal/remsfal-backend,remsfal__remsfal-backend,2025-02,9,0,5,0,14,25,13753,13.753
remsfal/remsfal-backend,remsfal__remsfal-backend,2025-03,9,0,5,0,14,25,13753,13.753
remsfal/remsfal-backend,remsfal__remsfal-backend,2025-04,9,0,6,0,15,26,13665,13.665
remsfal/remsfal-backend,remsfal__remsfal-backend,2025-05,9,2,5,0,16,39,13364,13.364
remsfal/remsfal-backend,remsfal__remsfal-backend,2025-06,9,2,5,0,16,39,13366,13.366
remsfal/remsfal-backend,remsfal__remsfal-backend,2025-07,10,3,6,0,19,39,14723,14.723
remsfal/remsfal-backend,remsfal__remsfal-backend,2025-08,10,1,7,0,18,48,16224,16.224
remsfal/remsfal-backend,remsfal__remsfal-backend,2025-09,10,0,3,0,13,48,16194,16.194
remsfal/remsfal-backend,remsfal__remsfal-backend,2025-10,8,0,4,0,12,46,15712,15.712
remsfal/remsfal-backend,remsfal__remsfal-backend,2025-11,9,0,3,0,12,46,15842,15.842
remsfal/remsfal-backend,remsfal__remsfal-backend,2025-12,7,0,3,0,10,45,16352,16.352
remsfal/remsfal-backend,remsfal__remsfal-backend,2026-01,7,0,3,0,10,46,16410,16.41
salesforce/multicloudj,salesforce__multicloudj,2025-05,6,0,4,0,10,35,14894,14.894
salesforce/multicloudj,salesforce__multicloudj,2025-06,6,0,4,0,10,40,17107,17.107
salesforce/multicloudj,salesforce__multicloudj,2025-07,6,0,5,0,11,41,20134,20.134
salesforce/multicloudj,salesforce__multicloudj,2025-08,7,0,5,0,12,41,22637,22.637
salesforce/multicloudj,salesforce__multicloudj,2025-09,7,0,5,0,12,41,23025,23.025
salesforce/multicloudj,salesforce__multicloudj,2025-10,7,0,5,0,12,41,23031,23.031
salesforce/multicloudj,salesforce__multicloudj,2025-11,9,0,13,0,22,56,29429,29.429
salesforce/multicloudj,salesforce__multicloudj,2025-12,10,0,4,0,14,60,34429,34.429
salesforce/multicloudj,salesforce__multicloudj,2026-01,10,0,6,0,16,61,36496,36.496
salesforce/multicloudj,salesforce__multicloudj,2026-02,10,0,8,0,18,65,40491,40.491
salesforce/multicloudj,salesforce__multicloudj,2026-03,11,0,4,0,15,77,45530,45.53
salesforce/multicloudj,salesforce__multicloudj,2026-04,12,0,4,0,16,78,49313,49.313
schmave/demschooltools,schmave__demschooltools,2025-05,48,0,2,1,51,19,13033,13.033
schmave/demschooltools,schmave__demschooltools,2025-06,48,0,2,1,51,19,13033,13.033
schmave/demschooltools,schmave__demschooltools,2025-07,48,0,2,1,51,19,13033,13.033
schmave/demschooltools,schmave__demschooltools,2025-08,48,0,2,1,51,19,13036,13.036
schmave/demschooltools,schmave__demschooltools,2025-09,48,0,2,1,51,19,12756,12.756
schmave/demschooltools,schmave__demschooltools,2025-10,48,0,2,1,51,19,12756,12.756
schmave/demschooltools,schmave__demschooltools,2025-11,48,0,2,1,51,19,12756,12.756
schmave/demschooltools,schmave__demschooltools,2025-12,48,0,2,1,51,19,12757,12.757
schmave/demschooltools,schmave__demschooltools,2026-01,48,0,2,1,51,19,12757,12.757
schmave/demschooltools,schmave__demschooltools,2026-02,48,0,2,1,51,19,12757,12.757
schmave/demschooltools,schmave__demschooltools,2026-03,48,0,2,1,51,19,12757,12.757
schmave/demschooltools,schmave__demschooltools,2026-04,48,0,2,1,51,19,12757,12.757
schmave/demschooltools,schmave__demschooltools,2026-05,48,0,2,1,51,19,12757,12.757
seed4j/seed4j,seed4j__seed4j,2025-01,109,3,10,0,122,692,40734,40.734
seed4j/seed4j,seed4j__seed4j,2025-02,110,3,8,0,121,702,41005,41.005
seed4j/seed4j,seed4j__seed4j,2025-03,110,3,8,0,121,702,41047,41.047
seed4j/seed4j,seed4j__seed4j,2025-04,111,3,8,0,122,697,41090,41.09
seed4j/seed4j,seed4j__seed4j,2025-05,113,4,8,0,125,698,41321,41.321
seed4j/seed4j,seed4j__seed4j,2025-06,113,3,8,0,124,703,41716,41.716
seed4j/seed4j,seed4j__seed4j,2025-07,115,3,8,0,126,703,42565,42.565
seed4j/seed4j,seed4j__seed4j,2025-08,115,3,8,0,126,712,42587,42.587
seed4j/seed4j,seed4j__seed4j,2025-09,115,3,9,0,127,717,42829,42.829
seed4j/seed4j,seed4j__seed4j,2025-10,115,3,9,0,127,722,43066,43.066
seed4j/seed4j,seed4j__seed4j,2025-11,115,3,8,0,126,727,43169,43.169
seed4j/seed4j,seed4j__seed4j,2025-12,115,3,8,0,126,727,43174,43.174
seed4j/seed4j,seed4j__seed4j,2026-01,116,3,8,0,127,729,43327,43.327
sekelsta/horse-colors,sekelsta__horse-colors,2025-01,56,1,3,0,60,13,4887,4.887
sekelsta/horse-colors,sekelsta__horse-colors,2025-02,56,1,3,0,60,13,4887,4.887
sekelsta/horse-colors,sekelsta__horse-colors,2025-03,56,1,3,0,60,13,4887,4.887
sekelsta/horse-colors,sekelsta__horse-colors,2025-04,56,1,3,0,60,13,4887,4.887
sekelsta/horse-colors,sekelsta__horse-colors,2025-05,56,1,3,0,60,13,4887,4.887
sekelsta/horse-colors,sekelsta__horse-colors,2025-06,56,1,3,0,60,13,4887,4.887
sekelsta/horse-colors,sekelsta__horse-colors,2025-07,56,1,3,0,60,13,4887,4.887
sekelsta/horse-colors,sekelsta__horse-colors,2025-08,56,1,3,0,60,13,4887,4.887
sekelsta/horse-colors,sekelsta__horse-colors,2025-09,56,1,3,0,60,13,4887,4.887
sekelsta/horse-colors,sekelsta__horse-colors,2025-10,56,1,3,0,60,13,4887,4.887
sekelsta/horse-colors,sekelsta__horse-colors,2025-11,56,1,3,0,60,13,4887,4.887
sekelsta/horse-colors,sekelsta__horse-colors,2025-12,56,1,3,0,60,13,4887,4.887
sekelsta/horse-colors,sekelsta__horse-colors,2026-01,56,1,3,0,60,13,4887,4.887
slackhq/astra,slackhq__astra,2024-12,85,2,6,0,93,40,37385,37.385
slackhq/astra,slackhq__astra,2025-01,85,2,6,0,93,40,37383,37.383
slackhq/astra,slackhq__astra,2025-02,86,2,6,0,94,41,37555,37.555
slackhq/astra,slackhq__astra,2025-03,86,2,6,0,94,41,37558,37.558
slackhq/astra,slackhq__astra,2025-04,86,2,6,0,94,41,37575,37.575
slackhq/astra,slackhq__astra,2025-05,86,2,6,0,94,41,37684,37.684
slackhq/astra,slackhq__astra,2025-06,87,2,7,0,96,41,38274,38.274
slackhq/astra,slackhq__astra,2025-07,87,2,7,0,96,41,39696,39.696
slackhq/astra,slackhq__astra,2025-08,87,2,3,0,92,41,45546,45.546
slackhq/astra,slackhq__astra,2025-09,87,2,3,0,92,41,45931,45.931
slackhq/astra,slackhq__astra,2025-10,87,2,4,0,93,43,46058,46.058
slackhq/astra,slackhq__astra,2025-11,87,2,4,0,93,43,46058,46.058
slackhq/astra,slackhq__astra,2025-12,87,2,4,0,93,43,46058,46.058
smartboot/smart-mqtt,smartboot__smart-mqtt,2025-05,43,0,3,0,46,51,7849,7.849
smartboot/smart-mqtt,smartboot__smart-mqtt,2025-06,44,1,3,0,48,46,7838,7.838
smartboot/smart-mqtt,smartboot__smart-mqtt,2025-07,44,1,6,0,51,45,8173,8.173
smartboot/smart-mqtt,smartboot__smart-mqtt,2025-08,44,1,6,0,51,45,8201,8.201
smartboot/smart-mqtt,smartboot__smart-mqtt,2025-09,44,1,6,0,51,45,8206,8.206
smartboot/smart-mqtt,smartboot__smart-mqtt,2025-10,44,1,6,0,51,45,8206,8.206
smartboot/smart-mqtt,smartboot__smart-mqtt,2025-11,44,1,16,0,61,45,8209,8.209
smartboot/smart-mqtt,smartboot__smart-mqtt,2025-12,44,1,4,0,49,45,8241,8.241
smartboot/smart-mqtt,smartboot__smart-mqtt,2026-01,44,1,4,0,49,45,8239,8.239
smartboot/smart-mqtt,smartboot__smart-mqtt,2026-02,44,1,4,0,49,45,8239,8.239
smartboot/smart-mqtt,smartboot__smart-mqtt,2026-03,47,1,4,0,52,46,8740,8.74
smartboot/smart-mqtt,smartboot__smart-mqtt,2026-04,52,1,3,0,56,49,8938,8.938
smartboot/smart-mqtt,smartboot__smart-mqtt,2026-05,52,1,3,0,56,49,8938,8.938
spannm/ucanaccess,spannm__ucanaccess,2025-04,92,0,4,0,96,13,11900,11.9
spannm/ucanaccess,spannm__ucanaccess,2025-05,92,0,4,0,96,13,11916,11.916
spannm/ucanaccess,spannm__ucanaccess,2025-06,92,0,4,0,96,13,11916,11.916
spannm/ucanaccess,spannm__ucanaccess,2025-07,92,0,4,0,96,13,11916,11.916
spannm/ucanaccess,spannm__ucanaccess,2025-08,92,0,4,0,96,13,12045,12.045
spannm/ucanaccess,spannm__ucanaccess,2025-09,92,0,4,0,96,13,12176,12.176
spannm/ucanaccess,spannm__ucanaccess,2025-10,92,0,4,0,96,13,12176,12.176
spannm/ucanaccess,spannm__ucanaccess,2025-11,92,0,4,0,96,13,12177,12.177
spannm/ucanaccess,spannm__ucanaccess,2025-12,92,0,4,0,96,13,12178,12.178
spannm/ucanaccess,spannm__ucanaccess,2026-01,92,0,4,0,96,13,12178,12.178
spannm/ucanaccess,spannm__ucanaccess,2026-02,92,0,4,0,96,13,12178,12.178
spannm/ucanaccess,spannm__ucanaccess,2026-03,92,0,4,0,96,14,12209,12.209
spannm/ucanaccess,spannm__ucanaccess,2026-04,92,0,4,0,96,14,12208,12.208
spockframework/spock,spockframework__spock,2024-04,138,2,6,0,146,77,17306,17.306
spockframework/spock,spockframework__spock,2024-05,164,2,6,0,172,77,17723,17.723
spockframework/spock,spockframework__spock,2024-06,164,2,6,0,172,77,17741,17.741
spockframework/spock,spockframework__spock,2024-07,164,2,6,0,172,77,17741,17.741
spockframework/spock,spockframework__spock,2024-08,164,2,6,0,172,77,17741,17.741
spockframework/spock,spockframework__spock,2024-09,164,2,6,0,172,77,17794,17.794
spockframework/spock,spockframework__spock,2024-10,164,2,4,0,170,77,17863,17.863
spockframework/spock,spockframework__spock,2024-11,164,2,4,0,170,77,17875,17.875
spockframework/spock,spockframework__spock,2024-12,164,2,4,0,170,77,17878,17.878
spockframework/spock,spockframework__spock,2025-01,182,2,7,0,191,77,18226,18.226
spockframework/spock,spockframework__spock,2025-02,182,2,7,0,191,77,18244,18.244
spockframework/spock,spockframework__spock,2025-03,182,2,7,0,191,77,18247,18.247
spockframework/spock,spockframework__spock,2025-04,206,2,8,0,216,78,18433,18.433
spring-projects/spring-integration,spring-projects__spring-integration,2024-09,215,7,14,1,237,390,196841,196.841
spring-projects/spring-integration,spring-projects__spring-integration,2024-10,216,7,14,0,237,391,197116,197.116
spring-projects/spring-integration,spring-projects__spring-integration,2024-11,216,7,23,0,246,391,197220,197.22
spring-projects/spring-integration,spring-projects__spring-integration,2024-12,216,7,23,0,246,391,197207,197.207
spring-projects/spring-integration,spring-projects__spring-integration,2025-01,216,7,24,0,247,391,197289,197.289
spring-projects/spring-integration,spring-projects__spring-integration,2025-02,216,7,21,0,244,389,197147,197.147
spring-projects/spring-integration,spring-projects__spring-integration,2025-03,217,7,21,0,245,385,194597,194.597
spring-projects/spring-integration,spring-projects__spring-integration,2025-04,217,7,21,0,245,385,194804,194.804
spring-projects/spring-integration,spring-projects__spring-integration,2025-05,216,7,21,0,244,389,197324,197.324
spring-projects/spring-integration,spring-projects__spring-integration,2025-06,219,7,21,0,247,389,197198,197.198
spring-projects/spring-integration,spring-projects__spring-integration,2025-07,241,8,21,0,270,387,198705,198.705
spring-projects/spring-integration,spring-projects__spring-integration,2025-08,218,7,18,0,243,386,199671,199.671
spring-projects/spring-integration,spring-projects__spring-integration,2025-09,218,7,11,0,236,386,200423,200.423
standard-webhooks/standard-webhooks,standard-webhooks__standard-webhooks,2025-03,0,0,0,0,0,3,176,0.176
standard-webhooks/standard-webhooks,standard-webhooks__standard-webhooks,2025-04,0,0,0,0,0,3,176,0.176
standard-webhooks/standard-webhooks,standard-webhooks__standard-webhooks,2025-05,0,0,0,0,0,3,176,0.176
standard-webhooks/standard-webhooks,standard-webhooks__standard-webhooks,2025-06,0,0,0,0,0,3,176,0.176
standard-webhooks/standard-webhooks,standard-webhooks__standard-webhooks,2025-07,0,0,0,0,0,3,176,0.176
standard-webhooks/standard-webhooks,standard-webhooks__standard-webhooks,2025-08,0,0,0,0,0,3,176,0.176
standard-webhooks/standard-webhooks,standard-webhooks__standard-webhooks,2025-09,0,0,0,0,0,3,176,0.176
standard-webhooks/standard-webhooks,standard-webhooks__standard-webhooks,2025-10,0,0,0,0,0,3,176,0.176
standard-webhooks/standard-webhooks,standard-webhooks__standard-webhooks,2025-11,0,0,0,0,0,3,176,0.176
standard-webhooks/standard-webhooks,standard-webhooks__standard-webhooks,2025-12,0,0,0,0,0,3,176,0.176
standard-webhooks/standard-webhooks,standard-webhooks__standard-webhooks,2026-01,0,0,0,0,0,3,176,0.176
standard-webhooks/standard-webhooks,standard-webhooks__standard-webhooks,2026-02,0,0,0,0,0,3,277,0.277
standard-webhooks/standard-webhooks,standard-webhooks__standard-webhooks,2026-03,0,0,0,0,0,3,277,0.277
swift-lang/swift-t,swift-lang__swift-t,2025-04,111,3,5,0,119,22,29470,29.47
swift-lang/swift-t,swift-lang__swift-t,2025-05,111,3,5,0,119,22,29470,29.47
swift-lang/swift-t,swift-lang__swift-t,2025-06,111,3,5,0,119,22,29470,29.47
swift-lang/swift-t,swift-lang__swift-t,2025-07,111,3,5,0,119,22,29470,29.47
swift-lang/swift-t,swift-lang__swift-t,2025-08,111,3,5,0,119,22,29470,29.47
swift-lang/swift-t,swift-lang__swift-t,2025-09,111,3,5,0,119,22,29470,29.47
swift-lang/swift-t,swift-lang__swift-t,2025-10,111,3,5,0,119,22,29470,29.47
swift-lang/swift-t,swift-lang__swift-t,2025-11,111,3,5,0,119,22,29470,29.47
swift-lang/swift-t,swift-lang__swift-t,2025-12,111,3,5,0,119,22,29470,29.47
swift-lang/swift-t,swift-lang__swift-t,2026-01,111,3,5,0,119,22,29470,29.47
swift-lang/swift-t,swift-lang__swift-t,2026-02,111,3,5,0,119,22,29470,29.47
swift-lang/swift-t,swift-lang__swift-t,2026-03,111,3,5,0,119,22,29470,29.47
swift-lang/swift-t,swift-lang__swift-t,2026-04,111,3,5,0,119,22,29470,29.47
tcheeric/nostr-java,tcheeric__nostr-java,2025-01,34,2,7,0,43,47,9168,9.168
tcheeric/nostr-java,tcheeric__nostr-java,2025-02,34,2,6,0,42,47,9345,9.345
tcheeric/nostr-java,tcheeric__nostr-java,2025-04,39,1,8,0,48,33,9643,9.643
tcheeric/nostr-java,tcheeric__nostr-java,2025-05,39,1,8,0,48,33,9643,9.643
tcheeric/nostr-java,tcheeric__nostr-java,2025-06,47,2,6,0,55,33,10793,10.793
tcheeric/nostr-java,tcheeric__nostr-java,2025-07,49,2,5,0,56,33,11215,11.215
tcheeric/nostr-java,tcheeric__nostr-java,2025-08,50,2,4,0,56,35,12061,12.061
tcheeric/nostr-java,tcheeric__nostr-java,2025-09,49,1,9,0,59,35,12352,12.352
tcheeric/nostr-java,tcheeric__nostr-java,2025-10,49,1,9,0,59,35,12352,12.352
tcheeric/nostr-java,tcheeric__nostr-java,2025-11,65,1,4,0,70,46,17084,17.084
tcheeric/nostr-java,tcheeric__nostr-java,2025-12,65,1,4,0,70,46,17084,17.084
tcheeric/nostr-java,tcheeric__nostr-java,2026-01,65,1,4,0,70,46,17144,17.144
tradestreamhq/tradestream,tradestreamhq__tradestream,2025-01,0,0,0,0,0,5,1869,1.869
tradestreamhq/tradestream,tradestreamhq__tradestream,2025-02,0,0,0,0,0,5,1869,1.869
tradestreamhq/tradestream,tradestreamhq__tradestream,2025-03,2,0,0,0,2,18,5238,5.238
tradestreamhq/tradestream,tradestreamhq__tradestream,2025-04,2,0,1,0,3,25,6420,6.42
tradestreamhq/tradestream,tradestreamhq__tradestream,2025-05,2,0,1,0,3,25,6420,6.42
tradestreamhq/tradestream,tradestreamhq__tradestream,2025-06,2,0,1,0,3,25,6420,6.42
tradestreamhq/tradestream,tradestreamhq__tradestream,2025-07,1,0,0,0,1,78,12689,12.689
tradestreamhq/tradestream,tradestreamhq__tradestream,2025-08,1,0,0,0,1,77,11837,11.837
tradestreamhq/tradestream,tradestreamhq__tradestream,2025-09,1,0,0,0,1,77,11837,11.837
tradestreamhq/tradestream,tradestreamhq__tradestream,2025-10,1,0,0,0,1,77,11837,11.837
tradestreamhq/tradestream,tradestreamhq__tradestream,2025-11,1,0,0,0,1,77,11837,11.837
tradestreamhq/tradestream,tradestreamhq__tradestream,2025-12,1,0,0,0,1,77,11837,11.837
ttoklip/BackEnd,ttoklip__BackEnd,2025-02,99,4,2,0,105,229,16542,16.542
ttoklip/BackEnd,ttoklip__BackEnd,2025-03,99,4,2,0,105,229,16542,16.542
ttoklip/BackEnd,ttoklip__BackEnd,2025-04,99,4,2,0,105,229,16542,16.542
ttoklip/BackEnd,ttoklip__BackEnd,2025-05,99,4,2,0,105,229,16542,16.542
ttoklip/BackEnd,ttoklip__BackEnd,2025-06,99,4,2,0,105,229,16542,16.542
ttoklip/BackEnd,ttoklip__BackEnd,2025-07,99,4,2,0,105,229,16542,16.542
ttoklip/BackEnd,ttoklip__BackEnd,2025-08,99,4,2,0,105,229,16542,16.542
ttoklip/BackEnd,ttoklip__BackEnd,2025-09,99,4,2,0,105,229,16542,16.542
ttoklip/BackEnd,ttoklip__BackEnd,2025-10,99,4,2,0,105,229,16542,16.542
ttoklip/BackEnd,ttoklip__BackEnd,2025-11,99,4,2,0,105,229,16542,16.542
ttoklip/BackEnd,ttoklip__BackEnd,2025-12,99,4,2,0,105,229,16542,16.542
ttoklip/BackEnd,ttoklip__BackEnd,2026-01,99,4,2,0,105,229,16542,16.542
ttoklip/BackEnd,ttoklip__BackEnd,2026-02,99,4,2,0,105,229,16542,16.542
wildmountainfarms/solarthing,wildmountainfarms__solarthing,2024-12,352,8,18,0,378,190,29160,29.16
wildmountainfarms/solarthing,wildmountainfarms__solarthing,2025-01,366,8,13,0,387,201,29594,29.594
wildmountainfarms/solarthing,wildmountainfarms__solarthing,2025-02,366,8,13,0,387,201,29594,29.594
wildmountainfarms/solarthing,wildmountainfarms__solarthing,2025-03,366,8,13,0,387,201,29594,29.594
wildmountainfarms/solarthing,wildmountainfarms__solarthing,2025-04,366,8,13,0,387,201,29594,29.594
wildmountainfarms/solarthing,wildmountainfarms__solarthing,2025-05,366,8,13,0,387,201,29594,29.594
wildmountainfarms/solarthing,wildmountainfarms__solarthing,2025-06,366,8,13,0,387,201,29594,29.594
wildmountainfarms/solarthing,wildmountainfarms__solarthing,2025-07,366,8,13,0,387,201,29341,29.341
wildmountainfarms/solarthing,wildmountainfarms__solarthing,2025-08,366,8,13,0,387,201,29343,29.343
wildmountainfarms/solarthing,wildmountainfarms__solarthing,2025-09,366,8,13,0,387,202,29409,29.409
wildmountainfarms/solarthing,wildmountainfarms__solarthing,2025-10,366,8,13,0,387,202,29409,29.409
wildmountainfarms/solarthing,wildmountainfarms__solarthing,2025-11,366,8,13,0,387,202,29409,29.409
wildmountainfarms/solarthing,wildmountainfarms__solarthing,2025-12,366,8,13,0,387,202,29409,29.409
wisemapping/wisemapping-open-source,wisemapping__wisemapping-open-source,2025-04,18,0,3,0,21,21,4893,4.893
wisemapping/wisemapping-open-source,wisemapping__wisemapping-open-source,2025-05,18,0,3,0,21,21,4893,4.893
wisemapping/wisemapping-open-source,wisemapping__wisemapping-open-source,2025-06,18,0,3,0,21,21,4893,4.893
wisemapping/wisemapping-open-source,wisemapping__wisemapping-open-source,2025-07,18,0,3,0,21,21,4893,4.893
wisemapping/wisemapping-open-source,wisemapping__wisemapping-open-source,2025-08,18,0,3,0,21,21,4893,4.893
wisemapping/wisemapping-open-source,wisemapping__wisemapping-open-source,2025-09,18,0,3,0,21,21,4909,4.909
wisemapping/wisemapping-open-source,wisemapping__wisemapping-open-source,2025-10,23,1,7,0,31,32,10829,10.829
wisemapping/wisemapping-open-source,wisemapping__wisemapping-open-source,2025-11,25,0,6,0,31,29,15713,15.713
wisemapping/wisemapping-open-source,wisemapping__wisemapping-open-source,2025-12,27,1,4,0,32,34,18198,18.198
wisemapping/wisemapping-open-source,wisemapping__wisemapping-open-source,2026-01,30,1,4,0,35,34,18691,18.691
wisemapping/wisemapping-open-source,wisemapping__wisemapping-open-source,2026-02,30,1,5,0,36,34,17480,17.48
wisemapping/wisemapping-open-source,wisemapping__wisemapping-open-source,2026-03,31,1,5,0,37,34,17504,17.504
wisemapping/wisemapping-open-source,wisemapping__wisemapping-open-source,2026-04,31,1,5,0,37,34,17504,17.504
wso2-extensions/identity-organization-management,wso2-extensions__identity-organization-management,2025-02,20,1,5,0,26,118,14747,14.747
wso2-extensions/identity-organization-management,wso2-extensions__identity-organization-management,2025-03,19,1,6,0,26,118,16095,16.095
wso2-extensions/identity-organization-management,wso2-extensions__identity-organization-management,2025-04,20,1,6,0,27,118,16993,16.993
wso2-extensions/identity-organization-management,wso2-extensions__identity-organization-management,2025-05,20,1,6,0,27,118,16975,16.975
wso2-extensions/identity-organization-management,wso2-extensions__identity-organization-management,2025-06,21,1,8,0,30,128,18205,18.205
wso2-extensions/identity-organization-management,wso2-extensions__identity-organization-management,2025-07,21,1,8,0,30,128,18226,18.226
wso2-extensions/identity-organization-management,wso2-extensions__identity-organization-management,2025-08,22,3,7,0,32,132,21366,21.366
wso2-extensions/identity-organization-management,wso2-extensions__identity-organization-management,2025-09,22,3,6,0,31,132,22112,22.112
wso2-extensions/identity-organization-management,wso2-extensions__identity-organization-management,2025-10,22,3,7,0,32,132,22453,22.453
wso2-extensions/identity-organization-management,wso2-extensions__identity-organization-management,2025-11,22,3,7,0,32,132,22455,22.455
wso2-extensions/identity-organization-management,wso2-extensions__identity-organization-management,2025-12,22,3,7,0,32,132,22455,22.455
wso2-extensions/identity-organization-management,wso2-extensions__identity-organization-management,2026-01,22,2,7,0,31,132,22972,22.972
wso2-extensions/identity-organization-management,wso2-extensions__identity-organization-management,2026-02,22,2,7,0,31,132,22972,22.972
wultra/powerauth-server,wultra__powerauth-server,2025-05,18,1,4,0,23,87,20686,20.686
wultra/powerauth-server,wultra__powerauth-server,2025-06,18,1,4,0,23,87,20688,20.688
wultra/powerauth-server,wultra__powerauth-server,2025-07,18,1,4,0,23,87,20979,20.979
wultra/powerauth-server,wultra__powerauth-server,2025-08,23,4,3,0,30,121,26381,26.381
wultra/powerauth-server,wultra__powerauth-server,2025-09,25,4,5,0,34,124,26716,26.716
wultra/powerauth-server,wultra__powerauth-server,2025-10,25,3,5,0,33,126,28460,28.46
wultra/powerauth-server,wultra__powerauth-server,2025-11,28,3,7,0,38,126,29227,29.227
wultra/powerauth-server,wultra__powerauth-server,2025-12,27,3,11,0,41,127,29834,29.834
wultra/powerauth-server,wultra__powerauth-server,2026-01,27,3,11,0,41,127,30172,30.172
wultra/powerauth-server,wultra__powerauth-server,2026-02,27,3,10,0,40,127,30385,30.385
wultra/powerauth-server,wultra__powerauth-server,2026-03,27,3,10,0,40,127,30502,30.502
wultra/powerauth-server,wultra__powerauth-server,2026-04,28,3,10,0,41,127,30605,30.605
wultra/powerauth-server,wultra__powerauth-server,2026-05,28,3,10,0,41,127,30605,30.605
xerial/snappy-java,xerial__snappy-java,2025-01,2,0,1,0,3,5,3955,3.955
xerial/snappy-java,xerial__snappy-java,2025-02,2,0,1,0,3,5,3955,3.955
xerial/snappy-java,xerial__snappy-java,2025-03,2,0,1,0,3,5,3957,3.957
xerial/snappy-java,xerial__snappy-java,2025-04,2,0,1,0,3,5,3957,3.957
xerial/snappy-java,xerial__snappy-java,2025-05,2,0,1,0,3,5,3957,3.957
xerial/snappy-java,xerial__snappy-java,2025-06,2,0,1,0,3,5,3957,3.957
xerial/snappy-java,xerial__snappy-java,2025-07,2,0,1,0,3,5,3957,3.957
xerial/snappy-java,xerial__snappy-java,2025-08,2,0,1,0,3,5,3961,3.961
xerial/snappy-java,xerial__snappy-java,2025-09,2,0,1,0,3,5,3961,3.961
xerial/snappy-java,xerial__snappy-java,2025-10,2,0,1,0,3,5,3961,3.961
xerial/snappy-java,xerial__snappy-java,2025-11,2,0,1,0,3,5,3961,3.961
xerial/snappy-java,xerial__snappy-java,2025-12,2,0,1,0,3,5,3961,3.961
xerial/snappy-java,xerial__snappy-java,2026-01,2,0,1,0,3,5,3961,3.961
xtclang/xvm,xtclang__xvm,2025-07,5760,4,10,5,5779,62,134944,134.944
xtclang/xvm,xtclang__xvm,2026-01,5509,4,4,4,5521,74,115977,115.977
xtclang/xvm,xtclang__xvm,2026-02,5594,4,11,4,5613,74,118120,118.12
yellowstonegames/SquidSquad,yellowstonegames__SquidSquad,2025-02,30,0,5,3,38,55,98913,98.913
yellowstonegames/SquidSquad,yellowstonegames__SquidSquad,2025-03,30,0,8,3,41,61,101302,101.302
yellowstonegames/SquidSquad,yellowstonegames__SquidSquad,2025-04,30,0,8,3,41,61,101019,101.019
yellowstonegames/SquidSquad,yellowstonegames__SquidSquad,2025-05,30,0,5,3,38,61,102658,102.658
yellowstonegames/SquidSquad,yellowstonegames__SquidSquad,2025-06,30,0,4,3,37,61,104077,104.077
yellowstonegames/SquidSquad,yellowstonegames__SquidSquad,2025-07,30,0,22,3,55,61,104412,104.412
yellowstonegames/SquidSquad,yellowstonegames__SquidSquad,2025-08,30,0,22,3,55,62,105233,105.233
yellowstonegames/SquidSquad,yellowstonegames__SquidSquad,2025-09,30,0,22,3,55,62,105420,105.42
yellowstonegames/SquidSquad,yellowstonegames__SquidSquad,2025-10,30,0,3,3,36,62,106147,106.147
yellowstonegames/SquidSquad,yellowstonegames__SquidSquad,2025-11,30,0,3,3,36,65,106117,106.117
yellowstonegames/SquidSquad,yellowstonegames__SquidSquad,2025-12,30,0,3,3,36,67,107508,107.508
yellowstonegames/SquidSquad,yellowstonegames__SquidSquad,2026-01,30,0,3,3,36,67,107633,107.633
yellowstonegames/SquidSquad,yellowstonegames__SquidSquad,2026-02,30,0,3,3,36,67,107711,107.711
yennanliu/CS_basics,yennanliu__CS_basics,2025-04,24,0,1,0,25,374,69630,69.63
yennanliu/CS_basics,yennanliu__CS_basics,2025-06,24,0,1,1,26,374,76884,76.884
yennanliu/CS_basics,yennanliu__CS_basics,2025-07,24,0,1,1,26,374,78231,78.231
yennanliu/CS_basics,yennanliu__CS_basics,2025-08,24,0,1,1,26,374,78600,78.6
yennanliu/CS_basics,yennanliu__CS_basics,2025-09,24,0,1,1,26,374,79908,79.908
yennanliu/CS_basics,yennanliu__CS_basics,2025-10,24,0,1,1,26,376,82805,82.805
yennanliu/CS_basics,yennanliu__CS_basics,2025-11,24,0,1,1,26,376,86653,86.653
yennanliu/CS_basics,yennanliu__CS_basics,2025-12,24,0,1,1,26,376,91332,91.332
yennanliu/CS_basics,yennanliu__CS_basics,2026-01,24,0,1,1,26,376,96157,96.157
yennanliu/CS_basics,yennanliu__CS_basics,2026-02,24,0,1,0,25,376,88109,88.109
yennanliu/CS_basics,yennanliu__CS_basics,2026-03,24,0,1,0,25,376,88220,88.22
yennanliu/CS_basics,yennanliu__CS_basics,2026-04,24,0,1,0,25,377,89374,89.374
zilliztech/vts,zilliztech__vts,2025-01,609,10,14,2,635,1059,239414,239.414
zilliztech/vts,zilliztech__vts,2025-06,498,8,4,1,511,617,170263,170.263
zilliztech/vts,zilliztech__vts,2025-07,479,7,7,0,493,552,130431,130.431
zilliztech/vts,zilliztech__vts,2025-08,479,7,7,0,493,552,130431,130.431
zilliztech/vts,zilliztech__vts,2025-09,479,7,7,0,493,557,130812,130.812
zilliztech/vts,zilliztech__vts,2025-10,479,7,7,0,493,563,131116,131.116
zilliztech/vts,zilliztech__vts,2025-12,478,7,7,0,492,563,131442,131.442
