repo_name,dir_name,month,commit_sha,is_treatment,first_treat_month,status
devonfw/IDEasy,devonfw__IDEasy,2025-01,cac095bc3552c1401494370d14d014824fa1b066,1,2025-07,found
devonfw/IDEasy,devonfw__IDEasy,2025-02,738c0b99679045356135316e2664d5bd5ccc2861,1,2025-07,found
devonfw/IDEasy,devonfw__IDEasy,2025-03,7cea286816d21c8a63f166b471a736eb11a701a1,1,2025-07,found
devonfw/IDEasy,devonfw__IDEasy,2025-04,a16c1346e39c2048df49ba6bfc7bfdeb87881ee8,1,2025-07,found
devonfw/IDEasy,devonfw__IDEasy,2025-05,1cb05a03143c61d0079e2c80a7c3aa32fdee7881,1,2025-07,found
devonfw/IDEasy,devonfw__IDEasy,2025-06,d6ad552c7b61cdb3b4bb5a612468077951195872,1,2025-07,found
devonfw/IDEasy,devonfw__IDEasy,2025-07,b06414502116c1dbb05ad95513b545a5116a9c6e,1,2025-07,found
devonfw/IDEasy,devonfw__IDEasy,2025-08,90ae754c426d438f4a69d7c8405b362df950150e,1,2025-07,found
devonfw/IDEasy,devonfw__IDEasy,2025-09,89be58913f45975cc04b01d62f1a5b7b9eb3c9cb,1,2025-07,found
devonfw/IDEasy,devonfw__IDEasy,2025-10,3602dff9e49656ce1a39046503467aaca020efed,1,2025-07,found
devonfw/IDEasy,devonfw__IDEasy,2025-11,6cb666c38f2fd391b47945d6a4f0e25422705a95,1,2025-07,found
devonfw/IDEasy,devonfw__IDEasy,2025-12,b0e0751bb943df226dbc796f0ddd9a4f12bd654e,1,2025-07,found
devonfw/IDEasy,devonfw__IDEasy,2026-01,8cc587d4280e02311a19f1dcf99a02560dbe772d,1,2025-07,found
TerraFirmaGreg-Team/Core-Modern,TerraFirmaGreg-Team__Core-Modern,2025-01,2c22692458d6b472f67d30b3d6f2b537dc26fc81,0,2025-07,found
TerraFirmaGreg-Team/Core-Modern,TerraFirmaGreg-Team__Core-Modern,2025-02,58af3e770dcee5ea37e4638093ecb8090a6683e3,0,2025-07,found
TerraFirmaGreg-Team/Core-Modern,TerraFirmaGreg-Team__Core-Modern,2025-03,a35b350ee2a98ec1d38709220d8e8ee505f4c119,0,2025-07,found
TerraFirmaGreg-Team/Core-Modern,TerraFirmaGreg-Team__Core-Modern,2025-04,a35b350ee2a98ec1d38709220d8e8ee505f4c119,0,2025-07,found
TerraFirmaGreg-Team/Core-Modern,TerraFirmaGreg-Team__Core-Modern,2025-05,0cebd591f30bb07751469a75dc535f2d1eb1aceb,0,2025-07,found
TerraFirmaGreg-Team/Core-Modern,TerraFirmaGreg-Team__Core-Modern,2025-06,667ec82acf66001fe2dfa4718dc1f3cdc009a415,0,2025-07,found
TerraFirmaGreg-Team/Core-Modern,TerraFirmaGreg-Team__Core-Modern,2025-07,635ce7824c396e6336dd374c1e734f541a9af25e,0,2025-07,found
TerraFirmaGreg-Team/Core-Modern,TerraFirmaGreg-Team__Core-Modern,2025-08,f4f1e6508862eef302488ee1b6eb8a09d3f0cf4c,0,2025-07,found
TerraFirmaGreg-Team/Core-Modern,TerraFirmaGreg-Team__Core-Modern,2025-09,976a929695166b819b2763e47046d8b20ee1dfab,0,2025-07,found
TerraFirmaGreg-Team/Core-Modern,TerraFirmaGreg-Team__Core-Modern,2025-10,611232cce2b674f7e6363f73f19a13fd3f77c527,0,2025-07,found
TerraFirmaGreg-Team/Core-Modern,TerraFirmaGreg-Team__Core-Modern,2025-11,1a512d80c8b8ec8eedec5d2763ee63a7c42f6e27,0,2025-07,found
TerraFirmaGreg-Team/Core-Modern,TerraFirmaGreg-Team__Core-Modern,2025-12,f9e5eecbe3d30f7a5979a49a960cb3b8dc14e769,0,2025-07,found
TerraFirmaGreg-Team/Core-Modern,TerraFirmaGreg-Team__Core-Modern,2026-01,2808588d6ef0787b91bcb7491f5191eee8d7dc7e,0,2025-07,found
TrueLayer/truelayer-java,TrueLayer__truelayer-java,2024-12,a23875ca655a5a3ef0670228ab413773582ddafd,1,2025-06,found
TrueLayer/truelayer-java,TrueLayer__truelayer-java,2025-01,1058d1a32b0f0901c430099dc434ba3cf28fa30b,1,2025-06,found
TrueLayer/truelayer-java,TrueLayer__truelayer-java,2025-02,fe685e28e36c06e68a98ccd27aceaecf9ec7b4d8,1,2025-06,found
TrueLayer/truelayer-java,TrueLayer__truelayer-java,2025-03,fe685e28e36c06e68a98ccd27aceaecf9ec7b4d8,1,2025-06,found
TrueLayer/truelayer-java,TrueLayer__truelayer-java,2025-04,fa33887f3ea61ccb0d4ae882013f482f69231f35,1,2025-06,found
TrueLayer/truelayer-java,TrueLayer__truelayer-java,2025-05,13beebd9937cef74115f287fd128c0210cb1bd48,1,2025-06,found
TrueLayer/truelayer-java,TrueLayer__truelayer-java,2025-06,13beebd9937cef74115f287fd128c0210cb1bd48,1,2025-06,found
TrueLayer/truelayer-java,TrueLayer__truelayer-java,2025-07,398daaeb4a49a3c4f7fa4723931a176077ac733f,1,2025-06,found
TrueLayer/truelayer-java,TrueLayer__truelayer-java,2025-08,398daaeb4a49a3c4f7fa4723931a176077ac733f,1,2025-06,found
TrueLayer/truelayer-java,TrueLayer__truelayer-java,2025-09,2cb4f94c1a18a18f90483ac6f59f8115f6ee9ade,1,2025-06,found
TrueLayer/truelayer-java,TrueLayer__truelayer-java,2025-10,2cb4f94c1a18a18f90483ac6f59f8115f6ee9ade,1,2025-06,found
TrueLayer/truelayer-java,TrueLayer__truelayer-java,2025-11,e52723764d0b23e90038b941fc2b6a1354e918d1,1,2025-06,found
TrueLayer/truelayer-java,TrueLayer__truelayer-java,2025-12,e52723764d0b23e90038b941fc2b6a1354e918d1,1,2025-06,found
anboralabs/ks-explorer,anboralabs__ks-explorer,2024-12,55e0ea148c0d775efd86c98bbde2e20604de1ae7,0,2025-06,found
anboralabs/ks-explorer,anboralabs__ks-explorer,2025-01,55e0ea148c0d775efd86c98bbde2e20604de1ae7,0,2025-06,found
anboralabs/ks-explorer,anboralabs__ks-explorer,2025-02,6e54f3f4759011e53862f68ccb5c2eee3db0dc1b,0,2025-06,found
anboralabs/ks-explorer,anboralabs__ks-explorer,2025-03,6e54f3f4759011e53862f68ccb5c2eee3db0dc1b,0,2025-06,found
anboralabs/ks-explorer,anboralabs__ks-explorer,2025-04,64f597cbd402b24f99ac07e470f01c7cc3efe439,0,2025-06,found
anboralabs/ks-explorer,anboralabs__ks-explorer,2025-05,64f597cbd402b24f99ac07e470f01c7cc3efe439,0,2025-06,found
anboralabs/ks-explorer,anboralabs__ks-explorer,2025-06,bfe65538b16897bf22ed29406d60d76407325b2a,0,2025-06,found
anboralabs/ks-explorer,anboralabs__ks-explorer,2025-07,bfe65538b16897bf22ed29406d60d76407325b2a,0,2025-06,found
anboralabs/ks-explorer,anboralabs__ks-explorer,2025-08,bfe65538b16897bf22ed29406d60d76407325b2a,0,2025-06,found
anboralabs/ks-explorer,anboralabs__ks-explorer,2025-09,9af2b9635770f2f1768e2ffb5f7ead0fc1adbdcf,0,2025-06,found
anboralabs/ks-explorer,anboralabs__ks-explorer,2025-10,aa35528675e84df48e43e03a53de6d9afb78ee97,0,2025-06,found
anboralabs/ks-explorer,anboralabs__ks-explorer,2025-11,5812d957aec7c5dd427aadab364ae10b6f22c120,0,2025-06,found
anboralabs/ks-explorer,anboralabs__ks-explorer,2025-12,1515bce4ae7226a046bf94bd98de73d86033f30f,0,2025-06,found
kousen/java_latest,kousen__java_latest,2024-09,14507398fd718a37376fce3076b4a53f42c6b585,1,2025-03,found
kousen/java_latest,kousen__java_latest,2024-10,14507398fd718a37376fce3076b4a53f42c6b585,1,2025-03,found
kousen/java_latest,kousen__java_latest,2024-11,14507398fd718a37376fce3076b4a53f42c6b585,1,2025-03,found
kousen/java_latest,kousen__java_latest,2024-12,8bc1364ecb1ad8edb13ee47f2b80836fdabfafec,1,2025-03,found
kousen/java_latest,kousen__java_latest,2025-01,2788d69294fbe12528d0c4905de709c2ef26187c,1,2025-03,found
kousen/java_latest,kousen__java_latest,2025-02,2376963bc92905a87bed4cb464a14d0ce13964a1,1,2025-03,found
kousen/java_latest,kousen__java_latest,2025-03,65b7c8d3d3ae296592d50cc7a40da3a627aebb02,1,2025-03,found
kousen/java_latest,kousen__java_latest,2025-04,a2cade6ad9e9a7ed742f390463901a0618edb01f,1,2025-03,found
kousen/java_latest,kousen__java_latest,2025-05,a2cade6ad9e9a7ed742f390463901a0618edb01f,1,2025-03,found
kousen/java_latest,kousen__java_latest,2025-06,a2cade6ad9e9a7ed742f390463901a0618edb01f,1,2025-03,found
kousen/java_latest,kousen__java_latest,2025-07,a2cade6ad9e9a7ed742f390463901a0618edb01f,1,2025-03,found
kousen/java_latest,kousen__java_latest,2025-08,61c3ee06a818cf42cb8ca61642770c7a22e88a31,1,2025-03,found
kousen/java_latest,kousen__java_latest,2025-09,aad14f9257a4432e775a8f379da8a0dced8bb97e,1,2025-03,found
cmu-sei/kaiju,cmu-sei__kaiju,2024-09,c4f6e6b0bb3867ff83e9a2fd18c6899945d84f53,0,2025-03,found
cmu-sei/kaiju,cmu-sei__kaiju,2024-10,59ee935661efc970a3a3b4eb172b68717ce87f4d,0,2025-03,found
cmu-sei/kaiju,cmu-sei__kaiju,2024-11,59ee935661efc970a3a3b4eb172b68717ce87f4d,0,2025-03,found
cmu-sei/kaiju,cmu-sei__kaiju,2024-12,5b08ff1f8fa290b86a02d6ed02dfc2e43309c6dd,0,2025-03,found
cmu-sei/kaiju,cmu-sei__kaiju,2025-01,c9dbb55484b3d2a6abd9dfca2197cd00fb7ee3c1,0,2025-03,found
cmu-sei/kaiju,cmu-sei__kaiju,2025-02,c9dbb55484b3d2a6abd9dfca2197cd00fb7ee3c1,0,2025-03,found
cmu-sei/kaiju,cmu-sei__kaiju,2025-03,fc23a6c1f70bc221cc0f18742cb5614d9de95ca1,0,2025-03,found
cmu-sei/kaiju,cmu-sei__kaiju,2025-04,fc23a6c1f70bc221cc0f18742cb5614d9de95ca1,0,2025-03,found
cmu-sei/kaiju,cmu-sei__kaiju,2025-05,8c577929dcd2114c4f661ebd2f8ec213c9ed4e54,0,2025-03,found
cmu-sei/kaiju,cmu-sei__kaiju,2025-06,8c577929dcd2114c4f661ebd2f8ec213c9ed4e54,0,2025-03,found
cmu-sei/kaiju,cmu-sei__kaiju,2025-07,e5ca3ba514124e25aea747f2e72d7e5d20a992a6,0,2025-03,found
cmu-sei/kaiju,cmu-sei__kaiju,2025-08,0bf40394d5039b67d9a02c4266fe4796d7cb1f28,0,2025-03,found
cmu-sei/kaiju,cmu-sei__kaiju,2025-09,3b48e72f2dc1cb9df842975c0645ec5128486a5a,0,2025-03,found
phax/ph-commons,phax__ph-commons,2025-02,243fa67b9cf805014aba428fe96f5fc246c4b067,1,2025-08,found
phax/ph-commons,phax__ph-commons,2025-03,a106e46f0c714b7867e1d83ef7bfd3325c600a2e,1,2025-08,found
phax/ph-commons,phax__ph-commons,2025-04,17bf9eccf3e8ef808516dc2b79ec174623c72e36,1,2025-08,found
phax/ph-commons,phax__ph-commons,2025-05,95b6eb94f280fc8dc8b19bfe24bfe29f03c318a6,1,2025-08,found
phax/ph-commons,phax__ph-commons,2025-06,a183ae16ad55f2942a10e6a1923434c427da0916,1,2025-08,found
phax/ph-commons,phax__ph-commons,2025-07,83edad4a4527ccc05bdd98ae415b7b896779cd94,1,2025-08,found
phax/ph-commons,phax__ph-commons,2025-08,83edad4a4527ccc05bdd98ae415b7b896779cd94,1,2025-08,found
phax/ph-commons,phax__ph-commons,2025-09,773c64cc84f2620c612d1a702cffcffdb04406cf,1,2025-08,found
phax/ph-commons,phax__ph-commons,2025-10,f4a42c2f8383afb97fb1fe2bf84c1f23f5ac3a8b,1,2025-08,found
phax/ph-commons,phax__ph-commons,2025-11,9e686a31d98f34af388ee316db93692f6121d87a,1,2025-08,found
phax/ph-commons,phax__ph-commons,2025-12,86a619b156a062604480edebc156346621b6b823,1,2025-08,found
phax/ph-commons,phax__ph-commons,2026-01,031801b695953c0a945508aebdf8bad95de2d29b,1,2025-08,found
phax/ph-commons,phax__ph-commons,2026-02,b0b9e07903d268e244f4cf95efcb0bcb9ee06055,1,2025-08,found
BenCodez/AdvancedCore,BenCodez__AdvancedCore,2025-02,9da8f3142d7194bc48a3ab7d3fae73a4a3d4ccbb,0,2025-08,found
BenCodez/AdvancedCore,BenCodez__AdvancedCore,2025-03,d58383114df8f04350ea7b3364921179a9fc6875,0,2025-08,found
BenCodez/AdvancedCore,BenCodez__AdvancedCore,2025-04,e034e0399c77e4edb3c7788c1807f70bab340951,0,2025-08,found
BenCodez/AdvancedCore,BenCodez__AdvancedCore,2025-05,c4bafafd0231b03c48ddfb8536775d700268fbff,0,2025-08,found
BenCodez/AdvancedCore,BenCodez__AdvancedCore,2025-06,ad51443d0a62f0ba2f67aefc3a460d2ae8ddb3ea,0,2025-08,found
BenCodez/AdvancedCore,BenCodez__AdvancedCore,2025-07,2694961db507dcf40e34f5c12dadecf0b530080a,0,2025-08,found
BenCodez/AdvancedCore,BenCodez__AdvancedCore,2025-08,e632b33cbd0846a0d2b6741d09c12e487445e3f8,0,2025-08,found
BenCodez/AdvancedCore,BenCodez__AdvancedCore,2025-09,59a1b8cf367f83c04005ccb27bde37decf14ad59,0,2025-08,found
BenCodez/AdvancedCore,BenCodez__AdvancedCore,2025-10,d4cdce3df9a2d10eccbf1e03d64e016d4d05ef8e,0,2025-08,found
BenCodez/AdvancedCore,BenCodez__AdvancedCore,2025-11,56c8284e59cba5be6cf1ca5664a5aeff4f76ae98,0,2025-08,found
BenCodez/AdvancedCore,BenCodez__AdvancedCore,2025-12,b6c34b54a19c53853dd669c3b189169cae31418f,0,2025-08,found
BenCodez/AdvancedCore,BenCodez__AdvancedCore,2026-01,a83c413eab5a8c13df2974b7c9c4c4cd801d38a2,0,2025-08,found
BenCodez/AdvancedCore,BenCodez__AdvancedCore,2026-02,ab1c62a23d57870d9152d7d333f967aa4f38cdbf,0,2025-08,found
4Soft-de/harness-model,4Soft-de__harness-model,2025-02,6e8230ed66a62d6fff024a0955f9de9cabd313ee,1,2025-08,found
4Soft-de/harness-model,4Soft-de__harness-model,2025-03,7ceff8ffe4a8540e48971b38f61a584f3d94a6a9,1,2025-08,found
4Soft-de/harness-model,4Soft-de__harness-model,2025-04,341946651257cd9a987af82c6f97351ad25aaabf,1,2025-08,found
4Soft-de/harness-model,4Soft-de__harness-model,2025-05,b83f0fcc2cdd0cd3357f40d38682af0e569b1369,1,2025-08,found
4Soft-de/harness-model,4Soft-de__harness-model,2025-06,33f9fa7f75d95690eeec01e8421009827b8c1b3b,1,2025-08,found
4Soft-de/harness-model,4Soft-de__harness-model,2025-07,aa1a32bfab981761db9459b6ed5819b561a42ad4,1,2025-08,found
4Soft-de/harness-model,4Soft-de__harness-model,2025-08,b41faa8e3456b07bcae7065b779fafd206467a4a,1,2025-08,found
4Soft-de/harness-model,4Soft-de__harness-model,2025-09,2181dec6db57c2ffdd2b65d098ae69bf29e3c222,1,2025-08,found
4Soft-de/harness-model,4Soft-de__harness-model,2025-10,bbf68dee8f90f763d598617ebcdcfad962277cf9,1,2025-08,found
4Soft-de/harness-model,4Soft-de__harness-model,2025-11,d469a7bee7648611ca8e1885abf70489d3db9adf,1,2025-08,found
4Soft-de/harness-model,4Soft-de__harness-model,2025-12,afd0ca1154b293bb0ae561391a1fb18fe8f73091,1,2025-08,found
4Soft-de/harness-model,4Soft-de__harness-model,2026-01,2f0a04d42e737803685d8e7e53166fac9255007d,1,2025-08,found
4Soft-de/harness-model,4Soft-de__harness-model,2026-02,b727bfed4b14f96907b99e375ecef87af6a5a5e0,1,2025-08,found
ttoklip/BackEnd,ttoklip__BackEnd,2025-02,e69a4742381863462a13565a360ef81d2fcaa106,0,2025-08,found
ttoklip/BackEnd,ttoklip__BackEnd,2025-03,b046c0caabf57559dfd3de541ed311c2650add83,0,2025-08,found
ttoklip/BackEnd,ttoklip__BackEnd,2025-04,b046c0caabf57559dfd3de541ed311c2650add83,0,2025-08,found
ttoklip/BackEnd,ttoklip__BackEnd,2025-05,b046c0caabf57559dfd3de541ed311c2650add83,0,2025-08,found
ttoklip/BackEnd,ttoklip__BackEnd,2025-06,b046c0caabf57559dfd3de541ed311c2650add83,0,2025-08,found
ttoklip/BackEnd,ttoklip__BackEnd,2025-07,b046c0caabf57559dfd3de541ed311c2650add83,0,2025-08,found
ttoklip/BackEnd,ttoklip__BackEnd,2025-08,b046c0caabf57559dfd3de541ed311c2650add83,0,2025-08,found
ttoklip/BackEnd,ttoklip__BackEnd,2025-09,b046c0caabf57559dfd3de541ed311c2650add83,0,2025-08,found
ttoklip/BackEnd,ttoklip__BackEnd,2025-10,b046c0caabf57559dfd3de541ed311c2650add83,0,2025-08,found
ttoklip/BackEnd,ttoklip__BackEnd,2025-11,b046c0caabf57559dfd3de541ed311c2650add83,0,2025-08,found
ttoklip/BackEnd,ttoklip__BackEnd,2025-12,b046c0caabf57559dfd3de541ed311c2650add83,0,2025-08,found
ttoklip/BackEnd,ttoklip__BackEnd,2026-01,b046c0caabf57559dfd3de541ed311c2650add83,0,2025-08,found
ttoklip/BackEnd,ttoklip__BackEnd,2026-02,b046c0caabf57559dfd3de541ed311c2650add83,0,2025-08,found
alibaba/spring-ai-alibaba,alibaba__spring-ai-alibaba,2024-12,0cf7c707c968cd2a31547653ed029df4fdf92937,1,2025-06,found
alibaba/spring-ai-alibaba,alibaba__spring-ai-alibaba,2025-01,1f5c1c87d9413a2ad00ff72b821a1c126f667204,1,2025-06,found
alibaba/spring-ai-alibaba,alibaba__spring-ai-alibaba,2025-02,13302e83a385b810ffaa8a386f73a5c44dcba445,1,2025-06,found
alibaba/spring-ai-alibaba,alibaba__spring-ai-alibaba,2025-03,00229a55e9c5769a82b093882a3c40bc05c14606,1,2025-06,found
alibaba/spring-ai-alibaba,alibaba__spring-ai-alibaba,2025-04,2cc70279fc59d83658282bd645cb7abadab4f10b,1,2025-06,found
alibaba/spring-ai-alibaba,alibaba__spring-ai-alibaba,2025-05,c6854b8162ee2d45cc5d08b3f259eb75313a6479,1,2025-06,found
alibaba/spring-ai-alibaba,alibaba__spring-ai-alibaba,2025-06,d8b8ba8566878d4543c79687b451162442da8088,1,2025-06,found
alibaba/spring-ai-alibaba,alibaba__spring-ai-alibaba,2025-07,cc46ecd776429b4aa231cef41a625b1e3c69ea88,1,2025-06,found
alibaba/spring-ai-alibaba,alibaba__spring-ai-alibaba,2025-08,8b45b25b3825bac7ca6a324a1a72ecb6a3184c86,1,2025-06,found
alibaba/spring-ai-alibaba,alibaba__spring-ai-alibaba,2025-09,97c82dd32aaf6f76bd9d4401ff8ad8e6d2fdaa9a,1,2025-06,found
alibaba/spring-ai-alibaba,alibaba__spring-ai-alibaba,2025-10,62bef06569e4fc1761335414bebe47487b6f09c0,1,2025-06,found
alibaba/spring-ai-alibaba,alibaba__spring-ai-alibaba,2025-11,c63af9774d809adefb7fa1794328454ed5de4313,1,2025-06,found
alibaba/spring-ai-alibaba,alibaba__spring-ai-alibaba,2025-12,45f5464048cc8067be4e6d96f2face9e8f19e0a0,1,2025-06,found
ReVanced/revanced-patches,ReVanced__revanced-patches,2024-12,8686bd9f2059ef10ad276dea05eec6cacf781a29,0,2025-06,found
ReVanced/revanced-patches,ReVanced__revanced-patches,2025-01,6f9bf4873f2693eddfd5b28e4cc873ce3de3808c,0,2025-06,found
ReVanced/revanced-patches,ReVanced__revanced-patches,2025-02,3ab67f153960e061a7f309b3a4b61f72ba07ce8f,0,2025-06,found
ReVanced/revanced-patches,ReVanced__revanced-patches,2025-03,fce98b4960274a1225a954127477c88c5f1cb304,0,2025-06,found
ReVanced/revanced-patches,ReVanced__revanced-patches,2025-04,087bf1e152858c9119875b8267a19cb95c2c2509,0,2025-06,found
ReVanced/revanced-patches,ReVanced__revanced-patches,2025-05,5debf9936dbf0f09c2af603f9081279aa1985df2,0,2025-06,found
ReVanced/revanced-patches,ReVanced__revanced-patches,2025-06,e279491724b07b3b8705515c6c050bc14091eb22,0,2025-06,found
ReVanced/revanced-patches,ReVanced__revanced-patches,2025-07,1804bd9bfc43f320e3eb80d129c21e9fce64ecda,0,2025-06,found
ReVanced/revanced-patches,ReVanced__revanced-patches,2025-08,0579a9f76073cccb8f8f8cad776c04674e499a38,0,2025-06,found
ReVanced/revanced-patches,ReVanced__revanced-patches,2025-09,e6823d8924bedc808bae012f5aa6b4a37f0b9857,0,2025-06,found
ReVanced/revanced-patches,ReVanced__revanced-patches,2025-10,3a8091ae003c048fa62c4192c13dcf621d15572c,0,2025-06,found
ReVanced/revanced-patches,ReVanced__revanced-patches,2025-11,cd9ef813544190f9b01b9d1bfa9ee3dadf197859,0,2025-06,found
ReVanced/revanced-patches,ReVanced__revanced-patches,2025-12,b9bc7e3e58f9fe860e0285bd91499d72c52b93f6,0,2025-06,found
deltazefiro/Amarok-Hider,deltazefiro__Amarok-Hider,2024-08,354799016254c976359f59df4a43c8ee32258aba,1,2025-02,found
deltazefiro/Amarok-Hider,deltazefiro__Amarok-Hider,2024-09,57d8ea017556a52c2260f9371a4097ca66a70ebc,1,2025-02,found
deltazefiro/Amarok-Hider,deltazefiro__Amarok-Hider,2024-10,57d8ea017556a52c2260f9371a4097ca66a70ebc,1,2025-02,found
deltazefiro/Amarok-Hider,deltazefiro__Amarok-Hider,2024-11,f7881adc0686d85adb85225430c1d8029f3a536a,1,2025-02,found
deltazefiro/Amarok-Hider,deltazefiro__Amarok-Hider,2024-12,0370529670fa1f1742d44b851e9eca74315c8553,1,2025-02,found
deltazefiro/Amarok-Hider,deltazefiro__Amarok-Hider,2025-01,0370529670fa1f1742d44b851e9eca74315c8553,1,2025-02,found
deltazefiro/Amarok-Hider,deltazefiro__Amarok-Hider,2025-02,fce8495de1c9721bfe0af81263632f8111144095,1,2025-02,found
deltazefiro/Amarok-Hider,deltazefiro__Amarok-Hider,2025-03,ca509606a087d9860ad8c641b4d3c4547dcece91,1,2025-02,found
deltazefiro/Amarok-Hider,deltazefiro__Amarok-Hider,2025-04,66661e23d7345a6e9d769969c002f68def7b3556,1,2025-02,found
deltazefiro/Amarok-Hider,deltazefiro__Amarok-Hider,2025-05,66661e23d7345a6e9d769969c002f68def7b3556,1,2025-02,found
deltazefiro/Amarok-Hider,deltazefiro__Amarok-Hider,2025-06,d7cb46b8a81ba85f123ef3d6dc1e6a7c133c4a2b,1,2025-02,found
deltazefiro/Amarok-Hider,deltazefiro__Amarok-Hider,2025-07,d7cb46b8a81ba85f123ef3d6dc1e6a7c133c4a2b,1,2025-02,found
deltazefiro/Amarok-Hider,deltazefiro__Amarok-Hider,2025-08,a24f3a355556ce33454aadcad003356086ba3c9e,1,2025-02,found
redis/redis-om-spring,redis__redis-om-spring,2024-08,eb052d3abcee5f6cd333fdedb6305de82988a68b,0,2025-02,found
redis/redis-om-spring,redis__redis-om-spring,2024-09,45a307e38554a594ad1851b16af0e27d97c0b1b1,0,2025-02,found
redis/redis-om-spring,redis__redis-om-spring,2024-10,2e797b6e0c9ed3f06a820c5d2f190bea186b7d1f,0,2025-02,found
redis/redis-om-spring,redis__redis-om-spring,2024-11,a0a3b7c486d2d2c00492381a74ef4f1ae46a4a19,0,2025-02,found
redis/redis-om-spring,redis__redis-om-spring,2024-12,a0a3b7c486d2d2c00492381a74ef4f1ae46a4a19,0,2025-02,found
redis/redis-om-spring,redis__redis-om-spring,2025-01,04482628a8734955431de3a4a387f6a62b692b03,0,2025-02,found
redis/redis-om-spring,redis__redis-om-spring,2025-02,5ba8ea099dce92ec445b202fc8e0239de76953c7,0,2025-02,found
redis/redis-om-spring,redis__redis-om-spring,2025-03,742ddf2e5c900de5075e7e4f2bdb9a93435f6590,0,2025-02,found
redis/redis-om-spring,redis__redis-om-spring,2025-04,2c42c3015e50263ee7e8253df2d112d178301b0e,0,2025-02,found
redis/redis-om-spring,redis__redis-om-spring,2025-05,9dc4cc7644f6793c9a8fbe4c028bc803e704abee,0,2025-02,found
redis/redis-om-spring,redis__redis-om-spring,2025-06,6db190d96837ec181d221affd6a66dd84afbf1ce,0,2025-02,found
redis/redis-om-spring,redis__redis-om-spring,2025-07,6db190d96837ec181d221affd6a66dd84afbf1ce,0,2025-02,found
redis/redis-om-spring,redis__redis-om-spring,2025-08,812487e048852f5434d4fc259a5343e0985f65f8,0,2025-02,found
openrewrite/rewrite,openrewrite__rewrite,2024-12,3b401681096b51eb15769108a836dac6d1892c8b,1,2025-06,found
openrewrite/rewrite,openrewrite__rewrite,2025-01,2a8bf2d7d3bad4f90b668e0304f10c68b159bbd6,1,2025-06,found
openrewrite/rewrite,openrewrite__rewrite,2025-02,6f8e2ed66f33d08727d5d6cb0eb5ad0e621aa005,1,2025-06,found
openrewrite/rewrite,openrewrite__rewrite,2025-03,65efd774c5dde33f09407fe68af6f571d180bcea,1,2025-06,found
openrewrite/rewrite,openrewrite__rewrite,2025-04,bc954df4402d0f612b8c701427597ab8033ba719,1,2025-06,found
openrewrite/rewrite,openrewrite__rewrite,2025-05,c57d791f8e31a597ddbf6faf7da33fd7bd03a43b,1,2025-06,found
openrewrite/rewrite,openrewrite__rewrite,2025-06,400179977d08bb291c40cbd86e87c5c30a55aede,1,2025-06,found
openrewrite/rewrite,openrewrite__rewrite,2025-07,fb715801c3ada4b40a68c1f07a0eceb24bfcd3c1,1,2025-06,found
openrewrite/rewrite,openrewrite__rewrite,2025-08,9c942b84aaf25b5fb5bce4df8d84174399608704,1,2025-06,found
openrewrite/rewrite,openrewrite__rewrite,2025-09,f9803db62f0f2addca111e06a7dd8b1d4afe9375,1,2025-06,found
openrewrite/rewrite,openrewrite__rewrite,2025-10,09abb3b4ed979e6b1d9a19314c9edf9a2a3f8e0d,1,2025-06,found
openrewrite/rewrite,openrewrite__rewrite,2025-11,378e6acd6eac0eef66da90f707902d106717b7be,1,2025-06,found
openrewrite/rewrite,openrewrite__rewrite,2025-12,88d31ff8191bb99d41e3c576ae3f7490a727c02d,1,2025-06,found
apache/iotdb,apache__iotdb,2024-12,2f51c3b205d84fe608155271b87af4df5f55d97c,0,2025-06,found
apache/iotdb,apache__iotdb,2025-01,06797285e3f1b08c1275bff717ec03870d62801c,0,2025-06,found
apache/iotdb,apache__iotdb,2025-02,526f678f74610fa6134d91613bf6e36bcc396284,0,2025-06,found
apache/iotdb,apache__iotdb,2025-03,174b2cb968f398491cb571d4373847de7d9e2abf,0,2025-06,found
apache/iotdb,apache__iotdb,2025-04,91d067b161e20423cf61ea1ab3a9d365f7f010af,0,2025-06,found
apache/iotdb,apache__iotdb,2025-05,aa167134dae117f2ffc9bd790fb49b9c815e4d37,0,2025-06,found
apache/iotdb,apache__iotdb,2025-06,7f916bb69b38b88e7de0e426918cb6be16ed72a5,0,2025-06,found
apache/iotdb,apache__iotdb,2025-07,a0a4700b932154be8cdeb2dc486d2c6601e9788a,0,2025-06,found
apache/iotdb,apache__iotdb,2025-08,7e92466fe7469140c01ac362831343c0f4a81368,0,2025-06,found
apache/iotdb,apache__iotdb,2025-09,182a78ae2df628d7d67480e9b6bfd55e74b2ec33,0,2025-06,found
apache/iotdb,apache__iotdb,2025-10,6d61081625970c1de001a1f40db0c5e5403c14be,0,2025-06,found
apache/iotdb,apache__iotdb,2025-11,685141a6405e79533906c6bf2700707296828777,0,2025-06,found
apache/iotdb,apache__iotdb,2025-12,bd813d85c622e1884bdd8b45d7a9338aad2f1cd3,0,2025-06,found
Haehnchen/idea-php-symfony2-plugin,Haehnchen__idea-php-symfony2-plugin,2025-05,019a47709ee00e23716d486962b5ddf9967cd4a6,1,2025-11,found
Haehnchen/idea-php-symfony2-plugin,Haehnchen__idea-php-symfony2-plugin,2025-06,c58958a5b15583d2bd898f421f76c2ac407f585e,1,2025-11,found
Haehnchen/idea-php-symfony2-plugin,Haehnchen__idea-php-symfony2-plugin,2025-07,ca7ef04dfbfa9ac399f1bce83cda73127c63fe27,1,2025-11,found
Haehnchen/idea-php-symfony2-plugin,Haehnchen__idea-php-symfony2-plugin,2025-08,1c64ab1399580d945f0e6714b3e85253f38511e4,1,2025-11,found
Haehnchen/idea-php-symfony2-plugin,Haehnchen__idea-php-symfony2-plugin,2025-09,1c64ab1399580d945f0e6714b3e85253f38511e4,1,2025-11,found
Haehnchen/idea-php-symfony2-plugin,Haehnchen__idea-php-symfony2-plugin,2025-10,1c64ab1399580d945f0e6714b3e85253f38511e4,1,2025-11,found
Haehnchen/idea-php-symfony2-plugin,Haehnchen__idea-php-symfony2-plugin,2025-11,1c64ab1399580d945f0e6714b3e85253f38511e4,1,2025-11,found
Haehnchen/idea-php-symfony2-plugin,Haehnchen__idea-php-symfony2-plugin,2025-12,640d1b0df0c7438986c60c98221acc5c1d788b6d,1,2025-11,found
Haehnchen/idea-php-symfony2-plugin,Haehnchen__idea-php-symfony2-plugin,2026-01,cfef0985951f4371c1b1294f9ed24791afdccc7b,1,2025-11,found
Haehnchen/idea-php-symfony2-plugin,Haehnchen__idea-php-symfony2-plugin,2026-02,76534ca080ad269cd314b4db8742a71fd0fa274d,1,2025-11,found
Haehnchen/idea-php-symfony2-plugin,Haehnchen__idea-php-symfony2-plugin,2026-03,b29276f434f5e79a9c641fdeb6bd220008e37943,1,2025-11,found
Haehnchen/idea-php-symfony2-plugin,Haehnchen__idea-php-symfony2-plugin,2026-04,5dcb3508506e38a09019d6de694b92fa8dca8f09,1,2025-11,found
Haehnchen/idea-php-symfony2-plugin,Haehnchen__idea-php-symfony2-plugin,2026-05,5dcb3508506e38a09019d6de694b92fa8dca8f09,1,2025-11,found
SonarSource/sonar-php,SonarSource__sonar-php,2025-05,42fd993fd12450816e7cdac5d03cea556f202e3e,0,2025-11,found
SonarSource/sonar-php,SonarSource__sonar-php,2025-06,9dad8f14781d5298a79f824cb8e655db8a9e33d1,0,2025-11,found
SonarSource/sonar-php,SonarSource__sonar-php,2025-07,0f6375224a526bb9fbd77d2eea9e3423e4736fdd,0,2025-11,found
SonarSource/sonar-php,SonarSource__sonar-php,2025-08,b0cc3e3cf76d3ac99fbf11dc95f595128db49c11,0,2025-11,found
SonarSource/sonar-php,SonarSource__sonar-php,2025-09,991967407968cd3c41cc3d0baee2c23c9de99450,0,2025-11,found
SonarSource/sonar-php,SonarSource__sonar-php,2025-10,74d2e5e0599f86fca5255bb09a67a9aa017edba9,0,2025-11,found
SonarSource/sonar-php,SonarSource__sonar-php,2025-11,c152ca6361e9d24425106d135a82aaa98706db4a,0,2025-11,found
SonarSource/sonar-php,SonarSource__sonar-php,2025-12,92e9beca53f01757773cd26f2f8c2f70d606cb0f,0,2025-11,found
SonarSource/sonar-php,SonarSource__sonar-php,2026-01,17d081d09746c351d34d856b42459ddb5ce9e36f,0,2025-11,found
SonarSource/sonar-php,SonarSource__sonar-php,2026-02,f9c881abab7f13227284c8c68aeba2ba81f681ef,0,2025-11,found
SonarSource/sonar-php,SonarSource__sonar-php,2026-03,8a92c0b036c71d4187f8012db1ff2a2e39adf7e1,0,2025-11,found
SonarSource/sonar-php,SonarSource__sonar-php,2026-04,9f2f0df2bb4d32d0701e710b9a3fba131d88e41e,0,2025-11,found
SonarSource/sonar-php,SonarSource__sonar-php,2026-05,9f2f0df2bb4d32d0701e710b9a3fba131d88e41e,0,2025-11,found
eclipse-lyo/lyo,eclipse-lyo__lyo,2025-05,799d9796030a7615c512f9b5c22a3a904d538ef3,1,2025-11,found
eclipse-lyo/lyo,eclipse-lyo__lyo,2025-06,b6e0c16f59c688369e0bab49b2d0c511bc2127ae,1,2025-11,found
eclipse-lyo/lyo,eclipse-lyo__lyo,2025-07,848928443abcf29dd77d06f13cc7452de3245604,1,2025-11,found
eclipse-lyo/lyo,eclipse-lyo__lyo,2025-08,7a7dd64e929b1195fe3d840956052ba6a56a647b,1,2025-11,found
eclipse-lyo/lyo,eclipse-lyo__lyo,2025-09,91e00cc25118b483799a5304102913f1d3f005d9,1,2025-11,found
eclipse-lyo/lyo,eclipse-lyo__lyo,2025-10,6ab1707d9ebf1f9241ade5474d5efaa5775c9297,1,2025-11,found
eclipse-lyo/lyo,eclipse-lyo__lyo,2025-11,c1c18561f624e0cd073af4975279e9770b72ba99,1,2025-11,found
eclipse-lyo/lyo,eclipse-lyo__lyo,2025-12,69c85d04f8e1d73743fcd0171fbab8124d618ee1,1,2025-11,found
eclipse-lyo/lyo,eclipse-lyo__lyo,2026-01,44c3ff6161363cb11f49bf86f8cfe4af42fbf605,1,2025-11,found
eclipse-lyo/lyo,eclipse-lyo__lyo,2026-02,32a3622c3dea6a283ab313bc1c5b08566d3f232b,1,2025-11,found
eclipse-lyo/lyo,eclipse-lyo__lyo,2026-03,12b32a62cce062b091b69d19f095f0ed1e3a0018,1,2025-11,found
eclipse-lyo/lyo,eclipse-lyo__lyo,2026-04,12b32a62cce062b091b69d19f095f0ed1e3a0018,1,2025-11,found
eclipse-lyo/lyo,eclipse-lyo__lyo,2026-05,12b32a62cce062b091b69d19f095f0ed1e3a0018,1,2025-11,found
wultra/powerauth-server,wultra__powerauth-server,2025-05,e5f4736a666d1465157dc67200a1da0315d72ad9,0,2025-11,found
wultra/powerauth-server,wultra__powerauth-server,2025-06,8aedc62146ef37bb78acfc4b18024712f0e2b943,0,2025-11,found
wultra/powerauth-server,wultra__powerauth-server,2025-07,7bfecc194948f51d1d441d97de5466911fc021b8,0,2025-11,found
wultra/powerauth-server,wultra__powerauth-server,2025-08,fecfca8ff4d1b7295708ac479433ddfab26b2c65,0,2025-11,found
wultra/powerauth-server,wultra__powerauth-server,2025-09,b4da73e3edc242984602dae341e6dfdd7053af54,0,2025-11,found
wultra/powerauth-server,wultra__powerauth-server,2025-10,884cfb9988e814e674ff074b09e31ac5900324b3,0,2025-11,found
wultra/powerauth-server,wultra__powerauth-server,2025-11,681f4316072c2e7fde9fa4ffffdbf7b2c32c868f,0,2025-11,found
wultra/powerauth-server,wultra__powerauth-server,2025-12,dc2ebcc8cfeb253e85dd785457c5222b2bc1e70c,0,2025-11,found
wultra/powerauth-server,wultra__powerauth-server,2026-01,652602304348b63b0775ece6cd25a4ff77710873,0,2025-11,found
wultra/powerauth-server,wultra__powerauth-server,2026-02,59e9b0cce62c7b18686d367987051edb62dcffab,0,2025-11,found
wultra/powerauth-server,wultra__powerauth-server,2026-03,64189434900f2783739dad94c6f257b3d910bcb3,0,2025-11,found
wultra/powerauth-server,wultra__powerauth-server,2026-04,67301f6a1d93649e4d93b52aebde6ad0e9449b23,0,2025-11,found
wultra/powerauth-server,wultra__powerauth-server,2026-05,67301f6a1d93649e4d93b52aebde6ad0e9449b23,0,2025-11,found
tcheeric/nostr-java,tcheeric__nostr-java,2025-01,c4f3d5a1efa0c9befd2fe1dd8e58313c4ed236ac,1,2025-07,found
tcheeric/nostr-java,tcheeric__nostr-java,2025-02,e3023681a54b45d4d0719ff13ea3f680768433c6,1,2025-07,found
tcheeric/nostr-java,tcheeric__nostr-java,2025-03,643f2bc2b5ebe0c6d1dbe390b22eca20b3363dac,1,2025-07,found
tcheeric/nostr-java,tcheeric__nostr-java,2025-04,0a064a354592909e4a11a10189da2998cc855279,1,2025-07,found
tcheeric/nostr-java,tcheeric__nostr-java,2025-05,5b098151670c4de62ab36d46466edc512edc67fd,1,2025-07,found
tcheeric/nostr-java,tcheeric__nostr-java,2025-06,4bc30cceb90b48772cdf7bedbe08b30d68973ae5,1,2025-07,found
tcheeric/nostr-java,tcheeric__nostr-java,2025-07,50b291b14c09d4be4d96434ed00fa7d3899e86c5,1,2025-07,found
tcheeric/nostr-java,tcheeric__nostr-java,2025-08,7b90fb36871afe8eb40ea9fc9bea4525ef6c215c,1,2025-07,found
tcheeric/nostr-java,tcheeric__nostr-java,2025-09,961b47d0243497a65e235df3986f9bbf26d91514,1,2025-07,found
tcheeric/nostr-java,tcheeric__nostr-java,2025-10,961b47d0243497a65e235df3986f9bbf26d91514,1,2025-07,found
tcheeric/nostr-java,tcheeric__nostr-java,2025-11,de6ca6ac3a9c61eae039981431e583229ff1a75a,1,2025-07,found
tcheeric/nostr-java,tcheeric__nostr-java,2025-12,de6ca6ac3a9c61eae039981431e583229ff1a75a,1,2025-07,found
tcheeric/nostr-java,tcheeric__nostr-java,2026-01,f14cf0317271328d052772972da45756c85d6c2f,1,2025-07,found
ACGaming/UniversalTweaks,ACGaming__UniversalTweaks,2025-01,bb7f93f49d137b6083bf24d8a1e3a1ad380109ed,0,2025-07,found
ACGaming/UniversalTweaks,ACGaming__UniversalTweaks,2025-02,83019565761cb46cedd06c8068496e776688cdbf,0,2025-07,found
ACGaming/UniversalTweaks,ACGaming__UniversalTweaks,2025-03,b5d98846ef291f390bee116731007bba79f96b72,0,2025-07,found
ACGaming/UniversalTweaks,ACGaming__UniversalTweaks,2025-04,29952261c468c14223ae339a2f9e60de24021dfb,0,2025-07,found
ACGaming/UniversalTweaks,ACGaming__UniversalTweaks,2025-05,65ef78f6cef4adf04f2ec84d38e635e6e99231b1,0,2025-07,found
ACGaming/UniversalTweaks,ACGaming__UniversalTweaks,2025-06,df5acd11308b0f0b9eeef96b22fdd1ecb97217ec,0,2025-07,found
ACGaming/UniversalTweaks,ACGaming__UniversalTweaks,2025-07,72c19f48b1518a85214d7c0e29a1652ba117d0ed,0,2025-07,found
ACGaming/UniversalTweaks,ACGaming__UniversalTweaks,2025-08,407e0eb456d7223c2a3e127490e6301c3a061868,0,2025-07,found
ACGaming/UniversalTweaks,ACGaming__UniversalTweaks,2025-09,c4040c7432810ee254a1fc25e46b401600e7c0d6,0,2025-07,found
ACGaming/UniversalTweaks,ACGaming__UniversalTweaks,2025-10,699338589bb7ff346a2a0886666c96200d5fffbe,0,2025-07,found
ACGaming/UniversalTweaks,ACGaming__UniversalTweaks,2025-11,910535dd11bbffcd22b97b5235e80afd074b804e,0,2025-07,found
ACGaming/UniversalTweaks,ACGaming__UniversalTweaks,2025-12,91a436889515a67abafb9df6ee881328c276fcd4,0,2025-07,found
ACGaming/UniversalTweaks,ACGaming__UniversalTweaks,2026-01,9ad29ae657e1c182cb427a38c80bd84164efcf9e,0,2025-07,found
ctrl-space-labs/gendox-core,ctrl-space-labs__gendox-core,2025-02,b6fc546c1568da7361aa2749c71d950c1ded22ad,1,2025-08,found
ctrl-space-labs/gendox-core,ctrl-space-labs__gendox-core,2025-03,b6fc546c1568da7361aa2749c71d950c1ded22ad,1,2025-08,found
ctrl-space-labs/gendox-core,ctrl-space-labs__gendox-core,2025-04,4d963cde474f2b58ac85ae8cf35280ab07320578,1,2025-08,found
ctrl-space-labs/gendox-core,ctrl-space-labs__gendox-core,2025-05,790ab903422358d88790b221d968a4472cc69317,1,2025-08,found
ctrl-space-labs/gendox-core,ctrl-space-labs__gendox-core,2025-06,742f1dda6ac876a5c3a8b0e48530c71bfa3880fe,1,2025-08,found
ctrl-space-labs/gendox-core,ctrl-space-labs__gendox-core,2025-07,463872d3d7e98fa83b92b4d0834cf782d1a6bd9d,1,2025-08,found
ctrl-space-labs/gendox-core,ctrl-space-labs__gendox-core,2025-08,463872d3d7e98fa83b92b4d0834cf782d1a6bd9d,1,2025-08,found
ctrl-space-labs/gendox-core,ctrl-space-labs__gendox-core,2025-09,931ec25e2999dd26c54de57f695009cfb8e034d2,1,2025-08,found
ctrl-space-labs/gendox-core,ctrl-space-labs__gendox-core,2025-10,0037b56c3380ebceada5add9a5f6dda5e192a95e,1,2025-08,found
ctrl-space-labs/gendox-core,ctrl-space-labs__gendox-core,2025-11,0037b56c3380ebceada5add9a5f6dda5e192a95e,1,2025-08,found
ctrl-space-labs/gendox-core,ctrl-space-labs__gendox-core,2025-12,0037b56c3380ebceada5add9a5f6dda5e192a95e,1,2025-08,found
ctrl-space-labs/gendox-core,ctrl-space-labs__gendox-core,2026-01,4b2ad3f90316c026f09965eb1fea51d7a4afee0d,1,2025-08,found
ctrl-space-labs/gendox-core,ctrl-space-labs__gendox-core,2026-02,7702f750c2044b2011cc0b8eeaa9b07572cde3bf,1,2025-08,found
yellowstonegames/SquidSquad,yellowstonegames__SquidSquad,2025-02,dcd6e3923b89017a571b3a9ce7f7b77c932fdff0,0,2025-08,found
yellowstonegames/SquidSquad,yellowstonegames__SquidSquad,2025-03,238f6a1950f1751ffa08effaee1aa4b0d82c6fb5,0,2025-08,found
yellowstonegames/SquidSquad,yellowstonegames__SquidSquad,2025-04,3487fd7129f9783235fd774df27234438eb59ab9,0,2025-08,found
yellowstonegames/SquidSquad,yellowstonegames__SquidSquad,2025-05,667bc016325c2fb0f52f6fc3a868b101e27b5bcd,0,2025-08,found
yellowstonegames/SquidSquad,yellowstonegames__SquidSquad,2025-06,d3dda3448f8e9606e9aefc1639ae8d3fd32368f4,0,2025-08,found
yellowstonegames/SquidSquad,yellowstonegames__SquidSquad,2025-07,0669eca363dbe081040977babffa8a1a129d8b58,0,2025-08,found
yellowstonegames/SquidSquad,yellowstonegames__SquidSquad,2025-08,f22d175e7e165807528441141b21afdaa68f7ce2,0,2025-08,found
yellowstonegames/SquidSquad,yellowstonegames__SquidSquad,2025-09,74a4374b18204aa567c1455fc84f2a69a0bcbae5,0,2025-08,found
yellowstonegames/SquidSquad,yellowstonegames__SquidSquad,2025-10,cc155212c31331c43341c06cdd6b12d410f26d0e,0,2025-08,found
yellowstonegames/SquidSquad,yellowstonegames__SquidSquad,2025-11,4cb8027ad34b5e40f007c8b6f85bc6e60685d5c0,0,2025-08,found
yellowstonegames/SquidSquad,yellowstonegames__SquidSquad,2025-12,e4e55fdad254387d185545905f9600e6fdf455e8,0,2025-08,found
yellowstonegames/SquidSquad,yellowstonegames__SquidSquad,2026-01,7f05f30aa874bc50b6da64b64c61a9600c90dab7,0,2025-08,found
yellowstonegames/SquidSquad,yellowstonegames__SquidSquad,2026-02,57ca0db697b4c1b0ecb344b2ccafdc15f894e110,0,2025-08,found
lilishop/lilishop,lilishop__lilishop,2024-12,cfe48d539b369b12e8ebee348890cde2d36ff97c,1,2025-06,found
lilishop/lilishop,lilishop__lilishop,2025-01,db1a3566ae1ec39b2f5cebdb2ec8e3d47af66ef5,1,2025-06,found
lilishop/lilishop,lilishop__lilishop,2025-02,2e6ddeafdd4e3dbc93cc8f77529726b975487e48,1,2025-06,found
lilishop/lilishop,lilishop__lilishop,2025-03,9a0c7dd73d7e51bca54419eea186363735177b5f,1,2025-06,found
lilishop/lilishop,lilishop__lilishop,2025-04,7bd008480286ebb69ca08c26e528ef39378aef82,1,2025-06,found
lilishop/lilishop,lilishop__lilishop,2025-05,ffa0b0db300fc522bb8b0e139604b2ec2153750d,1,2025-06,found
lilishop/lilishop,lilishop__lilishop,2025-06,ffa0b0db300fc522bb8b0e139604b2ec2153750d,1,2025-06,found
lilishop/lilishop,lilishop__lilishop,2025-07,662d3ae0a0bf2bb240106689742f290973b96f3e,1,2025-06,found
lilishop/lilishop,lilishop__lilishop,2025-08,662d3ae0a0bf2bb240106689742f290973b96f3e,1,2025-06,found
lilishop/lilishop,lilishop__lilishop,2025-09,662d3ae0a0bf2bb240106689742f290973b96f3e,1,2025-06,found
lilishop/lilishop,lilishop__lilishop,2025-10,662d3ae0a0bf2bb240106689742f290973b96f3e,1,2025-06,found
lilishop/lilishop,lilishop__lilishop,2025-11,5c0384574563efab1535dc7a70ec91ca925a6c6c,1,2025-06,found
lilishop/lilishop,lilishop__lilishop,2025-12,5c0384574563efab1535dc7a70ec91ca925a6c6c,1,2025-06,found
cinit/QAuxiliary,cinit__QAuxiliary,2024-12,224cfe191231569a3e3e3308ee84bcad6a8e99ea,0,2025-06,found
cinit/QAuxiliary,cinit__QAuxiliary,2025-01,4be5740f53bde70479015e7b8d31cc0d84a6ce91,0,2025-06,found
cinit/QAuxiliary,cinit__QAuxiliary,2025-02,11047067eb9fe0f96adbe63152865e5e30fdf6e0,0,2025-06,found
cinit/QAuxiliary,cinit__QAuxiliary,2025-03,97fcff0a30474e611d905ea70954ce4bc95d63a6,0,2025-06,found
cinit/QAuxiliary,cinit__QAuxiliary,2025-04,6a6a631d805ab124651c9eb7534a143fd8f2f030,0,2025-06,found
cinit/QAuxiliary,cinit__QAuxiliary,2025-05,8f8267c465e9f991981abea77677c918bb79a677,0,2025-06,found
cinit/QAuxiliary,cinit__QAuxiliary,2025-06,9ef5797bc1d89989e6edf76de2bf471a2f5510f7,0,2025-06,found
cinit/QAuxiliary,cinit__QAuxiliary,2025-07,7ac911561c6e016c9772263a613db305bf80b274,0,2025-06,found
cinit/QAuxiliary,cinit__QAuxiliary,2025-08,7ac911561c6e016c9772263a613db305bf80b274,0,2025-06,found
cinit/QAuxiliary,cinit__QAuxiliary,2025-09,946af8cef680474a1323deb8ba38f0756aca183c,0,2025-06,found
cinit/QAuxiliary,cinit__QAuxiliary,2025-10,e075e32a69f1c21ac86b075934066fef313c0e09,0,2025-06,found
cinit/QAuxiliary,cinit__QAuxiliary,2025-11,767baee4377c1358cc4de08ad72d58e874cf772b,0,2025-06,found
cinit/QAuxiliary,cinit__QAuxiliary,2025-12,3a33dbd8735231c33bd1339d7b1d68aebe65a6c6,0,2025-06,found
xerial/snappy-java,xerial__snappy-java,2025-01,dfbf67a4cb49930aa7be2bf6c6d9e77e6aba79e2,1,2025-07,found
xerial/snappy-java,xerial__snappy-java,2025-02,ec23d7c611563bedce536ca4d02ebdb9a690ea91,1,2025-07,found
xerial/snappy-java,xerial__snappy-java,2025-03,65e1ec3de1a0d447b137c6dd6393629aa3d75b8b,1,2025-07,found
xerial/snappy-java,xerial__snappy-java,2025-04,65e1ec3de1a0d447b137c6dd6393629aa3d75b8b,1,2025-07,found
xerial/snappy-java,xerial__snappy-java,2025-05,65e1ec3de1a0d447b137c6dd6393629aa3d75b8b,1,2025-07,found
xerial/snappy-java,xerial__snappy-java,2025-06,0b125f916a6bfba38a767f7b0bdec32f340942e2,1,2025-07,found
xerial/snappy-java,xerial__snappy-java,2025-07,0b125f916a6bfba38a767f7b0bdec32f340942e2,1,2025-07,found
xerial/snappy-java,xerial__snappy-java,2025-08,83466aa5e033df46a656e7deb1535b8520ab708e,1,2025-07,found
xerial/snappy-java,xerial__snappy-java,2025-09,b6a9d0d751cb119204fc3b2fa214fb58325c18be,1,2025-07,found
xerial/snappy-java,xerial__snappy-java,2025-10,98e66a1d02d022d333c20ffa6574a72e9fcfb165,1,2025-07,found
xerial/snappy-java,xerial__snappy-java,2025-11,98e66a1d02d022d333c20ffa6574a72e9fcfb165,1,2025-07,found
xerial/snappy-java,xerial__snappy-java,2025-12,500ade25ebc57287e1d08ed0fbdb6e8561d86342,1,2025-07,found
xerial/snappy-java,xerial__snappy-java,2026-01,500ade25ebc57287e1d08ed0fbdb6e8561d86342,1,2025-07,found
lukas-krecan/JsonUnit,lukas-krecan__JsonUnit,2025-01,815a11747ed311654bead8b74f9a4072e33f0381,0,2025-07,found
lukas-krecan/JsonUnit,lukas-krecan__JsonUnit,2025-02,ba9bbdf25268d1fbeae7de7cd481d21ee6af4d6c,0,2025-07,found
lukas-krecan/JsonUnit,lukas-krecan__JsonUnit,2025-03,ac7228682070053f01fbe6720a007c728b0d3ec1,0,2025-07,found
lukas-krecan/JsonUnit,lukas-krecan__JsonUnit,2025-04,5228bfbed873fc82a24412f32c5fac4341f19e42,0,2025-07,found
lukas-krecan/JsonUnit,lukas-krecan__JsonUnit,2025-05,16d28383942c5b8ec2445c7bc709b1909b9f3dde,0,2025-07,found
lukas-krecan/JsonUnit,lukas-krecan__JsonUnit,2025-06,fce4d21e83c128e436f7389320e764014fd859b7,0,2025-07,found
lukas-krecan/JsonUnit,lukas-krecan__JsonUnit,2025-07,aad1523d74a8f50de73e578f6419909d935a0696,0,2025-07,found
lukas-krecan/JsonUnit,lukas-krecan__JsonUnit,2025-08,0ddda78dff8dceb59157f3037b0f7a1fa58da050,0,2025-07,found
lukas-krecan/JsonUnit,lukas-krecan__JsonUnit,2025-09,748f4b8a6cb57ce74d3cd28312ee99229ae87c26,0,2025-07,found
lukas-krecan/JsonUnit,lukas-krecan__JsonUnit,2025-10,fc0f7badee2303a340de0a5264c09991bea9b5fd,0,2025-07,found
lukas-krecan/JsonUnit,lukas-krecan__JsonUnit,2025-11,95dcb4829494640e332929aabca73d4fd2e145d1,0,2025-07,found
lukas-krecan/JsonUnit,lukas-krecan__JsonUnit,2025-12,eda6cd87227f7f682714e023e3fe35e2d5a4212d,0,2025-07,found
lukas-krecan/JsonUnit,lukas-krecan__JsonUnit,2026-01,1270dc81a311eb0ca1e59741f98aedae29b2e131,0,2025-07,found
JWebMP/Core,JWebMP__Core,2025-06,f3c0c5c0a897fe524df755d43825585f96fba5a7,1,2025-12,found
JWebMP/Core,JWebMP__Core,2025-07,0da033e997b35ecbe532cdc535e4fd71dd6daeac,1,2025-12,found
JWebMP/Core,JWebMP__Core,2025-08,0da033e997b35ecbe532cdc535e4fd71dd6daeac,1,2025-12,found
JWebMP/Core,JWebMP__Core,2025-09,d83692a29c78e31c46c5f54d70c3ab22714059d2,1,2025-12,found
JWebMP/Core,JWebMP__Core,2025-10,24b5ebcbd61e9f3bb0808da2219ddc8c4c37f8e2,1,2025-12,found
JWebMP/Core,JWebMP__Core,2025-11,b7f2520bbe3aa1956d487c1067e69cf29d69a874,1,2025-12,found
JWebMP/Core,JWebMP__Core,2025-12,cb82b95812690464c08d9b62e757c5b507b30727,1,2025-12,found
JWebMP/Core,JWebMP__Core,2026-01,d86d153ce8beb94a5f8c5dd26affe9c4276a51f0,1,2025-12,found
JWebMP/Core,JWebMP__Core,2026-02,363ef661999c4e5758695171d218ad1b96a3c2df,1,2025-12,found
JWebMP/Core,JWebMP__Core,2026-03,363ef661999c4e5758695171d218ad1b96a3c2df,1,2025-12,found
JWebMP/Core,JWebMP__Core,2026-04,ef834a63ee4f6c339b228e1e14ae17ac79081104,1,2025-12,found
JWebMP/Core,JWebMP__Core,2026-05,ef834a63ee4f6c339b228e1e14ae17ac79081104,1,2025-12,found
JWebMP/Core,JWebMP__Core,2026-06,ef834a63ee4f6c339b228e1e14ae17ac79081104,1,2025-12,found
guardtime/ksi-java-sdk,guardtime__ksi-java-sdk,2025-06,53dd07124ea4f68a6a0bb67d65b20965af9647f9,0,2025-12,found
guardtime/ksi-java-sdk,guardtime__ksi-java-sdk,2025-07,53dd07124ea4f68a6a0bb67d65b20965af9647f9,0,2025-12,found
guardtime/ksi-java-sdk,guardtime__ksi-java-sdk,2025-08,53dd07124ea4f68a6a0bb67d65b20965af9647f9,0,2025-12,found
guardtime/ksi-java-sdk,guardtime__ksi-java-sdk,2025-09,53dd07124ea4f68a6a0bb67d65b20965af9647f9,0,2025-12,found
guardtime/ksi-java-sdk,guardtime__ksi-java-sdk,2025-10,53dd07124ea4f68a6a0bb67d65b20965af9647f9,0,2025-12,found
guardtime/ksi-java-sdk,guardtime__ksi-java-sdk,2025-11,53dd07124ea4f68a6a0bb67d65b20965af9647f9,0,2025-12,found
guardtime/ksi-java-sdk,guardtime__ksi-java-sdk,2025-12,53dd07124ea4f68a6a0bb67d65b20965af9647f9,0,2025-12,found
guardtime/ksi-java-sdk,guardtime__ksi-java-sdk,2026-01,53dd07124ea4f68a6a0bb67d65b20965af9647f9,0,2025-12,found
guardtime/ksi-java-sdk,guardtime__ksi-java-sdk,2026-02,53dd07124ea4f68a6a0bb67d65b20965af9647f9,0,2025-12,found
guardtime/ksi-java-sdk,guardtime__ksi-java-sdk,2026-03,53dd07124ea4f68a6a0bb67d65b20965af9647f9,0,2025-12,found
guardtime/ksi-java-sdk,guardtime__ksi-java-sdk,2026-04,53dd07124ea4f68a6a0bb67d65b20965af9647f9,0,2025-12,found
guardtime/ksi-java-sdk,guardtime__ksi-java-sdk,2026-05,53dd07124ea4f68a6a0bb67d65b20965af9647f9,0,2025-12,found
guardtime/ksi-java-sdk,guardtime__ksi-java-sdk,2026-06,53dd07124ea4f68a6a0bb67d65b20965af9647f9,0,2025-12,found
AxonFramework/AxonFramework,AxonFramework__AxonFramework,2024-09,8a168b5d0db3b2e8502e5dd8b6d5caaa6cacdd9d,1,2025-03,found
AxonFramework/AxonFramework,AxonFramework__AxonFramework,2024-10,e7a72b0f882eba3f43d8716b50f1f48aece7fb9d,1,2025-03,found
AxonFramework/AxonFramework,AxonFramework__AxonFramework,2024-11,8fa45496b8916accbd63ded14cbe668ef4a4c6a2,1,2025-03,found
AxonFramework/AxonFramework,AxonFramework__AxonFramework,2024-12,992b9bfae0186c96dc4a1028801e3751c5de8eac,1,2025-03,found
AxonFramework/AxonFramework,AxonFramework__AxonFramework,2025-01,fd703279af64919c31d4636726152182f7307573,1,2025-03,found
AxonFramework/AxonFramework,AxonFramework__AxonFramework,2025-02,b63b914dc31ec30957f058aeb689afbfe5c97d21,1,2025-03,found
AxonFramework/AxonFramework,AxonFramework__AxonFramework,2025-03,e487dcf7e9240890b5b102320a97ef12c8374793,1,2025-03,found
AxonFramework/AxonFramework,AxonFramework__AxonFramework,2025-04,5bdaccde8bfa355ac2be82d051d12b68b28a5bc8,1,2025-03,found
AxonFramework/AxonFramework,AxonFramework__AxonFramework,2025-05,5fc20082de95a1b09a23780b17ccc65df7a88c96,1,2025-03,found
AxonFramework/AxonFramework,AxonFramework__AxonFramework,2025-06,082e989d7934664e0424d417ab2aecf553dc09b1,1,2025-03,found
AxonFramework/AxonFramework,AxonFramework__AxonFramework,2025-07,6efb74cfb4cc1eaddf82a52432483eebc07888da,1,2025-03,found
AxonFramework/AxonFramework,AxonFramework__AxonFramework,2025-08,ce991beab59765f2f98a722bf73dfe55492bb7a4,1,2025-03,found
AxonFramework/AxonFramework,AxonFramework__AxonFramework,2025-09,4178ee2af0174f91a59f27d411d66e01e614cc30,1,2025-03,found
spring-projects/spring-integration,spring-projects__spring-integration,2024-09,c179c06134abbd215447179ecd7f20f05966f395,0,2025-03,found
spring-projects/spring-integration,spring-projects__spring-integration,2024-10,8d7eb7c2ede77e2dd1c664bb78834a8665f67b7c,0,2025-03,found
spring-projects/spring-integration,spring-projects__spring-integration,2024-11,143c1eee3e08868db0afbf0b8869177a9036f1ff,0,2025-03,found
spring-projects/spring-integration,spring-projects__spring-integration,2024-12,4f0ac8908ba6917ade4f039a4b6cc521382de6f5,0,2025-03,found
spring-projects/spring-integration,spring-projects__spring-integration,2025-01,9f6e90112c901cf4d25c27464ff2596ea39d24e8,0,2025-03,found
spring-projects/spring-integration,spring-projects__spring-integration,2025-02,054ff577289d4f6ac021ab9107a119ffbc0d73d4,0,2025-03,found
spring-projects/spring-integration,spring-projects__spring-integration,2025-03,3ad8828657170a6e56b83375166695e44d911657,0,2025-03,found
spring-projects/spring-integration,spring-projects__spring-integration,2025-04,fe5b12d98bc98ff03a27ae95a72a2768ab3795a2,0,2025-03,found
spring-projects/spring-integration,spring-projects__spring-integration,2025-05,05ee9ff4a994dfbacf8bb07811996d98c483a473,0,2025-03,found
spring-projects/spring-integration,spring-projects__spring-integration,2025-06,cd717284baa945d10fd5845b166a547fb473c0fa,0,2025-03,found
spring-projects/spring-integration,spring-projects__spring-integration,2025-07,2401a0f3468deb38c1f9da6cc435de2c490171bd,0,2025-03,found
spring-projects/spring-integration,spring-projects__spring-integration,2025-08,a065eb8e31daafee18f331c2167f2a78926420c1,0,2025-03,found
spring-projects/spring-integration,spring-projects__spring-integration,2025-09,0bd825a9562126ab2f3aec5359309c3fd35b4b4b,0,2025-03,found
Servoy/servoy-client,Servoy__servoy-client,2025-02,b28067d487d96e05173c9c29f6d5948bb9d8888d,1,2025-08,found
Servoy/servoy-client,Servoy__servoy-client,2025-03,b28067d487d96e05173c9c29f6d5948bb9d8888d,1,2025-08,found
Servoy/servoy-client,Servoy__servoy-client,2025-04,b28067d487d96e05173c9c29f6d5948bb9d8888d,1,2025-08,found
Servoy/servoy-client,Servoy__servoy-client,2025-05,b28067d487d96e05173c9c29f6d5948bb9d8888d,1,2025-08,found
Servoy/servoy-client,Servoy__servoy-client,2025-06,b28067d487d96e05173c9c29f6d5948bb9d8888d,1,2025-08,found
Servoy/servoy-client,Servoy__servoy-client,2025-07,b28067d487d96e05173c9c29f6d5948bb9d8888d,1,2025-08,found
Servoy/servoy-client,Servoy__servoy-client,2025-08,b28067d487d96e05173c9c29f6d5948bb9d8888d,1,2025-08,found
Servoy/servoy-client,Servoy__servoy-client,2025-09,b28067d487d96e05173c9c29f6d5948bb9d8888d,1,2025-08,found
Servoy/servoy-client,Servoy__servoy-client,2025-10,a04038bb856df89d34186b63c6929ba3da65624f,1,2025-08,found
Servoy/servoy-client,Servoy__servoy-client,2025-11,ce58f9d41b4d3dd96fcf07b16f19ddbb6109fbeb,1,2025-08,found
Servoy/servoy-client,Servoy__servoy-client,2025-12,71d664a59a9e5fb59aeada03da33222aab7ec9a2,1,2025-08,found
Servoy/servoy-client,Servoy__servoy-client,2026-01,d7253b91406f1f1c2f20d27cf4ff24187b9d9e79,1,2025-08,found
Servoy/servoy-client,Servoy__servoy-client,2026-02,e97f8f2cbecd1f3416988af18d1977ba3d2365b2,1,2025-08,found
SEMOSS/Semoss,SEMOSS__Semoss,2025-02,,0,2025-08,missing
SEMOSS/Semoss,SEMOSS__Semoss,2025-03,,0,2025-08,missing
SEMOSS/Semoss,SEMOSS__Semoss,2025-04,,0,2025-08,missing
SEMOSS/Semoss,SEMOSS__Semoss,2025-05,,0,2025-08,missing
SEMOSS/Semoss,SEMOSS__Semoss,2025-06,,0,2025-08,missing
SEMOSS/Semoss,SEMOSS__Semoss,2025-07,,0,2025-08,missing
SEMOSS/Semoss,SEMOSS__Semoss,2025-08,,0,2025-08,missing
SEMOSS/Semoss,SEMOSS__Semoss,2025-09,,0,2025-08,missing
SEMOSS/Semoss,SEMOSS__Semoss,2025-10,,0,2025-08,missing
SEMOSS/Semoss,SEMOSS__Semoss,2025-11,,0,2025-08,missing
SEMOSS/Semoss,SEMOSS__Semoss,2025-12,,0,2025-08,missing
SEMOSS/Semoss,SEMOSS__Semoss,2026-01,,0,2025-08,missing
SEMOSS/Semoss,SEMOSS__Semoss,2026-02,,0,2025-08,missing
apache/struts,apache__struts,2024-11,a0dc19c4bebfccf693f6a8d7a0f77d901cd537f1,1,2025-05,found
apache/struts,apache__struts,2024-12,bc03f9a71e598034874a96c24e690b3c48073b94,1,2025-05,found
apache/struts,apache__struts,2025-01,375d00aa8e5d92f8c653f6ccbb15f8fc1dd4fb02,1,2025-05,found
apache/struts,apache__struts,2025-02,25d0338e638a22debd0128cbe93591c7ce8325f1,1,2025-05,found
apache/struts,apache__struts,2025-03,0d2d11071bb0ff8c7e0ec19c85260df42823fc51,1,2025-05,found
apache/struts,apache__struts,2025-04,d47143c689c1a483c755597fc6e9d1769c50aad5,1,2025-05,found
apache/struts,apache__struts,2025-05,e3267995328bfa4f77514f821069b3b0ed06a7ca,1,2025-05,found
apache/struts,apache__struts,2025-06,f06bc517ab2bb68521293ddb61fbdae10833085b,1,2025-05,found
apache/struts,apache__struts,2025-07,6466bb120d438b5209f6a0ba38a44d17f103f913,1,2025-05,found
apache/struts,apache__struts,2025-08,7fef6c1ee0fe7cd949c16245836927a9788880b6,1,2025-05,found
apache/struts,apache__struts,2025-09,79c6bf94b31979cdb6182601f2f11bd4c96d7f61,1,2025-05,found
apache/struts,apache__struts,2025-10,32ff5fcc248fd7497a48cde52daebf2b04e49d36,1,2025-05,found
apache/struts,apache__struts,2025-11,d48e04756a7506742d0b1ce87c2178852177f328,1,2025-05,found
SonarSource/sonar-java,SonarSource__sonar-java,2024-11,dfdc9e9315d2366f6ff510007f718e0420e59aef,0,2025-05,found
SonarSource/sonar-java,SonarSource__sonar-java,2024-12,17e0e3604d3e32e613f7cdc24dd1868171913ff8,0,2025-05,found
SonarSource/sonar-java,SonarSource__sonar-java,2025-01,71f25f0111266d76889ed17383fbbb248ff1bdae,0,2025-05,found
SonarSource/sonar-java,SonarSource__sonar-java,2025-02,523318369dd0adea64e21017f248c27838d203ef,0,2025-05,found
SonarSource/sonar-java,SonarSource__sonar-java,2025-03,5ab1705e8f666da0cf99177454d2f6184e172094,0,2025-05,found
SonarSource/sonar-java,SonarSource__sonar-java,2025-04,90e8de05142882f92146801d68078ccbb69760f2,0,2025-05,found
SonarSource/sonar-java,SonarSource__sonar-java,2025-05,aa0c2179dc8edafb80551034209757d9406b5a67,0,2025-05,found
SonarSource/sonar-java,SonarSource__sonar-java,2025-06,4fbd1454f6ff3c5c9c4171053a9b2d64fa67e2d0,0,2025-05,found
SonarSource/sonar-java,SonarSource__sonar-java,2025-07,d3783cea4754ca5a56a40f232e8ea9a642c69914,0,2025-05,found
SonarSource/sonar-java,SonarSource__sonar-java,2025-08,d158546cc61bfbd470d57ba2a5c296dd0efbb2ab,0,2025-05,found
SonarSource/sonar-java,SonarSource__sonar-java,2025-09,d3d2ae3cc30d4201b49db17e95b2f424445ac2dc,0,2025-05,found
SonarSource/sonar-java,SonarSource__sonar-java,2025-10,f89e3f9b4bfaa3facf236ac3edac369237389eab,0,2025-05,found
SonarSource/sonar-java,SonarSource__sonar-java,2025-11,ed71c8c4dab75edc2253567272d6297e9db56956,0,2025-05,found
graphql-java/graphql-java,graphql-java__graphql-java,2024-10,d6dbf6156e8a90a1420a7cee957de0b22100d47f,1,2025-04,found
graphql-java/graphql-java,graphql-java__graphql-java,2024-11,2884d6f4b7fb3056039936ee8989441ba159af2a,1,2025-04,found
graphql-java/graphql-java,graphql-java__graphql-java,2024-12,add6dc559452ae0749db28d6325664be07cf765f,1,2025-04,found
graphql-java/graphql-java,graphql-java__graphql-java,2025-01,a6e57bdb47321cbaba16677e6b764c404add2831,1,2025-04,found
graphql-java/graphql-java,graphql-java__graphql-java,2025-02,3d193c348d05bf6c03ab12d212bbd52841f21be2,1,2025-04,found
graphql-java/graphql-java,graphql-java__graphql-java,2025-03,c79268bf057665b7fae42642618281d1d0da33ac,1,2025-04,found
graphql-java/graphql-java,graphql-java__graphql-java,2025-04,4c17673ce4d8c9fefb86723d9e114a11b0729c9b,1,2025-04,found
graphql-java/graphql-java,graphql-java__graphql-java,2025-05,3523ea24fa2ed5ddcaf4efce93890df62d9613a9,1,2025-04,found
graphql-java/graphql-java,graphql-java__graphql-java,2025-06,13c21fed733b0e60426cdc17c7ec99b33d94c483,1,2025-04,found
graphql-java/graphql-java,graphql-java__graphql-java,2025-07,1f92241e27ca07e068b4242a0d6f1a31cd2ce9f5,1,2025-04,found
graphql-java/graphql-java,graphql-java__graphql-java,2025-08,a9eb7f2dde84ce1005aad4940b99cb47d8b6dffc,1,2025-04,found
graphql-java/graphql-java,graphql-java__graphql-java,2025-09,affb84ff8d95b61a62c8631fa8e7e2e6a5df0ffd,1,2025-04,found
graphql-java/graphql-java,graphql-java__graphql-java,2025-10,a0181b8fb984e957f977305193c7439bc9d54abb,1,2025-04,found
reactor/reactor-core,reactor__reactor-core,2024-10,c910883bdf22726b7aeedcb6a831ca838de02114,0,2025-04,found
reactor/reactor-core,reactor__reactor-core,2024-11,669281266e9139993d69e90f48dd7f6df4ebb8b9,0,2025-04,found
reactor/reactor-core,reactor__reactor-core,2024-12,7cc701cefd858183a49601745fcc1cbb0f7a947c,0,2025-04,found
reactor/reactor-core,reactor__reactor-core,2025-01,96e6824fc9ff96fd493385a36207ae8a4f500795,0,2025-04,found
reactor/reactor-core,reactor__reactor-core,2025-02,93a78d025f0821a648ae5376e196b2009170d98d,0,2025-04,found
reactor/reactor-core,reactor__reactor-core,2025-03,559df77b28d4b27cb7c216d90d7d15cd10afb0cf,0,2025-04,found
reactor/reactor-core,reactor__reactor-core,2025-04,2d0369e0f70a546ae5ea729a7cc8ca7d0cdd5786,0,2025-04,found
reactor/reactor-core,reactor__reactor-core,2025-05,718cc691dc3610e6a46636b2e90f1a37bb434669,0,2025-04,found
reactor/reactor-core,reactor__reactor-core,2025-06,ac6d7365041c048a987e26eb5ce214014d5bd099,0,2025-04,found
reactor/reactor-core,reactor__reactor-core,2025-07,50fe0fdccc77c71939092c450139bd66b2f3b0d0,0,2025-04,found
reactor/reactor-core,reactor__reactor-core,2025-08,6efa010e05d4cef725051670a0dc3f0527e00f75,0,2025-04,found
reactor/reactor-core,reactor__reactor-core,2025-09,2accddaef1fde04f3431b079a143da791810389c,0,2025-04,found
reactor/reactor-core,reactor__reactor-core,2025-10,76e4d523a522a4f75578e215135ff1e9b1dcd958,0,2025-04,found
nyetwurk/ecuxplot,nyetwurk__ecuxplot,2025-04,fc2936d08726d0164fef8aa3c7675914a51a21b5,1,2025-10,found
nyetwurk/ecuxplot,nyetwurk__ecuxplot,2025-05,fc2936d08726d0164fef8aa3c7675914a51a21b5,1,2025-10,found
nyetwurk/ecuxplot,nyetwurk__ecuxplot,2025-06,fc2936d08726d0164fef8aa3c7675914a51a21b5,1,2025-10,found
nyetwurk/ecuxplot,nyetwurk__ecuxplot,2025-07,fc2936d08726d0164fef8aa3c7675914a51a21b5,1,2025-10,found
nyetwurk/ecuxplot,nyetwurk__ecuxplot,2025-08,fc2936d08726d0164fef8aa3c7675914a51a21b5,1,2025-10,found
nyetwurk/ecuxplot,nyetwurk__ecuxplot,2025-09,fc2936d08726d0164fef8aa3c7675914a51a21b5,1,2025-10,found
nyetwurk/ecuxplot,nyetwurk__ecuxplot,2025-10,fc2936d08726d0164fef8aa3c7675914a51a21b5,1,2025-10,found
nyetwurk/ecuxplot,nyetwurk__ecuxplot,2025-11,1b0c42c24d1ece8e63eb54857d532cdd5728ac7d,1,2025-10,found
nyetwurk/ecuxplot,nyetwurk__ecuxplot,2025-12,89a54e6afbfafd5508877465664c668ec744c832,1,2025-10,found
nyetwurk/ecuxplot,nyetwurk__ecuxplot,2026-01,f6cc539dca9eddc412f0999414fd1abd3f40503e,1,2025-10,found
nyetwurk/ecuxplot,nyetwurk__ecuxplot,2026-02,f6cc539dca9eddc412f0999414fd1abd3f40503e,1,2025-10,found
nyetwurk/ecuxplot,nyetwurk__ecuxplot,2026-03,4e6377b9cb334c9497ee4b718eb641948f00053c,1,2025-10,found
nyetwurk/ecuxplot,nyetwurk__ecuxplot,2026-04,ece6ab477c5795142c97526cbaf3c0c73f26961e,1,2025-10,found
Gubaer/josm-scripting-plugin,Gubaer__josm-scripting-plugin,2025-04,741aa79b2076a88cfce37fd2b8f6c46a9529d1c4,0,2025-10,found
Gubaer/josm-scripting-plugin,Gubaer__josm-scripting-plugin,2025-05,741aa79b2076a88cfce37fd2b8f6c46a9529d1c4,0,2025-10,found
Gubaer/josm-scripting-plugin,Gubaer__josm-scripting-plugin,2025-06,741aa79b2076a88cfce37fd2b8f6c46a9529d1c4,0,2025-10,found
Gubaer/josm-scripting-plugin,Gubaer__josm-scripting-plugin,2025-07,cacdee15df8726346aee8dc43e0709269661cbe6,0,2025-10,found
Gubaer/josm-scripting-plugin,Gubaer__josm-scripting-plugin,2025-08,cacdee15df8726346aee8dc43e0709269661cbe6,0,2025-10,found
Gubaer/josm-scripting-plugin,Gubaer__josm-scripting-plugin,2025-09,cacdee15df8726346aee8dc43e0709269661cbe6,0,2025-10,found
Gubaer/josm-scripting-plugin,Gubaer__josm-scripting-plugin,2025-10,cacdee15df8726346aee8dc43e0709269661cbe6,0,2025-10,found
Gubaer/josm-scripting-plugin,Gubaer__josm-scripting-plugin,2025-11,cacdee15df8726346aee8dc43e0709269661cbe6,0,2025-10,found
Gubaer/josm-scripting-plugin,Gubaer__josm-scripting-plugin,2025-12,cacdee15df8726346aee8dc43e0709269661cbe6,0,2025-10,found
Gubaer/josm-scripting-plugin,Gubaer__josm-scripting-plugin,2026-01,cacdee15df8726346aee8dc43e0709269661cbe6,0,2025-10,found
Gubaer/josm-scripting-plugin,Gubaer__josm-scripting-plugin,2026-02,cacdee15df8726346aee8dc43e0709269661cbe6,0,2025-10,found
Gubaer/josm-scripting-plugin,Gubaer__josm-scripting-plugin,2026-03,3a1624cda9c487854bb6ec0af3c55a693d08b173,0,2025-10,found
Gubaer/josm-scripting-plugin,Gubaer__josm-scripting-plugin,2026-04,49e2ac668c9fb71506b299b58efb467df50d4123,0,2025-10,found
qlangtech/plugins,qlangtech__plugins,2025-03,0285fdc7bca26362d09f0a500f4c89e689ba0f97,1,2025-09,found
qlangtech/plugins,qlangtech__plugins,2025-04,f23ca2e11fc9ada1b73d32e44ceb0fe9ff243134,1,2025-09,found
qlangtech/plugins,qlangtech__plugins,2025-05,909cdb68db277b76d67a132339e62a613796cc96,1,2025-09,found
qlangtech/plugins,qlangtech__plugins,2025-06,db2dda256c9eda6f6ad50e25c0a8e65af7a74117,1,2025-09,found
qlangtech/plugins,qlangtech__plugins,2025-07,0fc1ff91765ad69fed6006704e6ce0d721db9615,1,2025-09,found
qlangtech/plugins,qlangtech__plugins,2025-08,df50ec4d572b0b7cf09ba08338a0fd3308ba21fe,1,2025-09,found
qlangtech/plugins,qlangtech__plugins,2025-09,0c8e94366bc508b18893f2cfdcee7cb83c96ed77,1,2025-09,found
qlangtech/plugins,qlangtech__plugins,2025-10,cd8811e109cb488e9019ddf75bfcfb0594c81f4a,1,2025-09,found
qlangtech/plugins,qlangtech__plugins,2025-11,cd8811e109cb488e9019ddf75bfcfb0594c81f4a,1,2025-09,found
qlangtech/plugins,qlangtech__plugins,2025-12,57ef855f5f5f279afc63713a0fabaa309a327724,1,2025-09,found
qlangtech/plugins,qlangtech__plugins,2026-01,f4592ee65176ae44060907a7be239478da260efd,1,2025-09,found
qlangtech/plugins,qlangtech__plugins,2026-02,ff822ed1e158ad61102b5ff5c4789c481d3dd9be,1,2025-09,found
qlangtech/plugins,qlangtech__plugins,2026-03,a146f8e3cdf78ef98b2186d2db0d9b649c5a43ca,1,2025-09,found
itinycheng/flink-platform-backend,itinycheng__flink-platform-backend,2025-03,7d761a5d94a3e11875788ebdf5f76781b13047c6,0,2025-09,found
itinycheng/flink-platform-backend,itinycheng__flink-platform-backend,2025-04,a83a526326e44d66d546265dd784a684ed408ca1,0,2025-09,found
itinycheng/flink-platform-backend,itinycheng__flink-platform-backend,2025-05,4a8d1e3cb322fd98d0a04a9b7b967c1a3b02f47b,0,2025-09,found
itinycheng/flink-platform-backend,itinycheng__flink-platform-backend,2025-06,33d10eb0b9b8a50c78b574a8802e6aedc3a0785b,0,2025-09,found
itinycheng/flink-platform-backend,itinycheng__flink-platform-backend,2025-07,d6df445a92884064539da4676bd014909cbe66f5,0,2025-09,found
itinycheng/flink-platform-backend,itinycheng__flink-platform-backend,2025-08,4ac02747a3ff6285dab8be1cc66f4a5b0953a160,0,2025-09,found
itinycheng/flink-platform-backend,itinycheng__flink-platform-backend,2025-09,4f155bf9d8a78ffa2e53afc36413df621826c296,0,2025-09,found
itinycheng/flink-platform-backend,itinycheng__flink-platform-backend,2025-10,5704a7490441ced193eb9e2618855e30e9aabd8f,0,2025-09,found
itinycheng/flink-platform-backend,itinycheng__flink-platform-backend,2025-11,abd049939d2c9bbe10951b4e467b1a064c62230a,0,2025-09,found
itinycheng/flink-platform-backend,itinycheng__flink-platform-backend,2025-12,931c55fd826a693cd951c0a880f29a5d5cb54e6c,0,2025-09,found
itinycheng/flink-platform-backend,itinycheng__flink-platform-backend,2026-01,a3f8b6a2b03e013c3b1888188ed6194124f0e08e,0,2025-09,found
itinycheng/flink-platform-backend,itinycheng__flink-platform-backend,2026-02,4ef90cc9396835df4d2d403cfc73468b91f0a67a,0,2025-09,found
itinycheng/flink-platform-backend,itinycheng__flink-platform-backend,2026-03,d66aaccc963665c53c697e409e9e1728b07d12d4,0,2025-09,found
pablo67340/GUIShop,pablo67340__GUIShop,2025-06,292f7547887ff0a798b07143c66d6854ccbb2b49,1,2025-12,found
pablo67340/GUIShop,pablo67340__GUIShop,2025-07,292f7547887ff0a798b07143c66d6854ccbb2b49,1,2025-12,found
pablo67340/GUIShop,pablo67340__GUIShop,2025-08,292f7547887ff0a798b07143c66d6854ccbb2b49,1,2025-12,found
pablo67340/GUIShop,pablo67340__GUIShop,2025-09,292f7547887ff0a798b07143c66d6854ccbb2b49,1,2025-12,found
pablo67340/GUIShop,pablo67340__GUIShop,2025-10,292f7547887ff0a798b07143c66d6854ccbb2b49,1,2025-12,found
pablo67340/GUIShop,pablo67340__GUIShop,2025-11,292f7547887ff0a798b07143c66d6854ccbb2b49,1,2025-12,found
pablo67340/GUIShop,pablo67340__GUIShop,2025-12,292f7547887ff0a798b07143c66d6854ccbb2b49,1,2025-12,found
pablo67340/GUIShop,pablo67340__GUIShop,2026-01,124becc26a230d6e7e80dd96b2f58ac9b619126f,1,2025-12,found
pablo67340/GUIShop,pablo67340__GUIShop,2026-02,4f4a483686702db7651c267888f6cd7352ad7818,1,2025-12,found
pablo67340/GUIShop,pablo67340__GUIShop,2026-03,2d1742cdfc849cd41b08a6a676ed5a09ba48aa55,1,2025-12,found
pablo67340/GUIShop,pablo67340__GUIShop,2026-04,c694a03cec4c8e182fc4eb82be2c26d574f177a6,1,2025-12,found
pablo67340/GUIShop,pablo67340__GUIShop,2026-05,c694a03cec4c8e182fc4eb82be2c26d574f177a6,1,2025-12,found
pablo67340/GUIShop,pablo67340__GUIShop,2026-06,c694a03cec4c8e182fc4eb82be2c26d574f177a6,1,2025-12,found
SonarSource/sonar-xml,SonarSource__sonar-xml,2025-06,31458247bbf0eec7cc5a1c5a1c0ad0c363f99c86,0,2025-12,found
SonarSource/sonar-xml,SonarSource__sonar-xml,2025-07,4b64174944b455f03c1f0919a380dfb5333f391f,0,2025-12,found
SonarSource/sonar-xml,SonarSource__sonar-xml,2025-08,387fb65280e9f19fe2125271a79ae474238fed2e,0,2025-12,found
SonarSource/sonar-xml,SonarSource__sonar-xml,2025-09,29fc3dabda9c30770bf1780e06bd584761ecd5fa,0,2025-12,found
SonarSource/sonar-xml,SonarSource__sonar-xml,2025-10,d4a6c522c893c6a26ddc96967a790d853f87bc6b,0,2025-12,found
SonarSource/sonar-xml,SonarSource__sonar-xml,2025-11,77226e41e63b9d199e871345080ff9fc2601a20c,0,2025-12,found
SonarSource/sonar-xml,SonarSource__sonar-xml,2025-12,52e76bf73964c3455d2ba4bc55ca6305906c92b1,0,2025-12,found
SonarSource/sonar-xml,SonarSource__sonar-xml,2026-01,d4db3cdd687cee86fe0c67f5dbb5343ff6b06c4a,0,2025-12,found
SonarSource/sonar-xml,SonarSource__sonar-xml,2026-02,d3c31bbd0e53208868da293fabc5087223eac497,0,2025-12,found
SonarSource/sonar-xml,SonarSource__sonar-xml,2026-03,1bb9a559d690fffafd503b3ac9ed1e46486c9536,0,2025-12,found
SonarSource/sonar-xml,SonarSource__sonar-xml,2026-04,ae77e610ec00744811f033860647af3e1b578956,0,2025-12,found
SonarSource/sonar-xml,SonarSource__sonar-xml,2026-05,ae77e610ec00744811f033860647af3e1b578956,0,2025-12,found
SonarSource/sonar-xml,SonarSource__sonar-xml,2026-06,ae77e610ec00744811f033860647af3e1b578956,0,2025-12,found
salesforce/multicloudj,salesforce__multicloudj,2025-04,,1,2025-10,missing
salesforce/multicloudj,salesforce__multicloudj,2025-05,e17fb19868fac746c73c3177a663cbf71a91df5d,1,2025-10,found
salesforce/multicloudj,salesforce__multicloudj,2025-06,4938b6a80564441a47c894c9a72fc452e71b21d7,1,2025-10,found
salesforce/multicloudj,salesforce__multicloudj,2025-07,993693585f92f283a40c25c60777af371bfc209b,1,2025-10,found
salesforce/multicloudj,salesforce__multicloudj,2025-08,b1fde1e2f07d3572c90d5431fcadbb9a39842128,1,2025-10,found
salesforce/multicloudj,salesforce__multicloudj,2025-09,111e0a58497fb3defafa3c49f6b1ad66ec4d0af9,1,2025-10,found
salesforce/multicloudj,salesforce__multicloudj,2025-10,b05ecac4495d3ccaa85d4a7e495fd581e427e6ee,1,2025-10,found
salesforce/multicloudj,salesforce__multicloudj,2025-11,a57e09deb11eae6e0c3abe28a33f912729131d2e,1,2025-10,found
salesforce/multicloudj,salesforce__multicloudj,2025-12,627b53c84a9dc2f075bfb215cf417de57147bc8e,1,2025-10,found
salesforce/multicloudj,salesforce__multicloudj,2026-01,a02dece61c91b35d57cd48cb9f5d22cbec60ac2b,1,2025-10,found
salesforce/multicloudj,salesforce__multicloudj,2026-02,7a7e55baa48bc64840c78395975c63d192c83866,1,2025-10,found
salesforce/multicloudj,salesforce__multicloudj,2026-03,bf575e6e7bc2c403a82095c227d836c533a7e317,1,2025-10,found
salesforce/multicloudj,salesforce__multicloudj,2026-04,5a564449035f890c2446f5cea204d8719eb525fe,1,2025-10,found
dougdonohoe/ddpoker,dougdonohoe__ddpoker,2025-04,a488a2c1ecd6980e23a76779870a54c504009d9e,0,2025-10,found
dougdonohoe/ddpoker,dougdonohoe__ddpoker,2025-05,35c0b387b5270d4f2e5c56a65a5a4e0aa2da1468,0,2025-10,found
dougdonohoe/ddpoker,dougdonohoe__ddpoker,2025-06,28899f0ae8f8be3d425e6572c28545008d4acfe7,0,2025-10,found
dougdonohoe/ddpoker,dougdonohoe__ddpoker,2025-07,2664e89b4f9d0711808d8cfdf96330461dcd206c,0,2025-10,found
dougdonohoe/ddpoker,dougdonohoe__ddpoker,2025-08,699999c3e25bb4bc07b3e4d132fc48be0b40967f,0,2025-10,found
dougdonohoe/ddpoker,dougdonohoe__ddpoker,2025-09,082e715dcafdeab31731b9db177148489749b8ea,0,2025-10,found
dougdonohoe/ddpoker,dougdonohoe__ddpoker,2025-10,68ee64eb34b9b552facd6d8e253b7fb5ec1815b4,0,2025-10,found
dougdonohoe/ddpoker,dougdonohoe__ddpoker,2025-11,b9370054f833f076b34d24162594c01826b16dba,0,2025-10,found
dougdonohoe/ddpoker,dougdonohoe__ddpoker,2025-12,ebca5333dbcb2fc19ae5185b384fed74c214f375,0,2025-10,found
dougdonohoe/ddpoker,dougdonohoe__ddpoker,2026-01,594a7eb18c8dcdd799114bd0f1a36186faf28f56,0,2025-10,found
dougdonohoe/ddpoker,dougdonohoe__ddpoker,2026-02,cd828f97877d009aecf19fa5cc85a1c6d1f46b54,0,2025-10,found
dougdonohoe/ddpoker,dougdonohoe__ddpoker,2026-03,0a4fdd444b33016b44584278423d35cebf2a96bc,0,2025-10,found
dougdonohoe/ddpoker,dougdonohoe__ddpoker,2026-04,2afcd88ddd05010ed5928e961c609e974e0db6f3,0,2025-10,found
baretto-labs/OllamAssist,baretto-labs__OllamAssist,2025-03,665af5ea86b1eab45f806a40500e7e74ad0bfa67,1,2025-09,found
baretto-labs/OllamAssist,baretto-labs__OllamAssist,2025-04,6b61d75a2708e15153ae419a0254dfd961bfb6ad,1,2025-09,found
baretto-labs/OllamAssist,baretto-labs__OllamAssist,2025-05,8bfedadb17082dd924ca272b9a85df4be9af539a,1,2025-09,found
baretto-labs/OllamAssist,baretto-labs__OllamAssist,2025-06,6af409ad0101bb2e9cda3961fa8010efda972067,1,2025-09,found
baretto-labs/OllamAssist,baretto-labs__OllamAssist,2025-07,dd8c45620e1e273a903025c144b6beb5fa8e722a,1,2025-09,found
baretto-labs/OllamAssist,baretto-labs__OllamAssist,2025-08,e05f9d5e952facee0b665c42348330687c71bb5b,1,2025-09,found
baretto-labs/OllamAssist,baretto-labs__OllamAssist,2025-09,0be0d4243811c1567e4627c02ff9546f64af97ad,1,2025-09,found
baretto-labs/OllamAssist,baretto-labs__OllamAssist,2025-10,fe612e01b453175e216a822e4f368294435bff92,1,2025-09,found
baretto-labs/OllamAssist,baretto-labs__OllamAssist,2025-11,ca01b4bc1658ea818e00fadc18d7f96526016da5,1,2025-09,found
baretto-labs/OllamAssist,baretto-labs__OllamAssist,2025-12,1e84eb59d175ef53b62fc42449c024643a62d33a,1,2025-09,found
baretto-labs/OllamAssist,baretto-labs__OllamAssist,2026-01,4e2f0c219f9844c8e2fcdac7a05b4490e414d00c,1,2025-09,found
baretto-labs/OllamAssist,baretto-labs__OllamAssist,2026-02,3295987e168b4e855488a61a122a61d26d57e467,1,2025-09,found
baretto-labs/OllamAssist,baretto-labs__OllamAssist,2026-03,295657a840255f545a3f24639a94fdd939d8e721,1,2025-09,found
clerk/clerk-sdk-java,clerk__clerk-sdk-java,2025-03,f0d9b98c08cbbce501a1416c6e70cbca590b028f,0,2025-09,found
clerk/clerk-sdk-java,clerk__clerk-sdk-java,2025-04,fceba9f10d919391f76b8e06c30a68e6c96b9c56,0,2025-09,found
clerk/clerk-sdk-java,clerk__clerk-sdk-java,2025-05,fceba9f10d919391f76b8e06c30a68e6c96b9c56,0,2025-09,found
clerk/clerk-sdk-java,clerk__clerk-sdk-java,2025-06,9dfbaaeb0d8aa92278548cb40a123d37ab2d5bd7,0,2025-09,found
clerk/clerk-sdk-java,clerk__clerk-sdk-java,2025-07,ba3d04c38cb4345bb56ad1b702988ec5a0d9e47a,0,2025-09,found
clerk/clerk-sdk-java,clerk__clerk-sdk-java,2025-08,629a24701b7e256e83aeecb027c7ead72f258152,0,2025-09,found
clerk/clerk-sdk-java,clerk__clerk-sdk-java,2025-09,21003d4cd15dbb53daa2301f8d7c3b129d1e694a,0,2025-09,found
clerk/clerk-sdk-java,clerk__clerk-sdk-java,2025-10,336f62e15bb3da9e4e1c9dfc9f560e7071a20f77,0,2025-09,found
clerk/clerk-sdk-java,clerk__clerk-sdk-java,2025-11,93ad99af53be9d50e4f64c5ad17e53f5daec6187,0,2025-09,found
clerk/clerk-sdk-java,clerk__clerk-sdk-java,2025-12,d2f80144fdd62a5b9dedeee970387b2a9f27ced8,0,2025-09,found
clerk/clerk-sdk-java,clerk__clerk-sdk-java,2026-01,9f1b336298407349dbff4c832815f49fa0a25f33,0,2025-09,found
clerk/clerk-sdk-java,clerk__clerk-sdk-java,2026-02,76f1020a665429c1d59fb653c541d1afe4818fc6,0,2025-09,found
clerk/clerk-sdk-java,clerk__clerk-sdk-java,2026-03,7eb58fb7c92c32e9261e5bc05ac6e3cff5ab9637,0,2025-09,found
caoccao/Javet,caoccao__Javet,2025-03,239a9016b19eb79f081cfc4be397bdc679a0298b,1,2025-09,found
caoccao/Javet,caoccao__Javet,2025-04,239a9016b19eb79f081cfc4be397bdc679a0298b,1,2025-09,found
caoccao/Javet,caoccao__Javet,2025-05,6fb32d63930fedcc406c5b0c981939c1ae9510de,1,2025-09,found
caoccao/Javet,caoccao__Javet,2025-06,74205156d3c0699db13f7da1681a644777d466fe,1,2025-09,found
caoccao/Javet,caoccao__Javet,2025-07,6fd1c00f2101800447c8ed0391e62e4e53a98e85,1,2025-09,found
caoccao/Javet,caoccao__Javet,2025-08,6fd1c00f2101800447c8ed0391e62e4e53a98e85,1,2025-09,found
caoccao/Javet,caoccao__Javet,2025-09,c7184e0cb4bb14e808cf1e9bc6fce4fa975360ae,1,2025-09,found
caoccao/Javet,caoccao__Javet,2025-10,d21ae08843cc337b45d225dc1dead4b46a238b84,1,2025-09,found
caoccao/Javet,caoccao__Javet,2025-11,7f78b6b4e7937bbed8501ddb2e1a9b4f39c464cc,1,2025-09,found
caoccao/Javet,caoccao__Javet,2025-12,903f3e55a9b38eecc48140e1db1fa28f35317c91,1,2025-09,found
caoccao/Javet,caoccao__Javet,2026-01,a6d0cf7b9441ec78976d9923ed4a7afc59f4b3c4,1,2025-09,found
caoccao/Javet,caoccao__Javet,2026-02,c0b386ca61e96b6949b10e9d682ce7d06c5e8e0b,1,2025-09,found
caoccao/Javet,caoccao__Javet,2026-03,9f505e258cde607ff80e241bef2504b8cca20a10,1,2025-09,found
standard-webhooks/standard-webhooks,standard-webhooks__standard-webhooks,2025-03,8707e00bdbae088a51b59f7bcc11e9544cc8bef4,0,2025-09,found
standard-webhooks/standard-webhooks,standard-webhooks__standard-webhooks,2025-04,d347f20c7e91de771df1a447f78bb0853a98e11d,0,2025-09,found
standard-webhooks/standard-webhooks,standard-webhooks__standard-webhooks,2025-05,d347f20c7e91de771df1a447f78bb0853a98e11d,0,2025-09,found
standard-webhooks/standard-webhooks,standard-webhooks__standard-webhooks,2025-06,cc86b53f05df95a8fd50ba88cea6815c39658291,0,2025-09,found
standard-webhooks/standard-webhooks,standard-webhooks__standard-webhooks,2025-07,cc86b53f05df95a8fd50ba88cea6815c39658291,0,2025-09,found
standard-webhooks/standard-webhooks,standard-webhooks__standard-webhooks,2025-08,a173a6c0125ca2b9245bf5ea3f1c61384ccc10a2,0,2025-09,found
standard-webhooks/standard-webhooks,standard-webhooks__standard-webhooks,2025-09,a173a6c0125ca2b9245bf5ea3f1c61384ccc10a2,0,2025-09,found
standard-webhooks/standard-webhooks,standard-webhooks__standard-webhooks,2025-10,a173a6c0125ca2b9245bf5ea3f1c61384ccc10a2,0,2025-09,found
standard-webhooks/standard-webhooks,standard-webhooks__standard-webhooks,2025-11,a173a6c0125ca2b9245bf5ea3f1c61384ccc10a2,0,2025-09,found
standard-webhooks/standard-webhooks,standard-webhooks__standard-webhooks,2025-12,a173a6c0125ca2b9245bf5ea3f1c61384ccc10a2,0,2025-09,found
standard-webhooks/standard-webhooks,standard-webhooks__standard-webhooks,2026-01,b03a68fe8b1904de92ba1df669dc8bd9c8226df3,0,2025-09,found
standard-webhooks/standard-webhooks,standard-webhooks__standard-webhooks,2026-02,3f69fd681bb0a08cab0b5c1fa2dd928f2daa2a58,0,2025-09,found
standard-webhooks/standard-webhooks,standard-webhooks__standard-webhooks,2026-03,a1773d7ffc577d730e2bf4d4bd740a82a42aa904,0,2025-09,found
IstiN/dmtools,IstiN__dmtools,2024-12,d72ec9a44410094c3dfb6f745e962407a93f27e9,1,2025-06,found
IstiN/dmtools,IstiN__dmtools,2025-01,07834eae983609cfec136ee93366c7a615d2e517,1,2025-06,found
IstiN/dmtools,IstiN__dmtools,2025-02,f314da3cf64e8ede1ca546455d8f90fade8ee30f,1,2025-06,found
IstiN/dmtools,IstiN__dmtools,2025-03,eb6c9632bf26a75a5bd5ad13cbcfbf9554aff2e0,1,2025-06,found
IstiN/dmtools,IstiN__dmtools,2025-04,1d028e1c61cc7d95b3759fb9433671b8ab9bd90e,1,2025-06,found
IstiN/dmtools,IstiN__dmtools,2025-05,0eb5d00523a7a7c62102d290ffe453247e8eda00,1,2025-06,found
IstiN/dmtools,IstiN__dmtools,2025-06,347e3b5b26ec3cc968f15778737d140c796ebb56,1,2025-06,found
IstiN/dmtools,IstiN__dmtools,2025-07,48b21922ae0dec02a5ba740882368d760a6ae7d0,1,2025-06,found
IstiN/dmtools,IstiN__dmtools,2025-08,98ede7e755b1dcc176534e6d102f9ee9f7876600,1,2025-06,found
IstiN/dmtools,IstiN__dmtools,2025-09,5973d5b568d4d1d7256d7c4570c5c97c47c3a7dc,1,2025-06,found
IstiN/dmtools,IstiN__dmtools,2025-10,3eb5642709a8ca71667b1f14036bae626f1cdf69,1,2025-06,found
IstiN/dmtools,IstiN__dmtools,2025-11,e3e51eb9e9c299b5df4e79daccc6b0e59999fd62,1,2025-06,found
IstiN/dmtools,IstiN__dmtools,2025-12,1d0792bebe216978d0fb55ba48d1e98e0c034e75,1,2025-06,found
cryostatio/cryostat,cryostatio__cryostat,2024-12,a1410726bc892a6e1122de75b462d128d3429258,0,2025-06,found
cryostatio/cryostat,cryostatio__cryostat,2025-01,443c9c09ec8dd819476b661eb8a384d64d3cbefb,0,2025-06,found
cryostatio/cryostat,cryostatio__cryostat,2025-02,d4f09ba216020ef136bb1c97b3bf6b41a880df15,0,2025-06,found
cryostatio/cryostat,cryostatio__cryostat,2025-03,871ed00352c580eb7ba1c0acd0d48bd5bb346db0,0,2025-06,found
cryostatio/cryostat,cryostatio__cryostat,2025-04,78f8bfa12d9944c30a70fc94ecd8e405de388c1b,0,2025-06,found
cryostatio/cryostat,cryostatio__cryostat,2025-05,5f3544a81378cd99ac78c1ae43cef97c099f9770,0,2025-06,found
cryostatio/cryostat,cryostatio__cryostat,2025-06,65bc02e20a8d2f23443a03f2dd3de2653abedcc9,0,2025-06,found
cryostatio/cryostat,cryostatio__cryostat,2025-07,463a4807ef5b3416b00d12fb69dde5f5d0b2b33a,0,2025-06,found
cryostatio/cryostat,cryostatio__cryostat,2025-08,cb55eeb1020f48fc0077a13859dbbbd50de735f5,0,2025-06,found
cryostatio/cryostat,cryostatio__cryostat,2025-09,ed7008261cb4701981ec1d58a8ae3522c799b5bb,0,2025-06,found
cryostatio/cryostat,cryostatio__cryostat,2025-10,265627645292691a9a699b6f93ede33f2f53fe47,0,2025-06,found
cryostatio/cryostat,cryostatio__cryostat,2025-11,30dbc44757800def992cb2dd901e973ebc2c9277,0,2025-06,found
cryostatio/cryostat,cryostatio__cryostat,2025-12,08f233b43611f184b44286f7422037c1d6ba0959,0,2025-06,found
opentripplanner/OpenTripPlanner,opentripplanner__OpenTripPlanner,2025-04,139aca20414a43138fac67cf65d70c1313a93ee8,1,2025-10,found
opentripplanner/OpenTripPlanner,opentripplanner__OpenTripPlanner,2025-05,a5a328bfc5a8799bbbc97683ffec06fb965bf2db,1,2025-10,found
opentripplanner/OpenTripPlanner,opentripplanner__OpenTripPlanner,2025-06,a0195bc9f301371f3989a48a7dea659b42e9416e,1,2025-10,found
opentripplanner/OpenTripPlanner,opentripplanner__OpenTripPlanner,2025-07,89cc39a552fdf73860c0d25aff5289c610aad508,1,2025-10,found
opentripplanner/OpenTripPlanner,opentripplanner__OpenTripPlanner,2025-08,27cb85585bad7bc8be3898d515030996e71ee737,1,2025-10,found
opentripplanner/OpenTripPlanner,opentripplanner__OpenTripPlanner,2025-09,07fa89f4387f83de644c134da674e99d426527ac,1,2025-10,found
opentripplanner/OpenTripPlanner,opentripplanner__OpenTripPlanner,2025-10,cc6c6c6ac60e0e159de9f2f9f1da33d2600bbb98,1,2025-10,found
opentripplanner/OpenTripPlanner,opentripplanner__OpenTripPlanner,2025-11,cfe348a468736325c21a6364ffffd9b0abee61b1,1,2025-10,found
opentripplanner/OpenTripPlanner,opentripplanner__OpenTripPlanner,2025-12,2813cca2c18ae9bd89b6cd4a314084ecd6b3aa40,1,2025-10,found
opentripplanner/OpenTripPlanner,opentripplanner__OpenTripPlanner,2026-01,3b9bcd0ab6132ce4850edb75fa746ceb97412224,1,2025-10,found
opentripplanner/OpenTripPlanner,opentripplanner__OpenTripPlanner,2026-02,539bc40bcc9c6e95b9e24eb3d9d76515914bf3bc,1,2025-10,found
opentripplanner/OpenTripPlanner,opentripplanner__OpenTripPlanner,2026-03,ca1efb2faaf299c54a1b0b13ecc21c316b4c50ec,1,2025-10,found
opentripplanner/OpenTripPlanner,opentripplanner__OpenTripPlanner,2026-04,b4a7e0e7db0575c316b0285fab297c91f4fdedd0,1,2025-10,found
wildfly/wildfly,wildfly__wildfly,2025-04,,0,2025-10,missing
wildfly/wildfly,wildfly__wildfly,2025-05,,0,2025-10,missing
wildfly/wildfly,wildfly__wildfly,2025-06,,0,2025-10,missing
wildfly/wildfly,wildfly__wildfly,2025-07,,0,2025-10,missing
wildfly/wildfly,wildfly__wildfly,2025-08,,0,2025-10,missing
wildfly/wildfly,wildfly__wildfly,2025-09,,0,2025-10,missing
wildfly/wildfly,wildfly__wildfly,2025-10,,0,2025-10,missing
wildfly/wildfly,wildfly__wildfly,2025-11,,0,2025-10,missing
wildfly/wildfly,wildfly__wildfly,2025-12,,0,2025-10,missing
wildfly/wildfly,wildfly__wildfly,2026-01,,0,2025-10,missing
wildfly/wildfly,wildfly__wildfly,2026-02,,0,2025-10,missing
wildfly/wildfly,wildfly__wildfly,2026-03,,0,2025-10,missing
wildfly/wildfly,wildfly__wildfly,2026-04,,0,2025-10,missing
oraxen/oraxen,oraxen__oraxen,2025-02,5204eab291c5594fec34d1759551e02b1ada9b9e,1,2025-08,found
oraxen/oraxen,oraxen__oraxen,2025-03,c491818969104f325967793f5239dedf27bbbd53,1,2025-08,found
oraxen/oraxen,oraxen__oraxen,2025-04,c491818969104f325967793f5239dedf27bbbd53,1,2025-08,found
oraxen/oraxen,oraxen__oraxen,2025-05,352207f7ecfd96d8f401c1a8c7ca47c96c5bb16c,1,2025-08,found
oraxen/oraxen,oraxen__oraxen,2025-06,352207f7ecfd96d8f401c1a8c7ca47c96c5bb16c,1,2025-08,found
oraxen/oraxen,oraxen__oraxen,2025-07,352207f7ecfd96d8f401c1a8c7ca47c96c5bb16c,1,2025-08,found
oraxen/oraxen,oraxen__oraxen,2025-08,582d41da74052e4ddc4154100975915df9ab298c,1,2025-08,found
oraxen/oraxen,oraxen__oraxen,2025-09,20fd22b6534d413ac387d8481e715127f8c6d019,1,2025-08,found
oraxen/oraxen,oraxen__oraxen,2025-10,d4f9d118aa418332319fef40f4e66277750429fe,1,2025-08,found
oraxen/oraxen,oraxen__oraxen,2025-11,2325c81adaa9d865c9ee7efac1d2ea36792b5382,1,2025-08,found
oraxen/oraxen,oraxen__oraxen,2025-12,ccbdcf01975070b88767aa4ac17b2cb88e445b9e,1,2025-08,found
oraxen/oraxen,oraxen__oraxen,2026-01,a73a1f52828b3f4682277db49e71be80f0bede9d,1,2025-08,found
oraxen/oraxen,oraxen__oraxen,2026-02,0f87d3b03be81b9fe10604da754ef4eb6986ba5d,1,2025-08,found
GoogleCloudPlatform/spring-cloud-gcp,GoogleCloudPlatform__spring-cloud-gcp,2025-02,bcdc875d394f649b61095fccc613ea76aedb1596,0,2025-08,found
GoogleCloudPlatform/spring-cloud-gcp,GoogleCloudPlatform__spring-cloud-gcp,2025-03,397271daa5bcfa62deaad7aeb9d20a136d883a21,0,2025-08,found
GoogleCloudPlatform/spring-cloud-gcp,GoogleCloudPlatform__spring-cloud-gcp,2025-04,cabb7a59fa6d49d280dd311a7f59ec4d922300e7,0,2025-08,found
GoogleCloudPlatform/spring-cloud-gcp,GoogleCloudPlatform__spring-cloud-gcp,2025-05,3b06a2fb74e755288bff51aba3c90612bcc61f48,0,2025-08,found
GoogleCloudPlatform/spring-cloud-gcp,GoogleCloudPlatform__spring-cloud-gcp,2025-06,c302c2c9d0bef5c60f1ddfd5bd5e3d4191ffc2c1,0,2025-08,found
GoogleCloudPlatform/spring-cloud-gcp,GoogleCloudPlatform__spring-cloud-gcp,2025-07,f483e6b185cdc2692863f61e1d1c358cbeee1c6a,0,2025-08,found
GoogleCloudPlatform/spring-cloud-gcp,GoogleCloudPlatform__spring-cloud-gcp,2025-08,81a4b2f9f74ebc48f1b1cedf486d1c6bfb8792d8,0,2025-08,found
GoogleCloudPlatform/spring-cloud-gcp,GoogleCloudPlatform__spring-cloud-gcp,2025-09,90c1be07f5b9942672b5996278f459194e460e65,0,2025-08,found
GoogleCloudPlatform/spring-cloud-gcp,GoogleCloudPlatform__spring-cloud-gcp,2025-10,1acd5751adc10c8011016da46815769b646db0cb,0,2025-08,found
GoogleCloudPlatform/spring-cloud-gcp,GoogleCloudPlatform__spring-cloud-gcp,2025-11,b381f29c30063b79a488fe4ad2fc7cf3aafa503d,0,2025-08,found
GoogleCloudPlatform/spring-cloud-gcp,GoogleCloudPlatform__spring-cloud-gcp,2025-12,ad9149e33ed3c0e8bc4101c3786e3b103a118ad0,0,2025-08,found
GoogleCloudPlatform/spring-cloud-gcp,GoogleCloudPlatform__spring-cloud-gcp,2026-01,ffda1d81724a956b7f5728245e501c8ae231ff86,0,2025-08,found
GoogleCloudPlatform/spring-cloud-gcp,GoogleCloudPlatform__spring-cloud-gcp,2026-02,698a4658d3c63f96d2bceafaea8d4ad1239566d0,0,2025-08,found
bloxbean/cardano-client-lib,bloxbean__cardano-client-lib,2025-04,6f0df0678e4ad20c04af8bf74d016ecb9509af00,1,2025-10,found
bloxbean/cardano-client-lib,bloxbean__cardano-client-lib,2025-05,71de632ed733f1cae6c1c03e40993fdb8de0a697,1,2025-10,found
bloxbean/cardano-client-lib,bloxbean__cardano-client-lib,2025-06,b32d20095f087270a4a013bd3027dc75a0ecc289,1,2025-10,found
bloxbean/cardano-client-lib,bloxbean__cardano-client-lib,2025-07,de704dea2811a5a65a73a091e73be15ffdfe205c,1,2025-10,found
bloxbean/cardano-client-lib,bloxbean__cardano-client-lib,2025-08,5d544bc925e35aaee0f0cbe6cfd21a73b675ca50,1,2025-10,found
bloxbean/cardano-client-lib,bloxbean__cardano-client-lib,2025-09,79b6e434c240fc52d9811b11868d52e322f468c4,1,2025-10,found
bloxbean/cardano-client-lib,bloxbean__cardano-client-lib,2025-10,d61cedd7c539ea17ecb4d2ef229acee248f2b85d,1,2025-10,found
bloxbean/cardano-client-lib,bloxbean__cardano-client-lib,2025-11,38a6148f729ca967797c3616aa4edff52a76cd46,1,2025-10,found
bloxbean/cardano-client-lib,bloxbean__cardano-client-lib,2025-12,62531bc4c53960aac378af2d9b34207bb990b3e5,1,2025-10,found
bloxbean/cardano-client-lib,bloxbean__cardano-client-lib,2026-01,62531bc4c53960aac378af2d9b34207bb990b3e5,1,2025-10,found
bloxbean/cardano-client-lib,bloxbean__cardano-client-lib,2026-02,157130a3b0b9851de35dee9ec86698a9d56515e7,1,2025-10,found
bloxbean/cardano-client-lib,bloxbean__cardano-client-lib,2026-03,87b2c84519be4f482709db90cd807a4f7c383a9c,1,2025-10,found
bloxbean/cardano-client-lib,bloxbean__cardano-client-lib,2026-04,21aff834efc23c15c03a525d5577641e87dfacb7,1,2025-10,found
GoogleCloudPlatform/jit-groups,GoogleCloudPlatform__jit-groups,2025-04,b7ac438c634bdc94cb0c79a4b50294e6c93d7613,0,2025-10,found
GoogleCloudPlatform/jit-groups,GoogleCloudPlatform__jit-groups,2025-05,560a59302e96854a4f10d02d06242afb64f7d5c4,0,2025-10,found
GoogleCloudPlatform/jit-groups,GoogleCloudPlatform__jit-groups,2025-06,59705cbd595a1754bc5df9bbf65eed8dabef01ab,0,2025-10,found
GoogleCloudPlatform/jit-groups,GoogleCloudPlatform__jit-groups,2025-07,d8cc6521f2009736ec9c5905cec3a536c5254d6d,0,2025-10,found
GoogleCloudPlatform/jit-groups,GoogleCloudPlatform__jit-groups,2025-08,e2ab1564fc35da6cc4daf2f7ed9eafb9422f276a,0,2025-10,found
GoogleCloudPlatform/jit-groups,GoogleCloudPlatform__jit-groups,2025-09,9a6ace75abbd5632d1d1ae0e0e228910af98f889,0,2025-10,found
GoogleCloudPlatform/jit-groups,GoogleCloudPlatform__jit-groups,2025-10,eb0860fd3c34ab506dfe1e7dcb75cdbcc50de889,0,2025-10,found
GoogleCloudPlatform/jit-groups,GoogleCloudPlatform__jit-groups,2025-11,7a9764019cd64793df05716739781ce161242d08,0,2025-10,found
GoogleCloudPlatform/jit-groups,GoogleCloudPlatform__jit-groups,2025-12,9bb017a4b7dfd9b23ed9fa16f8ab0e294c6eb576,0,2025-10,found
GoogleCloudPlatform/jit-groups,GoogleCloudPlatform__jit-groups,2026-01,f49f61e8cc11f0d50b90b51f982260e0e4d5a6d3,0,2025-10,found
GoogleCloudPlatform/jit-groups,GoogleCloudPlatform__jit-groups,2026-02,bf2e05d96853a1cd15a87a0cfc2ffebc772a293f,0,2025-10,found
GoogleCloudPlatform/jit-groups,GoogleCloudPlatform__jit-groups,2026-03,e5a0a10a689acfbb9305d3a7225349e2d737af09,0,2025-10,found
GoogleCloudPlatform/jit-groups,GoogleCloudPlatform__jit-groups,2026-04,39745848274b47556f2be08d01ad23cbdefde3de,0,2025-10,found
remsfal/remsfal-backend,remsfal__remsfal-backend,2025-01,2f0b0df2eede730a012394a9b56b661bc6039a1d,1,2025-07,found
remsfal/remsfal-backend,remsfal__remsfal-backend,2025-02,b18ce22af762a8dab0a918238edd7031fcf3d492,1,2025-07,found
remsfal/remsfal-backend,remsfal__remsfal-backend,2025-03,2da92ab72f7024d7ed82c529f739dc78c07e7d83,1,2025-07,found
remsfal/remsfal-backend,remsfal__remsfal-backend,2025-04,dec3075e429b290910cce2d022bec1e914ae4de3,1,2025-07,found
remsfal/remsfal-backend,remsfal__remsfal-backend,2025-05,751ee8302e48d10d3af546ce19a0463be9628dce,1,2025-07,found
remsfal/remsfal-backend,remsfal__remsfal-backend,2025-06,d88024630176e26c44aa27a66ec90698320f6efd,1,2025-07,found
remsfal/remsfal-backend,remsfal__remsfal-backend,2025-07,6685609b13381d5108014f191abf682246e18d5e,1,2025-07,found
remsfal/remsfal-backend,remsfal__remsfal-backend,2025-08,5e92aff59d5c9123d9459351531b19a370f5a65d,1,2025-07,found
remsfal/remsfal-backend,remsfal__remsfal-backend,2025-09,31d883deee13f6d93682c6812a0f8189752c7d3b,1,2025-07,found
remsfal/remsfal-backend,remsfal__remsfal-backend,2025-10,453a1b45cd7bdea3c9f4daebd3dcc77f45449680,1,2025-07,found
remsfal/remsfal-backend,remsfal__remsfal-backend,2025-11,6721057cf38bd295667d9631e7bb8298834f3f11,1,2025-07,found
remsfal/remsfal-backend,remsfal__remsfal-backend,2025-12,a65a7b14ee8c735496488cb3286527ee1e6fc307,1,2025-07,found
remsfal/remsfal-backend,remsfal__remsfal-backend,2026-01,1be5c282a8019961d2b236f9ae7ebe9180590963,1,2025-07,found
kestra-io/plugin-jdbc,kestra-io__plugin-jdbc,2025-01,72c8eff4c5486ad08ac89642cdd0fbbddcda76f5,0,2025-07,found
kestra-io/plugin-jdbc,kestra-io__plugin-jdbc,2025-02,a3a4b12fdf3a170652462e9b82befe9fabad743e,0,2025-07,found
kestra-io/plugin-jdbc,kestra-io__plugin-jdbc,2025-03,b578d43f08ba254b69643fd79d911fe80c1ed858,0,2025-07,found
kestra-io/plugin-jdbc,kestra-io__plugin-jdbc,2025-04,c5bee1d60a558ca8ab554112e26cc156c38308d8,0,2025-07,found
kestra-io/plugin-jdbc,kestra-io__plugin-jdbc,2025-05,078eb2a3428128987b3107c8cca82d84969a678a,0,2025-07,found
kestra-io/plugin-jdbc,kestra-io__plugin-jdbc,2025-06,2a1904898fe62af25a87c9e87d26ab5d96d96a59,0,2025-07,found
kestra-io/plugin-jdbc,kestra-io__plugin-jdbc,2025-07,f33c5c2e7a4fadcfb512c0cd1e308343a5d764a8,0,2025-07,found
kestra-io/plugin-jdbc,kestra-io__plugin-jdbc,2025-08,b705f8e7203ae8d4603066ddad292c4eac5af32b,0,2025-07,found
kestra-io/plugin-jdbc,kestra-io__plugin-jdbc,2025-09,ad4cb60f9a444d491fba10e1407631af6bb5ec35,0,2025-07,found
kestra-io/plugin-jdbc,kestra-io__plugin-jdbc,2025-10,748f5b25989d630f025558285a4e10f532145a0a,0,2025-07,found
kestra-io/plugin-jdbc,kestra-io__plugin-jdbc,2025-11,a1a7a276d44672a7e79555efe0763d7f1c44cd4b,0,2025-07,found
kestra-io/plugin-jdbc,kestra-io__plugin-jdbc,2025-12,04b6adf8ee05720feb92df0e88e48fd7da2cbd00,0,2025-07,found
kestra-io/plugin-jdbc,kestra-io__plugin-jdbc,2026-01,bf1b5b2c82a2a7a779597b0c748efd3a5c7b9d04,0,2025-07,found
HDFGroup/hdfview,HDFGroup__hdfview,2025-03,bb520550af769f91b9f1189692893073c275e2cb,1,2025-09,found
HDFGroup/hdfview,HDFGroup__hdfview,2025-04,bb520550af769f91b9f1189692893073c275e2cb,1,2025-09,found
HDFGroup/hdfview,HDFGroup__hdfview,2025-05,bb520550af769f91b9f1189692893073c275e2cb,1,2025-09,found
HDFGroup/hdfview,HDFGroup__hdfview,2025-06,a799169ffef3ad632613fad701a10904c17997fb,1,2025-09,found
HDFGroup/hdfview,HDFGroup__hdfview,2025-07,1531162517b5a1f81bbbffc7643827a9ed4a80cd,1,2025-09,found
HDFGroup/hdfview,HDFGroup__hdfview,2025-08,1531162517b5a1f81bbbffc7643827a9ed4a80cd,1,2025-09,found
HDFGroup/hdfview,HDFGroup__hdfview,2025-09,b3052ab75e77d98d0332bfa3f7d636fecadb7d0e,1,2025-09,found
HDFGroup/hdfview,HDFGroup__hdfview,2025-10,c8816229bb22ad245fbe44348f06ab449ba77028,1,2025-09,found
HDFGroup/hdfview,HDFGroup__hdfview,2025-11,c8816229bb22ad245fbe44348f06ab449ba77028,1,2025-09,found
HDFGroup/hdfview,HDFGroup__hdfview,2025-12,650bbb81c484ff736aa8a7188f40dc868cf9df95,1,2025-09,found
HDFGroup/hdfview,HDFGroup__hdfview,2026-01,3fde687d5eafb8879ea51666433eba4a5def178c,1,2025-09,found
HDFGroup/hdfview,HDFGroup__hdfview,2026-02,ec2111223fecedbd7abeeeb8ad7d3216da8bae43,1,2025-09,found
HDFGroup/hdfview,HDFGroup__hdfview,2026-03,f3fda01b420610e1edceff77756d153d378aba86,1,2025-09,found
rabbitmq/rabbitmq-stream-java-client,rabbitmq__rabbitmq-stream-java-client,2025-03,722e5d2804f3e9075627df9dbfd4e018ed9413af,0,2025-09,found
rabbitmq/rabbitmq-stream-java-client,rabbitmq__rabbitmq-stream-java-client,2025-04,144f35bad0e3013316aecd3e2ce55a075ddccb60,0,2025-09,found
rabbitmq/rabbitmq-stream-java-client,rabbitmq__rabbitmq-stream-java-client,2025-05,709e6dbe407eb7c1c677940c15ac9995d245a35a,0,2025-09,found
rabbitmq/rabbitmq-stream-java-client,rabbitmq__rabbitmq-stream-java-client,2025-06,dbac6c58be4a4d0dea32200434f9765adc9a07cd,0,2025-09,found
rabbitmq/rabbitmq-stream-java-client,rabbitmq__rabbitmq-stream-java-client,2025-07,46e68d35029fdff82455b79aa7d3ad0b9624afca,0,2025-09,found
rabbitmq/rabbitmq-stream-java-client,rabbitmq__rabbitmq-stream-java-client,2025-08,bff2eefbcd2ea1940d4d0d49e7acda794d6eadde,0,2025-09,found
rabbitmq/rabbitmq-stream-java-client,rabbitmq__rabbitmq-stream-java-client,2025-09,9eeb12746abfad168369a8b2b9f664830e314294,0,2025-09,found
rabbitmq/rabbitmq-stream-java-client,rabbitmq__rabbitmq-stream-java-client,2025-10,a21111b33d43738123249277079697931862c144,0,2025-09,found
rabbitmq/rabbitmq-stream-java-client,rabbitmq__rabbitmq-stream-java-client,2025-11,78115a9f61dea1ec18e182e292e7e952b1565c3c,0,2025-09,found
rabbitmq/rabbitmq-stream-java-client,rabbitmq__rabbitmq-stream-java-client,2025-12,0b6100833d90889cf4ed300ea3c727982920746e,0,2025-09,found
rabbitmq/rabbitmq-stream-java-client,rabbitmq__rabbitmq-stream-java-client,2026-01,5e091afe729c344e20204614a864329d944925a8,0,2025-09,found
rabbitmq/rabbitmq-stream-java-client,rabbitmq__rabbitmq-stream-java-client,2026-02,22d7655f4d88e235a5c3b3626197ff01a4c0d855,0,2025-09,found
rabbitmq/rabbitmq-stream-java-client,rabbitmq__rabbitmq-stream-java-client,2026-03,9822867bcd8343d365b362cdced2cc993c58532e,0,2025-09,found
orphan-oss/ognl,orphan-oss__ognl,2025-04,d422d1025d00633d76e456b2e3a7eb06833c10d3,1,2025-10,found
orphan-oss/ognl,orphan-oss__ognl,2025-05,7f22993c61696b3e574d575fadafc4c3fe399b3c,1,2025-10,found
orphan-oss/ognl,orphan-oss__ognl,2025-06,df0406351e3a4172ba592fef7722067b9f45a5c2,1,2025-10,found
orphan-oss/ognl,orphan-oss__ognl,2025-07,fd63f14ead8c068298aaceb60849f621e6602436,1,2025-10,found
orphan-oss/ognl,orphan-oss__ognl,2025-08,f6cfd228b0634b4fc620caa16100cc0b1ef9823d,1,2025-10,found
orphan-oss/ognl,orphan-oss__ognl,2025-09,9fa8867eb91f04ee92c1b534501ab57c3dbe54b7,1,2025-10,found
orphan-oss/ognl,orphan-oss__ognl,2025-10,4c14f6a758d8fd793121d0179301617491110537,1,2025-10,found
orphan-oss/ognl,orphan-oss__ognl,2025-11,8b0c3f9d2ce416296fc0a2f16889add8c76da23b,1,2025-10,found
orphan-oss/ognl,orphan-oss__ognl,2025-12,c3541a47aa68e68589e8e30011a858c1b6e830f0,1,2025-10,found
orphan-oss/ognl,orphan-oss__ognl,2026-01,59093b1ad4b93c945703facf8ae0e454029f831d,1,2025-10,found
orphan-oss/ognl,orphan-oss__ognl,2026-02,15cd1aee8bd240e0737b4c5ac7c4c88a302d7083,1,2025-10,found
orphan-oss/ognl,orphan-oss__ognl,2026-03,d95d8f43a1b3e8ae2c154dc61384547c16809fdd,1,2025-10,found
orphan-oss/ognl,orphan-oss__ognl,2026-04,68dcc9e1fe08f2602f8e8e41ad384a3572722b90,1,2025-10,found
junrar/junrar,junrar__junrar,2025-04,94729034d15c81a2e4c88750d3f2f29911ca4174,0,2025-10,found
junrar/junrar,junrar__junrar,2025-05,94729034d15c81a2e4c88750d3f2f29911ca4174,0,2025-10,found
junrar/junrar,junrar__junrar,2025-06,49428382f4751035ea8d0c7c9df8e116b4937077,0,2025-10,found
junrar/junrar,junrar__junrar,2025-07,49428382f4751035ea8d0c7c9df8e116b4937077,0,2025-10,found
junrar/junrar,junrar__junrar,2025-08,49428382f4751035ea8d0c7c9df8e116b4937077,0,2025-10,found
junrar/junrar,junrar__junrar,2025-09,c6c2cb93ac778a68c0458c4b96085c4dc8181954,0,2025-10,found
junrar/junrar,junrar__junrar,2025-10,a7b88da5a4c6816897e5b803fe28a4dc371390b3,0,2025-10,found
junrar/junrar,junrar__junrar,2025-11,23788a94b2ce6f93197ec27dfa654dd2ff9851d8,0,2025-10,found
junrar/junrar,junrar__junrar,2025-12,add245271f2ae73f0e22a42de3f9d0b99e70eba3,0,2025-10,found
junrar/junrar,junrar__junrar,2026-01,75864b6befde6dc9388e4cbf1474ff204f321429,0,2025-10,found
junrar/junrar,junrar__junrar,2026-02,a4ba2c1ad0f08794c5919ff2245c4e4ca3023c90,0,2025-10,found
junrar/junrar,junrar__junrar,2026-03,6fffab870e9b698ab6ea4f4d2771028a0e8352b8,0,2025-10,found
junrar/junrar,junrar__junrar,2026-04,5ff5c7ea529b76183854a3929196daf529c90b3b,0,2025-10,found
BBMRI-ERIC/negotiator,BBMRI-ERIC__negotiator,2024-10,edacbfdaba7a56bfe36f3dce3cac9cad976005b6,1,2025-04,found
BBMRI-ERIC/negotiator,BBMRI-ERIC__negotiator,2024-11,ca51396901751798053349dc9ee44fbada17da69,1,2025-04,found
BBMRI-ERIC/negotiator,BBMRI-ERIC__negotiator,2024-12,2375adc568a77632782c9d286e69c375370d7dff,1,2025-04,found
BBMRI-ERIC/negotiator,BBMRI-ERIC__negotiator,2025-01,434131416dd72a27bbaa2b27d9c52a4d0b032a3e,1,2025-04,found
BBMRI-ERIC/negotiator,BBMRI-ERIC__negotiator,2025-02,628c2691fec9f83bac385d570ac6f84cda5270c2,1,2025-04,found
BBMRI-ERIC/negotiator,BBMRI-ERIC__negotiator,2025-03,b74ac8209905304927b9f79132bdc9073b44e0d0,1,2025-04,found
BBMRI-ERIC/negotiator,BBMRI-ERIC__negotiator,2025-04,af789bc6d0ab861e183e5040c15950e502e44437,1,2025-04,found
BBMRI-ERIC/negotiator,BBMRI-ERIC__negotiator,2025-05,ab9619febbee56c101721a3f6441d47494011f07,1,2025-04,found
BBMRI-ERIC/negotiator,BBMRI-ERIC__negotiator,2025-06,4147874a83bba55a0fac7fe7e7a113aaedb3ca2a,1,2025-04,found
BBMRI-ERIC/negotiator,BBMRI-ERIC__negotiator,2025-07,6e6759ee3bf49d38ad2e7d8cc256a95e743f7e93,1,2025-04,found
BBMRI-ERIC/negotiator,BBMRI-ERIC__negotiator,2025-08,2f939355738a1723f47f6e3963fb6f9405cc3af5,1,2025-04,found
BBMRI-ERIC/negotiator,BBMRI-ERIC__negotiator,2025-09,5d2d29d9d95ea332e9103a14d822601b09147936,1,2025-04,found
BBMRI-ERIC/negotiator,BBMRI-ERIC__negotiator,2025-10,f33515e7a1c03394738f9141244e0018ab2cd37b,1,2025-04,found
USACE/cwms-data-api,USACE__cwms-data-api,2024-10,7f3ebafdd516e70d568a8c9ea0f43cdfccd403bd,0,2025-04,found
USACE/cwms-data-api,USACE__cwms-data-api,2024-11,0a320f5da45ebc30d2d11a4aa4af5afebce05fe6,0,2025-04,found
USACE/cwms-data-api,USACE__cwms-data-api,2024-12,c103012c1692b34113e078523fafd9ce08785857,0,2025-04,found
USACE/cwms-data-api,USACE__cwms-data-api,2025-01,ad474481d9b607a2a46d6db281cf5ad697a4faaf,0,2025-04,found
USACE/cwms-data-api,USACE__cwms-data-api,2025-02,02b9c5f74a4b2a3a5bb4c3215b2d7dcf75c43721,0,2025-04,found
USACE/cwms-data-api,USACE__cwms-data-api,2025-03,15ee22f352295e5e6c473ffcb4a9959856dbcb99,0,2025-04,found
USACE/cwms-data-api,USACE__cwms-data-api,2025-04,326473a3cdd7099ad174bc6155fdc108e22fc8e3,0,2025-04,found
USACE/cwms-data-api,USACE__cwms-data-api,2025-05,8a0a35a697d2a52c1d1031ec2a9fa0439565eabb,0,2025-04,found
USACE/cwms-data-api,USACE__cwms-data-api,2025-06,6c2e04fa5b36e68fe337f841658c3d6e3d5179b5,0,2025-04,found
USACE/cwms-data-api,USACE__cwms-data-api,2025-07,73398430bdcfb6c5e53d55392d0cc29374c11db0,0,2025-04,found
USACE/cwms-data-api,USACE__cwms-data-api,2025-08,976fad3b3e27f4cea9aa0a3016e6d134b10946b3,0,2025-04,found
USACE/cwms-data-api,USACE__cwms-data-api,2025-09,72f609e79686f5c90f3f5e740fda56e4f5e9cf75,0,2025-04,found
USACE/cwms-data-api,USACE__cwms-data-api,2025-10,bd3b60fa3b815755890fa647a333fdf98931fcfa,0,2025-04,found
dromara/skyeye,dromara__skyeye,2025-06,658d89dd5e9af3164fb664c0b7e3807d222685fc,1,2025-12,found
dromara/skyeye,dromara__skyeye,2025-07,e5b6917fe25fd6fcf26a2203e3cd3afed2d14be8,1,2025-12,found
dromara/skyeye,dromara__skyeye,2025-08,80563fc418df99f0310f459bd00b770ba176e391,1,2025-12,found
dromara/skyeye,dromara__skyeye,2025-09,535c0cac3fa0c033f4eae2c1c5cc0fab5c51dbf3,1,2025-12,found
dromara/skyeye,dromara__skyeye,2025-10,d567d51f7905acd26277b00d3c60ad464f118ed4,1,2025-12,found
dromara/skyeye,dromara__skyeye,2025-11,088737135ffaef9573bc16eb7e88bfd34e0db09d,1,2025-12,found
dromara/skyeye,dromara__skyeye,2025-12,9cc8d97886d3e32957a77ea3bee99af17f0cdd6b,1,2025-12,found
dromara/skyeye,dromara__skyeye,2026-01,fe9e6c46d31a558a3dbadbf2762f12da46fb1d98,1,2025-12,found
dromara/skyeye,dromara__skyeye,2026-02,96d3e2f9a2e627f267c9ffe947f98b181dae567c,1,2025-12,found
dromara/skyeye,dromara__skyeye,2026-03,a6c93625a2fa83273cc2dd06ac459ed1a86f0daf,1,2025-12,found
dromara/skyeye,dromara__skyeye,2026-04,d225b7ec2fd78e11282f97005c777f2100d9d8ce,1,2025-12,found
dromara/skyeye,dromara__skyeye,2026-05,d225b7ec2fd78e11282f97005c777f2100d9d8ce,1,2025-12,found
dromara/skyeye,dromara__skyeye,2026-06,d225b7ec2fd78e11282f97005c777f2100d9d8ce,1,2025-12,found
datageartech/datagear,datageartech__datagear,2025-06,916f52807b16abac6511cf007e18023969a6345b,0,2025-12,found
datageartech/datagear,datageartech__datagear,2025-07,beac571ca103e052747b7c29f7b4ec0c09ff3cbe,0,2025-12,found
datageartech/datagear,datageartech__datagear,2025-08,d3229cb570d4e13c2d30338a2152329112cb483f,0,2025-12,found
datageartech/datagear,datageartech__datagear,2025-09,85a026817dda6bfceb036a5f4355b496bfa1faeb,0,2025-12,found
datageartech/datagear,datageartech__datagear,2025-10,85a026817dda6bfceb036a5f4355b496bfa1faeb,0,2025-12,found
datageartech/datagear,datageartech__datagear,2025-11,85a026817dda6bfceb036a5f4355b496bfa1faeb,0,2025-12,found
datageartech/datagear,datageartech__datagear,2025-12,85a026817dda6bfceb036a5f4355b496bfa1faeb,0,2025-12,found
datageartech/datagear,datageartech__datagear,2026-01,85a026817dda6bfceb036a5f4355b496bfa1faeb,0,2025-12,found
datageartech/datagear,datageartech__datagear,2026-02,85a026817dda6bfceb036a5f4355b496bfa1faeb,0,2025-12,found
datageartech/datagear,datageartech__datagear,2026-03,85a026817dda6bfceb036a5f4355b496bfa1faeb,0,2025-12,found
datageartech/datagear,datageartech__datagear,2026-04,85a026817dda6bfceb036a5f4355b496bfa1faeb,0,2025-12,found
datageartech/datagear,datageartech__datagear,2026-05,85a026817dda6bfceb036a5f4355b496bfa1faeb,0,2025-12,found
datageartech/datagear,datageartech__datagear,2026-06,85a026817dda6bfceb036a5f4355b496bfa1faeb,0,2025-12,found
freeplane/freeplane,freeplane__freeplane,2025-01,d7f051a97cc59413cc12b5f0b144daa6f1e50da9,1,2025-07,found
freeplane/freeplane,freeplane__freeplane,2025-02,f5d7a27dc0555d401adc9c49abb384bb7bc160ad,1,2025-07,found
freeplane/freeplane,freeplane__freeplane,2025-03,6a922beda68308eace2215c750ccf1d01d37990e,1,2025-07,found
freeplane/freeplane,freeplane__freeplane,2025-04,3fcecbfd087023640681bde2af9af66ca24a5ebe,1,2025-07,found
freeplane/freeplane,freeplane__freeplane,2025-05,82ca2fc45e0847dfcbdb4ba7dd178242d2339b5d,1,2025-07,found
freeplane/freeplane,freeplane__freeplane,2025-06,9b23666a4b9a89b207e3880db74ee80161d23954,1,2025-07,found
freeplane/freeplane,freeplane__freeplane,2025-07,a869c8f89bd654458a71fbd3f912538eafa3c948,1,2025-07,found
freeplane/freeplane,freeplane__freeplane,2025-08,1d26cabdadf73083b3624c4b26c31ecb145eb30c,1,2025-07,found
freeplane/freeplane,freeplane__freeplane,2025-09,348a3964cf1caee510ccd298ba2c488e3198a153,1,2025-07,found
freeplane/freeplane,freeplane__freeplane,2025-10,b17e7d3c1d15ca46d6024f5d8084ee95ab70ab97,1,2025-07,found
freeplane/freeplane,freeplane__freeplane,2025-11,dc6222fcaae79932f1a6e67616bdd23cc401bc5c,1,2025-07,found
freeplane/freeplane,freeplane__freeplane,2025-12,25414b28645948da00b1553fb402c9598d7fcc8c,1,2025-07,found
freeplane/freeplane,freeplane__freeplane,2026-01,6d259603ea63e4e16fee99be3310998f19332963,1,2025-07,found
debezium/debezium,debezium__debezium,2025-01,6246808308200ae9877f25f3a04e378578def98c,0,2025-07,found
debezium/debezium,debezium__debezium,2025-02,4fb666aadf93acfea0dfd9076759f4cb956fd6fa,0,2025-07,found
debezium/debezium,debezium__debezium,2025-03,68defd49c42da82bcb300a29bfda99b7a3fc8c73,0,2025-07,found
debezium/debezium,debezium__debezium,2025-04,4abd6bcab62f48a3b33990eab23af58f833c32ce,0,2025-07,found
debezium/debezium,debezium__debezium,2025-05,f81843b3bcd332cc1d69ad8e39a617569c945ea0,0,2025-07,found
debezium/debezium,debezium__debezium,2025-06,842c6fc4ba4091f4193463e11d23015e263a4347,0,2025-07,found
debezium/debezium,debezium__debezium,2025-07,6693ba99f70be85f2d545d9b03f6b6b3bb232c64,0,2025-07,found
debezium/debezium,debezium__debezium,2025-08,9531e449b853162b25b49b620e7f317493a185a1,0,2025-07,found
debezium/debezium,debezium__debezium,2025-09,71321ce68ebb0e8723b328d09bd9f5313883b4d5,0,2025-07,found
debezium/debezium,debezium__debezium,2025-10,fc7347071353184efb681ab783f138a522570d29,0,2025-07,found
debezium/debezium,debezium__debezium,2025-11,6e00f190812c2f31c48a79bccccad9c8e7a451e6,0,2025-07,found
debezium/debezium,debezium__debezium,2025-12,a04fc51857dbefddeb990dc5a7265f9f7e001a5f,0,2025-07,found
debezium/debezium,debezium__debezium,2026-01,8f9481a69cc0418e7614093f834bc9625cd2d390,0,2025-07,found
OpenFeign/querydsl,OpenFeign__querydsl,2025-01,0745f9dc38c9ff742e24b7916f723c10e88f4ae7,1,2025-07,found
OpenFeign/querydsl,OpenFeign__querydsl,2025-02,abcb1876e3f61bb4c58cc0d6469a3b273fc944d2,1,2025-07,found
OpenFeign/querydsl,OpenFeign__querydsl,2025-03,9ac253f302cd40b115040cf65d09d6856a61bb94,1,2025-07,found
OpenFeign/querydsl,OpenFeign__querydsl,2025-04,9cd5f278843a4233c055f3d564656baa74b1d5f6,1,2025-07,found
OpenFeign/querydsl,OpenFeign__querydsl,2025-05,fec21327ce1e371f05c92b3d0eb02b2c68d87344,1,2025-07,found
OpenFeign/querydsl,OpenFeign__querydsl,2025-06,c08df3870d0e1d3b8966c7f3be4095c671a2246d,1,2025-07,found
OpenFeign/querydsl,OpenFeign__querydsl,2025-07,f0e7182f11c37c9632c8144f04f2437f50b7c05f,1,2025-07,found
OpenFeign/querydsl,OpenFeign__querydsl,2025-08,66e9e6bdfb28d45ce6bf448b5110c2c0e2081be0,1,2025-07,found
OpenFeign/querydsl,OpenFeign__querydsl,2025-09,ec22afc02440cdc36c72add2d621936db33a3bd0,1,2025-07,found
OpenFeign/querydsl,OpenFeign__querydsl,2025-10,78e3cbad819d493a0304fc52defc97abf3f38969,1,2025-07,found
OpenFeign/querydsl,OpenFeign__querydsl,2025-11,45ef040cfa7f7719c82f366352ef977b3609e95d,1,2025-07,found
OpenFeign/querydsl,OpenFeign__querydsl,2025-12,9d433b67961ffbad9517ed411d5d322d19fbd058,1,2025-07,found
OpenFeign/querydsl,OpenFeign__querydsl,2026-01,dd8ab546dd63ae4fd3c79a088a0d49b9b22baf16,1,2025-07,found
seed4j/seed4j,seed4j__seed4j,2025-01,f0b3fa3180bbf50c6c767715ce302ecf2bf730a2,0,2025-07,found
seed4j/seed4j,seed4j__seed4j,2025-02,19d63baf758fcdebf46ef91ca0c720b42d10b592,0,2025-07,found
seed4j/seed4j,seed4j__seed4j,2025-03,c0be9772514757b57e4871f94918f08d1603483a,0,2025-07,found
seed4j/seed4j,seed4j__seed4j,2025-04,f8a943761b6baf8c2f5efb0c169dc359471732a5,0,2025-07,found
seed4j/seed4j,seed4j__seed4j,2025-05,67691781676b7b6f665331af052fc2fdd3457a94,0,2025-07,found
seed4j/seed4j,seed4j__seed4j,2025-06,7e554a4d9a33568a5c43fe52bfeed46912e2affc,0,2025-07,found
seed4j/seed4j,seed4j__seed4j,2025-07,5461f6a6b048105b5f037514a90a559d05938619,0,2025-07,found
seed4j/seed4j,seed4j__seed4j,2025-08,76c77b1d7b9c522675b818951110a84d60faef58,0,2025-07,found
seed4j/seed4j,seed4j__seed4j,2025-09,d5dd014584e46691624d29ad4a9b366a22fd7bff,0,2025-07,found
seed4j/seed4j,seed4j__seed4j,2025-10,b39a734e6cc86761b51f3d6387b7ed9670ddb3a3,0,2025-07,found
seed4j/seed4j,seed4j__seed4j,2025-11,7a9cd3ed0d264643ef7c639f9f12ecefcf307484,0,2025-07,found
seed4j/seed4j,seed4j__seed4j,2025-12,6a81d13c39dd755bdfc5db58895d8704214857f7,0,2025-07,found
seed4j/seed4j,seed4j__seed4j,2026-01,0fe45192c82c657c7dbe0dd958f9a2a89120e050,0,2025-07,found
entur/antu,entur__antu,2025-05,a23a03ea3bc25bff01cd8d455f0c10ef2aa9db68,1,2025-11,found
entur/antu,entur__antu,2025-06,a863e0f945f2601a27729277c2df2cf684a47c96,1,2025-11,found
entur/antu,entur__antu,2025-07,e5cb7fcd603e556b5f8fffc57d50babcbe933a0d,1,2025-11,found
entur/antu,entur__antu,2025-08,09741e84372b7b0af2f5ea702d29f60eea100a5f,1,2025-11,found
entur/antu,entur__antu,2025-09,862fb7c69c179c46f15a6c28ad04ef1a10f70a67,1,2025-11,found
entur/antu,entur__antu,2025-10,f93389dd0aa9e0f806fd7311a2a70aba739e75c8,1,2025-11,found
entur/antu,entur__antu,2025-11,c0e4052bcb669f30b78361ef8565f169d8298d08,1,2025-11,found
entur/antu,entur__antu,2025-12,bb0831e7846336dfc0a152ef16f3aa9b1962bbf8,1,2025-11,found
entur/antu,entur__antu,2026-01,7088b8d8f56324720a8c6b6e30bc16cdce79e0bc,1,2025-11,found
entur/antu,entur__antu,2026-02,d1fc2d6c5afc7d720d72fbbaa83f03569ce791e3,1,2025-11,found
entur/antu,entur__antu,2026-03,57724cae57e5a84ef5674095f0b9fd89d2eee0ee,1,2025-11,found
entur/antu,entur__antu,2026-04,cbdd58ad7ba6edf60d7a9c39b335ede4c57294fb,1,2025-11,found
entur/antu,entur__antu,2026-05,cbdd58ad7ba6edf60d7a9c39b335ede4c57294fb,1,2025-11,found
yuzawa-san/onnxruntime-java,yuzawa-san__onnxruntime-java,2025-05,5532a59fae7e23919750fdfd4bf1c01d43cd57b8,0,2025-11,found
yuzawa-san/onnxruntime-java,yuzawa-san__onnxruntime-java,2025-06,603f997ea1dd4e8e019e6eb1cece7b226169b748,0,2025-11,found
yuzawa-san/onnxruntime-java,yuzawa-san__onnxruntime-java,2025-07,922a424b9c103e4f235e7b8f21afa1be520faa11,0,2025-11,found
yuzawa-san/onnxruntime-java,yuzawa-san__onnxruntime-java,2025-08,c15a4dfe27321e0074bb3d28a4a858aa758705cc,0,2025-11,found
yuzawa-san/onnxruntime-java,yuzawa-san__onnxruntime-java,2025-09,fa7f1316876361e374b1eaa3f3939d34ba8e55a1,0,2025-11,found
yuzawa-san/onnxruntime-java,yuzawa-san__onnxruntime-java,2025-10,3b0c7dfc5da5ab4e5bc80451352260285fa13416,0,2025-11,found
yuzawa-san/onnxruntime-java,yuzawa-san__onnxruntime-java,2025-11,b59257bfbc14e58aca84959fdb6076b655111026,0,2025-11,found
yuzawa-san/onnxruntime-java,yuzawa-san__onnxruntime-java,2025-12,b62263af049e29beab46cd3770d6d3b96663aed4,0,2025-11,found
yuzawa-san/onnxruntime-java,yuzawa-san__onnxruntime-java,2026-01,35a12fcc209b8f76ee77b6754c56869887756d59,0,2025-11,found
yuzawa-san/onnxruntime-java,yuzawa-san__onnxruntime-java,2026-02,b914cd034cc48dd21d9cc2de345dcc183d3e7c1c,0,2025-11,found
yuzawa-san/onnxruntime-java,yuzawa-san__onnxruntime-java,2026-03,f4dbc9ef28a45a45c3f3dc83e79b3d806990bb30,0,2025-11,found
yuzawa-san/onnxruntime-java,yuzawa-san__onnxruntime-java,2026-04,7a9d1688512b380bddc8f11acec71ed7fc3890ec,0,2025-11,found
yuzawa-san/onnxruntime-java,yuzawa-san__onnxruntime-java,2026-05,7a9d1688512b380bddc8f11acec71ed7fc3890ec,0,2025-11,found
caoccao/swc4j,caoccao__swc4j,2025-04,18cf8a4264a601b99e331fe31c8ff2bbf0a8ae1c,1,2025-10,found
caoccao/swc4j,caoccao__swc4j,2025-05,8702344fc83778304def7746bb5e7042bd286452,1,2025-10,found
caoccao/swc4j,caoccao__swc4j,2025-06,03062f212c11443289f61db848faefc33bc4956f,1,2025-10,found
caoccao/swc4j,caoccao__swc4j,2025-07,03062f212c11443289f61db848faefc33bc4956f,1,2025-10,found
caoccao/swc4j,caoccao__swc4j,2025-08,03062f212c11443289f61db848faefc33bc4956f,1,2025-10,found
caoccao/swc4j,caoccao__swc4j,2025-09,03062f212c11443289f61db848faefc33bc4956f,1,2025-10,found
caoccao/swc4j,caoccao__swc4j,2025-10,d85f9cc92956a392f27bf03c97b98e8f20120308,1,2025-10,found
caoccao/swc4j,caoccao__swc4j,2025-11,1d2d565e8d6c4d70b84113725630e1e9b10b3242,1,2025-10,found
caoccao/swc4j,caoccao__swc4j,2025-12,453c78184a063f458e8df52eba8e890397f567bf,1,2025-10,found
caoccao/swc4j,caoccao__swc4j,2026-01,453c78184a063f458e8df52eba8e890397f567bf,1,2025-10,found
caoccao/swc4j,caoccao__swc4j,2026-02,e5fef27de02fb40f6c48f72cee1481e421168b05,1,2025-10,found
caoccao/swc4j,caoccao__swc4j,2026-03,40e03fb8f0b84b757ecabaf647f8636d51451789,1,2025-10,found
caoccao/swc4j,caoccao__swc4j,2026-04,40e03fb8f0b84b757ecabaf647f8636d51451789,1,2025-10,found
spannm/ucanaccess,spannm__ucanaccess,2025-04,dc246f098bf2c82e3094a20f3d91bce3e8506f7c,0,2025-10,found
spannm/ucanaccess,spannm__ucanaccess,2025-05,7a913f83cf447730b5f0e4c289546a49a8fef8c4,0,2025-10,found
spannm/ucanaccess,spannm__ucanaccess,2025-06,14537271bce87975a725166ebd1f468f0ff41459,0,2025-10,found
spannm/ucanaccess,spannm__ucanaccess,2025-07,0008efb2537b11580b66fbdf3868d59e36151b42,0,2025-10,found
spannm/ucanaccess,spannm__ucanaccess,2025-08,f2d9187e26d910ceb636461a74e2e7e3f2c413b9,0,2025-10,found
spannm/ucanaccess,spannm__ucanaccess,2025-09,764a27c76f40b92df347f5042707bfd709caea33,0,2025-10,found
spannm/ucanaccess,spannm__ucanaccess,2025-10,764a27c76f40b92df347f5042707bfd709caea33,0,2025-10,found
spannm/ucanaccess,spannm__ucanaccess,2025-11,76ef41ab0d1f0af71a6c583766ebdf72ccfb2e3e,0,2025-10,found
spannm/ucanaccess,spannm__ucanaccess,2025-12,b9216fa80eef7bda353bee1b43c1000c944d2d80,0,2025-10,found
spannm/ucanaccess,spannm__ucanaccess,2026-01,ec996a274d577913ba1f6bafb5e7614c0f42b13c,0,2025-10,found
spannm/ucanaccess,spannm__ucanaccess,2026-02,81da83ab6ffdad124c395f387987fbca426c430b,0,2025-10,found
spannm/ucanaccess,spannm__ucanaccess,2026-03,06c6e32c75e134163ed4d66fe1daf0801e559402,0,2025-10,found
spannm/ucanaccess,spannm__ucanaccess,2026-04,4f26157813c68fd4bfe10fb64cda28923f33246d,0,2025-10,found
DataSQRL/flink-sql-runner,DataSQRL__flink-sql-runner,2024-10,,1,2025-04,missing
DataSQRL/flink-sql-runner,DataSQRL__flink-sql-runner,2024-11,2961ab04f3ebd0de760bcfc4cce8e0aa1ca24583,1,2025-04,found
DataSQRL/flink-sql-runner,DataSQRL__flink-sql-runner,2024-12,10d924900cefbd319b4708ac35543b1c2c46d697,1,2025-04,found
DataSQRL/flink-sql-runner,DataSQRL__flink-sql-runner,2025-01,9bc94039f42c20f5dd3fae0d178c91155e462493,1,2025-04,found
DataSQRL/flink-sql-runner,DataSQRL__flink-sql-runner,2025-02,022dfb91061a4cbbc4f150a1f8d153487514efae,1,2025-04,found
DataSQRL/flink-sql-runner,DataSQRL__flink-sql-runner,2025-03,89cddfb70d8c79eb8738b758c670dfef659e0637,1,2025-04,found
DataSQRL/flink-sql-runner,DataSQRL__flink-sql-runner,2025-04,1544884f610fdd1633d937aad0a830c52f6bf51f,1,2025-04,found
DataSQRL/flink-sql-runner,DataSQRL__flink-sql-runner,2025-05,8ad2ccbb5c54c3606f941e0e352af244da330f5e,1,2025-04,found
DataSQRL/flink-sql-runner,DataSQRL__flink-sql-runner,2025-06,f3e35454a1bd89906a7561f2805ed00e168bb3d3,1,2025-04,found
DataSQRL/flink-sql-runner,DataSQRL__flink-sql-runner,2025-07,5c000dc2836b92419f2ec57a0f557cc5f582110b,1,2025-04,found
DataSQRL/flink-sql-runner,DataSQRL__flink-sql-runner,2025-08,27c122e4f15ac52d96240316482dc0efa27105f0,1,2025-04,found
DataSQRL/flink-sql-runner,DataSQRL__flink-sql-runner,2025-09,0a29d90a8b98eedf058b7709dfa8e4d40e4725c5,1,2025-04,found
DataSQRL/flink-sql-runner,DataSQRL__flink-sql-runner,2025-10,cff5d36dc5e08e2ed8d5908456721ad74a4bf230,1,2025-04,found
MikhailSterkhov/bridgenet,MikhailSterkhov__bridgenet,2024-10,6552e7bbaf4523d7cf71ae807dfa14273084b5d3,0,2025-04,found
MikhailSterkhov/bridgenet,MikhailSterkhov__bridgenet,2024-11,6552e7bbaf4523d7cf71ae807dfa14273084b5d3,0,2025-04,found
MikhailSterkhov/bridgenet,MikhailSterkhov__bridgenet,2024-12,6552e7bbaf4523d7cf71ae807dfa14273084b5d3,0,2025-04,found
MikhailSterkhov/bridgenet,MikhailSterkhov__bridgenet,2025-01,c6104ff8bd66b15856ebfd06de43d774e550e4ac,0,2025-04,found
MikhailSterkhov/bridgenet,MikhailSterkhov__bridgenet,2025-02,c6104ff8bd66b15856ebfd06de43d774e550e4ac,0,2025-04,found
MikhailSterkhov/bridgenet,MikhailSterkhov__bridgenet,2025-03,990586758436daea9e55b24d409b80c2edf79e98,0,2025-04,found
MikhailSterkhov/bridgenet,MikhailSterkhov__bridgenet,2025-04,990586758436daea9e55b24d409b80c2edf79e98,0,2025-04,found
MikhailSterkhov/bridgenet,MikhailSterkhov__bridgenet,2025-05,990586758436daea9e55b24d409b80c2edf79e98,0,2025-04,found
MikhailSterkhov/bridgenet,MikhailSterkhov__bridgenet,2025-06,990586758436daea9e55b24d409b80c2edf79e98,0,2025-04,found
MikhailSterkhov/bridgenet,MikhailSterkhov__bridgenet,2025-07,990586758436daea9e55b24d409b80c2edf79e98,0,2025-04,found
MikhailSterkhov/bridgenet,MikhailSterkhov__bridgenet,2025-08,990586758436daea9e55b24d409b80c2edf79e98,0,2025-04,found
MikhailSterkhov/bridgenet,MikhailSterkhov__bridgenet,2025-09,990586758436daea9e55b24d409b80c2edf79e98,0,2025-04,found
MikhailSterkhov/bridgenet,MikhailSterkhov__bridgenet,2025-10,990586758436daea9e55b24d409b80c2edf79e98,0,2025-04,found
slackhq/astra,slackhq__astra,2024-12,dd5f807d7dbb2322139c0380967727ecc6b94103,1,2025-06,found
slackhq/astra,slackhq__astra,2025-01,41799948fee65ed29f8bacde1cb4cf2c03613de0,1,2025-06,found
slackhq/astra,slackhq__astra,2025-02,4fb7f9ba0d628c5acfdf7a7d4a9128862b4184c7,1,2025-06,found
slackhq/astra,slackhq__astra,2025-03,b9e5f69fa78ea0650c3a24baf3e77aa43f2eda2d,1,2025-06,found
slackhq/astra,slackhq__astra,2025-04,c290a64711c24945e542a337e9cec7322f3acc29,1,2025-06,found
slackhq/astra,slackhq__astra,2025-05,2b6845998786f6db0d4d5ad6081bfc1daca52864,1,2025-06,found
slackhq/astra,slackhq__astra,2025-06,e70a54a1ab835636e13d811d8795e77384b6e0e9,1,2025-06,found
slackhq/astra,slackhq__astra,2025-07,409f3306b2ce936199c43fb7a1502d65ded17bc3,1,2025-06,found
slackhq/astra,slackhq__astra,2025-08,45be8cd9198e5586e04ba2c4d1b5c0d121a82f97,1,2025-06,found
slackhq/astra,slackhq__astra,2025-09,82cf1a405ec182a2023780bf7f740baa7a738f2e,1,2025-06,found
slackhq/astra,slackhq__astra,2025-10,94eb806ce4a34702203a7032d0d053863203f142,1,2025-06,found
slackhq/astra,slackhq__astra,2025-11,71c0822bc0f5eaadb438d674ca3359d38f838f45,1,2025-06,found
slackhq/astra,slackhq__astra,2025-12,d68e8eaba7c675839e430637a590061650f2aaba,1,2025-06,found
wildmountainfarms/solarthing,wildmountainfarms__solarthing,2024-12,f3ba738ae4f8b2f43c7b743a69cae24e17ac8361,0,2025-06,found
wildmountainfarms/solarthing,wildmountainfarms__solarthing,2025-01,ffdbfed87f9a5afdf74400d7514d0c53ae0b284e,0,2025-06,found
wildmountainfarms/solarthing,wildmountainfarms__solarthing,2025-02,ffdbfed87f9a5afdf74400d7514d0c53ae0b284e,0,2025-06,found
wildmountainfarms/solarthing,wildmountainfarms__solarthing,2025-03,ffdbfed87f9a5afdf74400d7514d0c53ae0b284e,0,2025-06,found
wildmountainfarms/solarthing,wildmountainfarms__solarthing,2025-04,ffdbfed87f9a5afdf74400d7514d0c53ae0b284e,0,2025-06,found
wildmountainfarms/solarthing,wildmountainfarms__solarthing,2025-05,ffdbfed87f9a5afdf74400d7514d0c53ae0b284e,0,2025-06,found
wildmountainfarms/solarthing,wildmountainfarms__solarthing,2025-06,520f4477c8a5bfc840495379be3e48b1b66ece94,0,2025-06,found
wildmountainfarms/solarthing,wildmountainfarms__solarthing,2025-07,9a04c9f1fb06766edb263b25671be31f5e8eff9b,0,2025-06,found
wildmountainfarms/solarthing,wildmountainfarms__solarthing,2025-08,64c3d64e15c6f3642971c702245ffdab6dcc1d41,0,2025-06,found
wildmountainfarms/solarthing,wildmountainfarms__solarthing,2025-09,fccc7ebc377937fc6790b0c49dc92169950952b6,0,2025-06,found
wildmountainfarms/solarthing,wildmountainfarms__solarthing,2025-10,fccc7ebc377937fc6790b0c49dc92169950952b6,0,2025-06,found
wildmountainfarms/solarthing,wildmountainfarms__solarthing,2025-11,fccc7ebc377937fc6790b0c49dc92169950952b6,0,2025-06,found
wildmountainfarms/solarthing,wildmountainfarms__solarthing,2025-12,fccc7ebc377937fc6790b0c49dc92169950952b6,0,2025-06,found
apache/gravitino,apache__gravitino,2024-12,9cd7674e7209f7b14d715d4cac4d3c7494ce29bf,1,2025-06,found
apache/gravitino,apache__gravitino,2025-01,44f5ab30e95336377e82dd5e971b14586724258e,1,2025-06,found
apache/gravitino,apache__gravitino,2025-02,09d4e64fac9fc2a0d5fdf9304d2e4a0b1f8fdb6f,1,2025-06,found
apache/gravitino,apache__gravitino,2025-03,9f5f3ee2d164a0977e0790eef44e90d3524d7895,1,2025-06,found
apache/gravitino,apache__gravitino,2025-04,51aa9946b1398cf4483520c3cb0e8166a27a26c4,1,2025-06,found
apache/gravitino,apache__gravitino,2025-05,79c69b72514f9fa1d802285ba8e4c4163b3808a9,1,2025-06,found
apache/gravitino,apache__gravitino,2025-06,671ae2da8fa6e1e5fd464f7cccdc0e3a4eb99e56,1,2025-06,found
apache/gravitino,apache__gravitino,2025-07,ac7fa6c0a3c3fd8d29464ad7520edb403844c8e8,1,2025-06,found
apache/gravitino,apache__gravitino,2025-08,3ceee7abe4d18ca48abc723df7bd8582c8f4d352,1,2025-06,found
apache/gravitino,apache__gravitino,2025-09,7b5c80ca3d56686c40e5118b51815af063914a81,1,2025-06,found
apache/gravitino,apache__gravitino,2025-10,caee8d20f5129dc22b7b3e7290091f619f590cbc,1,2025-06,found
apache/gravitino,apache__gravitino,2025-11,dfcdffee84fe14e03b7948876deb1056c4d1907e,1,2025-06,found
apache/gravitino,apache__gravitino,2025-12,3f06131a41590e5d3d44f5853fed552e31cbbf7b,1,2025-06,found
apache/polaris,apache__polaris,2024-12,a88f24b5096e8fcae382eb4949dad0910d7b6c43,0,2025-06,found
apache/polaris,apache__polaris,2025-01,2414c8dd8f8252c5d028312ba6beb7f175cefe00,0,2025-06,found
apache/polaris,apache__polaris,2025-02,d6de506bea77d69137c03e5c5dfad997324eb6f9,0,2025-06,found
apache/polaris,apache__polaris,2025-03,25509f26aed132612089dc228ebed85ac0bcdf08,0,2025-06,found
apache/polaris,apache__polaris,2025-04,e32ef89bb97642f2ac9a4db82252a4fcf7aa0039,0,2025-06,found
apache/polaris,apache__polaris,2025-05,e1c0a1ccdad4e4e432c026cdc3ae30dcb8112da1,0,2025-06,found
apache/polaris,apache__polaris,2025-06,7b985e2b6c4de8fc93c25366efe24e9ee55d908d,0,2025-06,found
apache/polaris,apache__polaris,2025-07,108989d1c9acb8194adcd67ac5706128a73c22c4,0,2025-06,found
apache/polaris,apache__polaris,2025-08,7b7a424b1a7564db7da2567d2efb1eb9eb6027ff,0,2025-06,found
apache/polaris,apache__polaris,2025-09,d841431a88d655a90aaa61ab60216014e0a103be,0,2025-06,found
apache/polaris,apache__polaris,2025-10,395f7bdc23edd55bc3c33095f258f3026a92478e,0,2025-06,found
apache/polaris,apache__polaris,2025-11,bc32e925df09860efaf722796c721ad750859b5c,0,2025-06,found
apache/polaris,apache__polaris,2025-12,ab421e0f1330d1c95eb9a4f07f9bfab10c7f7e2e,0,2025-06,found
SimoneAvogadro/HumanDetection4Tasker,SimoneAvogadro__HumanDetection4Tasker,2025-03,d30f33d3a71ce5cbd889f28b1bcecc762c7c9a8d,1,2025-09,found
SimoneAvogadro/HumanDetection4Tasker,SimoneAvogadro__HumanDetection4Tasker,2025-04,e836c9b8a3f2505de9456782309630e009b54a77,1,2025-09,found
SimoneAvogadro/HumanDetection4Tasker,SimoneAvogadro__HumanDetection4Tasker,2025-05,e836c9b8a3f2505de9456782309630e009b54a77,1,2025-09,found
SimoneAvogadro/HumanDetection4Tasker,SimoneAvogadro__HumanDetection4Tasker,2025-06,83ef0ab0589ec860d89216858f8cff1c72497d12,1,2025-09,found
SimoneAvogadro/HumanDetection4Tasker,SimoneAvogadro__HumanDetection4Tasker,2025-07,83ef0ab0589ec860d89216858f8cff1c72497d12,1,2025-09,found
SimoneAvogadro/HumanDetection4Tasker,SimoneAvogadro__HumanDetection4Tasker,2025-08,83ef0ab0589ec860d89216858f8cff1c72497d12,1,2025-09,found
SimoneAvogadro/HumanDetection4Tasker,SimoneAvogadro__HumanDetection4Tasker,2025-09,6071d7f2ee91523d6a8ed1965ceb2b6e0032d724,1,2025-09,found
SimoneAvogadro/HumanDetection4Tasker,SimoneAvogadro__HumanDetection4Tasker,2025-10,29f37fe6c6f0a70806356aae2f54cbf722c1496e,1,2025-09,found
SimoneAvogadro/HumanDetection4Tasker,SimoneAvogadro__HumanDetection4Tasker,2025-11,54cada59dd5bfa382205924141d188ecf211cbe5,1,2025-09,found
SimoneAvogadro/HumanDetection4Tasker,SimoneAvogadro__HumanDetection4Tasker,2025-12,54cada59dd5bfa382205924141d188ecf211cbe5,1,2025-09,found
SimoneAvogadro/HumanDetection4Tasker,SimoneAvogadro__HumanDetection4Tasker,2026-01,54cada59dd5bfa382205924141d188ecf211cbe5,1,2025-09,found
SimoneAvogadro/HumanDetection4Tasker,SimoneAvogadro__HumanDetection4Tasker,2026-02,54cada59dd5bfa382205924141d188ecf211cbe5,1,2025-09,found
SimoneAvogadro/HumanDetection4Tasker,SimoneAvogadro__HumanDetection4Tasker,2026-03,b7284a7c12b8a203000e69b2c84ebe2fd0c24396,1,2025-09,found
qm123pz/NightSky-Client,qm123pz__NightSky-Client,2025-03,,0,2025-09,missing
qm123pz/NightSky-Client,qm123pz__NightSky-Client,2025-04,,0,2025-09,missing
qm123pz/NightSky-Client,qm123pz__NightSky-Client,2025-05,,0,2025-09,missing
qm123pz/NightSky-Client,qm123pz__NightSky-Client,2025-06,,0,2025-09,missing
qm123pz/NightSky-Client,qm123pz__NightSky-Client,2025-07,,0,2025-09,missing
qm123pz/NightSky-Client,qm123pz__NightSky-Client,2025-08,,0,2025-09,missing
qm123pz/NightSky-Client,qm123pz__NightSky-Client,2025-09,,0,2025-09,missing
qm123pz/NightSky-Client,qm123pz__NightSky-Client,2025-10,,0,2025-09,missing
qm123pz/NightSky-Client,qm123pz__NightSky-Client,2025-11,dc29a2039b1623acb9382483bc8c690ed61689d8,0,2025-09,found
qm123pz/NightSky-Client,qm123pz__NightSky-Client,2025-12,94cd660e2bd803d468bab19d4d3e930b4cde3576,0,2025-09,found
qm123pz/NightSky-Client,qm123pz__NightSky-Client,2026-01,b74c0038f04d0e419de1eb9729bb294a9b892173,0,2025-09,found
qm123pz/NightSky-Client,qm123pz__NightSky-Client,2026-02,b74c0038f04d0e419de1eb9729bb294a9b892173,0,2025-09,found
qm123pz/NightSky-Client,qm123pz__NightSky-Client,2026-03,b74c0038f04d0e419de1eb9729bb294a9b892173,0,2025-09,found
wisemapping/wisemapping-open-source,wisemapping__wisemapping-open-source,2025-04,2c9a181496bd28313e7a546f585c95350734eb97,1,2025-10,found
wisemapping/wisemapping-open-source,wisemapping__wisemapping-open-source,2025-05,4bb0f9a3b904c425ed3a4f8846f5177980f1b917,1,2025-10,found
wisemapping/wisemapping-open-source,wisemapping__wisemapping-open-source,2025-06,4bb0f9a3b904c425ed3a4f8846f5177980f1b917,1,2025-10,found
wisemapping/wisemapping-open-source,wisemapping__wisemapping-open-source,2025-07,4bb0f9a3b904c425ed3a4f8846f5177980f1b917,1,2025-10,found
wisemapping/wisemapping-open-source,wisemapping__wisemapping-open-source,2025-08,4bb0f9a3b904c425ed3a4f8846f5177980f1b917,1,2025-10,found
wisemapping/wisemapping-open-source,wisemapping__wisemapping-open-source,2025-09,30a517422e17781c789f2dda5b1a4ffdd40a146b,1,2025-10,found
wisemapping/wisemapping-open-source,wisemapping__wisemapping-open-source,2025-10,660e1cf2a4f8cc5f24d142a9a628b45ba1e1a4e0,1,2025-10,found
wisemapping/wisemapping-open-source,wisemapping__wisemapping-open-source,2025-11,b6d88f69b151af78c272649363d87ff320b02e35,1,2025-10,found
wisemapping/wisemapping-open-source,wisemapping__wisemapping-open-source,2025-12,b8b1c5746a3c62db6413c83037430b5a732f194a,1,2025-10,found
wisemapping/wisemapping-open-source,wisemapping__wisemapping-open-source,2026-01,b82b936b33c85dd9273d56e6b1b5016c52df84db,1,2025-10,found
wisemapping/wisemapping-open-source,wisemapping__wisemapping-open-source,2026-02,6b569cba1c1d14fb38ffca3a8f5eafe62a819de0,1,2025-10,found
wisemapping/wisemapping-open-source,wisemapping__wisemapping-open-source,2026-03,be96ec6c396f220ce31a83449afb7cd2ef54a293,1,2025-10,found
wisemapping/wisemapping-open-source,wisemapping__wisemapping-open-source,2026-04,be96ec6c396f220ce31a83449afb7cd2ef54a293,1,2025-10,found
kroxylicious/kroxylicious,kroxylicious__kroxylicious,2025-04,334003fed706a8503aa6166dd72fff35157aa61e,0,2025-10,found
kroxylicious/kroxylicious,kroxylicious__kroxylicious,2025-05,cf71e78a15bd50476848b06d89e9767aea7f7dd8,0,2025-10,found
kroxylicious/kroxylicious,kroxylicious__kroxylicious,2025-06,232fe8fbf42f186243e17ffde34e70ad0f4ac6a2,0,2025-10,found
kroxylicious/kroxylicious,kroxylicious__kroxylicious,2025-07,e82410b0b293b05b9e268a25878f91186cbaf0e0,0,2025-10,found
kroxylicious/kroxylicious,kroxylicious__kroxylicious,2025-08,f2c664a1484e4c60921abda1854858ecd6c047ff,0,2025-10,found
kroxylicious/kroxylicious,kroxylicious__kroxylicious,2025-09,e7552508af7788d747dd2ab27ee75008beded2b0,0,2025-10,found
kroxylicious/kroxylicious,kroxylicious__kroxylicious,2025-10,6eafc1a94dcbe3e9a6a176e94b43ab93cb163a25,0,2025-10,found
kroxylicious/kroxylicious,kroxylicious__kroxylicious,2025-11,6fd7143e996c574274d3a60cf47c75e6e6f1bbb0,0,2025-10,found
kroxylicious/kroxylicious,kroxylicious__kroxylicious,2025-12,76db3fdac728113d1992dbb9acebe48939a4e89a,0,2025-10,found
kroxylicious/kroxylicious,kroxylicious__kroxylicious,2026-01,2228424a2ba438441e3095aff0e380e39c339ade,0,2025-10,found
kroxylicious/kroxylicious,kroxylicious__kroxylicious,2026-02,f9f1f29927387714cd2e9efdffec8a5586d72be8,0,2025-10,found
kroxylicious/kroxylicious,kroxylicious__kroxylicious,2026-03,fa6557cb52dbdf9e9041db8777b0257fc97db506,0,2025-10,found
kroxylicious/kroxylicious,kroxylicious__kroxylicious,2026-04,91c370aa8058fb9f7c456e9c100ead8de554e1f6,0,2025-10,found
akto-api-security/akto,akto-api-security__akto,2024-12,bcc7e6d054765ba0b274c6983f37c807bcdba90b,1,2025-06,found
akto-api-security/akto,akto-api-security__akto,2025-01,ea1f09c1150db878c793cb9dd208803da0797cfd,1,2025-06,found
akto-api-security/akto,akto-api-security__akto,2025-02,5c1a685db2118542989fcca280acc4f018824589,1,2025-06,found
akto-api-security/akto,akto-api-security__akto,2025-03,20f2b404022dff8e18a8dd02ea501c6aaebf1b42,1,2025-06,found
akto-api-security/akto,akto-api-security__akto,2025-04,31728ccecd06add4c14686f93f5d523dd8062c2b,1,2025-06,found
akto-api-security/akto,akto-api-security__akto,2025-05,f94d6a205d4328d3086dabf864904213358812e5,1,2025-06,found
akto-api-security/akto,akto-api-security__akto,2025-06,a6e56e4203b67e624799885a0a31dd962881c1d6,1,2025-06,found
akto-api-security/akto,akto-api-security__akto,2025-07,3a9b45fe8b195a1a87c341a698fe7d0f9ccc2a6c,1,2025-06,found
akto-api-security/akto,akto-api-security__akto,2025-08,ccb3bb93f9d10904a60d38c0a0d9c51b30bb2f03,1,2025-06,found
akto-api-security/akto,akto-api-security__akto,2025-09,849091712f065f071342e7acdbcc764028dee490,1,2025-06,found
akto-api-security/akto,akto-api-security__akto,2025-10,b35bdc7516b169179a0d27c8b0988ebe8d3eb772,1,2025-06,found
akto-api-security/akto,akto-api-security__akto,2025-11,3ef180db26fc1c6443997c9e49eee4abbb397f6f,1,2025-06,found
akto-api-security/akto,akto-api-security__akto,2025-12,e7e5be83e0d629dae60c81b558a9adbb3ea8fe6c,1,2025-06,found
risin42/NagramX,risin42__NagramX,2024-12,,0,2025-06,missing
risin42/NagramX,risin42__NagramX,2025-01,,0,2025-06,missing
risin42/NagramX,risin42__NagramX,2025-02,,0,2025-06,missing
risin42/NagramX,risin42__NagramX,2025-03,,0,2025-06,missing
risin42/NagramX,risin42__NagramX,2025-04,,0,2025-06,missing
risin42/NagramX,risin42__NagramX,2025-05,,0,2025-06,missing
risin42/NagramX,risin42__NagramX,2025-06,,0,2025-06,missing
risin42/NagramX,risin42__NagramX,2025-07,,0,2025-06,missing
risin42/NagramX,risin42__NagramX,2025-08,,0,2025-06,missing
risin42/NagramX,risin42__NagramX,2025-09,,0,2025-06,missing
risin42/NagramX,risin42__NagramX,2025-10,,0,2025-06,missing
risin42/NagramX,risin42__NagramX,2025-11,,0,2025-06,missing
risin42/NagramX,risin42__NagramX,2025-12,,0,2025-06,missing
knime/knime-python,knime__knime-python,2025-05,1e07da2d7362d8182a629e0430c6472a04fa84f3,1,2025-11,found
knime/knime-python,knime__knime-python,2025-06,26708f5c85fa3ad7cda942c2dd5547f582dc531d,1,2025-11,found
knime/knime-python,knime__knime-python,2025-07,e867e8f1fd8355acd849d43ff9bae5a3a2cc1dc4,1,2025-11,found
knime/knime-python,knime__knime-python,2025-08,c24eace541d62a514961c9c6b4a0fa51e01def84,1,2025-11,found
knime/knime-python,knime__knime-python,2025-09,502e22e873ca00021ff9ade81efd44093fef88db,1,2025-11,found
knime/knime-python,knime__knime-python,2025-10,dd753112f975dd3bb2c57d63c88d8915595703c9,1,2025-11,found
knime/knime-python,knime__knime-python,2025-11,52c660434a1ed783330dd13aa764d73aceeba534,1,2025-11,found
knime/knime-python,knime__knime-python,2025-12,82ca3c8f91039cf1b645856fba328ae366302869,1,2025-11,found
knime/knime-python,knime__knime-python,2026-01,6eb429e5ef309c2f247f0d15e66bb2bc0e136985,1,2025-11,found
knime/knime-python,knime__knime-python,2026-02,6baa870e5dc430f281ca93bcc5b9e7bce234894c,1,2025-11,found
knime/knime-python,knime__knime-python,2026-03,41e282ba17a4e8ac214313ee9a8ab0cdc8aa8468,1,2025-11,found
knime/knime-python,knime__knime-python,2026-04,186bc7a7cfc4adb1325f92813fd529b765a6120c,1,2025-11,found
knime/knime-python,knime__knime-python,2026-05,186bc7a7cfc4adb1325f92813fd529b765a6120c,1,2025-11,found
PANTHEONtech/lighty,PANTHEONtech__lighty,2025-05,1ac7ab4831244a55180564194b1f0c091c551053,0,2025-11,found
PANTHEONtech/lighty,PANTHEONtech__lighty,2025-06,e112ce2766e855ab36eef87993402fcfa73e1f43,0,2025-11,found
PANTHEONtech/lighty,PANTHEONtech__lighty,2025-07,8db32a3259953046737d6dff5887914ac611ca70,0,2025-11,found
PANTHEONtech/lighty,PANTHEONtech__lighty,2025-08,4cecedff397ea2b94cf9ead3b4759d5787a05199,0,2025-11,found
PANTHEONtech/lighty,PANTHEONtech__lighty,2025-09,7634f5d19499f6b10ee9495048ef7fcc49535000,0,2025-11,found
PANTHEONtech/lighty,PANTHEONtech__lighty,2025-10,a9007ece1438179030ee56a98916208651dce130,0,2025-11,found
PANTHEONtech/lighty,PANTHEONtech__lighty,2025-11,01ee69ea3a4b577c5db23bd464fc002906aa67ae,0,2025-11,found
PANTHEONtech/lighty,PANTHEONtech__lighty,2025-12,ba6336a601629ffb7ceac1c0b6823a36d610803d,0,2025-11,found
PANTHEONtech/lighty,PANTHEONtech__lighty,2026-01,2da7c0b768ac310c3a76fd7a04f7ec357b960314,0,2025-11,found
PANTHEONtech/lighty,PANTHEONtech__lighty,2026-02,f0ffbba27bd7051461097e01012f54119e1dc8e0,0,2025-11,found
PANTHEONtech/lighty,PANTHEONtech__lighty,2026-03,9aa1a0408b07016039cf92b6b717e3418c9ca5eb,0,2025-11,found
PANTHEONtech/lighty,PANTHEONtech__lighty,2026-04,4af2bfa13fa1961c854c2e5bfdd16912be45921d,0,2025-11,found
PANTHEONtech/lighty,PANTHEONtech__lighty,2026-05,4af2bfa13fa1961c854c2e5bfdd16912be45921d,0,2025-11,found
LianjiaTech/bella-openapi,LianjiaTech__bella-openapi,2024-12,,1,2025-06,missing
LianjiaTech/bella-openapi,LianjiaTech__bella-openapi,2025-01,,1,2025-06,missing
LianjiaTech/bella-openapi,LianjiaTech__bella-openapi,2025-02,,1,2025-06,missing
LianjiaTech/bella-openapi,LianjiaTech__bella-openapi,2025-03,,1,2025-06,missing
LianjiaTech/bella-openapi,LianjiaTech__bella-openapi,2025-04,,1,2025-06,missing
LianjiaTech/bella-openapi,LianjiaTech__bella-openapi,2025-05,33651bb72e0b819c6a86f0c943d4d352824a5511,1,2025-06,found
LianjiaTech/bella-openapi,LianjiaTech__bella-openapi,2025-06,96abeb12f0386c73c9a9137a0fbb4e7c7b13abab,1,2025-06,found
LianjiaTech/bella-openapi,LianjiaTech__bella-openapi,2025-07,504d5fd68a6972d712f5f6d39d1c1f9d31edeb89,1,2025-06,found
LianjiaTech/bella-openapi,LianjiaTech__bella-openapi,2025-08,42ec26eee0740f023a5708a18be46012e947e4fe,1,2025-06,found
LianjiaTech/bella-openapi,LianjiaTech__bella-openapi,2025-09,27ec56407f9b912cda4fc092b27b8f99ca091710,1,2025-06,found
LianjiaTech/bella-openapi,LianjiaTech__bella-openapi,2025-10,91696dff3ee147654ceb05a6fb6ae42ded5cfc80,1,2025-06,found
LianjiaTech/bella-openapi,LianjiaTech__bella-openapi,2025-11,e2e03ff8531fa4093af47f0dfa203509571ee828,1,2025-06,found
LianjiaTech/bella-openapi,LianjiaTech__bella-openapi,2025-12,f221d145a34d3f88fbb095b5a49ca81ac07c7c58,1,2025-06,found
jonesdevelopment/sonar,jonesdevelopment__sonar,2024-12,82951190164b3dbe02df10bb82ea6ef463a4e136,0,2025-06,found
jonesdevelopment/sonar,jonesdevelopment__sonar,2025-01,45683040ab8a9837cd7b35ec947ee61929333cab,0,2025-06,found
jonesdevelopment/sonar,jonesdevelopment__sonar,2025-02,39902c2c9bd267a5ae3ed85085f4a3eabd16e5d0,0,2025-06,found
jonesdevelopment/sonar,jonesdevelopment__sonar,2025-03,af12ef535c4cdc85d6c2cb4742c411b101b916da,0,2025-06,found
jonesdevelopment/sonar,jonesdevelopment__sonar,2025-04,d67b61fa354c240d804321c8e4e2c2820e4fd6ed,0,2025-06,found
jonesdevelopment/sonar,jonesdevelopment__sonar,2025-05,f04703405d64363431d2ea4590bd9f767abccf31,0,2025-06,found
jonesdevelopment/sonar,jonesdevelopment__sonar,2025-06,d03b8ff1950229989353f241c553162b840096a5,0,2025-06,found
jonesdevelopment/sonar,jonesdevelopment__sonar,2025-07,4343c0e0be9d1e9e15679830dff84bf9ad2bf882,0,2025-06,found
jonesdevelopment/sonar,jonesdevelopment__sonar,2025-08,142ce80b9bdaef2d30f5d617af9399abc3be5854,0,2025-06,found
jonesdevelopment/sonar,jonesdevelopment__sonar,2025-09,ad5de38b1d2d459da65fad4aea98fe067bf81a89,0,2025-06,found
jonesdevelopment/sonar,jonesdevelopment__sonar,2025-10,9299edc839588dc3a5c1cb6acc240fa6bd01d3be,0,2025-06,found
jonesdevelopment/sonar,jonesdevelopment__sonar,2025-11,df049a7042b0485628251abd0210cc9152e408a0,0,2025-06,found
jonesdevelopment/sonar,jonesdevelopment__sonar,2025-12,21391479527fb78d1c660f209401236a1455f311,0,2025-06,found
agoncal/agoncal-application-vintagestore,agoncal__agoncal-application-vintagestore,2025-01,c0dd3f70bb6d8c4c16e3662d7388bd82d66618ee,1,2025-07,found
agoncal/agoncal-application-vintagestore,agoncal__agoncal-application-vintagestore,2025-02,c0dd3f70bb6d8c4c16e3662d7388bd82d66618ee,1,2025-07,found
agoncal/agoncal-application-vintagestore,agoncal__agoncal-application-vintagestore,2025-03,c0dd3f70bb6d8c4c16e3662d7388bd82d66618ee,1,2025-07,found
agoncal/agoncal-application-vintagestore,agoncal__agoncal-application-vintagestore,2025-04,c0dd3f70bb6d8c4c16e3662d7388bd82d66618ee,1,2025-07,found
agoncal/agoncal-application-vintagestore,agoncal__agoncal-application-vintagestore,2025-05,c0dd3f70bb6d8c4c16e3662d7388bd82d66618ee,1,2025-07,found
agoncal/agoncal-application-vintagestore,agoncal__agoncal-application-vintagestore,2025-06,c0dd3f70bb6d8c4c16e3662d7388bd82d66618ee,1,2025-07,found
agoncal/agoncal-application-vintagestore,agoncal__agoncal-application-vintagestore,2025-07,c0dd3f70bb6d8c4c16e3662d7388bd82d66618ee,1,2025-07,found
agoncal/agoncal-application-vintagestore,agoncal__agoncal-application-vintagestore,2025-08,d0992d088fd35b0c12b602714a384d20dd3f0e8c,1,2025-07,found
agoncal/agoncal-application-vintagestore,agoncal__agoncal-application-vintagestore,2025-09,58a5a31dc28aa6c34e6758b8d9606a2c070bb638,1,2025-07,found
agoncal/agoncal-application-vintagestore,agoncal__agoncal-application-vintagestore,2025-10,4f558ffddc1e98b1072eb1dd4d5aef0621c55c4e,1,2025-07,found
agoncal/agoncal-application-vintagestore,agoncal__agoncal-application-vintagestore,2025-11,3cdb3f7da9172bbd04df26e044ab8ab3d4c86347,1,2025-07,found
agoncal/agoncal-application-vintagestore,agoncal__agoncal-application-vintagestore,2025-12,efbc70711acbe305ac619d5e2785592d4d8700b2,1,2025-07,found
agoncal/agoncal-application-vintagestore,agoncal__agoncal-application-vintagestore,2026-01,df9233c97c9730eb89d900be05421d8903c7d6c4,1,2025-07,found
nikhilmusale70/DSA,nikhilmusale70__DSA,2025-01,3065a834402d5df791f4d6c9dce11f3d39d30cc0,0,2025-07,found
nikhilmusale70/DSA,nikhilmusale70__DSA,2025-02,3ca5fc4fa1df772ed8439833702aba798b38c39e,0,2025-07,found
nikhilmusale70/DSA,nikhilmusale70__DSA,2025-03,09e9eb5c777531bb13785f87968a118ba18cd31a,0,2025-07,found
nikhilmusale70/DSA,nikhilmusale70__DSA,2025-04,09e9eb5c777531bb13785f87968a118ba18cd31a,0,2025-07,found
nikhilmusale70/DSA,nikhilmusale70__DSA,2025-05,09e9eb5c777531bb13785f87968a118ba18cd31a,0,2025-07,found
nikhilmusale70/DSA,nikhilmusale70__DSA,2025-06,09e9eb5c777531bb13785f87968a118ba18cd31a,0,2025-07,found
nikhilmusale70/DSA,nikhilmusale70__DSA,2025-07,09e9eb5c777531bb13785f87968a118ba18cd31a,0,2025-07,found
nikhilmusale70/DSA,nikhilmusale70__DSA,2025-08,09e9eb5c777531bb13785f87968a118ba18cd31a,0,2025-07,found
nikhilmusale70/DSA,nikhilmusale70__DSA,2025-09,09e9eb5c777531bb13785f87968a118ba18cd31a,0,2025-07,found
nikhilmusale70/DSA,nikhilmusale70__DSA,2025-10,09e9eb5c777531bb13785f87968a118ba18cd31a,0,2025-07,found
nikhilmusale70/DSA,nikhilmusale70__DSA,2025-11,09e9eb5c777531bb13785f87968a118ba18cd31a,0,2025-07,found
nikhilmusale70/DSA,nikhilmusale70__DSA,2025-12,09e9eb5c777531bb13785f87968a118ba18cd31a,0,2025-07,found
nikhilmusale70/DSA,nikhilmusale70__DSA,2026-01,09e9eb5c777531bb13785f87968a118ba18cd31a,0,2025-07,found
ArcadeData/arcadedb,ArcadeData__arcadedb,2024-04,db75e97255f69a3efe0cbf023fb9830b9b4a82cc,1,2024-10,found
ArcadeData/arcadedb,ArcadeData__arcadedb,2024-05,11db1796a17bfccb23d22cfa73906fbae9f46338,1,2024-10,found
ArcadeData/arcadedb,ArcadeData__arcadedb,2024-06,6ff2d86d488fe6b3ca20f7a6554160d6017af118,1,2024-10,found
ArcadeData/arcadedb,ArcadeData__arcadedb,2024-07,3d74dec53c33b77ff8b926d6090b1b466786119d,1,2024-10,found
ArcadeData/arcadedb,ArcadeData__arcadedb,2024-08,fc7ab42a053689f40b440757b28d46fdcd367abd,1,2024-10,found
ArcadeData/arcadedb,ArcadeData__arcadedb,2024-09,fefeba6fcad4327a4296d551af06890ae4b8a98b,1,2024-10,found
ArcadeData/arcadedb,ArcadeData__arcadedb,2024-10,442a3ae743289b5d296d944627b8bd07fbc73dd7,1,2024-10,found
ArcadeData/arcadedb,ArcadeData__arcadedb,2024-11,4a6711b45b1435b075e5c497b8f45ca97f2ec5a0,1,2024-10,found
ArcadeData/arcadedb,ArcadeData__arcadedb,2024-12,7184c22e98dd384bbe0bf66d3edc3a0a926fa275,1,2024-10,found
ArcadeData/arcadedb,ArcadeData__arcadedb,2025-01,1653a857a299bb7fe142e6784b950dcc4a03fe32,1,2024-10,found
ArcadeData/arcadedb,ArcadeData__arcadedb,2025-02,a58ca3d86b243a808227a30049bd61f117358a2f,1,2024-10,found
ArcadeData/arcadedb,ArcadeData__arcadedb,2025-03,d61aa515e3fc48f5bea25e7512a0163a788b67a3,1,2024-10,found
ArcadeData/arcadedb,ArcadeData__arcadedb,2025-04,2900f7d27e2ad353a798ce8cd23420f5277d066d,1,2024-10,found
MCreator/MCreator,MCreator__MCreator,2024-04,c9d5cd1562312a2509a88142bf6fbcbaeda99179,0,2024-10,found
MCreator/MCreator,MCreator__MCreator,2024-05,adfb236ba2719bb1c96698f3bda1dce6d564fea1,0,2024-10,found
MCreator/MCreator,MCreator__MCreator,2024-06,d5704a55e83a0c3f149a3460174099eb640eb126,0,2024-10,found
MCreator/MCreator,MCreator__MCreator,2024-07,cdd91c4aa2470d4edfcbb15aaea9cf617d0a4109,0,2024-10,found
MCreator/MCreator,MCreator__MCreator,2024-08,dad162feadb84f8fc2695bcced738e04a229645e,0,2024-10,found
MCreator/MCreator,MCreator__MCreator,2024-09,bf9f58f7d934e3012a49ed935a0317c1c69eae32,0,2024-10,found
MCreator/MCreator,MCreator__MCreator,2024-10,85715b6999730f0f73d1ed0727bdfb2e730a9ad2,0,2024-10,found
MCreator/MCreator,MCreator__MCreator,2024-11,a13b7d8e9d1d1ef16e64b2b096a8d7146d84d43e,0,2024-10,found
MCreator/MCreator,MCreator__MCreator,2024-12,5471233d5db7b0305e4bac506f41952027722423,0,2024-10,found
MCreator/MCreator,MCreator__MCreator,2025-01,f024351c068241475dfb2b4a37d6ef2e4609ffa5,0,2024-10,found
MCreator/MCreator,MCreator__MCreator,2025-02,671e1b8617bff60ed723a71690a909d08bccec6e,0,2024-10,found
MCreator/MCreator,MCreator__MCreator,2025-03,d285040c17237097f26a6f81e782b12f926fd5a9,0,2024-10,found
MCreator/MCreator,MCreator__MCreator,2025-04,f87932701884a7d92d14d485472c227fb9d6aad4,0,2024-10,found
PacoVK/tapir,PacoVK__tapir,2025-05,ed2a7a7bfa6cbea6d0212affc77859a200eef80f,1,2025-11,found
PacoVK/tapir,PacoVK__tapir,2025-06,8f0951930f31782df60fed3d88d0a5fcce351042,1,2025-11,found
PacoVK/tapir,PacoVK__tapir,2025-07,50a98ccf603a842968a5d274323ac1dab2eaaa71,1,2025-11,found
PacoVK/tapir,PacoVK__tapir,2025-08,13e61300a35aae855e62251308873d360e2cce58,1,2025-11,found
PacoVK/tapir,PacoVK__tapir,2025-09,7e06c5a331efda3306cf20cf49571a3d8ad5b8b4,1,2025-11,found
PacoVK/tapir,PacoVK__tapir,2025-10,7e06c5a331efda3306cf20cf49571a3d8ad5b8b4,1,2025-11,found
PacoVK/tapir,PacoVK__tapir,2025-11,197147b0050cd82858efc322d4d00da369353489,1,2025-11,found
PacoVK/tapir,PacoVK__tapir,2025-12,56c03dbd46acb78cd2a5ff92776bf96d145bc92f,1,2025-11,found
PacoVK/tapir,PacoVK__tapir,2026-01,56c03dbd46acb78cd2a5ff92776bf96d145bc92f,1,2025-11,found
PacoVK/tapir,PacoVK__tapir,2026-02,56c03dbd46acb78cd2a5ff92776bf96d145bc92f,1,2025-11,found
PacoVK/tapir,PacoVK__tapir,2026-03,2a724ddcb35edd86beb01e934d6656378f00e4c1,1,2025-11,found
PacoVK/tapir,PacoVK__tapir,2026-04,2a724ddcb35edd86beb01e934d6656378f00e4c1,1,2025-11,found
PacoVK/tapir,PacoVK__tapir,2026-05,2a724ddcb35edd86beb01e934d6656378f00e4c1,1,2025-11,found
smartboot/smart-mqtt,smartboot__smart-mqtt,2025-05,1b1aa233bbd806de1bf43a89795d25bb203d136d,0,2025-11,found
smartboot/smart-mqtt,smartboot__smart-mqtt,2025-06,babdf3770c5911afc91a322eeb340a1d13d574fb,0,2025-11,found
smartboot/smart-mqtt,smartboot__smart-mqtt,2025-07,28605013835b85d90ba65bf9396ea27b03357f5a,0,2025-11,found
smartboot/smart-mqtt,smartboot__smart-mqtt,2025-08,45e3aec4ec8b14ebc926a67a24ed00190dbbc7b2,0,2025-11,found
smartboot/smart-mqtt,smartboot__smart-mqtt,2025-09,8a2555cb370f1285c31d275052f36cd92c342a1d,0,2025-11,found
smartboot/smart-mqtt,smartboot__smart-mqtt,2025-10,c4169756ea7c974d913dc052e9a7849773b5ccfa,0,2025-11,found
smartboot/smart-mqtt,smartboot__smart-mqtt,2025-11,294baeab0eac7e6aaf5026e4cf0fa35483b0821b,0,2025-11,found
smartboot/smart-mqtt,smartboot__smart-mqtt,2025-12,fc5e3dd85ec076443f7c32d8d6b64732256bcba8,0,2025-11,found
smartboot/smart-mqtt,smartboot__smart-mqtt,2026-01,d964a3cfa84eadf1549c011f2d2d0871493f17b8,0,2025-11,found
smartboot/smart-mqtt,smartboot__smart-mqtt,2026-02,d964a3cfa84eadf1549c011f2d2d0871493f17b8,0,2025-11,found
smartboot/smart-mqtt,smartboot__smart-mqtt,2026-03,6c8ac5a3abcd47e0c568de817cfb2a5a40eaa248,0,2025-11,found
smartboot/smart-mqtt,smartboot__smart-mqtt,2026-04,d8266a44fa811609d7047931f91f0fa4f1e041b8,0,2025-11,found
smartboot/smart-mqtt,smartboot__smart-mqtt,2026-05,d8266a44fa811609d7047931f91f0fa4f1e041b8,0,2025-11,found
datavane/tis,datavane__tis,2025-04,a45cc56d4e3942731672c00750adb9990d269adc,1,2025-10,found
datavane/tis,datavane__tis,2025-05,e54f2c993233459b89a8975a2d89d80cadc1d420,1,2025-10,found
datavane/tis,datavane__tis,2025-06,d5acf870994a51b0278ccf1b7d186af37eaac713,1,2025-10,found
datavane/tis,datavane__tis,2025-07,d93e823378c64202e884516ff42fc2b68474746c,1,2025-10,found
datavane/tis,datavane__tis,2025-08,ce5ae9a7ab1204576f06a2d0706e97f313a8dec8,1,2025-10,found
datavane/tis,datavane__tis,2025-09,5a14f00a8132f0e1fbfe8ce7e62fbd81645cda4f,1,2025-10,found
datavane/tis,datavane__tis,2025-10,62bfbf0cb3795a371e83ba590e0b6f9b66504941,1,2025-10,found
datavane/tis,datavane__tis,2025-11,9ffa5ef18bdd5895fae65522c6d1a56d46f3843d,1,2025-10,found
datavane/tis,datavane__tis,2025-12,fcc2a1249c146a9d199ef4b21b8bf8e0e47acc3c,1,2025-10,found
datavane/tis,datavane__tis,2026-01,08a050da7bccc6da01e161f835303e69102b1390,1,2025-10,found
datavane/tis,datavane__tis,2026-02,19524c3057685df129785c81304cce58fb11ed01,1,2025-10,found
datavane/tis,datavane__tis,2026-03,4afa2bb8b4b0f2b5664237a92d8512f5b028c1eb,1,2025-10,found
datavane/tis,datavane__tis,2026-04,cd018e7595577e0eefa7b06a83b95fc71e763f28,1,2025-10,found
tensorflow/java,tensorflow__java,2025-04,f70190bd6de36a90541fdf419ff7221ed1a1f780,0,2025-10,found
tensorflow/java,tensorflow__java,2025-05,f70190bd6de36a90541fdf419ff7221ed1a1f780,0,2025-10,found
tensorflow/java,tensorflow__java,2025-06,76640d1103025bdbe56aa664bd20e4d1dd366b3f,0,2025-10,found
tensorflow/java,tensorflow__java,2025-07,e9c854fba1e4c175de7cc8df0fb4185b09dab229,0,2025-10,found
tensorflow/java,tensorflow__java,2025-08,e9c854fba1e4c175de7cc8df0fb4185b09dab229,0,2025-10,found
tensorflow/java,tensorflow__java,2025-09,e9c854fba1e4c175de7cc8df0fb4185b09dab229,0,2025-10,found
tensorflow/java,tensorflow__java,2025-10,1f18a23c9fb0563071eaab982b818a61ecda5134,0,2025-10,found
tensorflow/java,tensorflow__java,2025-11,52f51f1d80aabf5edb566fc2c3aca58dcc59769e,0,2025-10,found
tensorflow/java,tensorflow__java,2025-12,cbf942051d55291ba9bdb019b2f207f013889bba,0,2025-10,found
tensorflow/java,tensorflow__java,2026-01,89703f7dfe8e4c5580e5c63907fb15bc79c9e30e,0,2025-10,found
tensorflow/java,tensorflow__java,2026-02,d5d2ba37c1f947fef70affd8480bd9b3cbf8b3b9,0,2025-10,found
tensorflow/java,tensorflow__java,2026-03,75402befedce0e1cf847b6f93d654b708a7db1db,0,2025-10,found
tensorflow/java,tensorflow__java,2026-04,21184973128421e36f737e8789d18a0581c2a7e8,0,2025-10,found
Engineering-Research-and-Development/dsp-true-connector,Engineering-Research-and-Development__dsp-true-connector,2025-05,4bdd2c2ff9f91dc09b67a91d346115956bf4759c,1,2025-11,found
Engineering-Research-and-Development/dsp-true-connector,Engineering-Research-and-Development__dsp-true-connector,2025-06,a6a60932a21275e1bae1745a519d8750c5c829ab,1,2025-11,found
Engineering-Research-and-Development/dsp-true-connector,Engineering-Research-and-Development__dsp-true-connector,2025-07,ac2aa883fb173b39b69036cabc5c6660b0cdff8a,1,2025-11,found
Engineering-Research-and-Development/dsp-true-connector,Engineering-Research-and-Development__dsp-true-connector,2025-08,ac2aa883fb173b39b69036cabc5c6660b0cdff8a,1,2025-11,found
Engineering-Research-and-Development/dsp-true-connector,Engineering-Research-and-Development__dsp-true-connector,2025-09,72b7af0696157c8effce61885f034c787ea65738,1,2025-11,found
Engineering-Research-and-Development/dsp-true-connector,Engineering-Research-and-Development__dsp-true-connector,2025-10,72b7af0696157c8effce61885f034c787ea65738,1,2025-11,found
Engineering-Research-and-Development/dsp-true-connector,Engineering-Research-and-Development__dsp-true-connector,2025-11,c46fc8a14e67233b6023b26970a9ac0929625544,1,2025-11,found
Engineering-Research-and-Development/dsp-true-connector,Engineering-Research-and-Development__dsp-true-connector,2025-12,585dbecdb83ee87fc448e1e2bed775d4bcd1e0b3,1,2025-11,found
Engineering-Research-and-Development/dsp-true-connector,Engineering-Research-and-Development__dsp-true-connector,2026-01,585dbecdb83ee87fc448e1e2bed775d4bcd1e0b3,1,2025-11,found
Engineering-Research-and-Development/dsp-true-connector,Engineering-Research-and-Development__dsp-true-connector,2026-02,83ca63f38e63d1d7406fea1dca28e2ff18a8620b,1,2025-11,found
Engineering-Research-and-Development/dsp-true-connector,Engineering-Research-and-Development__dsp-true-connector,2026-03,83ca63f38e63d1d7406fea1dca28e2ff18a8620b,1,2025-11,found
Engineering-Research-and-Development/dsp-true-connector,Engineering-Research-and-Development__dsp-true-connector,2026-04,bcc04b533538f6fd885abb69b7eff1064499bdfd,1,2025-11,found
Engineering-Research-and-Development/dsp-true-connector,Engineering-Research-and-Development__dsp-true-connector,2026-05,bcc04b533538f6fd885abb69b7eff1064499bdfd,1,2025-11,found
MoonWorm/jsonapi4j,MoonWorm__jsonapi4j,2025-05,,0,2025-11,missing
MoonWorm/jsonapi4j,MoonWorm__jsonapi4j,2025-06,,0,2025-11,missing
MoonWorm/jsonapi4j,MoonWorm__jsonapi4j,2025-07,,0,2025-11,missing
MoonWorm/jsonapi4j,MoonWorm__jsonapi4j,2025-08,,0,2025-11,missing
MoonWorm/jsonapi4j,MoonWorm__jsonapi4j,2025-09,,0,2025-11,missing
MoonWorm/jsonapi4j,MoonWorm__jsonapi4j,2025-10,,0,2025-11,missing
MoonWorm/jsonapi4j,MoonWorm__jsonapi4j,2025-11,a85116aaf64955ff5fa81521539f70c5fc316046,0,2025-11,found
MoonWorm/jsonapi4j,MoonWorm__jsonapi4j,2025-12,254681c728bdbcd41634700d6256f6040afa727b,0,2025-11,found
MoonWorm/jsonapi4j,MoonWorm__jsonapi4j,2026-01,6bb288ced12ee49b436c11fd15a62e0fe672b02e,0,2025-11,found
MoonWorm/jsonapi4j,MoonWorm__jsonapi4j,2026-02,d74f533e43aaa85d8715b76be655f742ebd8c47d,0,2025-11,found
MoonWorm/jsonapi4j,MoonWorm__jsonapi4j,2026-03,12216b2f0c7bd077b3a486ff8dec1a5d330dc92a,0,2025-11,found
MoonWorm/jsonapi4j,MoonWorm__jsonapi4j,2026-04,4579ceeb95771ff0c6eac09620aca134f76d44f1,0,2025-11,found
MoonWorm/jsonapi4j,MoonWorm__jsonapi4j,2026-05,4579ceeb95771ff0c6eac09620aca134f76d44f1,0,2025-11,found
xtclang/xvm,xtclang__xvm,2025-03,8bd136ab951c9f3fb2bf86af1277fbc60c9403d8,1,2025-09,found
xtclang/xvm,xtclang__xvm,2025-04,99e70f77c0a476ebe34ef8f824f3038ada5a4bf9,1,2025-09,found
xtclang/xvm,xtclang__xvm,2025-05,20d0e9843dd2024afe76255ace60cfbd8e21a98d,1,2025-09,found
xtclang/xvm,xtclang__xvm,2025-06,0bd92f63b45ae75e061d3c423fab6e63906b42a6,1,2025-09,found
xtclang/xvm,xtclang__xvm,2025-07,fa68258605b488162863d3eb55e2bcca9a9c4f6f,1,2025-09,found
xtclang/xvm,xtclang__xvm,2025-08,4a2d071e9d1ea82658a5e86185344ea108f34f29,1,2025-09,found
xtclang/xvm,xtclang__xvm,2025-09,df61b46922c3ea2e0b0a4ffdb9cd9186ab3ea754,1,2025-09,found
xtclang/xvm,xtclang__xvm,2025-10,06de615757a62b34c4aeb2a88a6549446685ff3e,1,2025-09,found
xtclang/xvm,xtclang__xvm,2025-11,112c26e2c4617a1f1357d24f45325d52cb29d9ce,1,2025-09,found
xtclang/xvm,xtclang__xvm,2025-12,b2968e98ce0b00bff3137007849d96ba1f9884bd,1,2025-09,found
xtclang/xvm,xtclang__xvm,2026-01,72c225bfe0d7c9d347d24e9a42af38b26e23a666,1,2025-09,found
xtclang/xvm,xtclang__xvm,2026-02,bd52618976dd2584be49f3d53e2c460fc549dea0,1,2025-09,found
xtclang/xvm,xtclang__xvm,2026-03,0a399b6aff218da56f46245062969e8c6cc32fff,1,2025-09,found
jjazzboss/JJazzLab,jjazzboss__JJazzLab,2025-03,0481c28c857e154456d160b8d52c6a7b9d23bc60,0,2025-09,found
jjazzboss/JJazzLab,jjazzboss__JJazzLab,2025-04,0481c28c857e154456d160b8d52c6a7b9d23bc60,0,2025-09,found
jjazzboss/JJazzLab,jjazzboss__JJazzLab,2025-05,7706f20d3eaf9c87c41eb4900daa84a568c30625,0,2025-09,found
jjazzboss/JJazzLab,jjazzboss__JJazzLab,2025-06,dae703ca4291860e2b31af121f0e7e79bc96800a,0,2025-09,found
jjazzboss/JJazzLab,jjazzboss__JJazzLab,2025-07,e08a674e6c335e30982ebefb22f21af47ee5767c,0,2025-09,found
jjazzboss/JJazzLab,jjazzboss__JJazzLab,2025-08,f491b617dd151d9bc8dfbfa087623a14e54dd167,0,2025-09,found
jjazzboss/JJazzLab,jjazzboss__JJazzLab,2025-09,301bb249b87e2b4e99c22bf0cda2b0c5780e295a,0,2025-09,found
jjazzboss/JJazzLab,jjazzboss__JJazzLab,2025-10,1aa63c01dc991976ea71af8cc39bc5e4f427c9c6,0,2025-09,found
jjazzboss/JJazzLab,jjazzboss__JJazzLab,2025-11,8934f55839d43cd3a3c13c033f0e7335f73f5117,0,2025-09,found
jjazzboss/JJazzLab,jjazzboss__JJazzLab,2025-12,b86b9117ebdebc4ce79c51a5190666b9c5461e09,0,2025-09,found
jjazzboss/JJazzLab,jjazzboss__JJazzLab,2026-01,93d44c8d114c033b4b87cdf1792db534d2f64b5c,0,2025-09,found
jjazzboss/JJazzLab,jjazzboss__JJazzLab,2026-02,7ab3f76ba05e0c1b83fcd673cea60976cad1e1fd,0,2025-09,found
jjazzboss/JJazzLab,jjazzboss__JJazzLab,2026-03,7ab3f76ba05e0c1b83fcd673cea60976cad1e1fd,0,2025-09,found
DIGI-UW/OpenELIS-Global-2,DIGI-UW__OpenELIS-Global-2,2025-05,49cdcf8f1682c06461d3385cce3863a1f634e352,1,2025-11,found
DIGI-UW/OpenELIS-Global-2,DIGI-UW__OpenELIS-Global-2,2025-06,a7f1baba0f0e1ec975807facad33a21d0512dd76,1,2025-11,found
DIGI-UW/OpenELIS-Global-2,DIGI-UW__OpenELIS-Global-2,2025-07,c4f9a596a16f6eeba6d9fd6a91b44167bfcc1d74,1,2025-11,found
DIGI-UW/OpenELIS-Global-2,DIGI-UW__OpenELIS-Global-2,2025-08,3b0648c9f8554aa80ea7bb9ccfa6a27d362f432c,1,2025-11,found
DIGI-UW/OpenELIS-Global-2,DIGI-UW__OpenELIS-Global-2,2025-09,d93bf18ccc4c87421ccd17e10708f5590a698252,1,2025-11,found
DIGI-UW/OpenELIS-Global-2,DIGI-UW__OpenELIS-Global-2,2025-10,d6fad8571d868f4c3dfa59b8df8febbfb6c1ddc9,1,2025-11,found
DIGI-UW/OpenELIS-Global-2,DIGI-UW__OpenELIS-Global-2,2025-11,dfcb745319f721081b6e5a1bbeea6af507e546cd,1,2025-11,found
DIGI-UW/OpenELIS-Global-2,DIGI-UW__OpenELIS-Global-2,2025-12,8303c61ff303fe83c7c37ae61d353cbb75285b89,1,2025-11,found
DIGI-UW/OpenELIS-Global-2,DIGI-UW__OpenELIS-Global-2,2026-01,4a96bd4198acf686b56d2996f4292a5eb9fcc98e,1,2025-11,found
DIGI-UW/OpenELIS-Global-2,DIGI-UW__OpenELIS-Global-2,2026-02,2972d7574a57dc44865571bc434bd5779e2f93e6,1,2025-11,found
DIGI-UW/OpenELIS-Global-2,DIGI-UW__OpenELIS-Global-2,2026-03,ef1dffe1b2dd57f4a292f68256b4cc57e7ef7144,1,2025-11,found
DIGI-UW/OpenELIS-Global-2,DIGI-UW__OpenELIS-Global-2,2026-04,3cb0b683cde7b64993acbbe651a52160624e6d95,1,2025-11,found
DIGI-UW/OpenELIS-Global-2,DIGI-UW__OpenELIS-Global-2,2026-05,3cb0b683cde7b64993acbbe651a52160624e6d95,1,2025-11,found
dhis2/dhis2-core,dhis2__dhis2-core,2025-05,bafcbc510f25ea8c5f460acdd547cb1320b1ae44,0,2025-11,found
dhis2/dhis2-core,dhis2__dhis2-core,2025-06,c10cb13271be6b1f37198de575edde19531654f3,0,2025-11,found
dhis2/dhis2-core,dhis2__dhis2-core,2025-07,0456d28d8f7785e4337c857c1753dd62d42e7f6e,0,2025-11,found
dhis2/dhis2-core,dhis2__dhis2-core,2025-08,81599c24711d4718c43f4917ada29ee4af895511,0,2025-11,found
dhis2/dhis2-core,dhis2__dhis2-core,2025-09,d6c7647d8020c44cf8754e790a4bea3ce52d2a8f,0,2025-11,found
dhis2/dhis2-core,dhis2__dhis2-core,2025-10,ed0fcc164296e2936bd9b9d6d7713ced6b762a46,0,2025-11,found
dhis2/dhis2-core,dhis2__dhis2-core,2025-11,386e087ac7fbb24ba1b3b2a6fd3e9728fa6979a6,0,2025-11,found
dhis2/dhis2-core,dhis2__dhis2-core,2025-12,0426ad54cfb33340d33611a3a2253b14e2f6c837,0,2025-11,found
dhis2/dhis2-core,dhis2__dhis2-core,2026-01,f776bdfe4461e852a02dbd34a7ed378be6eb9373,0,2025-11,found
dhis2/dhis2-core,dhis2__dhis2-core,2026-02,418faaae75a3187137db888d387dd7c3e1c3c3c0,0,2025-11,found
dhis2/dhis2-core,dhis2__dhis2-core,2026-03,e487f1302f299ac17119a3de9da13155984bd25c,0,2025-11,found
dhis2/dhis2-core,dhis2__dhis2-core,2026-04,5a614c7e49db51741ccb301f1fb44b5474806bca,0,2025-11,found
dhis2/dhis2-core,dhis2__dhis2-core,2026-05,5a614c7e49db51741ccb301f1fb44b5474806bca,0,2025-11,found
open-telemetry/opentelemetry-java-instrumentation,open-telemetry__opentelemetry-java-instrumentation,2025-03,f930598652aa8bb478a69c2ccdf2d63c315f992a,1,2025-09,found
open-telemetry/opentelemetry-java-instrumentation,open-telemetry__opentelemetry-java-instrumentation,2025-04,18155581b2163ae928d8f3a0606d973b9eb316bf,1,2025-09,found
open-telemetry/opentelemetry-java-instrumentation,open-telemetry__opentelemetry-java-instrumentation,2025-05,43f325da3af3b9ed7c61c6c7f6a69615be6f5aa7,1,2025-09,found
open-telemetry/opentelemetry-java-instrumentation,open-telemetry__opentelemetry-java-instrumentation,2025-06,dcaa71f572079326a89d12f9a12f736fd4aee7e1,1,2025-09,found
open-telemetry/opentelemetry-java-instrumentation,open-telemetry__opentelemetry-java-instrumentation,2025-07,d9d3bebbb4ac9e2c3d17c84ebe8ebd06ede1f286,1,2025-09,found
open-telemetry/opentelemetry-java-instrumentation,open-telemetry__opentelemetry-java-instrumentation,2025-08,f7796a27cf354d336e48e534b98f08b46d772d1a,1,2025-09,found
open-telemetry/opentelemetry-java-instrumentation,open-telemetry__opentelemetry-java-instrumentation,2025-09,73f3ade67c07b3aa774c6a1c8636e230f1ab211d,1,2025-09,found
open-telemetry/opentelemetry-java-instrumentation,open-telemetry__opentelemetry-java-instrumentation,2025-10,5a1a36f26520ccf13d18ef3417054d3f6efaa117,1,2025-09,found
open-telemetry/opentelemetry-java-instrumentation,open-telemetry__opentelemetry-java-instrumentation,2025-11,3731b24a3252c94f66c62b414454342ec6c799e6,1,2025-09,found
open-telemetry/opentelemetry-java-instrumentation,open-telemetry__opentelemetry-java-instrumentation,2025-12,50c83ae5d7368cee84f762d8372f14123bba9f95,1,2025-09,found
open-telemetry/opentelemetry-java-instrumentation,open-telemetry__opentelemetry-java-instrumentation,2026-01,fbd6de8c80ac5ba78fabbf96ff4422516ee56b24,1,2025-09,found
open-telemetry/opentelemetry-java-instrumentation,open-telemetry__opentelemetry-java-instrumentation,2026-02,04328f637fe8bf57c0e9a0d560d280a17776f10c,1,2025-09,found
open-telemetry/opentelemetry-java-instrumentation,open-telemetry__opentelemetry-java-instrumentation,2026-03,e76909ecc2afbfdc7c323625112cd0cec6373b0c,1,2025-09,found
micronaut-projects/micronaut-core,micronaut-projects__micronaut-core,2025-03,b0a07f9a0f318d278c88a7d50ceace280dc4484e,0,2025-09,found
micronaut-projects/micronaut-core,micronaut-projects__micronaut-core,2025-04,b0a07f9a0f318d278c88a7d50ceace280dc4484e,0,2025-09,found
micronaut-projects/micronaut-core,micronaut-projects__micronaut-core,2025-05,b0a07f9a0f318d278c88a7d50ceace280dc4484e,0,2025-09,found
micronaut-projects/micronaut-core,micronaut-projects__micronaut-core,2025-06,b0a07f9a0f318d278c88a7d50ceace280dc4484e,0,2025-09,found
micronaut-projects/micronaut-core,micronaut-projects__micronaut-core,2025-07,b0a07f9a0f318d278c88a7d50ceace280dc4484e,0,2025-09,found
micronaut-projects/micronaut-core,micronaut-projects__micronaut-core,2025-08,b0a07f9a0f318d278c88a7d50ceace280dc4484e,0,2025-09,found
micronaut-projects/micronaut-core,micronaut-projects__micronaut-core,2025-09,b0a07f9a0f318d278c88a7d50ceace280dc4484e,0,2025-09,found
micronaut-projects/micronaut-core,micronaut-projects__micronaut-core,2025-10,f6f2f432f07e13c48962ade6da15eb1958b15ec8,0,2025-09,found
micronaut-projects/micronaut-core,micronaut-projects__micronaut-core,2025-11,510698db8c7dd096cc4c92dbabbee3a88a6c9b3f,0,2025-09,found
micronaut-projects/micronaut-core,micronaut-projects__micronaut-core,2025-12,25783953daf2884c3fc738a524686d3a39444237,0,2025-09,found
micronaut-projects/micronaut-core,micronaut-projects__micronaut-core,2026-01,e56b9d827283420418297ab6bb1cd780c5618c57,0,2025-09,found
micronaut-projects/micronaut-core,micronaut-projects__micronaut-core,2026-02,f77450d9efbe7818bd4fa82d91e8fb8c2f5c8f4c,0,2025-09,found
micronaut-projects/micronaut-core,micronaut-projects__micronaut-core,2026-03,107559c0a2ddbf21a7455ff6d85c8f6d31ede11d,0,2025-09,found
cygnusx-1-org/Slide,cygnusx-1-org__Slide,2024-09,fde3f45e99342905a71ee960b115b399f4f5205a,1,2025-03,found
cygnusx-1-org/Slide,cygnusx-1-org__Slide,2024-10,fde3f45e99342905a71ee960b115b399f4f5205a,1,2025-03,found
cygnusx-1-org/Slide,cygnusx-1-org__Slide,2024-11,fde3f45e99342905a71ee960b115b399f4f5205a,1,2025-03,found
cygnusx-1-org/Slide,cygnusx-1-org__Slide,2024-12,fde3f45e99342905a71ee960b115b399f4f5205a,1,2025-03,found
cygnusx-1-org/Slide,cygnusx-1-org__Slide,2025-01,1e1cb7c4e94fd762afee41c7e1372d36e1db7c30,1,2025-03,found
cygnusx-1-org/Slide,cygnusx-1-org__Slide,2025-02,ebd6a010077bd666c2fc2e8bfea411ad9e10bc99,1,2025-03,found
cygnusx-1-org/Slide,cygnusx-1-org__Slide,2025-03,aa26839a983617ac0d59efc4372d9ab3f08b8598,1,2025-03,found
cygnusx-1-org/Slide,cygnusx-1-org__Slide,2025-04,14e8dc1aaf5e6f0340d39a620797d72a40139012,1,2025-03,found
cygnusx-1-org/Slide,cygnusx-1-org__Slide,2025-05,18a4b8be25440dfefc7b509f4d3cd2c243ea8944,1,2025-03,found
cygnusx-1-org/Slide,cygnusx-1-org__Slide,2025-06,e907315e1f14a8dca3f1dba80ab75115f1d4b114,1,2025-03,found
cygnusx-1-org/Slide,cygnusx-1-org__Slide,2025-07,9f7d29cff3a86b3ead372248afebc047b954d8e3,1,2025-03,found
cygnusx-1-org/Slide,cygnusx-1-org__Slide,2025-08,690965c65561d9b6b2cafcad06471380c5f153dd,1,2025-03,found
cygnusx-1-org/Slide,cygnusx-1-org__Slide,2025-09,1dcf5270a40aa4dec6e217b57ebeace7ac9c559f,1,2025-03,found
dic1911/Momogram,dic1911__Momogram,2024-09,,0,2025-03,missing
dic1911/Momogram,dic1911__Momogram,2024-10,,0,2025-03,missing
dic1911/Momogram,dic1911__Momogram,2024-11,,0,2025-03,missing
dic1911/Momogram,dic1911__Momogram,2024-12,,0,2025-03,missing
dic1911/Momogram,dic1911__Momogram,2025-01,,0,2025-03,missing
dic1911/Momogram,dic1911__Momogram,2025-02,,0,2025-03,missing
dic1911/Momogram,dic1911__Momogram,2025-03,,0,2025-03,missing
dic1911/Momogram,dic1911__Momogram,2025-04,,0,2025-03,missing
dic1911/Momogram,dic1911__Momogram,2025-05,,0,2025-03,missing
dic1911/Momogram,dic1911__Momogram,2025-06,,0,2025-03,missing
dic1911/Momogram,dic1911__Momogram,2025-07,,0,2025-03,missing
dic1911/Momogram,dic1911__Momogram,2025-08,,0,2025-03,missing
dic1911/Momogram,dic1911__Momogram,2025-09,,0,2025-03,missing
snyk/snyk-eclipse-plugin,snyk__snyk-eclipse-plugin,2025-02,440de460a20e646dee370d8df3799b7114d86b52,1,2025-08,found
snyk/snyk-eclipse-plugin,snyk__snyk-eclipse-plugin,2025-03,25d529ac86e113d55c5f718a475e8e67ad2c9dd5,1,2025-08,found
snyk/snyk-eclipse-plugin,snyk__snyk-eclipse-plugin,2025-04,6f5f4c739f59119d08e48ac71b846243611cd1ce,1,2025-08,found
snyk/snyk-eclipse-plugin,snyk__snyk-eclipse-plugin,2025-05,ae36cb6a079c28ba338f1baeb6027cd0d2a0a7e9,1,2025-08,found
snyk/snyk-eclipse-plugin,snyk__snyk-eclipse-plugin,2025-06,85cfa85ebfda4c87e18cd11343f8b7226841e0b8,1,2025-08,found
snyk/snyk-eclipse-plugin,snyk__snyk-eclipse-plugin,2025-07,b14d4a68c31a9d9b578e367ae7fccd7042ecd848,1,2025-08,found
snyk/snyk-eclipse-plugin,snyk__snyk-eclipse-plugin,2025-08,163cf1ab0da2370ff743a077996c35e076a8a35c,1,2025-08,found
snyk/snyk-eclipse-plugin,snyk__snyk-eclipse-plugin,2025-09,5e9e5fe4c526ed1572f29625342d2f80b261fa1a,1,2025-08,found
snyk/snyk-eclipse-plugin,snyk__snyk-eclipse-plugin,2025-10,b93d91047c97c879277b6ae6587941968e1f6ebc,1,2025-08,found
snyk/snyk-eclipse-plugin,snyk__snyk-eclipse-plugin,2025-11,218f4a358a16dd6a91bdd45b559da5f27ad712b7,1,2025-08,found
snyk/snyk-eclipse-plugin,snyk__snyk-eclipse-plugin,2025-12,0843c78590fe0f1141b51befa1a284d630ca4e0c,1,2025-08,found
snyk/snyk-eclipse-plugin,snyk__snyk-eclipse-plugin,2026-01,85eaabbc18cf4fc33dcb4a28a682eea84a9e7f95,1,2025-08,found
snyk/snyk-eclipse-plugin,snyk__snyk-eclipse-plugin,2026-02,5c430bb11b26c4911fcb89f805529ea79b881d83,1,2025-08,found
Spazzinq/FlightControl,Spazzinq__FlightControl,2025-02,fdb5a9412b89768e4d8acdc5078355a35334fec0,0,2025-08,found
Spazzinq/FlightControl,Spazzinq__FlightControl,2025-03,fdb5a9412b89768e4d8acdc5078355a35334fec0,0,2025-08,found
Spazzinq/FlightControl,Spazzinq__FlightControl,2025-04,fdb5a9412b89768e4d8acdc5078355a35334fec0,0,2025-08,found
Spazzinq/FlightControl,Spazzinq__FlightControl,2025-05,fdb5a9412b89768e4d8acdc5078355a35334fec0,0,2025-08,found
Spazzinq/FlightControl,Spazzinq__FlightControl,2025-06,fdb5a9412b89768e4d8acdc5078355a35334fec0,0,2025-08,found
Spazzinq/FlightControl,Spazzinq__FlightControl,2025-07,fdb5a9412b89768e4d8acdc5078355a35334fec0,0,2025-08,found
Spazzinq/FlightControl,Spazzinq__FlightControl,2025-08,fdb5a9412b89768e4d8acdc5078355a35334fec0,0,2025-08,found
Spazzinq/FlightControl,Spazzinq__FlightControl,2025-09,fdb5a9412b89768e4d8acdc5078355a35334fec0,0,2025-08,found
Spazzinq/FlightControl,Spazzinq__FlightControl,2025-10,fdb5a9412b89768e4d8acdc5078355a35334fec0,0,2025-08,found
Spazzinq/FlightControl,Spazzinq__FlightControl,2025-11,fdb5a9412b89768e4d8acdc5078355a35334fec0,0,2025-08,found
Spazzinq/FlightControl,Spazzinq__FlightControl,2025-12,fdb5a9412b89768e4d8acdc5078355a35334fec0,0,2025-08,found
Spazzinq/FlightControl,Spazzinq__FlightControl,2026-01,fdb5a9412b89768e4d8acdc5078355a35334fec0,0,2025-08,found
Spazzinq/FlightControl,Spazzinq__FlightControl,2026-02,fdb5a9412b89768e4d8acdc5078355a35334fec0,0,2025-08,found
zilliztech/vts,zilliztech__vts,2024-12,51ef80001667addbd9c1a267697001e0937054d3,1,2025-06,found
zilliztech/vts,zilliztech__vts,2025-01,88c92ae1b195ea7a54656d3de45b8540d8d22cb9,1,2025-06,found
zilliztech/vts,zilliztech__vts,2025-02,36b3dd21c819bd1a4be50bb270e5bca325357b20,1,2025-06,found
zilliztech/vts,zilliztech__vts,2025-03,a24fa8fef6a9ea45f985db2d1f5b77ff18748ece,1,2025-06,found
zilliztech/vts,zilliztech__vts,2025-04,9bed31df7df4b69e3d3b65acfb5e951392515a46,1,2025-06,found
zilliztech/vts,zilliztech__vts,2025-05,8f5aa9575b67741416f8b0bdd0c7389aba7d4273,1,2025-06,found
zilliztech/vts,zilliztech__vts,2025-06,0b656071a879557468f9b23b9f76e2196fbe60c1,1,2025-06,found
zilliztech/vts,zilliztech__vts,2025-07,b72e661774cfec2deeff52df0d1e5a6a587aa361,1,2025-06,found
zilliztech/vts,zilliztech__vts,2025-08,b72e661774cfec2deeff52df0d1e5a6a587aa361,1,2025-06,found
zilliztech/vts,zilliztech__vts,2025-09,1e3e202301c50c4e2a83676efa589ef884e5de19,1,2025-06,found
zilliztech/vts,zilliztech__vts,2025-10,ecc5bb37664648709eb43c3e8e2dec69f670486d,1,2025-06,found
zilliztech/vts,zilliztech__vts,2025-11,ecc5bb37664648709eb43c3e8e2dec69f670486d,1,2025-06,found
zilliztech/vts,zilliztech__vts,2025-12,88bc950e6d22be9ccd6dd43159cc0d671c791d4c,1,2025-06,found
LineageOS/android_packages_apps_DocumentsUI,LineageOS__android_packages_apps_DocumentsUI,2024-12,975026651bf5b295c65ad739eeda9199fbeb6f11,0,2025-06,found
LineageOS/android_packages_apps_DocumentsUI,LineageOS__android_packages_apps_DocumentsUI,2025-01,1c9fa11f9d0c9b1803814d17e3e964a94997b596,0,2025-06,found
LineageOS/android_packages_apps_DocumentsUI,LineageOS__android_packages_apps_DocumentsUI,2025-02,d6470469c0e5775b6828238f0bb3662da00884c2,0,2025-06,found
LineageOS/android_packages_apps_DocumentsUI,LineageOS__android_packages_apps_DocumentsUI,2025-03,3400a4775343bb00f81b5d42e1653ca0efddbb9c,0,2025-06,found
LineageOS/android_packages_apps_DocumentsUI,LineageOS__android_packages_apps_DocumentsUI,2025-04,b0f64324499a3f65aca817d3f221c716d953a800,0,2025-06,found
LineageOS/android_packages_apps_DocumentsUI,LineageOS__android_packages_apps_DocumentsUI,2025-05,b0f64324499a3f65aca817d3f221c716d953a800,0,2025-06,found
LineageOS/android_packages_apps_DocumentsUI,LineageOS__android_packages_apps_DocumentsUI,2025-06,b0f64324499a3f65aca817d3f221c716d953a800,0,2025-06,found
LineageOS/android_packages_apps_DocumentsUI,LineageOS__android_packages_apps_DocumentsUI,2025-07,5dc121b7acd0d230bbd1b6bf32675a18a71d1a49,0,2025-06,found
LineageOS/android_packages_apps_DocumentsUI,LineageOS__android_packages_apps_DocumentsUI,2025-08,deb341e072c66430b193b9e98f504672c7462f84,0,2025-06,found
LineageOS/android_packages_apps_DocumentsUI,LineageOS__android_packages_apps_DocumentsUI,2025-09,deb341e072c66430b193b9e98f504672c7462f84,0,2025-06,found
LineageOS/android_packages_apps_DocumentsUI,LineageOS__android_packages_apps_DocumentsUI,2025-10,d5fa33ed7fb7624de319be257b8653d40ed576d3,0,2025-06,found
LineageOS/android_packages_apps_DocumentsUI,LineageOS__android_packages_apps_DocumentsUI,2025-11,d5fa33ed7fb7624de319be257b8653d40ed576d3,0,2025-06,found
LineageOS/android_packages_apps_DocumentsUI,LineageOS__android_packages_apps_DocumentsUI,2025-12,11489ff8d16d4081a6cc6d058c50fdab29838fd3,0,2025-06,found
kousen/java_8_recipes,kousen__java_8_recipes,2024-12,805e8e1be742a54b4d9759eca9323342f209ac8e,1,2025-06,found
kousen/java_8_recipes,kousen__java_8_recipes,2025-01,b11bca6de3f10ca44971d184af16489f6c4ddbda,1,2025-06,found
kousen/java_8_recipes,kousen__java_8_recipes,2025-02,5ef53e7be34838300abbcac8750e351b31a4ac42,1,2025-06,found
kousen/java_8_recipes,kousen__java_8_recipes,2025-03,5ef53e7be34838300abbcac8750e351b31a4ac42,1,2025-06,found
kousen/java_8_recipes,kousen__java_8_recipes,2025-04,e67b06e117b2046b876a871b964afa11b0cf9899,1,2025-06,found
kousen/java_8_recipes,kousen__java_8_recipes,2025-05,7b90fdc89ddca2c5cd2947cce214788d7e40f8de,1,2025-06,found
kousen/java_8_recipes,kousen__java_8_recipes,2025-06,fb5fdeeaafe9936099df689a087c4f9b4525cfbb,1,2025-06,found
kousen/java_8_recipes,kousen__java_8_recipes,2025-07,5c590a29752ac01095ba4c2340f480d00c65fdad,1,2025-06,found
kousen/java_8_recipes,kousen__java_8_recipes,2025-08,5c590a29752ac01095ba4c2340f480d00c65fdad,1,2025-06,found
kousen/java_8_recipes,kousen__java_8_recipes,2025-09,df2fdde99545b44a63bd6780732cdbeddab01c1b,1,2025-06,found
kousen/java_8_recipes,kousen__java_8_recipes,2025-10,6b36a7adcbf37de0c2b86625431fcc34740a4034,1,2025-06,found
kousen/java_8_recipes,kousen__java_8_recipes,2025-11,6b36a7adcbf37de0c2b86625431fcc34740a4034,1,2025-06,found
kousen/java_8_recipes,kousen__java_8_recipes,2025-12,6b36a7adcbf37de0c2b86625431fcc34740a4034,1,2025-06,found
maxmind/MaxMind-DB-Reader-java,maxmind__MaxMind-DB-Reader-java,2024-12,3fb3fdedc28256d19fbff0aa6e3a22117c89d2ca,0,2025-06,found
maxmind/MaxMind-DB-Reader-java,maxmind__MaxMind-DB-Reader-java,2025-01,fcbb5844f5bb76eb8689193eb49f62e7e2f60db2,0,2025-06,found
maxmind/MaxMind-DB-Reader-java,maxmind__MaxMind-DB-Reader-java,2025-02,767b5595c4c6f298bda50bb4deac51bdda0a0749,0,2025-06,found
maxmind/MaxMind-DB-Reader-java,maxmind__MaxMind-DB-Reader-java,2025-03,53b557561b73352ee42c4c57830207b1f88d6627,0,2025-06,found
maxmind/MaxMind-DB-Reader-java,maxmind__MaxMind-DB-Reader-java,2025-04,3992c993bb20767164f9475aea81279646679eb3,0,2025-06,found
maxmind/MaxMind-DB-Reader-java,maxmind__MaxMind-DB-Reader-java,2025-05,87fcccb43aa0aff1ef1f89483fc8a792211e2635,0,2025-06,found
maxmind/MaxMind-DB-Reader-java,maxmind__MaxMind-DB-Reader-java,2025-06,567ee60e79d71a5d606998049e4b57c8408cc586,0,2025-06,found
maxmind/MaxMind-DB-Reader-java,maxmind__MaxMind-DB-Reader-java,2025-07,70f7ccfd97e231ae19537d0706d62d0f652dbaa5,0,2025-06,found
maxmind/MaxMind-DB-Reader-java,maxmind__MaxMind-DB-Reader-java,2025-08,0918009f5708c12d9222b4d3e6a90a1c648393f8,0,2025-06,found
maxmind/MaxMind-DB-Reader-java,maxmind__MaxMind-DB-Reader-java,2025-09,b6a29e170c8d82ee5911077d5148725d06501fb5,0,2025-06,found
maxmind/MaxMind-DB-Reader-java,maxmind__MaxMind-DB-Reader-java,2025-10,d471eff9d4c3c7ada819e52fdc4327c32622e91c,0,2025-06,found
maxmind/MaxMind-DB-Reader-java,maxmind__MaxMind-DB-Reader-java,2025-11,158a84bb50e1f5c00ea78199652e53093ea939de,0,2025-06,found
maxmind/MaxMind-DB-Reader-java,maxmind__MaxMind-DB-Reader-java,2025-12,9f3e126b29d20dca4168aa5097472bc48fe56056,0,2025-06,found
e-gleba/cxx-skeleton,e-gleba__cxx-skeleton,2025-05,9872d7f2b503f08fbfa751fe55d0d0076aedb0ff,1,2025-11,found
e-gleba/cxx-skeleton,e-gleba__cxx-skeleton,2025-06,df44fe38d856bb103c9253d3b419c45889cc7f3d,1,2025-11,found
e-gleba/cxx-skeleton,e-gleba__cxx-skeleton,2025-07,a65b72a1b22ec8b76a8248e1f57d015101dd0fb8,1,2025-11,found
e-gleba/cxx-skeleton,e-gleba__cxx-skeleton,2025-08,a65b72a1b22ec8b76a8248e1f57d015101dd0fb8,1,2025-11,found
e-gleba/cxx-skeleton,e-gleba__cxx-skeleton,2025-09,e121ef6cd4f47043a9963bb00da4997d89e9900d,1,2025-11,found
e-gleba/cxx-skeleton,e-gleba__cxx-skeleton,2025-10,96259eef704813dc7aaf478a1c7babbf6f35841d,1,2025-11,found
e-gleba/cxx-skeleton,e-gleba__cxx-skeleton,2025-11,d1dac1c6dcbc94cafc315f7490b77a7255555020,1,2025-11,found
e-gleba/cxx-skeleton,e-gleba__cxx-skeleton,2025-12,d1dac1c6dcbc94cafc315f7490b77a7255555020,1,2025-11,found
e-gleba/cxx-skeleton,e-gleba__cxx-skeleton,2026-01,d1dac1c6dcbc94cafc315f7490b77a7255555020,1,2025-11,found
e-gleba/cxx-skeleton,e-gleba__cxx-skeleton,2026-02,d1dac1c6dcbc94cafc315f7490b77a7255555020,1,2025-11,found
e-gleba/cxx-skeleton,e-gleba__cxx-skeleton,2026-03,0c4d242045f3f112d0e3fbc3282abe931d7a09c4,1,2025-11,found
e-gleba/cxx-skeleton,e-gleba__cxx-skeleton,2026-04,52b1390ccefb3cdbd06be9b4471935bb1856f67d,1,2025-11,found
e-gleba/cxx-skeleton,e-gleba__cxx-skeleton,2026-05,52b1390ccefb3cdbd06be9b4471935bb1856f67d,1,2025-11,found
exadel-inc/etoolbox-rollout-manager,exadel-inc__etoolbox-rollout-manager,2025-05,0606c61717fcc6d1d55bb29ee9583e98bc033298,0,2025-11,found
exadel-inc/etoolbox-rollout-manager,exadel-inc__etoolbox-rollout-manager,2025-06,0606c61717fcc6d1d55bb29ee9583e98bc033298,0,2025-11,found
exadel-inc/etoolbox-rollout-manager,exadel-inc__etoolbox-rollout-manager,2025-07,0606c61717fcc6d1d55bb29ee9583e98bc033298,0,2025-11,found
exadel-inc/etoolbox-rollout-manager,exadel-inc__etoolbox-rollout-manager,2025-08,7cdf9da7c8fca8d983d063736e63ef6b4abf8bac,0,2025-11,found
exadel-inc/etoolbox-rollout-manager,exadel-inc__etoolbox-rollout-manager,2025-09,6e0f61d1d237ac84fa3cfa724eaca1941924a3ba,0,2025-11,found
exadel-inc/etoolbox-rollout-manager,exadel-inc__etoolbox-rollout-manager,2025-10,b97cf7536519c2adbff3c1c9104025fc9d1fb816,0,2025-11,found
exadel-inc/etoolbox-rollout-manager,exadel-inc__etoolbox-rollout-manager,2025-11,db6d5fcdcd7c3be061dc1faeda2b5ffd46f183fe,0,2025-11,found
exadel-inc/etoolbox-rollout-manager,exadel-inc__etoolbox-rollout-manager,2025-12,30491ed0ae2339e439c73220e5f653d1a852d5a4,0,2025-11,found
exadel-inc/etoolbox-rollout-manager,exadel-inc__etoolbox-rollout-manager,2026-01,2d3ad44f6310905b6ed785b62f88bf0609ef8503,0,2025-11,found
exadel-inc/etoolbox-rollout-manager,exadel-inc__etoolbox-rollout-manager,2026-02,f7e94596d04fceb2f0330c538ec38d9e7d1c0bb1,0,2025-11,found
exadel-inc/etoolbox-rollout-manager,exadel-inc__etoolbox-rollout-manager,2026-03,f7e94596d04fceb2f0330c538ec38d9e7d1c0bb1,0,2025-11,found
exadel-inc/etoolbox-rollout-manager,exadel-inc__etoolbox-rollout-manager,2026-04,f7e94596d04fceb2f0330c538ec38d9e7d1c0bb1,0,2025-11,found
exadel-inc/etoolbox-rollout-manager,exadel-inc__etoolbox-rollout-manager,2026-05,f7e94596d04fceb2f0330c538ec38d9e7d1c0bb1,0,2025-11,found
hackvertor/hackvertor,hackvertor__hackvertor,2025-01,cab1d591b0ce423394120f5a097866af540d0c4c,1,2025-07,found
hackvertor/hackvertor,hackvertor__hackvertor,2025-02,cab1d591b0ce423394120f5a097866af540d0c4c,1,2025-07,found
hackvertor/hackvertor,hackvertor__hackvertor,2025-03,622d2b93d7fd8d2a26642b1fb1231c6998ef18cd,1,2025-07,found
hackvertor/hackvertor,hackvertor__hackvertor,2025-04,5819df9e8882c2e7c06952fd33cab6b574f884cc,1,2025-07,found
hackvertor/hackvertor,hackvertor__hackvertor,2025-05,9da4807db4837bb172ed2d55d9ff282f0caf2fee,1,2025-07,found
hackvertor/hackvertor,hackvertor__hackvertor,2025-06,9da4807db4837bb172ed2d55d9ff282f0caf2fee,1,2025-07,found
hackvertor/hackvertor,hackvertor__hackvertor,2025-07,c7e2728034bc3abd7005e3ecce9216a277bc7480,1,2025-07,found
hackvertor/hackvertor,hackvertor__hackvertor,2025-08,48b87589f367bdf7c9f1c0f0f2604ab710e61872,1,2025-07,found
hackvertor/hackvertor,hackvertor__hackvertor,2025-09,a687d3edbbf39bd5d953abdcb49dd077b9743a60,1,2025-07,found
hackvertor/hackvertor,hackvertor__hackvertor,2025-10,a39131276b8f937d8f827859232e254a9063a67c,1,2025-07,found
hackvertor/hackvertor,hackvertor__hackvertor,2025-11,f5eb0f2991e719d4b004e8008142ddba60651d09,1,2025-07,found
hackvertor/hackvertor,hackvertor__hackvertor,2025-12,87a9914f56460f3dfc681447985d2145792b8e35,1,2025-07,found
hackvertor/hackvertor,hackvertor__hackvertor,2026-01,8f3cc7508959d84c26750bfb3af12cc0aba6a369,1,2025-07,found
netfishers-onl/Netshot,netfishers-onl__Netshot,2025-01,ea308ecb110f440474986d99f1a2c082ea0e6085,0,2025-07,found
netfishers-onl/Netshot,netfishers-onl__Netshot,2025-02,d060e614c1dc22ddcfa951c9e471e427acbaed5e,0,2025-07,found
netfishers-onl/Netshot,netfishers-onl__Netshot,2025-03,d060e614c1dc22ddcfa951c9e471e427acbaed5e,0,2025-07,found
netfishers-onl/Netshot,netfishers-onl__Netshot,2025-04,4b137a42d5cb1337f534343834324dc8bf520932,0,2025-07,found
netfishers-onl/Netshot,netfishers-onl__Netshot,2025-05,51daef2cc7a5d650d81a99e5cfbff17afe41b1f9,0,2025-07,found
netfishers-onl/Netshot,netfishers-onl__Netshot,2025-06,01e4b09999f2f94f0402518d661274fc5791eab9,0,2025-07,found
netfishers-onl/Netshot,netfishers-onl__Netshot,2025-07,9bd525d3849c82ac46ca2272062988ed3040aa2a,0,2025-07,found
netfishers-onl/Netshot,netfishers-onl__Netshot,2025-08,9bd525d3849c82ac46ca2272062988ed3040aa2a,0,2025-07,found
netfishers-onl/Netshot,netfishers-onl__Netshot,2025-09,9bd525d3849c82ac46ca2272062988ed3040aa2a,0,2025-07,found
netfishers-onl/Netshot,netfishers-onl__Netshot,2025-10,91751cb0ecd330c3a5849ff5d15a32154eb22c56,0,2025-07,found
netfishers-onl/Netshot,netfishers-onl__Netshot,2025-11,d9f19d4e6028d8d997033965ce08da0fa5cc03c7,0,2025-07,found
netfishers-onl/Netshot,netfishers-onl__Netshot,2025-12,1d9f0e11a812a7a1eb43fb13235f0411dadce64c,0,2025-07,found
netfishers-onl/Netshot,netfishers-onl__Netshot,2026-01,3e4573553becb85591aff571aed755908478f8e3,0,2025-07,found
explore-de/rage4j,explore-de__rage4j,2025-05,07fcbf213bebdbd66b16e80e7317981f30baf520,1,2025-11,found
explore-de/rage4j,explore-de__rage4j,2025-06,56bd8f9bd55d5aea17f70e77e407a62a76a7ae10,1,2025-11,found
explore-de/rage4j,explore-de__rage4j,2025-07,3f1f6610c189c530c3a7f3addeb6d719eea8c18e,1,2025-11,found
explore-de/rage4j,explore-de__rage4j,2025-08,3f1f6610c189c530c3a7f3addeb6d719eea8c18e,1,2025-11,found
explore-de/rage4j,explore-de__rage4j,2025-09,545716b745527787faa563b2c90c767dfecce860,1,2025-11,found
explore-de/rage4j,explore-de__rage4j,2025-10,f2aa0a35d9269621c72199ae7605c2af90a8f5e2,1,2025-11,found
explore-de/rage4j,explore-de__rage4j,2025-11,f2aa0a35d9269621c72199ae7605c2af90a8f5e2,1,2025-11,found
explore-de/rage4j,explore-de__rage4j,2025-12,4c19243f616095cebbaa2a7a5fa996789213a404,1,2025-11,found
explore-de/rage4j,explore-de__rage4j,2026-01,2990e9c07cf0e2786a0de881fdcc8870ffe74973,1,2025-11,found
explore-de/rage4j,explore-de__rage4j,2026-02,2990e9c07cf0e2786a0de881fdcc8870ffe74973,1,2025-11,found
explore-de/rage4j,explore-de__rage4j,2026-03,e577a58ffbe01878b42ed98399c42d497de514ea,1,2025-11,found
explore-de/rage4j,explore-de__rage4j,2026-04,e577a58ffbe01878b42ed98399c42d497de514ea,1,2025-11,found
explore-de/rage4j,explore-de__rage4j,2026-05,e577a58ffbe01878b42ed98399c42d497de514ea,1,2025-11,found
dasi0227/Agent,dasi0227__Agent,2025-05,,0,2025-11,missing
dasi0227/Agent,dasi0227__Agent,2025-06,,0,2025-11,missing
dasi0227/Agent,dasi0227__Agent,2025-07,,0,2025-11,missing
dasi0227/Agent,dasi0227__Agent,2025-08,,0,2025-11,missing
dasi0227/Agent,dasi0227__Agent,2025-09,,0,2025-11,missing
dasi0227/Agent,dasi0227__Agent,2025-10,,0,2025-11,missing
dasi0227/Agent,dasi0227__Agent,2025-11,,0,2025-11,missing
dasi0227/Agent,dasi0227__Agent,2025-12,,0,2025-11,missing
dasi0227/Agent,dasi0227__Agent,2026-01,71a638621333b02fa884aa67f23eacbcf65fbdfa,0,2025-11,found
dasi0227/Agent,dasi0227__Agent,2026-02,3e67b700bedd4c03e6901b542f8dcfec2a6dad06,0,2025-11,found
dasi0227/Agent,dasi0227__Agent,2026-03,cce7f03dd758924f6142ab37882ed8209ce602f7,0,2025-11,found
dasi0227/Agent,dasi0227__Agent,2026-04,cce7f03dd758924f6142ab37882ed8209ce602f7,0,2025-11,found
dasi0227/Agent,dasi0227__Agent,2026-05,cce7f03dd758924f6142ab37882ed8209ce602f7,0,2025-11,found
msgpack/msgpack-java,msgpack__msgpack-java,2025-01,56c0e5ac95c8037958b29eaf53fe591978e20c7d,1,2025-07,found
msgpack/msgpack-java,msgpack__msgpack-java,2025-02,59219838ffb6236eca84601dad1dd267541c070b,1,2025-07,found
msgpack/msgpack-java,msgpack__msgpack-java,2025-03,1cbd05f7ad1a44d8d78f6a6d55f0ce0fe78f386c,1,2025-07,found
msgpack/msgpack-java,msgpack__msgpack-java,2025-04,1cbd05f7ad1a44d8d78f6a6d55f0ce0fe78f386c,1,2025-07,found
msgpack/msgpack-java,msgpack__msgpack-java,2025-05,1cbd05f7ad1a44d8d78f6a6d55f0ce0fe78f386c,1,2025-07,found
msgpack/msgpack-java,msgpack__msgpack-java,2025-06,1cbd05f7ad1a44d8d78f6a6d55f0ce0fe78f386c,1,2025-07,found
msgpack/msgpack-java,msgpack__msgpack-java,2025-07,1cbd05f7ad1a44d8d78f6a6d55f0ce0fe78f386c,1,2025-07,found
msgpack/msgpack-java,msgpack__msgpack-java,2025-08,799e2d188b13b07704d1708d4e10283fe6dfdc8f,1,2025-07,found
msgpack/msgpack-java,msgpack__msgpack-java,2025-09,be6f0160119eb1214449e7b8470c162df39193dc,1,2025-07,found
msgpack/msgpack-java,msgpack__msgpack-java,2025-10,918a396fcde16987abc8a26edb126248c868c9aa,1,2025-07,found
msgpack/msgpack-java,msgpack__msgpack-java,2025-11,918a396fcde16987abc8a26edb126248c868c9aa,1,2025-07,found
msgpack/msgpack-java,msgpack__msgpack-java,2025-12,81a9f0d80c81a24229a2641075a9e802c0843ec2,1,2025-07,found
msgpack/msgpack-java,msgpack__msgpack-java,2026-01,81a9f0d80c81a24229a2641075a9e802c0843ec2,1,2025-07,found
jacoco/jacoco,jacoco__jacoco,2025-01,f39a12843f75d42ad9334bcb77bc9c1c4e9de586,0,2025-07,found
jacoco/jacoco,jacoco__jacoco,2025-02,0b6e88218b18aa70cf565976d5a1ef79fa88434c,0,2025-07,found
jacoco/jacoco,jacoco__jacoco,2025-03,c2596680f89fa1c1b66095a3d9e73cfe748a4a4c,0,2025-07,found
jacoco/jacoco,jacoco__jacoco,2025-04,17d31aa1073b1a327f1d7b631ff480a60cd40df5,0,2025-07,found
jacoco/jacoco,jacoco__jacoco,2025-05,cc405660d33b394c840952d7f5cf2e45f2bb2637,0,2025-07,found
jacoco/jacoco,jacoco__jacoco,2025-06,b97ebeb210592969624eefffa524fde6709b714f,0,2025-07,found
jacoco/jacoco,jacoco__jacoco,2025-07,fc3726eaa6bd48c342d2c0c41b62297d7be4928a,0,2025-07,found
jacoco/jacoco,jacoco__jacoco,2025-08,5fda1315076acc29a22589921002f7890930f732,0,2025-07,found
jacoco/jacoco,jacoco__jacoco,2025-09,1c1913f852d2435c233190f59484235d1a8d8e09,0,2025-07,found
jacoco/jacoco,jacoco__jacoco,2025-10,c7bd3f4e96540d1a8f58690d5d52a94eebf4c471,0,2025-07,found
jacoco/jacoco,jacoco__jacoco,2025-11,e50e23b9461013c689fb89926891f26fc661dd25,0,2025-07,found
jacoco/jacoco,jacoco__jacoco,2025-12,b70c86da3752b0880d38148bfb15e04628697f58,0,2025-07,found
jacoco/jacoco,jacoco__jacoco,2026-01,8a52fc0b44beeef90ebb0be871a854f5491be5da,0,2025-07,found
yennanliu/CS_basics,yennanliu__CS_basics,2025-04,74e3f6e345bbe3a548230361e1b6af6ce2670c6c,1,2025-10,found
yennanliu/CS_basics,yennanliu__CS_basics,2025-05,614e26ba9df18175352057254741ef20eb4f4a25,1,2025-10,found
yennanliu/CS_basics,yennanliu__CS_basics,2025-06,100dfeec97829696f3e89162fdc28e27d357fbd4,1,2025-10,found
yennanliu/CS_basics,yennanliu__CS_basics,2025-07,6bb6d3b4922e8728f73366d7a99c298ca46bf805,1,2025-10,found
yennanliu/CS_basics,yennanliu__CS_basics,2025-08,aaa7695f3c21ca6ce39219db6fda2794a8a23c34,1,2025-10,found
yennanliu/CS_basics,yennanliu__CS_basics,2025-09,7911fdc6c717eb77ec6e159a185116f170068c02,1,2025-10,found
yennanliu/CS_basics,yennanliu__CS_basics,2025-10,9f3cf119bdd5c716169537a9a5089f51828e8a5f,1,2025-10,found
yennanliu/CS_basics,yennanliu__CS_basics,2025-11,096a0f83032684902e96fd346d94855f323ada5d,1,2025-10,found
yennanliu/CS_basics,yennanliu__CS_basics,2025-12,1839ce600d62ea5daa3167e8ae9841914cf8d6a7,1,2025-10,found
yennanliu/CS_basics,yennanliu__CS_basics,2026-01,155a876e084201c4a71e0b7b6cecc8112728372a,1,2025-10,found
yennanliu/CS_basics,yennanliu__CS_basics,2026-02,cb487dee706c2f0245156a73c8cf6dd685032916,1,2025-10,found
yennanliu/CS_basics,yennanliu__CS_basics,2026-03,ff6ce0a783bf9820557b2c3ae50a48844584dd35,1,2025-10,found
yennanliu/CS_basics,yennanliu__CS_basics,2026-04,6b0d3f553ed349fb7c90c8e0c8dee4a9403b581e,1,2025-10,found
swift-lang/swift-t,swift-lang__swift-t,2025-04,f08c4589c944cb82b419eaf1a78d9f0bbf9f2616,0,2025-10,found
swift-lang/swift-t,swift-lang__swift-t,2025-05,c8c628027f1dd0d857d888fa204016576bc0a0ad,0,2025-10,found
swift-lang/swift-t,swift-lang__swift-t,2025-06,a80a42d039d3a55ad5f0420c18e3a261faaf66ed,0,2025-10,found
swift-lang/swift-t,swift-lang__swift-t,2025-07,1bb788fcae8df2ccd4c46b31811a15a53bc63da0,0,2025-10,found
swift-lang/swift-t,swift-lang__swift-t,2025-08,9e1f03608a1eb55d7da957071cd16ce33db4e166,0,2025-10,found
swift-lang/swift-t,swift-lang__swift-t,2025-09,8d9afaa4328030cce20427eaa903250abf10d523,0,2025-10,found
swift-lang/swift-t,swift-lang__swift-t,2025-10,8d9afaa4328030cce20427eaa903250abf10d523,0,2025-10,found
swift-lang/swift-t,swift-lang__swift-t,2025-11,8d9afaa4328030cce20427eaa903250abf10d523,0,2025-10,found
swift-lang/swift-t,swift-lang__swift-t,2025-12,89c7fec22549ef853eacb55bbba436c84a0a5131,0,2025-10,found
swift-lang/swift-t,swift-lang__swift-t,2026-01,298cba53275a4d941b4109db85cf8849cc1150f1,0,2025-10,found
swift-lang/swift-t,swift-lang__swift-t,2026-02,8ad4fe36ddcbd4facfd5b4ccd85a622740fff9e7,0,2025-10,found
swift-lang/swift-t,swift-lang__swift-t,2026-03,8ad4fe36ddcbd4facfd5b4ccd85a622740fff9e7,0,2025-10,found
swift-lang/swift-t,swift-lang__swift-t,2026-04,41a38ea78a6498376a308e79aac807ac1178789c,0,2025-10,found
OpenFeign/feign,OpenFeign__feign,2024-04,325fd8bb825b981a6638e4e9c5356a3246e09963,1,2024-10,found
OpenFeign/feign,OpenFeign__feign,2024-05,e3270592c973a935b45f02654f6bd70786f341bf,1,2024-10,found
OpenFeign/feign,OpenFeign__feign,2024-06,3eb40d3022a0df49c5595dad628983a04f357ae8,1,2024-10,found
OpenFeign/feign,OpenFeign__feign,2024-07,0b1da3cdd8fab6f76451fb1c9cfc451c2b73df8c,1,2024-10,found
OpenFeign/feign,OpenFeign__feign,2024-08,9e53455bb4364e8475cc0a9386a73224a9e2810f,1,2024-10,found
OpenFeign/feign,OpenFeign__feign,2024-09,fd0a7c4c733535d655e5bef89fbe79ecb2ab3384,1,2024-10,found
OpenFeign/feign,OpenFeign__feign,2024-10,10c7344ce22eb27dee2e39245251cdb191ae5c03,1,2024-10,found
OpenFeign/feign,OpenFeign__feign,2024-11,269aefe36c6634da24a8e2dba4ec77dbe1444ce1,1,2024-10,found
OpenFeign/feign,OpenFeign__feign,2024-12,d7b3106a64cd586782660d6c7c0a5d01cde281f8,1,2024-10,found
OpenFeign/feign,OpenFeign__feign,2025-01,8bbcc733dbdc83b93aca899fa7e097e26197ae6e,1,2024-10,found
OpenFeign/feign,OpenFeign__feign,2025-02,2aa76be7fa230b1538ccd28332729fd357397561,1,2024-10,found
OpenFeign/feign,OpenFeign__feign,2025-03,ca0c7c93d4d1590b83ce1de6b832dd746739ce07,1,2024-10,found
OpenFeign/feign,OpenFeign__feign,2025-04,e225ee8dcf4d1785e07abab041c8d4c6d4e4fe88,1,2024-10,found
spockframework/spock,spockframework__spock,2024-04,524b5faac84640316a85c322ad1a9f48dc75ab66,0,2024-10,found
spockframework/spock,spockframework__spock,2024-05,1f3b6947701c36f9646876c2a617e9e6c9e3e9fa,0,2024-10,found
spockframework/spock,spockframework__spock,2024-06,ce927f101f065ed23182bd5117a5b740144305d1,0,2024-10,found
spockframework/spock,spockframework__spock,2024-07,d745bea801f494dc476f944128fee893f2fb718b,0,2024-10,found
spockframework/spock,spockframework__spock,2024-08,25498efba0166cb003e713701b5e985d23aec94a,0,2024-10,found
spockframework/spock,spockframework__spock,2024-09,7c7d010bf0902405b7df9bb45806332f232b3646,0,2024-10,found
spockframework/spock,spockframework__spock,2024-10,6ca9218cf0b5a961618160837d20c797db3a2565,0,2024-10,found
spockframework/spock,spockframework__spock,2024-11,b9ff2081919d16e2b01b1950c25ba44347215d53,0,2024-10,found
spockframework/spock,spockframework__spock,2024-12,e4e527429de94c426b4751dfba2fcc694f76d839,0,2024-10,found
spockframework/spock,spockframework__spock,2025-01,e08b875a8f4a20da4fc1a5ead654a2d4835ec2bc,0,2024-10,found
spockframework/spock,spockframework__spock,2025-02,de22b9d5e1ccb965bbbcc3bc28cc0bac0e0a5dd2,0,2024-10,found
spockframework/spock,spockframework__spock,2025-03,eee078a0b9785b5c9f5ae5a01b1dffd2d0eee673,0,2024-10,found
spockframework/spock,spockframework__spock,2025-04,3a4f707bbbc1bf0c9b2209fe6116733cf2cdf4b8,0,2024-10,found
portfolio-performance/portfolio,portfolio-performance__portfolio,2025-01,1e1a9b9a38b5ce663757b943bcf70ffaef03492d,1,2025-07,found
portfolio-performance/portfolio,portfolio-performance__portfolio,2025-02,5b9b2a100440539c1f9765bb5fafda5951df5ccc,1,2025-07,found
portfolio-performance/portfolio,portfolio-performance__portfolio,2025-03,a067e0910e404adf8e4b7090e116e75da9bafe9f,1,2025-07,found
portfolio-performance/portfolio,portfolio-performance__portfolio,2025-04,4e614f41ced2e6f6f694305108d10e46b7fe90f6,1,2025-07,found
portfolio-performance/portfolio,portfolio-performance__portfolio,2025-05,e32ce2edf1b3542a5bd48a34219c859bee865b16,1,2025-07,found
portfolio-performance/portfolio,portfolio-performance__portfolio,2025-06,ea860fd53840168ccd1cfc6cc69c484795776308,1,2025-07,found
portfolio-performance/portfolio,portfolio-performance__portfolio,2025-07,2dbf25f4deeb80e5e38e35ba518695aa63c10017,1,2025-07,found
portfolio-performance/portfolio,portfolio-performance__portfolio,2025-08,a0689e81eeb9ddd3167bf72385db02399b92aaa9,1,2025-07,found
portfolio-performance/portfolio,portfolio-performance__portfolio,2025-09,22d4b79d460c97fdef4152a67644cd7529910d0a,1,2025-07,found
portfolio-performance/portfolio,portfolio-performance__portfolio,2025-10,e914da05320c9a76507bb8e4ae20d74fdd9f4783,1,2025-07,found
portfolio-performance/portfolio,portfolio-performance__portfolio,2025-11,5e2c795382857b11b976c036e8a2cb93b60635ab,1,2025-07,found
portfolio-performance/portfolio,portfolio-performance__portfolio,2025-12,449715833d1e9161331422c5a1a6e6e59a5b8669,1,2025-07,found
portfolio-performance/portfolio,portfolio-performance__portfolio,2026-01,494c43aa4a94e091b92cf6b540d1d8323604ea51,1,2025-07,found
pac4j/pac4j,pac4j__pac4j,2025-01,6c1e46256dd51ce18bd01e8c5eab503158281b48,0,2025-07,found
pac4j/pac4j,pac4j__pac4j,2025-02,8ae5ea340f1da13b31bb3c91dddf8193638a9f81,0,2025-07,found
pac4j/pac4j,pac4j__pac4j,2025-03,558b8f0aeb057837a101503c37910ad9e63a136d,0,2025-07,found
pac4j/pac4j,pac4j__pac4j,2025-04,4973ebf8eea4b152d140236a175ce9d2ea68beeb,0,2025-07,found
pac4j/pac4j,pac4j__pac4j,2025-05,209716943050e4ece07b155bec93afead5d78249,0,2025-07,found
pac4j/pac4j,pac4j__pac4j,2025-06,4ebf0262a7437ca1a945c50b1fd6819bea3615d7,0,2025-07,found
pac4j/pac4j,pac4j__pac4j,2025-07,639027c915aa2323fd7ed061a153db0f5d765b7a,0,2025-07,found
pac4j/pac4j,pac4j__pac4j,2025-08,aed2b789482a4a255d5847dd9690d94cf4cff65d,0,2025-07,found
pac4j/pac4j,pac4j__pac4j,2025-09,49f497f9b31dd1d312ed436fbc3e157a8cbc681e,0,2025-07,found
pac4j/pac4j,pac4j__pac4j,2025-10,996c7da68a88020325fd12a7ec87e948f88d3f4f,0,2025-07,found
pac4j/pac4j,pac4j__pac4j,2025-11,ddad98c3bcdf51ab71b063a6fc3df329f1e8ca1c,0,2025-07,found
pac4j/pac4j,pac4j__pac4j,2025-12,5337579a51fef8608c27c1b1baf94e2e9c7a5c88,0,2025-07,found
pac4j/pac4j,pac4j__pac4j,2026-01,7d930fdb0c379158cc6855dea49bc29e2ffa9f53,0,2025-07,found
domaframework/doma,domaframework__doma,2024-12,80e28d15e98d7a0ab8d6cd1757d87dd5d7f4ea2b,1,2025-06,found
domaframework/doma,domaframework__doma,2025-01,161384c86a293430aa0d81d81e89ebea5c0db500,1,2025-06,found
domaframework/doma,domaframework__doma,2025-02,34aecb01f855b16253c3d8580675e79c2e29f278,1,2025-06,found
domaframework/doma,domaframework__doma,2025-03,794de4e1017bbb7a87fea37ab3fd3f97a9d6607a,1,2025-06,found
domaframework/doma,domaframework__doma,2025-04,a82951f67ecd5db4355ae6d7c1efc2d73b5031ff,1,2025-06,found
domaframework/doma,domaframework__doma,2025-05,32c5408411a73cce7f38ee9b869f14c374b05b27,1,2025-06,found
domaframework/doma,domaframework__doma,2025-06,0155b774c56542176f56d747c3639ff41695cbc2,1,2025-06,found
domaframework/doma,domaframework__doma,2025-07,69309e01d2c8140ef47f173aa59f3ef7d0d0e74c,1,2025-06,found
domaframework/doma,domaframework__doma,2025-08,db1ffc91ab9007d3a745e5f2bbadcc7dbb55d9f2,1,2025-06,found
domaframework/doma,domaframework__doma,2025-09,1ba4c4ae77062bb2e00f8fcb4487f4a0c390c120,1,2025-06,found
domaframework/doma,domaframework__doma,2025-10,7b02b857a977240dcd25f76629ccdc7e3027992e,1,2025-06,found
domaframework/doma,domaframework__doma,2025-11,97512b6da4eaf259e13c8096ee467575a56e67a0,1,2025-06,found
domaframework/doma,domaframework__doma,2025-12,bd2206e079d0027d8a75f1ef05d162d8081ba4ed,1,2025-06,found
omnifaces/omnifaces,omnifaces__omnifaces,2024-12,8e41d5047953cc5715b3de9d325f8f0302208109,0,2025-06,found
omnifaces/omnifaces,omnifaces__omnifaces,2025-01,3404eee89cc5274f693e59c7d059ec09defa88bb,0,2025-06,found
omnifaces/omnifaces,omnifaces__omnifaces,2025-02,5e4b0392ba7c16275a03d2d3ca17b28719b13e4b,0,2025-06,found
omnifaces/omnifaces,omnifaces__omnifaces,2025-03,acbef6e87369703d536d242a04fb3362495f4f69,0,2025-06,found
omnifaces/omnifaces,omnifaces__omnifaces,2025-04,acbef6e87369703d536d242a04fb3362495f4f69,0,2025-06,found
omnifaces/omnifaces,omnifaces__omnifaces,2025-05,fbd6da76aa97873ac000bea2f2e54878b8baf258,0,2025-06,found
omnifaces/omnifaces,omnifaces__omnifaces,2025-06,4a28b57466efd563d6d162f806b1c1f2fa136901,0,2025-06,found
omnifaces/omnifaces,omnifaces__omnifaces,2025-07,039ab8939dfb058f5f45931f921bcafaa1c92fc7,0,2025-06,found
omnifaces/omnifaces,omnifaces__omnifaces,2025-08,28c3f49c707e5b2bf096a4b822aa33b9869f589c,0,2025-06,found
omnifaces/omnifaces,omnifaces__omnifaces,2025-09,fffa2587575128aeb56e697672ea4382847e9a13,0,2025-06,found
omnifaces/omnifaces,omnifaces__omnifaces,2025-10,439ecc34cd4258b486956023530467824c1325f7,0,2025-06,found
omnifaces/omnifaces,omnifaces__omnifaces,2025-11,22994b83001e77c71275a1a904fed324ea6a2fd1,0,2025-06,found
omnifaces/omnifaces,omnifaces__omnifaces,2025-12,e595e97f7fbf0c10fc8c59992c2bac3eba2d19cd,0,2025-06,found
microsoft/gctoolkit,microsoft__gctoolkit,2025-05,145f1a174a3de1abd928996414be93af199b7470,1,2025-11,found
microsoft/gctoolkit,microsoft__gctoolkit,2025-06,325cfa6ad0217e2fef879622b707ee4879afe2ed,1,2025-11,found
microsoft/gctoolkit,microsoft__gctoolkit,2025-07,ff4143c2841d855848fc2008dc5c41b359462336,1,2025-11,found
microsoft/gctoolkit,microsoft__gctoolkit,2025-08,ff4143c2841d855848fc2008dc5c41b359462336,1,2025-11,found
microsoft/gctoolkit,microsoft__gctoolkit,2025-09,329d0d5df2b2cfe72be715e3fb98bc2df43dff3d,1,2025-11,found
microsoft/gctoolkit,microsoft__gctoolkit,2025-10,6ab602572a01e816d5b5634b8d770b3d7af24afc,1,2025-11,found
microsoft/gctoolkit,microsoft__gctoolkit,2025-11,2b918d06081f39012bdfbb944a1fd778485b750b,1,2025-11,found
microsoft/gctoolkit,microsoft__gctoolkit,2025-12,f379f858be154f970863a066cd8765de6f6f2006,1,2025-11,found
microsoft/gctoolkit,microsoft__gctoolkit,2026-01,7f57c29d927e7596f84c302b22ffcc9d4ff3a03a,1,2025-11,found
microsoft/gctoolkit,microsoft__gctoolkit,2026-02,57dada6d81b52f151bdb5760f66cb52a11a548c3,1,2025-11,found
microsoft/gctoolkit,microsoft__gctoolkit,2026-03,6cea1b4d3772827f51e6ce19922b0fd229eeebad,1,2025-11,found
microsoft/gctoolkit,microsoft__gctoolkit,2026-04,8cbf56f376d47604c0e929ceb13af9cd2ad25ba1,1,2025-11,found
microsoft/gctoolkit,microsoft__gctoolkit,2026-05,8cbf56f376d47604c0e929ceb13af9cd2ad25ba1,1,2025-11,found
protomaps/basemaps,protomaps__basemaps,2025-05,11807bba74dcb35f27338e4b9274509c838330d4,0,2025-11,found
protomaps/basemaps,protomaps__basemaps,2025-06,1f6db0e5ed09ad2b8d6ffc40d91f1fdd87a0db31,0,2025-11,found
protomaps/basemaps,protomaps__basemaps,2025-07,f95452b6027fd0caa92bcf60bfaf783fe3e5d917,0,2025-11,found
protomaps/basemaps,protomaps__basemaps,2025-08,c52a6fb4523c707d80833cb2f710bc01e89da2a1,0,2025-11,found
protomaps/basemaps,protomaps__basemaps,2025-09,c52a6fb4523c707d80833cb2f710bc01e89da2a1,0,2025-11,found
protomaps/basemaps,protomaps__basemaps,2025-10,69518d49795e3771d0af55bff00d42f48b2107fe,0,2025-11,found
protomaps/basemaps,protomaps__basemaps,2025-11,c4cac3d4b3b0c0b657bf61ebaa89659e83f4a362,0,2025-11,found
protomaps/basemaps,protomaps__basemaps,2025-12,e101901d9ec732c69d467d417331ce09e52728df,0,2025-11,found
protomaps/basemaps,protomaps__basemaps,2026-01,bf1f20083be9970b83798fab0d40afcd5c78e6c0,0,2025-11,found
protomaps/basemaps,protomaps__basemaps,2026-02,b2daf397d9f9571b130d6dcb448d3ad3299917d4,0,2025-11,found
protomaps/basemaps,protomaps__basemaps,2026-03,056e48ca2e6ccca5df6fd66966daca192e92b1d6,0,2025-11,found
protomaps/basemaps,protomaps__basemaps,2026-04,e25db88c8701fe12bb073f10d0450261b01aa88c,0,2025-11,found
protomaps/basemaps,protomaps__basemaps,2026-05,e25db88c8701fe12bb073f10d0450261b01aa88c,0,2025-11,found
grafioschtrader/grafioschtrader,grafioschtrader__grafioschtrader,2025-06,a8ce590c3f8b2e1badca61a2143967705b467ebb,1,2025-12,found
grafioschtrader/grafioschtrader,grafioschtrader__grafioschtrader,2025-07,e16280ea2e60b27385182c0f9142e7a583648069,1,2025-12,found
grafioschtrader/grafioschtrader,grafioschtrader__grafioschtrader,2025-08,016b2672cc6ca6668363912b2d3e0d7e57426cb1,1,2025-12,found
grafioschtrader/grafioschtrader,grafioschtrader__grafioschtrader,2025-09,016b2672cc6ca6668363912b2d3e0d7e57426cb1,1,2025-12,found
grafioschtrader/grafioschtrader,grafioschtrader__grafioschtrader,2025-10,742b48e58ddb4e1f2d6f0f48d2ad5eecf19df701,1,2025-12,found
grafioschtrader/grafioschtrader,grafioschtrader__grafioschtrader,2025-11,f1e4f7610b7a07e876d860462a819512520ebf49,1,2025-12,found
grafioschtrader/grafioschtrader,grafioschtrader__grafioschtrader,2025-12,3b78725ddada352701540c63ae9648fd699d1f10,1,2025-12,found
grafioschtrader/grafioschtrader,grafioschtrader__grafioschtrader,2026-01,56a0de9a57a9888699834558a04c03f91e38ebba,1,2025-12,found
grafioschtrader/grafioschtrader,grafioschtrader__grafioschtrader,2026-02,bd896a852788764fc6de6d923eb22f8b9e27af5c,1,2025-12,found
grafioschtrader/grafioschtrader,grafioschtrader__grafioschtrader,2026-03,2a1bfedbd5225b7d8d560f2f0d8a82c175fe1819,1,2025-12,found
grafioschtrader/grafioschtrader,grafioschtrader__grafioschtrader,2026-04,2a1bfedbd5225b7d8d560f2f0d8a82c175fe1819,1,2025-12,found
grafioschtrader/grafioschtrader,grafioschtrader__grafioschtrader,2026-05,2a1bfedbd5225b7d8d560f2f0d8a82c175fe1819,1,2025-12,found
grafioschtrader/grafioschtrader,grafioschtrader__grafioschtrader,2026-06,2a1bfedbd5225b7d8d560f2f0d8a82c175fe1819,1,2025-12,found
powsybl/powsybl-open-rao,powsybl__powsybl-open-rao,2025-06,d6fff8965d860cfb3aff4e0c1c1fc4dccf1d5d75,0,2025-12,found
powsybl/powsybl-open-rao,powsybl__powsybl-open-rao,2025-07,b18d016bf4ea2b6a56fdf6a4c1dbd067293dbde9,0,2025-12,found
powsybl/powsybl-open-rao,powsybl__powsybl-open-rao,2025-08,6174e5b393a12ff2afffa9daa609a0e5884df876,0,2025-12,found
powsybl/powsybl-open-rao,powsybl__powsybl-open-rao,2025-09,9d70db86b1b495f6bd407affda6d3c3992c1c421,0,2025-12,found
powsybl/powsybl-open-rao,powsybl__powsybl-open-rao,2025-10,5dd1e885930257a6c8fb573c3073879b5463e5f8,0,2025-12,found
powsybl/powsybl-open-rao,powsybl__powsybl-open-rao,2025-11,4f670e0e4488e8c30a0d5bbeb00285f8d9672821,0,2025-12,found
powsybl/powsybl-open-rao,powsybl__powsybl-open-rao,2025-12,00467cfb0057474a1cd3b01052c2a77fa3985f67,0,2025-12,found
powsybl/powsybl-open-rao,powsybl__powsybl-open-rao,2026-01,06c3a3229c7303ee4955cb54f2292e628c1dc40c,0,2025-12,found
powsybl/powsybl-open-rao,powsybl__powsybl-open-rao,2026-02,88dab8fb324ea0ab42ae6ad3f343512100a1314f,0,2025-12,found
powsybl/powsybl-open-rao,powsybl__powsybl-open-rao,2026-03,3d34f10036b5cf7a833458a9ad9fb40cc3cd9bff,0,2025-12,found
powsybl/powsybl-open-rao,powsybl__powsybl-open-rao,2026-04,7ca35ccb503dc17074bf444184fc1e280c0856e6,0,2025-12,found
powsybl/powsybl-open-rao,powsybl__powsybl-open-rao,2026-05,7ca35ccb503dc17074bf444184fc1e280c0856e6,0,2025-12,found
powsybl/powsybl-open-rao,powsybl__powsybl-open-rao,2026-06,7ca35ccb503dc17074bf444184fc1e280c0856e6,0,2025-12,found
smithy-lang/smithy-java,smithy-lang__smithy-java,2024-12,0a84eab644809296d10eb269b361b2186fdece42,1,2025-06,found
smithy-lang/smithy-java,smithy-lang__smithy-java,2025-01,65b2b97f1626cad5e263ede4476a931f907c3fae,1,2025-06,found
smithy-lang/smithy-java,smithy-lang__smithy-java,2025-02,cc71793221e2d75901e66d3de157552278633ebf,1,2025-06,found
smithy-lang/smithy-java,smithy-lang__smithy-java,2025-03,ac3224022fd3acb688bab288fd738a49e54642df,1,2025-06,found
smithy-lang/smithy-java,smithy-lang__smithy-java,2025-04,b80a607cefd124166c907fa6cb7efea576ac7609,1,2025-06,found
smithy-lang/smithy-java,smithy-lang__smithy-java,2025-05,38afeb7378f12a9defd6f36562579e56c6492155,1,2025-06,found
smithy-lang/smithy-java,smithy-lang__smithy-java,2025-06,4d576c1c8b4af194565d64ccd4a1fe4708921271,1,2025-06,found
smithy-lang/smithy-java,smithy-lang__smithy-java,2025-07,9d3945f0d76db47b2406fa4a942b1e64bb514343,1,2025-06,found
smithy-lang/smithy-java,smithy-lang__smithy-java,2025-08,6c29016a67928628b85469a3154dc6d05009d3d1,1,2025-06,found
smithy-lang/smithy-java,smithy-lang__smithy-java,2025-09,45c9d1b98a1bf8fe2ebf8236dabbbb713a6e6aa9,1,2025-06,found
smithy-lang/smithy-java,smithy-lang__smithy-java,2025-10,4d29cb0e626917ed063c626ca0a3462695399276,1,2025-06,found
smithy-lang/smithy-java,smithy-lang__smithy-java,2025-11,62ce87f72149363f47d91140a956bfd33dc05ec3,1,2025-06,found
smithy-lang/smithy-java,smithy-lang__smithy-java,2025-12,95c61854b9e0b858e93b305bea9db7a58ec6a9f1,1,2025-06,found
onixary/shape-shifter-curse-fabric,onixary__shape-shifter-curse-fabric,2024-12,,0,2025-06,missing
onixary/shape-shifter-curse-fabric,onixary__shape-shifter-curse-fabric,2025-01,,0,2025-06,missing
onixary/shape-shifter-curse-fabric,onixary__shape-shifter-curse-fabric,2025-02,4b376349205f0de0c82e8ead28acf6d4f4056c61,0,2025-06,found
onixary/shape-shifter-curse-fabric,onixary__shape-shifter-curse-fabric,2025-03,4cfa4fb1758ffd606e8f96e594709989d84c5f2b,0,2025-06,found
onixary/shape-shifter-curse-fabric,onixary__shape-shifter-curse-fabric,2025-04,8c84121f3aacd3e107e2f63b189099397577cf2a,0,2025-06,found
onixary/shape-shifter-curse-fabric,onixary__shape-shifter-curse-fabric,2025-05,2c150f00520998c213f2cb6c884e3ed7b12d38b0,0,2025-06,found
onixary/shape-shifter-curse-fabric,onixary__shape-shifter-curse-fabric,2025-06,df35ab418b1788686dc8772358fdb2078cf35992,0,2025-06,found
onixary/shape-shifter-curse-fabric,onixary__shape-shifter-curse-fabric,2025-07,ee034efd38d25d241617b45bb6e999abeef52185,0,2025-06,found
onixary/shape-shifter-curse-fabric,onixary__shape-shifter-curse-fabric,2025-08,98faeac56565fdc39c9ea30b0a4a095349860845,0,2025-06,found
onixary/shape-shifter-curse-fabric,onixary__shape-shifter-curse-fabric,2025-09,be6925440e48a221c8a3cae008edba263b6ec35a,0,2025-06,found
onixary/shape-shifter-curse-fabric,onixary__shape-shifter-curse-fabric,2025-10,ac16b6aa8f70a1baf7686666520568bdba96ec0b,0,2025-06,found
onixary/shape-shifter-curse-fabric,onixary__shape-shifter-curse-fabric,2025-11,d9f17d0ccf39796d81a078c3a54e91c19b902d65,0,2025-06,found
onixary/shape-shifter-curse-fabric,onixary__shape-shifter-curse-fabric,2025-12,5b22a9f487a1034eb67c94e8d1ad06d2f693e919,0,2025-06,found
maxmind/GeoIP2-java,maxmind__GeoIP2-java,2025-02,e97c929b79b3e45187f59c12ba6b2e9079ef0406,1,2025-08,found
maxmind/GeoIP2-java,maxmind__GeoIP2-java,2025-03,fd3261977dd1cf08ec799781f59469f8bf793e4b,1,2025-08,found
maxmind/GeoIP2-java,maxmind__GeoIP2-java,2025-04,75a8ecc0e949d5d0f3fa5ef4ef34318982ad47e9,1,2025-08,found
maxmind/GeoIP2-java,maxmind__GeoIP2-java,2025-05,33140678127f347850002e5c75989a778e5e03ea,1,2025-08,found
maxmind/GeoIP2-java,maxmind__GeoIP2-java,2025-06,a9e2e92b69a015653690514a19157c1283a0d034,1,2025-08,found
maxmind/GeoIP2-java,maxmind__GeoIP2-java,2025-07,310e6cd33276598fad5a06d69a924deeb2d2722e,1,2025-08,found
maxmind/GeoIP2-java,maxmind__GeoIP2-java,2025-08,a677789f06e9acd9c9789ccd9be2b259771ca864,1,2025-08,found
maxmind/GeoIP2-java,maxmind__GeoIP2-java,2025-09,0db5efd5cb66f8b31bac4002f19913ac10613888,1,2025-08,found
maxmind/GeoIP2-java,maxmind__GeoIP2-java,2025-10,695d53edf6ef7ebb82f478135bf3ac7d851d61ac,1,2025-08,found
maxmind/GeoIP2-java,maxmind__GeoIP2-java,2025-11,5476a1752a71417dd312783b8ea8bf7a05e060a9,1,2025-08,found
maxmind/GeoIP2-java,maxmind__GeoIP2-java,2025-12,d0368c7473b68539b450c938c6c0c7a15534a849,1,2025-08,found
maxmind/GeoIP2-java,maxmind__GeoIP2-java,2026-01,187f1eaf1dfed1673c35d3e88f7d703820bcbdfb,1,2025-08,found
maxmind/GeoIP2-java,maxmind__GeoIP2-java,2026-02,0a516a1050a1d0cc72d5590c48157803985f9e2a,1,2025-08,found
google/caliper,google__caliper,2025-02,232df22328c10a00c7a52e0eb77a592a61fabb11,0,2025-08,found
google/caliper,google__caliper,2025-03,232df22328c10a00c7a52e0eb77a592a61fabb11,0,2025-08,found
google/caliper,google__caliper,2025-04,54aa1195c1b9f9fefb5f3294debbb953aeb7a72a,0,2025-08,found
google/caliper,google__caliper,2025-05,469ab5edf64a877144eef0f386622fd0b8911666,0,2025-08,found
google/caliper,google__caliper,2025-06,f0d8a4f623e95069c822ba5567377dc09a79628c,0,2025-08,found
google/caliper,google__caliper,2025-07,f0d8a4f623e95069c822ba5567377dc09a79628c,0,2025-08,found
google/caliper,google__caliper,2025-08,f7566cb4796ae057d173c43ad430870743f056a9,0,2025-08,found
google/caliper,google__caliper,2025-09,8a6f5142a696a98ef12cc0f0372c83963b8b64da,0,2025-08,found
google/caliper,google__caliper,2025-10,ab00841f65ed136d2e12b32cb1c4fb177f7f9da4,0,2025-08,found
google/caliper,google__caliper,2025-11,ab00841f65ed136d2e12b32cb1c4fb177f7f9da4,0,2025-08,found
google/caliper,google__caliper,2025-12,f32235d7be58daec29b2ed13bf2c7e9a62eb900b,0,2025-08,found
google/caliper,google__caliper,2026-01,f32235d7be58daec29b2ed13bf2c7e9a62eb900b,0,2025-08,found
google/caliper,google__caliper,2026-02,3de42c78339546567b127f6f0c56cbdb9b9ca3e3,0,2025-08,found
bytechefhq/bytechef,bytechefhq__bytechef,2025-02,f609dfccacb1d0804e836a6d66056326d8e5b992,1,2025-08,found
bytechefhq/bytechef,bytechefhq__bytechef,2025-03,bdd59328d025fd51cf040fe8e721ab39ea1ac882,1,2025-08,found
bytechefhq/bytechef,bytechefhq__bytechef,2025-04,3c1ad149aaf433233b061742a688cdd19007ca78,1,2025-08,found
bytechefhq/bytechef,bytechefhq__bytechef,2025-05,90846428747d63292ef997b395e0875af79c148b,1,2025-08,found
bytechefhq/bytechef,bytechefhq__bytechef,2025-06,74fda7037398c60f6be7a287aa9ce933b5bc38cd,1,2025-08,found
bytechefhq/bytechef,bytechefhq__bytechef,2025-07,a68992f4b71a8bf1f9d132d44c19ea92a969ef6f,1,2025-08,found
bytechefhq/bytechef,bytechefhq__bytechef,2025-08,4d9e7753daa8fa48e6df70bbda228ec640d33c0a,1,2025-08,found
bytechefhq/bytechef,bytechefhq__bytechef,2025-09,f48362141977959f14e0cbbf59abbbd100052262,1,2025-08,found
bytechefhq/bytechef,bytechefhq__bytechef,2025-10,25c0684b23a5ad26ea36f3b55a4503954b6ddc87,1,2025-08,found
bytechefhq/bytechef,bytechefhq__bytechef,2025-11,9df80e88c4e3431c3e55ee35b38cfd5f843ca905,1,2025-08,found
bytechefhq/bytechef,bytechefhq__bytechef,2025-12,6f00514ba9960ba4bc968810fd179409f6cd4ed5,1,2025-08,found
bytechefhq/bytechef,bytechefhq__bytechef,2026-01,571d305bca6e75c000c45c1162dc80145c7c4e50,1,2025-08,found
bytechefhq/bytechef,bytechefhq__bytechef,2026-02,5b6c58a48b083ef7d42c4c810c4ac37107fac52f,1,2025-08,found
mzmine/mzmine,mzmine__mzmine,2025-02,,0,2025-08,missing
mzmine/mzmine,mzmine__mzmine,2025-03,,0,2025-08,missing
mzmine/mzmine,mzmine__mzmine,2025-04,,0,2025-08,missing
mzmine/mzmine,mzmine__mzmine,2025-05,,0,2025-08,missing
mzmine/mzmine,mzmine__mzmine,2025-06,,0,2025-08,missing
mzmine/mzmine,mzmine__mzmine,2025-07,,0,2025-08,missing
mzmine/mzmine,mzmine__mzmine,2025-08,,0,2025-08,missing
mzmine/mzmine,mzmine__mzmine,2025-09,,0,2025-08,missing
mzmine/mzmine,mzmine__mzmine,2025-10,,0,2025-08,missing
mzmine/mzmine,mzmine__mzmine,2025-11,,0,2025-08,missing
mzmine/mzmine,mzmine__mzmine,2025-12,,0,2025-08,missing
mzmine/mzmine,mzmine__mzmine,2026-01,,0,2025-08,missing
mzmine/mzmine,mzmine__mzmine,2026-02,,0,2025-08,missing
wso2-extensions/identity-organization-management,wso2-extensions__identity-organization-management,2025-02,81ff1f6f18aaafab24fbd58f94f134bfd7ad8ec0,1,2025-08,found
wso2-extensions/identity-organization-management,wso2-extensions__identity-organization-management,2025-03,708e26aca2bb1bf8d807c7191496431c936b90f3,1,2025-08,found
wso2-extensions/identity-organization-management,wso2-extensions__identity-organization-management,2025-04,4465370790ce10c750567ffaf14f8c04383ab19f,1,2025-08,found
wso2-extensions/identity-organization-management,wso2-extensions__identity-organization-management,2025-05,806ad254f779e8c75049ca357a85d56ed7571b9b,1,2025-08,found
wso2-extensions/identity-organization-management,wso2-extensions__identity-organization-management,2025-06,2569253f0be88a268bb3b9662f999747a89fc5be,1,2025-08,found
wso2-extensions/identity-organization-management,wso2-extensions__identity-organization-management,2025-07,a403b7761e69153a2202387ec3b18dc7012bbf8c,1,2025-08,found
wso2-extensions/identity-organization-management,wso2-extensions__identity-organization-management,2025-08,a5bbe79fbc1bede5d0abd4affd5593f3830a0bd2,1,2025-08,found
wso2-extensions/identity-organization-management,wso2-extensions__identity-organization-management,2025-09,caa6b9867183a2d2594faf2ace9db969002049ee,1,2025-08,found
wso2-extensions/identity-organization-management,wso2-extensions__identity-organization-management,2025-10,82d8960116a6344fc1841b2f5922878a7d6112e1,1,2025-08,found
wso2-extensions/identity-organization-management,wso2-extensions__identity-organization-management,2025-11,ad492eab6725d9fdb999e5a429a012c417e74ad4,1,2025-08,found
wso2-extensions/identity-organization-management,wso2-extensions__identity-organization-management,2025-12,ad492eab6725d9fdb999e5a429a012c417e74ad4,1,2025-08,found
wso2-extensions/identity-organization-management,wso2-extensions__identity-organization-management,2026-01,e2f3e5c0dddc752fe6d5a39dab4b3e9cf4ac9a35,1,2025-08,found
wso2-extensions/identity-organization-management,wso2-extensions__identity-organization-management,2026-02,a235c339ec168464065188182038368a21b00d83,1,2025-08,found
eclipse-tractusx/tractusx-edc,eclipse-tractusx__tractusx-edc,2025-02,ded4d962f3b320579d74b1636cf715d108309b18,0,2025-08,found
eclipse-tractusx/tractusx-edc,eclipse-tractusx__tractusx-edc,2025-03,69effa935d155f4ee6e6879b1ad985255bc38a07,0,2025-08,found
eclipse-tractusx/tractusx-edc,eclipse-tractusx__tractusx-edc,2025-04,d6e5bafa6885be67a6c4eeaedb1e5682af8a8ebe,0,2025-08,found
eclipse-tractusx/tractusx-edc,eclipse-tractusx__tractusx-edc,2025-05,1634bc8ba67d5819f910f53349cdcce243fc48c7,0,2025-08,found
eclipse-tractusx/tractusx-edc,eclipse-tractusx__tractusx-edc,2025-06,a867f549f8959a6e652021a78211aff93f0d29e5,0,2025-08,found
eclipse-tractusx/tractusx-edc,eclipse-tractusx__tractusx-edc,2025-07,15cf4ae3fe0da5e8fedb48327eb29fa22597a9ad,0,2025-08,found
eclipse-tractusx/tractusx-edc,eclipse-tractusx__tractusx-edc,2025-08,08269230e62759d9e36ddc9b0e9be5a9c1f9585d,0,2025-08,found
eclipse-tractusx/tractusx-edc,eclipse-tractusx__tractusx-edc,2025-09,19fc0645a2174260db7417e48667d5584e645fec,0,2025-08,found
eclipse-tractusx/tractusx-edc,eclipse-tractusx__tractusx-edc,2025-10,c957a4655e32c01ea7afa8e4a0d3db68ddb6b4d2,0,2025-08,found
eclipse-tractusx/tractusx-edc,eclipse-tractusx__tractusx-edc,2025-11,48fe3d185655f8d677f2fa2bfc37380654984201,0,2025-08,found
eclipse-tractusx/tractusx-edc,eclipse-tractusx__tractusx-edc,2025-12,acfcac96ed6ae115105e363cf9b00701d85c0cc3,0,2025-08,found
eclipse-tractusx/tractusx-edc,eclipse-tractusx__tractusx-edc,2026-01,a1196d065600629a3ee9a5278d3c1f969ac486d1,0,2025-08,found
eclipse-tractusx/tractusx-edc,eclipse-tractusx__tractusx-edc,2026-02,7f3eb636c55f0548eced9f2e3ba602e059601996,0,2025-08,found
mixpanel/mixpanel-android,mixpanel__mixpanel-android,2024-12,f81ca2277632cce4e1c9be5be2d9b221290da0dd,1,2025-06,found
mixpanel/mixpanel-android,mixpanel__mixpanel-android,2025-01,f81ca2277632cce4e1c9be5be2d9b221290da0dd,1,2025-06,found
mixpanel/mixpanel-android,mixpanel__mixpanel-android,2025-02,313384445b288564b42776fbd3daea9261d7e82a,1,2025-06,found
mixpanel/mixpanel-android,mixpanel__mixpanel-android,2025-03,4ee0a529cf0a0479e4b443c5528ce25c61cfc280,1,2025-06,found
mixpanel/mixpanel-android,mixpanel__mixpanel-android,2025-04,309d58e8affc2c0b26b52118368ac588af617421,1,2025-06,found
mixpanel/mixpanel-android,mixpanel__mixpanel-android,2025-05,309d58e8affc2c0b26b52118368ac588af617421,1,2025-06,found
mixpanel/mixpanel-android,mixpanel__mixpanel-android,2025-06,0bb7e6be002a4bdef18402ac7d044a2cc7c2a13f,1,2025-06,found
mixpanel/mixpanel-android,mixpanel__mixpanel-android,2025-07,b086a0d71ec228b10309b63dc1617c36085eff85,1,2025-06,found
mixpanel/mixpanel-android,mixpanel__mixpanel-android,2025-08,b086a0d71ec228b10309b63dc1617c36085eff85,1,2025-06,found
mixpanel/mixpanel-android,mixpanel__mixpanel-android,2025-09,be637127cab4e9c5a2ef1170563a327810504271,1,2025-06,found
mixpanel/mixpanel-android,mixpanel__mixpanel-android,2025-10,215beafee095881287e82d4993499208773d1811,1,2025-06,found
mixpanel/mixpanel-android,mixpanel__mixpanel-android,2025-11,215beafee095881287e82d4993499208773d1811,1,2025-06,found
mixpanel/mixpanel-android,mixpanel__mixpanel-android,2025-12,215beafee095881287e82d4993499208773d1811,1,2025-06,found
internetarchive/heritrix3,internetarchive__heritrix3,2024-12,2b2179d9c7d2d59e7383ab3eadd9809912c98a07,0,2025-06,found
internetarchive/heritrix3,internetarchive__heritrix3,2025-01,4c4510a36485b748b1afbadfafc5de3698dfaa5f,0,2025-06,found
internetarchive/heritrix3,internetarchive__heritrix3,2025-02,a4c98e4d27c97a8f2927b4cec30d03e3d72f5195,0,2025-06,found
internetarchive/heritrix3,internetarchive__heritrix3,2025-03,22f8f7f754f61d1111555b99d6541abbe55d5e68,0,2025-06,found
internetarchive/heritrix3,internetarchive__heritrix3,2025-04,e9b60404a68ba82ec8a5eadcde6d05c7f7798071,0,2025-06,found
internetarchive/heritrix3,internetarchive__heritrix3,2025-05,bc9b21e2ee4d44feb94b98ab264dd5caf269cf6a,0,2025-06,found
internetarchive/heritrix3,internetarchive__heritrix3,2025-06,721c78ec8b20ef21e8060dfaee9d156cc4e38e2d,0,2025-06,found
internetarchive/heritrix3,internetarchive__heritrix3,2025-07,acf41d598d3fbae656e6197bdfc64824cf782a78,0,2025-06,found
internetarchive/heritrix3,internetarchive__heritrix3,2025-08,ea67b59e518930bef9b707555af7d277c6bd30b5,0,2025-06,found
internetarchive/heritrix3,internetarchive__heritrix3,2025-09,20dcc89244c6e732bb5f361a6bc2b203bea6ed4b,0,2025-06,found
internetarchive/heritrix3,internetarchive__heritrix3,2025-10,29d2d7919bbbb49a0ba2c5531f5123d31cd51f55,0,2025-06,found
internetarchive/heritrix3,internetarchive__heritrix3,2025-11,ffad891b783589d4d525fd18dd8151b359d6ce4c,0,2025-06,found
internetarchive/heritrix3,internetarchive__heritrix3,2025-12,da0fb468b2c2724c6a7050099bdc9d22a33e2b33,0,2025-06,found
open-telemetry/opentelemetry-java-contrib,open-telemetry__opentelemetry-java-contrib,2025-02,a2bb444d83bc8def438041ccd092ad01fc2b0f60,1,2025-08,found
open-telemetry/opentelemetry-java-contrib,open-telemetry__opentelemetry-java-contrib,2025-03,14b73128a6bc43b99fe095914a1769c2af5d979b,1,2025-08,found
open-telemetry/opentelemetry-java-contrib,open-telemetry__opentelemetry-java-contrib,2025-04,40c3ab55a4f89a1224948c9891a2679c33487147,1,2025-08,found
open-telemetry/opentelemetry-java-contrib,open-telemetry__opentelemetry-java-contrib,2025-05,e437944860e939f2d00c070c73587b23ac56d1c5,1,2025-08,found
open-telemetry/opentelemetry-java-contrib,open-telemetry__opentelemetry-java-contrib,2025-06,124993ee049a46580570a0725ce7def3c476e295,1,2025-08,found
open-telemetry/opentelemetry-java-contrib,open-telemetry__opentelemetry-java-contrib,2025-07,5ae1d570ec76faa39046852abc8c0ce86a1cae62,1,2025-08,found
open-telemetry/opentelemetry-java-contrib,open-telemetry__opentelemetry-java-contrib,2025-08,c5b1f7b690151648ae0878229b5c3f244e683f15,1,2025-08,found
open-telemetry/opentelemetry-java-contrib,open-telemetry__opentelemetry-java-contrib,2025-09,b7c2b76c814501761cad2ddb78a6a056c41d02e1,1,2025-08,found
open-telemetry/opentelemetry-java-contrib,open-telemetry__opentelemetry-java-contrib,2025-10,36bb580d0ce10b475728287030844bf345b9100f,1,2025-08,found
open-telemetry/opentelemetry-java-contrib,open-telemetry__opentelemetry-java-contrib,2025-11,e479f89bd5619e457684f7d480ab6e61e79051ec,1,2025-08,found
open-telemetry/opentelemetry-java-contrib,open-telemetry__opentelemetry-java-contrib,2025-12,86beb42cfc92c68aabe36fdfe463ce790ca98a45,1,2025-08,found
open-telemetry/opentelemetry-java-contrib,open-telemetry__opentelemetry-java-contrib,2026-01,73f0c5c7057e49b63e6ee8925ec3e654ef9ce663,1,2025-08,found
open-telemetry/opentelemetry-java-contrib,open-telemetry__opentelemetry-java-contrib,2026-02,6770c04c14e5d6f4edd9b0314b1056977a052ed9,1,2025-08,found
atlassian/data-center-helm-charts,atlassian__data-center-helm-charts,2025-02,5ef02ab61cea5d104f4ed33472e5218e2caa3775,0,2025-08,found
atlassian/data-center-helm-charts,atlassian__data-center-helm-charts,2025-03,4e9d8732e95c3e4ac28b460f57fcfcb48f175eb0,0,2025-08,found
atlassian/data-center-helm-charts,atlassian__data-center-helm-charts,2025-04,c3f3abe486771bfec3692881cade5f22ef798067,0,2025-08,found
atlassian/data-center-helm-charts,atlassian__data-center-helm-charts,2025-05,e05b7e4afca172b4ea332474ad70597569591d17,0,2025-08,found
atlassian/data-center-helm-charts,atlassian__data-center-helm-charts,2025-06,901a188a075011c37147e049e67949a5dc8570e1,0,2025-08,found
atlassian/data-center-helm-charts,atlassian__data-center-helm-charts,2025-07,6bcb9ec1f2fb5e03a2b1a7d7ff9477f8331e84cd,0,2025-08,found
atlassian/data-center-helm-charts,atlassian__data-center-helm-charts,2025-08,ac2c865b59823925352475f62c63410a02082aa4,0,2025-08,found
atlassian/data-center-helm-charts,atlassian__data-center-helm-charts,2025-09,2dc648d5f96ade6de1e603e89d57e2ea75f4c353,0,2025-08,found
atlassian/data-center-helm-charts,atlassian__data-center-helm-charts,2025-10,c223237fa40ce03f49735c88124c3ad46cf6759b,0,2025-08,found
atlassian/data-center-helm-charts,atlassian__data-center-helm-charts,2025-11,83794fb00831b002d681cccc2d3e92380aa0b9e8,0,2025-08,found
atlassian/data-center-helm-charts,atlassian__data-center-helm-charts,2025-12,0b7ef3fc4c8f5745738f9779370c019eccce7037,0,2025-08,found
atlassian/data-center-helm-charts,atlassian__data-center-helm-charts,2026-01,68a1916413b14ed258b992c1b3070b9cb41248ca,0,2025-08,found
atlassian/data-center-helm-charts,atlassian__data-center-helm-charts,2026-02,34ee48729f350d0fb02dbee6468bacfdf35942ed,0,2025-08,found
schmave/demschooltools,schmave__demschooltools,2025-05,dd4004ca14807e535db1a3be62e3841a8954c96c,1,2025-11,found
schmave/demschooltools,schmave__demschooltools,2025-06,dd4004ca14807e535db1a3be62e3841a8954c96c,1,2025-11,found
schmave/demschooltools,schmave__demschooltools,2025-07,a31457a1e045da03af965701657b381d6efc6f27,1,2025-11,found
schmave/demschooltools,schmave__demschooltools,2025-08,ef5ba02722834a72112e3ae3f3c4e041bff12424,1,2025-11,found
schmave/demschooltools,schmave__demschooltools,2025-09,ce2b06aed96b2792c36f4ed134426e427bdc5d18,1,2025-11,found
schmave/demschooltools,schmave__demschooltools,2025-10,6039760baa899873a7812c71ffc81d3fafb0ab8b,1,2025-11,found
schmave/demschooltools,schmave__demschooltools,2025-11,a639e9f1b1622c2e3b615540f67d53c45803a7cf,1,2025-11,found
schmave/demschooltools,schmave__demschooltools,2025-12,b16eefe29041482ca34f8c3b8dfbd3a29bd4b2e9,1,2025-11,found
schmave/demschooltools,schmave__demschooltools,2026-01,70139206315e77cb90c32c4d4116c6924c9c6433,1,2025-11,found
schmave/demschooltools,schmave__demschooltools,2026-02,70139206315e77cb90c32c4d4116c6924c9c6433,1,2025-11,found
schmave/demschooltools,schmave__demschooltools,2026-03,09886d27b9d43b67e8cb098f0eefe74e19ae2c94,1,2025-11,found
schmave/demschooltools,schmave__demschooltools,2026-04,09886d27b9d43b67e8cb098f0eefe74e19ae2c94,1,2025-11,found
schmave/demschooltools,schmave__demschooltools,2026-05,09886d27b9d43b67e8cb098f0eefe74e19ae2c94,1,2025-11,found
SmartTools/smartactors-core,SmartTools__smartactors-core,2025-05,35d6cae61144305e80b22db04264c14be8405c3f,0,2025-11,found
SmartTools/smartactors-core,SmartTools__smartactors-core,2025-06,35d6cae61144305e80b22db04264c14be8405c3f,0,2025-11,found
SmartTools/smartactors-core,SmartTools__smartactors-core,2025-07,35d6cae61144305e80b22db04264c14be8405c3f,0,2025-11,found
SmartTools/smartactors-core,SmartTools__smartactors-core,2025-08,a7611bf498eece9e40143ed58d1bddc863a85028,0,2025-11,found
SmartTools/smartactors-core,SmartTools__smartactors-core,2025-09,a7611bf498eece9e40143ed58d1bddc863a85028,0,2025-11,found
SmartTools/smartactors-core,SmartTools__smartactors-core,2025-10,a7611bf498eece9e40143ed58d1bddc863a85028,0,2025-11,found
SmartTools/smartactors-core,SmartTools__smartactors-core,2025-11,a7611bf498eece9e40143ed58d1bddc863a85028,0,2025-11,found
SmartTools/smartactors-core,SmartTools__smartactors-core,2025-12,a7611bf498eece9e40143ed58d1bddc863a85028,0,2025-11,found
SmartTools/smartactors-core,SmartTools__smartactors-core,2026-01,a7611bf498eece9e40143ed58d1bddc863a85028,0,2025-11,found
SmartTools/smartactors-core,SmartTools__smartactors-core,2026-02,a7611bf498eece9e40143ed58d1bddc863a85028,0,2025-11,found
SmartTools/smartactors-core,SmartTools__smartactors-core,2026-03,a7611bf498eece9e40143ed58d1bddc863a85028,0,2025-11,found
SmartTools/smartactors-core,SmartTools__smartactors-core,2026-04,a7611bf498eece9e40143ed58d1bddc863a85028,0,2025-11,found
SmartTools/smartactors-core,SmartTools__smartactors-core,2026-05,a7611bf498eece9e40143ed58d1bddc863a85028,0,2025-11,found
dadoonet/fscrawler,dadoonet__fscrawler,2025-03,ddeb7750b819200ffbf31017d08640defd65e45a,1,2025-09,found
dadoonet/fscrawler,dadoonet__fscrawler,2025-04,679fac5ef52dcbd1f139aa42fed58121912eadfd,1,2025-09,found
dadoonet/fscrawler,dadoonet__fscrawler,2025-05,406715914daa3e92158b56f2cd8d3e3896f849bd,1,2025-09,found
dadoonet/fscrawler,dadoonet__fscrawler,2025-06,eb4e871cf7377fd3bf27c6a5a54135eb96c9c471,1,2025-09,found
dadoonet/fscrawler,dadoonet__fscrawler,2025-07,6135169da91155091616408868a51138e668284c,1,2025-09,found
dadoonet/fscrawler,dadoonet__fscrawler,2025-08,5fafd4a5aa384065920522136ff5a309d5cb97bd,1,2025-09,found
dadoonet/fscrawler,dadoonet__fscrawler,2025-09,64d70bbcedb058fbd12bd2aefaaddfade1404533,1,2025-09,found
dadoonet/fscrawler,dadoonet__fscrawler,2025-10,2ed3757465b1684be586db2de66e879b37bfbe80,1,2025-09,found
dadoonet/fscrawler,dadoonet__fscrawler,2025-11,1a2bb0a4913ae76849dcda6af9e924f37858eb4d,1,2025-09,found
dadoonet/fscrawler,dadoonet__fscrawler,2025-12,ce20c1de9db6764f32914f4518132823b56279e4,1,2025-09,found
dadoonet/fscrawler,dadoonet__fscrawler,2026-01,930e17a89b3c0823f752d5c896c5aead1415a90c,1,2025-09,found
dadoonet/fscrawler,dadoonet__fscrawler,2026-02,4bb2711a739c15789c751f7425952016047e80bb,1,2025-09,found
dadoonet/fscrawler,dadoonet__fscrawler,2026-03,755d767d3faad455c00509f301ab5c6014cb78b7,1,2025-09,found
linkedin/rest.li,linkedin__rest.li,2025-03,a8443381f812836a2536b1d9b026e7605c62f56d,0,2025-09,found
linkedin/rest.li,linkedin__rest.li,2025-04,38e48ecee0476ce49dae65c273f9aaff90e0ce16,0,2025-09,found
linkedin/rest.li,linkedin__rest.li,2025-05,f8b66e71860cce77cafb0bf81300be7612b930ab,0,2025-09,found
linkedin/rest.li,linkedin__rest.li,2025-06,fc2d8eedc1564165da8a4d1ab9da897e743dd305,0,2025-09,found
linkedin/rest.li,linkedin__rest.li,2025-07,abccb5ad621922f4bbef60d1ea50623bc53c8115,0,2025-09,found
linkedin/rest.li,linkedin__rest.li,2025-08,2b9c0f1c8e07df0ee188a67303f2b6bd31d3d941,0,2025-09,found
linkedin/rest.li,linkedin__rest.li,2025-09,cce1d418ee38c5d6c4f13e710bc10bd26c9f574f,0,2025-09,found
linkedin/rest.li,linkedin__rest.li,2025-10,cfd4c6211f47fc40e8b13b7ac3e0e61ff9b1c8c4,0,2025-09,found
linkedin/rest.li,linkedin__rest.li,2025-11,f5f0ad4badf6542f946a8b4af1feb9edec90b505,0,2025-09,found
linkedin/rest.li,linkedin__rest.li,2025-12,922f8b31e60f2fae01c2dff3991d337ad4d9170c,0,2025-09,found
linkedin/rest.li,linkedin__rest.li,2026-01,922f8b31e60f2fae01c2dff3991d337ad4d9170c,0,2025-09,found
linkedin/rest.li,linkedin__rest.li,2026-02,8c8fe62ee2a8003c30c706b0050ffa5d4099142d,0,2025-09,found
linkedin/rest.li,linkedin__rest.li,2026-03,fe8ca313701269166e7436ed24a6b108242f6c7c,0,2025-09,found
axonivy-market/portal,axonivy-market__portal,2024-11,81ac860b4cff4547ea83c698c6bd564080f56621,1,2025-05,found
axonivy-market/portal,axonivy-market__portal,2024-12,8f51191c64274f8e6ee144acc23e4a33c40a985b,1,2025-05,found
axonivy-market/portal,axonivy-market__portal,2025-01,d9fd4077d131120fe0e4642724a0f2723dc6a669,1,2025-05,found
axonivy-market/portal,axonivy-market__portal,2025-02,6eebab874ccffc4baf2d56defa07f420859fc393,1,2025-05,found
axonivy-market/portal,axonivy-market__portal,2025-03,f626657e5f78538f6035ba21b80e31a60bd91bde,1,2025-05,found
axonivy-market/portal,axonivy-market__portal,2025-04,fedfe17381f8a27b6e5418f77af3073300ed862d,1,2025-05,found
axonivy-market/portal,axonivy-market__portal,2025-05,e2643b3e5fb7761c087349becdf6b0d03326ea8f,1,2025-05,found
axonivy-market/portal,axonivy-market__portal,2025-06,e2b8e5bb0f101974cac59b1ff61f7eaee285be13,1,2025-05,found
axonivy-market/portal,axonivy-market__portal,2025-07,f597c1ada7efdbc8fa5035a1eef82668977f2026,1,2025-05,found
axonivy-market/portal,axonivy-market__portal,2025-08,6d2121f27b79969ec739e0138fb7e4633402698d,1,2025-05,found
axonivy-market/portal,axonivy-market__portal,2025-09,86b927dc1b63a980614ef5c5aa658dbfdc4ccbfc,1,2025-05,found
axonivy-market/portal,axonivy-market__portal,2025-10,10efc7dee619887b85da27feda26855328e4cba2,1,2025-05,found
axonivy-market/portal,axonivy-market__portal,2025-11,551ebe848e2a76c9082f2456fa5fce239b0675a7,1,2025-05,found
averbraeck/opentrafficsim,averbraeck__opentrafficsim,2024-11,6131a6c627bb4773b2bd07ba245c789d60731945,0,2025-05,found
averbraeck/opentrafficsim,averbraeck__opentrafficsim,2024-12,2a9f413baebbb8979eb84dd50cfc9df1d022d670,0,2025-05,found
averbraeck/opentrafficsim,averbraeck__opentrafficsim,2025-01,1bc591d0990e540fa2097458a6aa230b29ed2019,0,2025-05,found
averbraeck/opentrafficsim,averbraeck__opentrafficsim,2025-02,52579e747e0a443bacbdfb780f80fec874945805,0,2025-05,found
averbraeck/opentrafficsim,averbraeck__opentrafficsim,2025-03,36f261a48d136253b9601ce785079189f20cf564,0,2025-05,found
averbraeck/opentrafficsim,averbraeck__opentrafficsim,2025-04,00fea685947c56b61fce67bafd6df77e92fd41e5,0,2025-05,found
averbraeck/opentrafficsim,averbraeck__opentrafficsim,2025-05,01777f37fcf42b3ead2a867313112bd3211d27ba,0,2025-05,found
averbraeck/opentrafficsim,averbraeck__opentrafficsim,2025-06,81241d09fc20976d61dcd8b7b7f5a5021ec786b1,0,2025-05,found
averbraeck/opentrafficsim,averbraeck__opentrafficsim,2025-07,81241d09fc20976d61dcd8b7b7f5a5021ec786b1,0,2025-05,found
averbraeck/opentrafficsim,averbraeck__opentrafficsim,2025-08,81241d09fc20976d61dcd8b7b7f5a5021ec786b1,0,2025-05,found
averbraeck/opentrafficsim,averbraeck__opentrafficsim,2025-09,a3c7d6e7ecfbeb2ab0c1bb8feaa8bfccaa1cace7,0,2025-05,found
averbraeck/opentrafficsim,averbraeck__opentrafficsim,2025-10,6b888a13a7c78ada354cefcf01e33bdd822d9fbf,0,2025-05,found
averbraeck/opentrafficsim,averbraeck__opentrafficsim,2025-11,b83f7237eb6b37d7151832363218b3f91341cb6c,0,2025-05,found
AlexProgrammerDE/SoulFire,AlexProgrammerDE__SoulFire,2025-04,a1952f867347613a11b88cd58fa7c2a3cded1930,1,2025-10,found
AlexProgrammerDE/SoulFire,AlexProgrammerDE__SoulFire,2025-05,73f62a7eb4690a093c584a2e7cebb64bf4c95d34,1,2025-10,found
AlexProgrammerDE/SoulFire,AlexProgrammerDE__SoulFire,2025-06,d92736366fb6999a2f4f4da4778f03e21915f405,1,2025-10,found
AlexProgrammerDE/SoulFire,AlexProgrammerDE__SoulFire,2025-07,ab004909dfe9a6d200401295579bda618272ae0b,1,2025-10,found
AlexProgrammerDE/SoulFire,AlexProgrammerDE__SoulFire,2025-08,0c5f1d68ea5099f2a0ae40d032ff16a5ace149bb,1,2025-10,found
AlexProgrammerDE/SoulFire,AlexProgrammerDE__SoulFire,2025-09,ac98e9958d9d4e5fb90ef90f11fd99c9ca27e84d,1,2025-10,found
AlexProgrammerDE/SoulFire,AlexProgrammerDE__SoulFire,2025-10,b097ac160330d1d3526a7e43198d031d4053ff6f,1,2025-10,found
AlexProgrammerDE/SoulFire,AlexProgrammerDE__SoulFire,2025-11,d0f515e0697d0b995f3df814de648e4b0885e8e1,1,2025-10,found
AlexProgrammerDE/SoulFire,AlexProgrammerDE__SoulFire,2025-12,382667942e5ecb2e2efddd785217ff75df4d505e,1,2025-10,found
AlexProgrammerDE/SoulFire,AlexProgrammerDE__SoulFire,2026-01,009ab64a8481ee5126b6e0c18ea8525ae7230b7e,1,2025-10,found
AlexProgrammerDE/SoulFire,AlexProgrammerDE__SoulFire,2026-02,059b965ffdc14e7733cf82f5d8159a81b6ad8203,1,2025-10,found
AlexProgrammerDE/SoulFire,AlexProgrammerDE__SoulFire,2026-03,c9ec0757700e441b855e09832a43ddb2325e80be,1,2025-10,found
AlexProgrammerDE/SoulFire,AlexProgrammerDE__SoulFire,2026-04,2a2170398d5c9fb158bf66290409e3a859394996,1,2025-10,found
lakernote/EasyPostman,lakernote__EasyPostman,2025-04,,0,2025-10,missing
lakernote/EasyPostman,lakernote__EasyPostman,2025-05,,0,2025-10,missing
lakernote/EasyPostman,lakernote__EasyPostman,2025-06,,0,2025-10,missing
lakernote/EasyPostman,lakernote__EasyPostman,2025-07,378fe9845b19426cafd180e3543e5a6ea7ffab00,0,2025-10,found
lakernote/EasyPostman,lakernote__EasyPostman,2025-08,98d0ea0e8944f064b71649d5939e7cc859b5ef43,0,2025-10,found
lakernote/EasyPostman,lakernote__EasyPostman,2025-09,f5f060b95c9dac88bb014a24f89f4841e66f95f9,0,2025-10,found
lakernote/EasyPostman,lakernote__EasyPostman,2025-10,704b9e9f0a6ba80cf971ee85754143e0f2c8b699,0,2025-10,found
lakernote/EasyPostman,lakernote__EasyPostman,2025-11,c18b5e7d16022dc7ca38ea538d573b9357b095e9,0,2025-10,found
lakernote/EasyPostman,lakernote__EasyPostman,2025-12,edae7256b8126058a9a280591d5e0d6c65938ddc,0,2025-10,found
lakernote/EasyPostman,lakernote__EasyPostman,2026-01,908481c215665667f4bb9581e4e55ef4b5ec21fe,0,2025-10,found
lakernote/EasyPostman,lakernote__EasyPostman,2026-02,194f6e60e168f7464ce5274c98af04607b6c0d63,0,2025-10,found
lakernote/EasyPostman,lakernote__EasyPostman,2026-03,ed778698e0f54c0d4058cf56463bb0be67e50156,0,2025-10,found
lakernote/EasyPostman,lakernote__EasyPostman,2026-04,182a675275b6f97ca3bbc6c1c8eae08f6e3820a4,0,2025-10,found
hyperledger/besu,hyperledger__besu,2025-01,2909ea47760644acf1688b6cd51f491bb904f481,1,2025-07,found
hyperledger/besu,hyperledger__besu,2025-02,81e1ab9bf4a01750cf4e71b2d95a552a98ecb2f0,1,2025-07,found
hyperledger/besu,hyperledger__besu,2025-03,3d41ccba8a3ebec98be32070a150990e4ddb4725,1,2025-07,found
hyperledger/besu,hyperledger__besu,2025-04,5bb4e9ec50f667b54fb8c464814f2b5fa1730f65,1,2025-07,found
hyperledger/besu,hyperledger__besu,2025-05,9da0289ca7cbbb6a6d0a878e10062e2b8e0d0a46,1,2025-07,found
hyperledger/besu,hyperledger__besu,2025-06,b23f82109d384a23e6ed005386bab7d0d483a590,1,2025-07,found
hyperledger/besu,hyperledger__besu,2025-07,a483287d9b8fa3297f8624cd0728ffc0c4fc1f35,1,2025-07,found
hyperledger/besu,hyperledger__besu,2025-08,d1a45d024944cad9662669df938c6e37e2d53359,1,2025-07,found
hyperledger/besu,hyperledger__besu,2025-09,327f6a96782cb4db0881f5e3684ff1f92b590675,1,2025-07,found
hyperledger/besu,hyperledger__besu,2025-10,f1e4953adb4eaa00623ba59a4fa251ffaa4dbc6c,1,2025-07,found
hyperledger/besu,hyperledger__besu,2025-11,ee7a3de35a4e117c4ce573aa898fec29b2f487b0,1,2025-07,found
hyperledger/besu,hyperledger__besu,2025-12,22fa688bb129deb4e818105beb6b163f97e00edf,1,2025-07,found
hyperledger/besu,hyperledger__besu,2026-01,03182e5f0c8784b647321def3767ad033fd6d0d7,1,2025-07,found
micrometer-metrics/micrometer,micrometer-metrics__micrometer,2025-01,e4028e99e7e55ba6da04965a4f8555dbf2fe44d1,0,2025-07,found
micrometer-metrics/micrometer,micrometer-metrics__micrometer,2025-02,11af26b3c5fe362dff3fcbf515a771967149a9d2,0,2025-07,found
micrometer-metrics/micrometer,micrometer-metrics__micrometer,2025-03,c70fd4364dea385bcfd043b7dca9a22848e2bb49,0,2025-07,found
micrometer-metrics/micrometer,micrometer-metrics__micrometer,2025-04,0db27cefbd2f39a3cd07067daa917de525ed478b,0,2025-07,found
micrometer-metrics/micrometer,micrometer-metrics__micrometer,2025-05,ab5f4c1ec90c62914916392823c72cf7974f3530,0,2025-07,found
micrometer-metrics/micrometer,micrometer-metrics__micrometer,2025-06,bebed0dc2a45f35b6ad44abd5765174af335df20,0,2025-07,found
micrometer-metrics/micrometer,micrometer-metrics__micrometer,2025-07,4d5e2bac3a9e4029b5e5eaf83f8759865f4321f4,0,2025-07,found
micrometer-metrics/micrometer,micrometer-metrics__micrometer,2025-08,c2e333f0356016ab782a323643f47d8c1265ad18,0,2025-07,found
micrometer-metrics/micrometer,micrometer-metrics__micrometer,2025-09,be918216402f5d6004649e7dcb8845988ecf408e,0,2025-07,found
micrometer-metrics/micrometer,micrometer-metrics__micrometer,2025-10,c29830fe1a8ae6124e03578b7b00e91e6e9a3645,0,2025-07,found
micrometer-metrics/micrometer,micrometer-metrics__micrometer,2025-11,65301f0125743bf94f5551073180e02983109eea,0,2025-07,found
micrometer-metrics/micrometer,micrometer-metrics__micrometer,2025-12,3115ce8d1f9731ba075a345fdfd8ce4818ebf08d,0,2025-07,found
micrometer-metrics/micrometer,micrometer-metrics__micrometer,2026-01,8a8ebbe7d61396d9abb2a6be091341356ee9aad7,0,2025-07,found
TimefoldAI/timefold-solver,TimefoldAI__timefold-solver,2025-02,a7c837452513f699a40d2515f2e3d823309b67e2,1,2025-08,found
TimefoldAI/timefold-solver,TimefoldAI__timefold-solver,2025-03,85865a55527ef163a84b87dea50c520bb9ed457c,1,2025-08,found
TimefoldAI/timefold-solver,TimefoldAI__timefold-solver,2025-04,9574cabe1a3e2674c90641cb1b54193cd0c7c377,1,2025-08,found
TimefoldAI/timefold-solver,TimefoldAI__timefold-solver,2025-05,a1567fffdde8c5f8029111e50fb58c7343d3a2f7,1,2025-08,found
TimefoldAI/timefold-solver,TimefoldAI__timefold-solver,2025-06,999d2bffd00cad7405f133e95ee377292b4d5347,1,2025-08,found
TimefoldAI/timefold-solver,TimefoldAI__timefold-solver,2025-07,020775e9cc3b4dc23cfd52456e1c4adc00e2b24c,1,2025-08,found
TimefoldAI/timefold-solver,TimefoldAI__timefold-solver,2025-08,081f20731039d364b0453c002395b53eb47b9d8d,1,2025-08,found
TimefoldAI/timefold-solver,TimefoldAI__timefold-solver,2025-09,ec23e1232896957ed83e8dba22300aea7d0ab0f3,1,2025-08,found
TimefoldAI/timefold-solver,TimefoldAI__timefold-solver,2025-10,d7dc3822789906d1388d1eae501defa96113df0a,1,2025-08,found
TimefoldAI/timefold-solver,TimefoldAI__timefold-solver,2025-11,bedd35d24073e3c98a8498e66dd2a92e84e08bdb,1,2025-08,found
TimefoldAI/timefold-solver,TimefoldAI__timefold-solver,2025-12,e30e1aeafef2993a827f751162b1cbfb220f32cf,1,2025-08,found
TimefoldAI/timefold-solver,TimefoldAI__timefold-solver,2026-01,c52e46b6133fb5f6b9306e23577a53cd74fd5125,1,2025-08,found
TimefoldAI/timefold-solver,TimefoldAI__timefold-solver,2026-02,a3ced589adb74780129800d229fb91b9b62c30d5,1,2025-08,found
AutoMQ/automq,AutoMQ__automq,2025-02,a5fd5290faa95c982f6a0e2c6bb79aafe224b768,0,2025-08,found
AutoMQ/automq,AutoMQ__automq,2025-03,66913d1bb18aaae60617aeaa69e7fa9a183153c1,0,2025-08,found
AutoMQ/automq,AutoMQ__automq,2025-04,a8ba0a3697e8b7082bbed0e5fb3ea33edc69feed,0,2025-08,found
AutoMQ/automq,AutoMQ__automq,2025-05,5d2d2a5dbfb7edff96ae5717620bc48d678b7bfd,0,2025-08,found
AutoMQ/automq,AutoMQ__automq,2025-06,e3917f9c9fb09b15f673d2c830c95eb19978ed4d,0,2025-08,found
AutoMQ/automq,AutoMQ__automq,2025-07,76d017ae6dced2dbcd5217bfe115094d978496e0,0,2025-08,found
AutoMQ/automq,AutoMQ__automq,2025-08,31b828f0f4b63124b6d2449f01bf07d65ae513ff,0,2025-08,found
AutoMQ/automq,AutoMQ__automq,2025-09,826415b1d8b5a9c7c04160ce4be31fa331632580,0,2025-08,found
AutoMQ/automq,AutoMQ__automq,2025-10,4268503ab1d1d05910a43ea32736a9f2754a0b55,0,2025-08,found
AutoMQ/automq,AutoMQ__automq,2025-11,6ed19409488d1addcb5ea21132e56a8fe4794339,0,2025-08,found
AutoMQ/automq,AutoMQ__automq,2025-12,5d6881be6e5fe05531fe544d558b7b2ad9fdde74,0,2025-08,found
AutoMQ/automq,AutoMQ__automq,2026-01,cc62ad524abe2bccc304b6e84df2931688881f04,0,2025-08,found
AutoMQ/automq,AutoMQ__automq,2026-02,8ee964ff82b8925cbebb8edfd772e7b14abc5bc4,0,2025-08,found
Angular2Guy/MovieManager,Angular2Guy__MovieManager,2025-01,92f3fe81d8c5bae8120a8c6f3f5211d27ade0c11,1,2025-07,found
Angular2Guy/MovieManager,Angular2Guy__MovieManager,2025-02,83e6e217e57f39e3e3f16514a44b604bb59bdc97,1,2025-07,found
Angular2Guy/MovieManager,Angular2Guy__MovieManager,2025-03,6cc4a2a1cafb20e4aae0a564f83f0e5d3f993ce9,1,2025-07,found
Angular2Guy/MovieManager,Angular2Guy__MovieManager,2025-04,870345c56bcab28e6dbb4e8d9a46c073419c08ab,1,2025-07,found
Angular2Guy/MovieManager,Angular2Guy__MovieManager,2025-05,d4d11714fc27fb546a52831cd7afbae759d21357,1,2025-07,found
Angular2Guy/MovieManager,Angular2Guy__MovieManager,2025-06,db357257b4d350b83ba48bee1b703e96257bfcde,1,2025-07,found
Angular2Guy/MovieManager,Angular2Guy__MovieManager,2025-07,3dee20b99438a180053342847ccfc989dcd6245e,1,2025-07,found
Angular2Guy/MovieManager,Angular2Guy__MovieManager,2025-08,57d11fc9c754fc07bb0c0d0a2f79a91af627ff7f,1,2025-07,found
Angular2Guy/MovieManager,Angular2Guy__MovieManager,2025-09,57d11fc9c754fc07bb0c0d0a2f79a91af627ff7f,1,2025-07,found
Angular2Guy/MovieManager,Angular2Guy__MovieManager,2025-10,57d11fc9c754fc07bb0c0d0a2f79a91af627ff7f,1,2025-07,found
Angular2Guy/MovieManager,Angular2Guy__MovieManager,2025-11,f51a4918aa3166bb7f86cc6493baf3ac43055a8c,1,2025-07,found
Angular2Guy/MovieManager,Angular2Guy__MovieManager,2025-12,50d69d050e4428ea1280b533464457bdaac21ddd,1,2025-07,found
Angular2Guy/MovieManager,Angular2Guy__MovieManager,2026-01,633020cbe171aca817c356283c7583b6099b77a8,1,2025-07,found
sekelsta/horse-colors,sekelsta__horse-colors,2025-01,7cb48175331e0c9a63a32ee45e986a9c57ab09a6,0,2025-07,found
sekelsta/horse-colors,sekelsta__horse-colors,2025-02,7cb48175331e0c9a63a32ee45e986a9c57ab09a6,0,2025-07,found
sekelsta/horse-colors,sekelsta__horse-colors,2025-03,7cb48175331e0c9a63a32ee45e986a9c57ab09a6,0,2025-07,found
sekelsta/horse-colors,sekelsta__horse-colors,2025-04,7cb48175331e0c9a63a32ee45e986a9c57ab09a6,0,2025-07,found
sekelsta/horse-colors,sekelsta__horse-colors,2025-05,7cb48175331e0c9a63a32ee45e986a9c57ab09a6,0,2025-07,found
sekelsta/horse-colors,sekelsta__horse-colors,2025-06,a71f4b52e2d2282b07f1839283e421daf2c749ae,0,2025-07,found
sekelsta/horse-colors,sekelsta__horse-colors,2025-07,a71f4b52e2d2282b07f1839283e421daf2c749ae,0,2025-07,found
sekelsta/horse-colors,sekelsta__horse-colors,2025-08,a71f4b52e2d2282b07f1839283e421daf2c749ae,0,2025-07,found
sekelsta/horse-colors,sekelsta__horse-colors,2025-09,a71f4b52e2d2282b07f1839283e421daf2c749ae,0,2025-07,found
sekelsta/horse-colors,sekelsta__horse-colors,2025-10,a71f4b52e2d2282b07f1839283e421daf2c749ae,0,2025-07,found
sekelsta/horse-colors,sekelsta__horse-colors,2025-11,a71f4b52e2d2282b07f1839283e421daf2c749ae,0,2025-07,found
sekelsta/horse-colors,sekelsta__horse-colors,2025-12,a71f4b52e2d2282b07f1839283e421daf2c749ae,0,2025-07,found
sekelsta/horse-colors,sekelsta__horse-colors,2026-01,a71f4b52e2d2282b07f1839283e421daf2c749ae,0,2025-07,found
Women-Coding-Community/wcc-backend,Women-Coding-Community__wcc-backend,2025-05,5bab78f6c5915f42d1e9dab3fefebcf53fd52740,1,2025-11,found
Women-Coding-Community/wcc-backend,Women-Coding-Community__wcc-backend,2025-06,9e8ef317026c9bb078f5204f04c3bea6c197e762,1,2025-11,found
Women-Coding-Community/wcc-backend,Women-Coding-Community__wcc-backend,2025-07,1696623ec8900534a1a9c1e41f57f6713fd01338,1,2025-11,found
Women-Coding-Community/wcc-backend,Women-Coding-Community__wcc-backend,2025-08,77e58d8ac9e6d74f3fb7621c17d9e471c2aacc40,1,2025-11,found
Women-Coding-Community/wcc-backend,Women-Coding-Community__wcc-backend,2025-09,4165e61f81351684b94fc83e79071b1a48756b53,1,2025-11,found
Women-Coding-Community/wcc-backend,Women-Coding-Community__wcc-backend,2025-10,abd4e45bd1c593a11579e2ddf914079b4b2db9ff,1,2025-11,found
Women-Coding-Community/wcc-backend,Women-Coding-Community__wcc-backend,2025-11,f463abcf3e046fe2d2d20da8658f08781bf332f5,1,2025-11,found
Women-Coding-Community/wcc-backend,Women-Coding-Community__wcc-backend,2025-12,ff806c7fdc55da61cdbe72944338f24bfc7f59be,1,2025-11,found
Women-Coding-Community/wcc-backend,Women-Coding-Community__wcc-backend,2026-01,ff806c7fdc55da61cdbe72944338f24bfc7f59be,1,2025-11,found
Women-Coding-Community/wcc-backend,Women-Coding-Community__wcc-backend,2026-02,b93baa2efd6027f3baef322b2b195ca1a007bdba,1,2025-11,found
Women-Coding-Community/wcc-backend,Women-Coding-Community__wcc-backend,2026-03,1f82cacb294ddfa00092ab87fd5292b59a3e75cb,1,2025-11,found
Women-Coding-Community/wcc-backend,Women-Coding-Community__wcc-backend,2026-04,9081463848863e3545845403f0c5164cc2034dca,1,2025-11,found
Women-Coding-Community/wcc-backend,Women-Coding-Community__wcc-backend,2026-05,9081463848863e3545845403f0c5164cc2034dca,1,2025-11,found
opensearch-project/flow-framework,opensearch-project__flow-framework,2025-05,938d1e413c025f1e5f9539ab09409610b4d7fe39,0,2025-11,found
opensearch-project/flow-framework,opensearch-project__flow-framework,2025-06,6dac8b5a36ccecb8edd4ca3e64950884fa663789,0,2025-11,found
opensearch-project/flow-framework,opensearch-project__flow-framework,2025-07,b30827e99b4cfd58b57d8da19d9b35d3ef58fd20,0,2025-11,found
opensearch-project/flow-framework,opensearch-project__flow-framework,2025-08,edad7c314f9cfee5f1cb2ac5ba2c31e5c6abe60d,0,2025-11,found
opensearch-project/flow-framework,opensearch-project__flow-framework,2025-09,62d253f6b3c0a5683fb434a3ebed60b30169fe0f,0,2025-11,found
opensearch-project/flow-framework,opensearch-project__flow-framework,2025-10,1405763c8fec9997eab286033bce114095ad6afa,0,2025-11,found
opensearch-project/flow-framework,opensearch-project__flow-framework,2025-11,7b3a0e0aba8f82e4d46672ff29c3378399839450,0,2025-11,found
opensearch-project/flow-framework,opensearch-project__flow-framework,2025-12,5c10da52b6379974b0802401eb1306891afa0615,0,2025-11,found
opensearch-project/flow-framework,opensearch-project__flow-framework,2026-01,64b6231a274e084459a4bb025730765d7861c241,0,2025-11,found
opensearch-project/flow-framework,opensearch-project__flow-framework,2026-02,8e1e6b6a904c83eecc603b325972288ac0ca6ec1,0,2025-11,found
opensearch-project/flow-framework,opensearch-project__flow-framework,2026-03,5010ed4d26a458bc6e31e43df266c17dce6228de,0,2025-11,found
opensearch-project/flow-framework,opensearch-project__flow-framework,2026-04,eb767efa5f2beda44f2032028e654ca7c5048fff,0,2025-11,found
opensearch-project/flow-framework,opensearch-project__flow-framework,2026-05,eb767efa5f2beda44f2032028e654ca7c5048fff,0,2025-11,found
tradestreamhq/tradestream,tradestreamhq__tradestream,2024-12,0f41d976e872a0f32a68d8c8234e850278db79c7,1,2025-06,found
tradestreamhq/tradestream,tradestreamhq__tradestream,2025-01,1d656b0429c04628fb96be1516a0cb3bdb72d048,1,2025-06,found
tradestreamhq/tradestream,tradestreamhq__tradestream,2025-02,1d656b0429c04628fb96be1516a0cb3bdb72d048,1,2025-06,found
tradestreamhq/tradestream,tradestreamhq__tradestream,2025-03,c07955cf170eb468797f6b8a66395c79c7c2e8a8,1,2025-06,found
tradestreamhq/tradestream,tradestreamhq__tradestream,2025-04,6b0ac8de396080ff493d3cc774d43d11d92a6e0b,1,2025-06,found
tradestreamhq/tradestream,tradestreamhq__tradestream,2025-05,6b0ac8de396080ff493d3cc774d43d11d92a6e0b,1,2025-06,found
tradestreamhq/tradestream,tradestreamhq__tradestream,2025-06,6b0ac8de396080ff493d3cc774d43d11d92a6e0b,1,2025-06,found
tradestreamhq/tradestream,tradestreamhq__tradestream,2025-07,c3f01875c86697ffd0ec6ddbb617a744ae940b60,1,2025-06,found
tradestreamhq/tradestream,tradestreamhq__tradestream,2025-08,f5a6e68f46d86da4f0fdf47d75f4ee644c476dc9,1,2025-06,found
tradestreamhq/tradestream,tradestreamhq__tradestream,2025-09,ad2dca95925591f11331183cb1d6df47b4da68c0,1,2025-06,found
tradestreamhq/tradestream,tradestreamhq__tradestream,2025-10,ad2dca95925591f11331183cb1d6df47b4da68c0,1,2025-06,found
tradestreamhq/tradestream,tradestreamhq__tradestream,2025-11,ad2dca95925591f11331183cb1d6df47b4da68c0,1,2025-06,found
tradestreamhq/tradestream,tradestreamhq__tradestream,2025-12,ad2dca95925591f11331183cb1d6df47b4da68c0,1,2025-06,found
Hydraheads/RoundaboutMod,Hydraheads__RoundaboutMod,2024-12,6171a33ce9f954628ab20f7709c7f9fc8ff5ad2a,0,2025-06,found
Hydraheads/RoundaboutMod,Hydraheads__RoundaboutMod,2025-01,3d1880413ece2af05aa42bd275448463f47e5d4e,0,2025-06,found
Hydraheads/RoundaboutMod,Hydraheads__RoundaboutMod,2025-02,15c1c59f2ac29b1bd8cbd8ccd93134fdefeabeea,0,2025-06,found
Hydraheads/RoundaboutMod,Hydraheads__RoundaboutMod,2025-03,f0bd7b89cc62add810b5b8d58bc9ab979fbe26f8,0,2025-06,found
Hydraheads/RoundaboutMod,Hydraheads__RoundaboutMod,2025-04,6a2d9bba353455a634dc36e36e77f42196043f59,0,2025-06,found
Hydraheads/RoundaboutMod,Hydraheads__RoundaboutMod,2025-05,c3c2a8740b9784bb9c4018b459013eeee2f1edd1,0,2025-06,found
Hydraheads/RoundaboutMod,Hydraheads__RoundaboutMod,2025-06,21db95bc9bbeb6385d2fc043a5ed94970ed15a04,0,2025-06,found
Hydraheads/RoundaboutMod,Hydraheads__RoundaboutMod,2025-07,d310e86e1841f893b0a53b57f9e87b4c6f87c6bd,0,2025-06,found
Hydraheads/RoundaboutMod,Hydraheads__RoundaboutMod,2025-08,10deff1dfc94981c34161b4309ac62dd9ffe85cd,0,2025-06,found
Hydraheads/RoundaboutMod,Hydraheads__RoundaboutMod,2025-09,3547a7badca363ec97d7ba878aaa756a5c5ab220,0,2025-06,found
Hydraheads/RoundaboutMod,Hydraheads__RoundaboutMod,2025-10,301d2abd9fe50fb224a8a4eef4e38d8f42dbe87a,0,2025-06,found
Hydraheads/RoundaboutMod,Hydraheads__RoundaboutMod,2025-11,0f77843bbd7eee117e6bd56f54a57048080d4eab,0,2025-06,found
Hydraheads/RoundaboutMod,Hydraheads__RoundaboutMod,2025-12,ee67f8c6684136d39ed7e5ac47c564d4dce16179,0,2025-06,found
quarkiverse/quarkus-hivemq-client,quarkiverse__quarkus-hivemq-client,2025-04,7d254a5433af6139e4433fd1b1cab89ab4024ef1,1,2025-10,found
quarkiverse/quarkus-hivemq-client,quarkiverse__quarkus-hivemq-client,2025-05,db42216a86679b3d294a214e343448cda3dc45b4,1,2025-10,found
quarkiverse/quarkus-hivemq-client,quarkiverse__quarkus-hivemq-client,2025-06,c1a8cbf5fec88c383e75fa7c186c5862439b660f,1,2025-10,found
quarkiverse/quarkus-hivemq-client,quarkiverse__quarkus-hivemq-client,2025-07,c1a8cbf5fec88c383e75fa7c186c5862439b660f,1,2025-10,found
quarkiverse/quarkus-hivemq-client,quarkiverse__quarkus-hivemq-client,2025-08,f78fced71e63f71fd01ac963ba3469afb8e6e91b,1,2025-10,found
quarkiverse/quarkus-hivemq-client,quarkiverse__quarkus-hivemq-client,2025-09,f78fced71e63f71fd01ac963ba3469afb8e6e91b,1,2025-10,found
quarkiverse/quarkus-hivemq-client,quarkiverse__quarkus-hivemq-client,2025-10,6a81d1200ec9b21462b74539b67a88dcf455294c,1,2025-10,found
quarkiverse/quarkus-hivemq-client,quarkiverse__quarkus-hivemq-client,2025-11,5846e3bc199f255005c5e2532af20007c6881cf5,1,2025-10,found
quarkiverse/quarkus-hivemq-client,quarkiverse__quarkus-hivemq-client,2025-12,5a4bb2480bc9f241ab34252f08215b6fa417b449,1,2025-10,found
quarkiverse/quarkus-hivemq-client,quarkiverse__quarkus-hivemq-client,2026-01,11e67675df57a2ef3be7edf7e488015a9a0027d4,1,2025-10,found
quarkiverse/quarkus-hivemq-client,quarkiverse__quarkus-hivemq-client,2026-02,11e67675df57a2ef3be7edf7e488015a9a0027d4,1,2025-10,found
quarkiverse/quarkus-hivemq-client,quarkiverse__quarkus-hivemq-client,2026-03,e545fed3c17f88172b7a0b1c9194b53cc2cfc1ee,1,2025-10,found
quarkiverse/quarkus-hivemq-client,quarkiverse__quarkus-hivemq-client,2026-04,e545fed3c17f88172b7a0b1c9194b53cc2cfc1ee,1,2025-10,found
micronaut-projects/micronaut-elasticsearch,micronaut-projects__micronaut-elasticsearch,2025-04,661312bf17feb4d48322fd1b65c0bc05eb827798,0,2025-10,found
micronaut-projects/micronaut-elasticsearch,micronaut-projects__micronaut-elasticsearch,2025-05,21ba194ba0904c09a8ff60ce9f3854b70556c747,0,2025-10,found
micronaut-projects/micronaut-elasticsearch,micronaut-projects__micronaut-elasticsearch,2025-06,9a6879a37d5335eebe88cab4ecd60b56d6406ff7,0,2025-10,found
micronaut-projects/micronaut-elasticsearch,micronaut-projects__micronaut-elasticsearch,2025-07,c690f830fad0326071941b6cf759cb04265a6f11,0,2025-10,found
micronaut-projects/micronaut-elasticsearch,micronaut-projects__micronaut-elasticsearch,2025-08,c690f830fad0326071941b6cf759cb04265a6f11,0,2025-10,found
micronaut-projects/micronaut-elasticsearch,micronaut-projects__micronaut-elasticsearch,2025-09,c690f830fad0326071941b6cf759cb04265a6f11,0,2025-10,found
micronaut-projects/micronaut-elasticsearch,micronaut-projects__micronaut-elasticsearch,2025-10,539eaed635dd0dd6742152c4833913eb0b1c7285,0,2025-10,found
micronaut-projects/micronaut-elasticsearch,micronaut-projects__micronaut-elasticsearch,2025-11,eee68883d427023b8d2eef5417d2ea81d807f4ef,0,2025-10,found
micronaut-projects/micronaut-elasticsearch,micronaut-projects__micronaut-elasticsearch,2025-12,793b8e7f6618092a8d03cbf4b751bb3992e2cb29,0,2025-10,found
micronaut-projects/micronaut-elasticsearch,micronaut-projects__micronaut-elasticsearch,2026-01,525dd33136b27d06e2364568a2d7db60705b63aa,0,2025-10,found
micronaut-projects/micronaut-elasticsearch,micronaut-projects__micronaut-elasticsearch,2026-02,525dd33136b27d06e2364568a2d7db60705b63aa,0,2025-10,found
micronaut-projects/micronaut-elasticsearch,micronaut-projects__micronaut-elasticsearch,2026-03,6b7ecf9f9efb576dde0ed0737385d799eb9f09cc,0,2025-10,found
micronaut-projects/micronaut-elasticsearch,micronaut-projects__micronaut-elasticsearch,2026-04,6b7ecf9f9efb576dde0ed0737385d799eb9f09cc,0,2025-10,found
top-logic/tl-engine,top-logic__tl-engine,2025-04,306f83dbc796c93236f914feeeb1a2ccf0fa7cfc,1,2025-10,found
top-logic/tl-engine,top-logic__tl-engine,2025-05,04f9d02cdc6bebfc602f34af05d200f95a32178e,1,2025-10,found
top-logic/tl-engine,top-logic__tl-engine,2025-06,ca01549f8ee0608911d94ce1b04b2878e7f6cfdb,1,2025-10,found
top-logic/tl-engine,top-logic__tl-engine,2025-07,ac19cbc7c9a566abed8d53b485d47825927bd64a,1,2025-10,found
top-logic/tl-engine,top-logic__tl-engine,2025-08,6a21f5d910d82a82891e1066ba5046a6c5e3f480,1,2025-10,found
top-logic/tl-engine,top-logic__tl-engine,2025-09,5cb8d7d23de9d59137c598ec663e94a9c1f92db2,1,2025-10,found
top-logic/tl-engine,top-logic__tl-engine,2025-10,859e39824bd2e68f5615b8df104337c4d96adf37,1,2025-10,found
top-logic/tl-engine,top-logic__tl-engine,2025-11,e6e338b399fdeebe472076f6396e5519fb0842d1,1,2025-10,found
top-logic/tl-engine,top-logic__tl-engine,2025-12,4e55a783b14f5a236eb447193bdd591fe53ea79d,1,2025-10,found
top-logic/tl-engine,top-logic__tl-engine,2026-01,d06dfc47ec1374f00b15a5c11f62c6ac3e7231d8,1,2025-10,found
top-logic/tl-engine,top-logic__tl-engine,2026-02,d4a27176c49b98c55f5c47994d7051c4ce6a7587,1,2025-10,found
top-logic/tl-engine,top-logic__tl-engine,2026-03,e197fceb348c83376fa7ef2d03cde113d894ec6b,1,2025-10,found
top-logic/tl-engine,top-logic__tl-engine,2026-04,ad5dcddacf7e13d107b2ae3ca5ccf0da54a8dddf,1,2025-10,found
fanruan/intelli-swift-core,fanruan__intelli-swift-core,2025-04,fe84c1110b9ef3a5dc496fedd3fb0253835bcd1b,0,2025-10,found
fanruan/intelli-swift-core,fanruan__intelli-swift-core,2025-05,fe84c1110b9ef3a5dc496fedd3fb0253835bcd1b,0,2025-10,found
fanruan/intelli-swift-core,fanruan__intelli-swift-core,2025-06,fe84c1110b9ef3a5dc496fedd3fb0253835bcd1b,0,2025-10,found
fanruan/intelli-swift-core,fanruan__intelli-swift-core,2025-07,fe84c1110b9ef3a5dc496fedd3fb0253835bcd1b,0,2025-10,found
fanruan/intelli-swift-core,fanruan__intelli-swift-core,2025-08,fe84c1110b9ef3a5dc496fedd3fb0253835bcd1b,0,2025-10,found
fanruan/intelli-swift-core,fanruan__intelli-swift-core,2025-09,fe84c1110b9ef3a5dc496fedd3fb0253835bcd1b,0,2025-10,found
fanruan/intelli-swift-core,fanruan__intelli-swift-core,2025-10,fe84c1110b9ef3a5dc496fedd3fb0253835bcd1b,0,2025-10,found
fanruan/intelli-swift-core,fanruan__intelli-swift-core,2025-11,fe84c1110b9ef3a5dc496fedd3fb0253835bcd1b,0,2025-10,found
fanruan/intelli-swift-core,fanruan__intelli-swift-core,2025-12,fe84c1110b9ef3a5dc496fedd3fb0253835bcd1b,0,2025-10,found
fanruan/intelli-swift-core,fanruan__intelli-swift-core,2026-01,fe84c1110b9ef3a5dc496fedd3fb0253835bcd1b,0,2025-10,found
fanruan/intelli-swift-core,fanruan__intelli-swift-core,2026-02,fe84c1110b9ef3a5dc496fedd3fb0253835bcd1b,0,2025-10,found
fanruan/intelli-swift-core,fanruan__intelli-swift-core,2026-03,fe84c1110b9ef3a5dc496fedd3fb0253835bcd1b,0,2025-10,found
fanruan/intelli-swift-core,fanruan__intelli-swift-core,2026-04,fe84c1110b9ef3a5dc496fedd3fb0253835bcd1b,0,2025-10,found
SistrScarlet/LittleMaidReBirth-Architectury,SistrScarlet__LittleMaidReBirth-Architectury,2025-01,f51262298c334d9f63f40123c8f6eabdcdc552bc,1,2025-07,found
SistrScarlet/LittleMaidReBirth-Architectury,SistrScarlet__LittleMaidReBirth-Architectury,2025-02,3bb2592022fade042b90a4b0eb83dace19c56bdd,1,2025-07,found
SistrScarlet/LittleMaidReBirth-Architectury,SistrScarlet__LittleMaidReBirth-Architectury,2025-03,3bb2592022fade042b90a4b0eb83dace19c56bdd,1,2025-07,found
SistrScarlet/LittleMaidReBirth-Architectury,SistrScarlet__LittleMaidReBirth-Architectury,2025-04,0d67c3c2e7454174ab04c4097563a2a3fa7b186b,1,2025-07,found
SistrScarlet/LittleMaidReBirth-Architectury,SistrScarlet__LittleMaidReBirth-Architectury,2025-05,b5998288357e17399798812bbcb41787b7065750,1,2025-07,found
SistrScarlet/LittleMaidReBirth-Architectury,SistrScarlet__LittleMaidReBirth-Architectury,2025-06,b5998288357e17399798812bbcb41787b7065750,1,2025-07,found
SistrScarlet/LittleMaidReBirth-Architectury,SistrScarlet__LittleMaidReBirth-Architectury,2025-07,b5998288357e17399798812bbcb41787b7065750,1,2025-07,found
SistrScarlet/LittleMaidReBirth-Architectury,SistrScarlet__LittleMaidReBirth-Architectury,2025-08,38c8757765883d70553317a2a309296f807f31df,1,2025-07,found
SistrScarlet/LittleMaidReBirth-Architectury,SistrScarlet__LittleMaidReBirth-Architectury,2025-09,9c9d30acd216efb5c8e4c8da6d879051e8ccc572,1,2025-07,found
SistrScarlet/LittleMaidReBirth-Architectury,SistrScarlet__LittleMaidReBirth-Architectury,2025-10,2c23003a010881389d6f3d015f1da520e4ef3091,1,2025-07,found
SistrScarlet/LittleMaidReBirth-Architectury,SistrScarlet__LittleMaidReBirth-Architectury,2025-11,2c23003a010881389d6f3d015f1da520e4ef3091,1,2025-07,found
SistrScarlet/LittleMaidReBirth-Architectury,SistrScarlet__LittleMaidReBirth-Architectury,2025-12,2c23003a010881389d6f3d015f1da520e4ef3091,1,2025-07,found
SistrScarlet/LittleMaidReBirth-Architectury,SistrScarlet__LittleMaidReBirth-Architectury,2026-01,2c23003a010881389d6f3d015f1da520e4ef3091,1,2025-07,found
fantahund/VoxelMap,fantahund__VoxelMap,2025-01,a55df3ed35e22d5635fdd43c3130864d0ee2fd44,0,2025-07,found
fantahund/VoxelMap,fantahund__VoxelMap,2025-02,fc64ad7848b5daaaa0832c60a19f3717db86fdb6,0,2025-07,found
fantahund/VoxelMap,fantahund__VoxelMap,2025-03,4aca090aa94f4676cc85ee3afd132552edb5572b,0,2025-07,found
fantahund/VoxelMap,fantahund__VoxelMap,2025-04,f599ae0e0b27a853e60deea5146f2b079bb220d9,0,2025-07,found
fantahund/VoxelMap,fantahund__VoxelMap,2025-05,5e751599a5de69d6747156d222daea464fa8d554,0,2025-07,found
fantahund/VoxelMap,fantahund__VoxelMap,2025-06,e92f102eb8990162608a4c6cc601e17d1b29c363,0,2025-07,found
fantahund/VoxelMap,fantahund__VoxelMap,2025-07,32ef77bcd16d6a35b69b6d1dad361181b25a21bf,0,2025-07,found
fantahund/VoxelMap,fantahund__VoxelMap,2025-08,5723b20923e598c148dff33514348f09f39dc979,0,2025-07,found
fantahund/VoxelMap,fantahund__VoxelMap,2025-09,5723b20923e598c148dff33514348f09f39dc979,0,2025-07,found
fantahund/VoxelMap,fantahund__VoxelMap,2025-10,49d773512f2de17a9651779fa3a4f855135a753c,0,2025-07,found
fantahund/VoxelMap,fantahund__VoxelMap,2025-11,3f49f9fa287ea87d37b63acdaab4056379e3ff5a,0,2025-07,found
fantahund/VoxelMap,fantahund__VoxelMap,2025-12,e8605541b477202f7038454882e73b3f70c916bf,0,2025-07,found
fantahund/VoxelMap,fantahund__VoxelMap,2026-01,999fe0058ac14982f3a519b81a415d59301fc1c6,0,2025-07,found
modlix-india/nocode-saas,modlix-india__nocode-saas,2025-06,c894ef0592e4b20b97d12187496630d5d7ea4c7a,1,2025-12,found
modlix-india/nocode-saas,modlix-india__nocode-saas,2025-07,afc0b71f052896f2bb1c585fdd3c7ec7ab6e28ca,1,2025-12,found
modlix-india/nocode-saas,modlix-india__nocode-saas,2025-08,04a16b6ae4fb9b978daaa77c76775ce172ff531a,1,2025-12,found
modlix-india/nocode-saas,modlix-india__nocode-saas,2025-09,8fdf2efab64309c6acfb688bec1b08536c696d69,1,2025-12,found
modlix-india/nocode-saas,modlix-india__nocode-saas,2025-10,53309f78e19fee7bf951005ba3a6a3a96b265015,1,2025-12,found
modlix-india/nocode-saas,modlix-india__nocode-saas,2025-11,5e1e7e2d5fe1e4e9c8c30897fa417030d4224734,1,2025-12,found
modlix-india/nocode-saas,modlix-india__nocode-saas,2025-12,7118e2435c186ba716d88f3b8d54c44d5bb33f42,1,2025-12,found
modlix-india/nocode-saas,modlix-india__nocode-saas,2026-01,42f5a9e59e75c78786e764e73fbab07e2f773f42,1,2025-12,found
modlix-india/nocode-saas,modlix-india__nocode-saas,2026-02,1e8e8ad0e0674aa066a1cab96f6f356c4cd93ea2,1,2025-12,found
modlix-india/nocode-saas,modlix-india__nocode-saas,2026-03,f76ea1151911040a4f144a69c2ae7c19ae8d5d12,1,2025-12,found
modlix-india/nocode-saas,modlix-india__nocode-saas,2026-04,938e2c40025069fdd62a87c8e9dcd79587cbc37b,1,2025-12,found
modlix-india/nocode-saas,modlix-india__nocode-saas,2026-05,938e2c40025069fdd62a87c8e9dcd79587cbc37b,1,2025-12,found
modlix-india/nocode-saas,modlix-india__nocode-saas,2026-06,938e2c40025069fdd62a87c8e9dcd79587cbc37b,1,2025-12,found
koupleless/runtime,koupleless__runtime,2025-06,3edfa911eb2ede832fbe2f7d47b26a3eacc5965e,0,2025-12,found
koupleless/runtime,koupleless__runtime,2025-07,3edfa911eb2ede832fbe2f7d47b26a3eacc5965e,0,2025-12,found
koupleless/runtime,koupleless__runtime,2025-08,3edfa911eb2ede832fbe2f7d47b26a3eacc5965e,0,2025-12,found
koupleless/runtime,koupleless__runtime,2025-09,3edfa911eb2ede832fbe2f7d47b26a3eacc5965e,0,2025-12,found
koupleless/runtime,koupleless__runtime,2025-10,b34f97541a5ab2a30e08eed97eed1c962c83b461,0,2025-12,found
koupleless/runtime,koupleless__runtime,2025-11,b34f97541a5ab2a30e08eed97eed1c962c83b461,0,2025-12,found
koupleless/runtime,koupleless__runtime,2025-12,b34f97541a5ab2a30e08eed97eed1c962c83b461,0,2025-12,found
koupleless/runtime,koupleless__runtime,2026-01,b34f97541a5ab2a30e08eed97eed1c962c83b461,0,2025-12,found
koupleless/runtime,koupleless__runtime,2026-02,b34f97541a5ab2a30e08eed97eed1c962c83b461,0,2025-12,found
koupleless/runtime,koupleless__runtime,2026-03,b34f97541a5ab2a30e08eed97eed1c962c83b461,0,2025-12,found
koupleless/runtime,koupleless__runtime,2026-04,b34f97541a5ab2a30e08eed97eed1c962c83b461,0,2025-12,found
koupleless/runtime,koupleless__runtime,2026-05,b34f97541a5ab2a30e08eed97eed1c962c83b461,0,2025-12,found
koupleless/runtime,koupleless__runtime,2026-06,b34f97541a5ab2a30e08eed97eed1c962c83b461,0,2025-12,found
plantuml/plantuml,plantuml__plantuml,2025-06,ce0da6a2902a7c4277a2f38ac1ab1770fc15d28a,1,2025-12,found
plantuml/plantuml,plantuml__plantuml,2025-07,84cf1fa8b37bfb3269509eb53123291801106634,1,2025-12,found
plantuml/plantuml,plantuml__plantuml,2025-08,275fd1be41ea383ba0111562ed8c3f7d2539e061,1,2025-12,found
plantuml/plantuml,plantuml__plantuml,2025-09,43901709916a9e5ae589d05db24db96090af1ff0,1,2025-12,found
plantuml/plantuml,plantuml__plantuml,2025-10,98f9a1562f81f0da594830b4bfd2adc4ea10b31d,1,2025-12,found
plantuml/plantuml,plantuml__plantuml,2025-11,a166372af58e17e9f9dff2ecb628acd0eb106b77,1,2025-12,found
plantuml/plantuml,plantuml__plantuml,2025-12,e9a56a50dea709f0d14b411398bd98d787b41b90,1,2025-12,found
plantuml/plantuml,plantuml__plantuml,2026-01,746bf2a4072f90c6cb6c82e64f65355275703647,1,2025-12,found
plantuml/plantuml,plantuml__plantuml,2026-02,b35e7ce979870fd8960cbb6a6e811b3c7eada1ea,1,2025-12,found
plantuml/plantuml,plantuml__plantuml,2026-03,218535935e5cd00e385653912c7969883de28cdb,1,2025-12,found
plantuml/plantuml,plantuml__plantuml,2026-04,ccb844ef17c7b28a1fa03d8d990b73f3141594cf,1,2025-12,found
plantuml/plantuml,plantuml__plantuml,2026-05,ccb844ef17c7b28a1fa03d8d990b73f3141594cf,1,2025-12,found
plantuml/plantuml,plantuml__plantuml,2026-06,ccb844ef17c7b28a1fa03d8d990b73f3141594cf,1,2025-12,found
oshi/oshi,oshi__oshi,2025-06,a24ac6b821a45de8852f9d1c49c129ce28fe8780,0,2025-12,found
oshi/oshi,oshi__oshi,2025-07,2287d3ae5aa69cd85e9c90574901a2ef7d7f6c3e,0,2025-12,found
oshi/oshi,oshi__oshi,2025-08,35badc331ff64b262629f552d8b81034a08ab432,0,2025-12,found
oshi/oshi,oshi__oshi,2025-09,b5ef63afa956315d3947413023c46fd76f191f51,0,2025-12,found
oshi/oshi,oshi__oshi,2025-10,800315fcdea0e11b9a9ceedfade58a5b0033f1b9,0,2025-12,found
oshi/oshi,oshi__oshi,2025-11,caaaced54d80917231bfab27d2e77ae085cd95e2,0,2025-12,found
oshi/oshi,oshi__oshi,2025-12,da71e8187c491a3c9a0fd3b85adecade2336db06,0,2025-12,found
oshi/oshi,oshi__oshi,2026-01,cd73c938c3905c6bade4917023f4864aacd0126c,0,2025-12,found
oshi/oshi,oshi__oshi,2026-02,438d8260f9ecb15f6c6388e92349fc54e0e28c52,0,2025-12,found
oshi/oshi,oshi__oshi,2026-03,b9174dd7f128108a9847d75426c9b5c5ad2d22e9,0,2025-12,found
oshi/oshi,oshi__oshi,2026-04,44425a721684a882b686e8e8f25882abdfa0f7d9,0,2025-12,found
oshi/oshi,oshi__oshi,2026-05,44425a721684a882b686e8e8f25882abdfa0f7d9,0,2025-12,found
oshi/oshi,oshi__oshi,2026-06,44425a721684a882b686e8e8f25882abdfa0f7d9,0,2025-12,found
MindsIgnited/continuum-framework,MindsIgnited__continuum-framework,2025-02,dec950a215d27b48377347cd7c4d077ecc22bf4a,1,2025-08,found
MindsIgnited/continuum-framework,MindsIgnited__continuum-framework,2025-03,cd980fd62fee87ea1feccbe6e4dca737b268ae90,1,2025-08,found
MindsIgnited/continuum-framework,MindsIgnited__continuum-framework,2025-04,ae9f541fec555140e5bfd3be18a9468ca0833501,1,2025-08,found
MindsIgnited/continuum-framework,MindsIgnited__continuum-framework,2025-05,04f506de52eb2030db0c0ce2e80be88f8f41c59d,1,2025-08,found
MindsIgnited/continuum-framework,MindsIgnited__continuum-framework,2025-06,4d01c4aee9ad62c8f18128bff8188760a9283ec2,1,2025-08,found
MindsIgnited/continuum-framework,MindsIgnited__continuum-framework,2025-07,4d01c4aee9ad62c8f18128bff8188760a9283ec2,1,2025-08,found
MindsIgnited/continuum-framework,MindsIgnited__continuum-framework,2025-08,4d01c4aee9ad62c8f18128bff8188760a9283ec2,1,2025-08,found
MindsIgnited/continuum-framework,MindsIgnited__continuum-framework,2025-09,290e705411b012df55034eac9671796c578193f0,1,2025-08,found
MindsIgnited/continuum-framework,MindsIgnited__continuum-framework,2025-10,9c6221acbddb7edc55bdf30a4c0349948b4f3bd8,1,2025-08,found
MindsIgnited/continuum-framework,MindsIgnited__continuum-framework,2025-11,d4f501ea359acde82b64286ca8f24c7d7f6bee52,1,2025-08,found
MindsIgnited/continuum-framework,MindsIgnited__continuum-framework,2025-12,98dde7ddbbb367e70a12e0b5b8c7ff0cab16fb5b,1,2025-08,found
MindsIgnited/continuum-framework,MindsIgnited__continuum-framework,2026-01,7742cfd4926c40cdcb09075e1454a07046aff388,1,2025-08,found
MindsIgnited/continuum-framework,MindsIgnited__continuum-framework,2026-02,862561d962aec2281f5da2a41ea28c29c61101f9,1,2025-08,found
css4j/css4j,css4j__css4j,2025-02,a1250a34c70b911e5a8c03c7ef76cb99fcf97399,0,2025-08,found
css4j/css4j,css4j__css4j,2025-03,d3f92fbc963a7acc0ea28955b3ed25620fb9c601,0,2025-08,found
css4j/css4j,css4j__css4j,2025-04,ea19299143e59e79cf4233ac9155be9deecd6cbf,0,2025-08,found
css4j/css4j,css4j__css4j,2025-05,59e565872748d20d2b2a8a2c2e0c35da955ec77d,0,2025-08,found
css4j/css4j,css4j__css4j,2025-06,921fe9d2e778a1ee3073607331c71f13cc70d990,0,2025-08,found
css4j/css4j,css4j__css4j,2025-07,c39a7c882fcba71a7d3f9059efe571343e839810,0,2025-08,found
css4j/css4j,css4j__css4j,2025-08,07e65abe398142cb0e7fa1e8631eb9df552bb77a,0,2025-08,found
css4j/css4j,css4j__css4j,2025-09,e742a247bd771796d18dcf86ad6ffaff5d36dfb9,0,2025-08,found
css4j/css4j,css4j__css4j,2025-10,7e29af3d6835dd05818360e42eb059c4bdeaac13,0,2025-08,found
css4j/css4j,css4j__css4j,2025-11,34e9f7558594368a46fd7629c47123deb06eaec5,0,2025-08,found
css4j/css4j,css4j__css4j,2025-12,f1d957704b0330bba06d3f10e9077f3bd9b797a2,0,2025-08,found
css4j/css4j,css4j__css4j,2026-01,b86d794a68706973607a0d21986e47e0c262c15b,0,2025-08,found
css4j/css4j,css4j__css4j,2026-02,d0160407d473f8c3f021bf2d3b5bc5e1e3197e85,0,2025-08,found
hmcts/finrem-case-orchestration-service,hmcts__finrem-case-orchestration-service,2025-02,7150535b37729b449b9babd007984b3519de2511,1,2025-08,found
hmcts/finrem-case-orchestration-service,hmcts__finrem-case-orchestration-service,2025-03,20c64dd1dfa29478abe31f8170cbed2da81c912d,1,2025-08,found
hmcts/finrem-case-orchestration-service,hmcts__finrem-case-orchestration-service,2025-04,ccc06d4b7898f273dd32c8c3f2ed1211c4682e5e,1,2025-08,found
hmcts/finrem-case-orchestration-service,hmcts__finrem-case-orchestration-service,2025-05,e81064a4d4323e33ef655c8a1ee9773c9e4ca648,1,2025-08,found
hmcts/finrem-case-orchestration-service,hmcts__finrem-case-orchestration-service,2025-06,afea322faea84ae9fbd7a1cfd0eee9546cbf3772,1,2025-08,found
hmcts/finrem-case-orchestration-service,hmcts__finrem-case-orchestration-service,2025-07,fa3ddc51cd0719c5635d8276bce35b20ebab02fa,1,2025-08,found
hmcts/finrem-case-orchestration-service,hmcts__finrem-case-orchestration-service,2025-08,b5588a6dcde713a4f424960302262697b2577584,1,2025-08,found
hmcts/finrem-case-orchestration-service,hmcts__finrem-case-orchestration-service,2025-09,eb60ff161db54ef916b5a86c7be739701234a34f,1,2025-08,found
hmcts/finrem-case-orchestration-service,hmcts__finrem-case-orchestration-service,2025-10,1f79f6703224d8880fe238094e5566edb2faddc0,1,2025-08,found
hmcts/finrem-case-orchestration-service,hmcts__finrem-case-orchestration-service,2025-11,2789570267a0e89dc3f16ab45092c0edb81f433c,1,2025-08,found
hmcts/finrem-case-orchestration-service,hmcts__finrem-case-orchestration-service,2025-12,75a8f2114a35c973bb07af65abf20d38c2633ee3,1,2025-08,found
hmcts/finrem-case-orchestration-service,hmcts__finrem-case-orchestration-service,2026-01,e63fe70e215d7a98681e21bebc2a2be19ff67453,1,2025-08,found
hmcts/finrem-case-orchestration-service,hmcts__finrem-case-orchestration-service,2026-02,dadd36fcd619c48a32fc5bf982f98f64162a69bd,1,2025-08,found
ManaZeak/ManaZeak,ManaZeak__ManaZeak,2025-02,a4ab6c6877c3f57dccb9c6f705a59459954d5255,0,2025-08,found
ManaZeak/ManaZeak,ManaZeak__ManaZeak,2025-03,a4ab6c6877c3f57dccb9c6f705a59459954d5255,0,2025-08,found
ManaZeak/ManaZeak,ManaZeak__ManaZeak,2025-04,a4ab6c6877c3f57dccb9c6f705a59459954d5255,0,2025-08,found
ManaZeak/ManaZeak,ManaZeak__ManaZeak,2025-05,a4ab6c6877c3f57dccb9c6f705a59459954d5255,0,2025-08,found
ManaZeak/ManaZeak,ManaZeak__ManaZeak,2025-06,44f7402ebe802aba0c5b07d4a21c6cb0550a2e20,0,2025-08,found
ManaZeak/ManaZeak,ManaZeak__ManaZeak,2025-07,44f7402ebe802aba0c5b07d4a21c6cb0550a2e20,0,2025-08,found
ManaZeak/ManaZeak,ManaZeak__ManaZeak,2025-08,44f7402ebe802aba0c5b07d4a21c6cb0550a2e20,0,2025-08,found
ManaZeak/ManaZeak,ManaZeak__ManaZeak,2025-09,44f7402ebe802aba0c5b07d4a21c6cb0550a2e20,0,2025-08,found
ManaZeak/ManaZeak,ManaZeak__ManaZeak,2025-10,44f7402ebe802aba0c5b07d4a21c6cb0550a2e20,0,2025-08,found
ManaZeak/ManaZeak,ManaZeak__ManaZeak,2025-11,44f7402ebe802aba0c5b07d4a21c6cb0550a2e20,0,2025-08,found
ManaZeak/ManaZeak,ManaZeak__ManaZeak,2025-12,44f7402ebe802aba0c5b07d4a21c6cb0550a2e20,0,2025-08,found
ManaZeak/ManaZeak,ManaZeak__ManaZeak,2026-01,14bc80b33a18715e7df3713f19ff243bf6ff6eb1,0,2025-08,found
ManaZeak/ManaZeak,ManaZeak__ManaZeak,2026-02,14bc80b33a18715e7df3713f19ff243bf6ff6eb1,0,2025-08,found
